host_id,property_id,ownership_type,acquisition_date
7,1,,
11,2,,
8,3,,
20,4,,
23,5,,
16,6,,
35,7,,
36,8,,
37,9,,
38,10,,
42,11,,
46,12,,
394,13,,
41,14,,
64,15,,
76,16,,
68,17,,
79,18,,
80,19,,
82,20,,
42,21,,
42,22,,
64,23,,
102,24,,
36,25,,
108,26,,
112,27,,
113,28,,
117,29,,
118,30,,
120,31,,
136,32,,
146,33,,
148,34,,
153,35,,
153,36,,
154,37,,
157,38,,
158,39,,
160,40,,
162,41,,
161,42,,
161,43,,
161,44,,
165,45,,
162,46,,
162,47,,
69,48,,
211,49,,
175,50,,
181,51,,
103,52,,
185,53,,
162,54,,
188,55,,
188,56,,
162,57,,
161,58,,
195,59,,
196,60,,
198,61,,
199,62,,
202,63,,
143,64,,
162,65,,
162,66,,
162,67,,
78,68,,
209,69,,
214,70,,
162,71,,
217,72,,
229,73,,
162,74,,
231,75,,
104,76,,
235,77,,
237,78,,
240,79,,
241,80,,
144,81,,
144,82,,
144,83,,
153,84,,
34,85,,
160,86,,
214,87,,
255,88,,
255,89,,
255,90,,
252,91,,
740,92,,
252,93,,
252,94,,
246,95,,
264,96,,
162,97,,
266,98,,
269,99,,
162,100,,
162,101,,
54,102,,
54,103,,
125,104,,
125,105,,
275,106,,
276,107,,
103,108,,
160,109,,
278,110,,
280,111,,
281,112,,
280,113,,
282,114,,
283,115,,
289,116,,
162,117,,
162,118,,
37,119,,
298,120,,
302,121,,
37,122,,
305,123,,
307,124,,
308,125,,
308,126,,
291,127,,
28,128,,
315,129,,
252,130,,
317,131,,
287,132,,
320,133,,
153,134,,
162,135,,
322,136,,
296,137,,
316,138,,
656,139,,
327,140,,
329,141,,
331,142,,
332,143,,
346,144,,
162,145,,
263,146,,
351,147,,
360,148,,
343,149,,
364,150,,
2164,151,,
370,152,,
371,153,,
176,154,,
375,155,,
376,156,,
377,157,,
380,158,,
385,159,,
385,160,,
368,161,,
368,162,,
389,163,,
323,164,,
396,165,,
382,166,,
398,167,,
398,168,,
401,169,,
401,170,,
407,171,,
412,172,,
412,173,,
412,174,,
412,175,,
412,176,,
412,177,,
412,178,,
412,179,,
412,180,,
412,181,,
412,182,,
392,183,,
299,184,,
359,185,,
208,186,,
240,187,,
417,188,,
419,189,,
425,190,,
359,191,,
406,192,,
406,193,,
139,194,,
431,195,,
406,196,,
406,197,,
434,198,,
352,199,,
359,200,,
440,201,,
352,202,,
444,203,,
160,204,,
436,205,,
448,206,,
450,207,,
386,208,,
454,209,,
103,210,,
23,211,,
459,212,,
460,213,,
263,214,,
461,215,,
428,216,,
428,217,,
470,218,,
471,219,,
473,220,,
475,221,,
484,222,,
481,223,,
481,224,,
481,225,,
481,226,,
55,227,,
488,228,,
489,229,,
218,230,,
476,231,,
433,232,,
493,233,,
2471,234,,
484,235,,
478,236,,
70,237,,
500,238,,
160,239,,
159,240,,
342,241,,
504,242,,
65,243,,
478,244,,
257,245,,
515,246,,
517,247,,
518,248,,
482,249,,
512,250,,
518,251,,
64,252,,
523,253,,
524,254,,
414,255,,
518,256,,
518,257,,
518,258,,
518,259,,
414,260,,
382,261,,
511,262,,
461,263,,
526,264,,
219,265,,
442,266,,
400,267,,
199,268,,
532,269,,
30,270,,
536,271,,
137,272,,
292,273,,
369,274,,
535,275,,
535,276,,
535,277,,
545,278,,
304,279,,
535,280,,
533,281,,
551,282,,
556,283,,
558,284,,
560,285,,
481,286,,
561,287,,
554,288,,
471,289,,
471,290,,
146,291,,
146,292,,
78,293,,
563,294,,
566,295,,
15,296,,
160,297,,
568,298,,
86,299,,
41,300,,
576,301,,
577,302,,
350,303,,
328,304,,
578,305,,
580,306,,
581,307,,
572,308,,
572,309,,
572,310,,
572,311,,
584,312,,
414,313,,
586,314,,
586,315,,
587,316,,
577,317,,
589,318,,
508,319,,
440,320,,
414,321,,
592,322,,
593,323,,
13,324,,
13,325,,
595,326,,
604,327,,
260,328,,
598,329,,
87,330,,
606,331,,
612,332,,
414,333,,
619,334,,
620,335,,
622,336,,
617,337,,
500,338,,
623,339,,
414,340,,
626,341,,
628,342,,
600,343,,
634,344,,
636,345,,
636,346,,
638,347,,
639,348,,
635,349,,
640,350,,
93,351,,
570,352,,
391,353,,
642,354,,
230,355,,
1204,356,,
63,357,,
646,358,,
647,359,,
441,360,,
656,361,,
567,362,,
474,363,,
654,364,,
655,365,,
210,366,,
656,367,,
657,368,,
658,369,,
659,370,,
660,371,,
660,372,,
662,373,,
7,374,,
240,375,,
547,376,,
1860,377,,
471,378,,
624,379,,
373,380,,
679,381,,
681,382,,
681,383,,
681,384,,
1204,385,,
682,386,,
796,387,,
414,388,,
210,389,,
414,390,,
684,391,,
687,392,,
687,393,,
687,394,,
687,395,,
687,396,,
306,397,,
223,398,,
697,399,,
385,400,,
699,401,,
14,402,,
14,403,,
689,404,,
342,405,,
702,406,,
318,407,,
13,408,,
14,409,,
13,410,,
484,411,,
703,412,,
692,413,,
547,414,,
643,415,,
705,416,,
181,417,,
461,418,,
687,419,,
687,420,,
687,421,,
706,422,,
712,423,,
530,424,,
716,425,,
719,426,,
547,427,,
721,428,,
722,429,,
161,430,,
725,431,,
14,432,,
730,433,,
732,434,,
733,435,,
735,436,,
14,437,,
14,438,,
743,439,,
543,440,,
749,441,,
750,442,,
751,443,,
755,444,,
754,445,,
758,446,,
686,447,,
763,448,,
382,449,,
75,450,,
14,451,,
418,452,,
418,453,,
771,454,,
418,455,,
40,456,,
772,457,,
774,458,,
418,459,,
418,460,,
414,461,,
418,462,,
770,463,,
778,464,,
428,465,,
142,466,,
720,467,,
703,468,,
162,469,,
796,470,,
764,471,,
103,472,,
790,473,,
137,474,,
786,475,,
137,476,,
69,477,,
39,478,,
263,479,,
240,480,,
803,481,,
1039,482,,
804,483,,
807,484,,
432,485,,
770,486,,
809,487,,
41,488,,
812,489,,
240,490,,
353,491,,
793,492,,
377,493,,
155,494,,
551,495,,
353,496,,
817,497,,
169,498,,
550,499,,
827,500,,
821,501,,
829,502,,
829,503,,
831,504,,
832,505,,
831,506,,
667,507,,
639,508,,
639,509,,
796,510,,
839,511,,
471,512,,
842,513,,
847,514,,
849,515,,
848,516,,
849,517,,
699,518,,
699,519,,
851,520,,
853,521,,
854,522,,
747,523,,
866,524,,
848,525,,
868,526,,
871,527,,
473,528,,
473,529,,
473,530,,
473,531,,
473,532,,
473,533,,
473,534,,
666,535,,
886,536,,
890,537,,
742,538,,
223,539,,
891,540,,
162,541,,
103,542,,
143,543,,
897,544,,
356,545,,
180,546,,
903,547,,
904,548,,
394,549,,
906,550,,
468,551,,
14,552,,
911,553,,
189,554,,
914,555,,
915,556,,
905,557,,
41,558,,
88,559,,
480,560,,
49,561,,
830,562,,
731,563,,
199,564,,
498,565,,
565,566,,
930,567,,
931,568,,
461,569,,
918,570,,
561,571,,
185,572,,
954,573,,
954,574,,
146,575,,
949,576,,
949,577,,
949,578,,
958,579,,
1043,580,,
3394,581,,
288,582,,
14,583,,
14,584,,
959,585,,
14,586,,
962,587,,
414,588,,
965,589,,
966,590,,
969,591,,
394,592,,
970,593,,
474,594,,
31,595,,
901,596,,
52,597,,
442,598,,
442,599,,
983,600,,
980,601,,
456,602,,
815,603,,
872,604,,
985,605,,
987,606,,
993,607,,
299,608,,
257,609,,
998,610,,
792,611,,
992,612,,
309,613,,
162,614,,
162,615,,
162,616,,
860,617,,
1008,618,,
548,619,,
605,620,,
924,621,,
449,622,,
1010,623,,
1007,624,,
188,625,,
560,626,,
103,627,,
471,628,,
849,629,,
375,630,,
660,631,,
471,632,,
471,633,,
1017,634,,
983,635,,
1018,636,,
1022,637,,
1024,638,,
303,639,,
1025,640,,
484,641,,
1007,642,,
420,643,,
199,644,,
14,645,,
103,646,,
1021,647,,
627,648,,
667,649,,
420,650,,
129,651,,
447,652,,
1047,653,,
1049,654,,
1051,655,,
928,656,,
866,657,,
42,658,,
1053,659,,
3391,660,,
394,661,,
442,662,,
1065,663,,
1057,664,,
1066,665,,
841,666,,
160,667,,
14,668,,
1072,669,,
7,670,,
562,671,,
1075,672,,
324,673,,
78,674,,
1077,675,,
1067,676,,
1081,677,,
129,678,,
384,679,,
1083,680,,
1085,681,,
263,682,,
560,683,,
1088,684,,
1089,685,,
1091,686,,
1093,687,,
576,688,,
1098,689,,
74,690,,
252,691,,
1100,692,,
1101,693,,
1101,694,,
1092,695,,
7,696,,
419,697,,
160,698,,
161,699,,
398,700,,
1110,701,,
268,702,,
607,703,,
826,704,,
240,705,,
1118,706,,
84,707,,
252,708,,
223,709,,
1207,710,,
609,711,,
528,712,,
853,713,,
610,714,,
1129,715,,
1130,716,,
970,717,,
1132,718,,
970,719,,
970,720,,
405,721,,
471,722,,
341,723,,
1136,724,,
1114,725,,
911,726,,
91,727,,
161,728,,
1142,729,,
1143,730,,
1144,731,,
779,732,,
480,733,,
579,734,,
1151,735,,
1153,736,,
555,737,,
734,738,,
1138,739,,
1155,740,,
456,741,,
456,742,,
1157,743,,
577,744,,
567,745,,
977,746,,
3876,747,,
1164,748,,
1168,749,,
1169,750,,
636,751,,
194,752,,
1172,753,,
996,754,,
788,755,,
1174,756,,
1175,757,,
1168,758,,
1168,759,,
1176,760,,
1175,761,,
1175,762,,
1175,763,,
1147,764,,
263,765,,
1182,766,,
1182,767,,
1183,768,,
69,769,,
1188,770,,
1189,771,,
893,772,,
1192,773,,
1193,774,,
160,775,,
859,776,,
1195,777,,
605,778,,
770,779,,
148,780,,
1197,781,,
375,782,,
667,783,,
1159,784,,
1117,785,,
1208,786,,
141,787,,
383,788,,
1211,789,,
1216,790,,
462,791,,
377,792,,
1220,793,,
160,794,,
257,795,,
1233,796,,
1221,797,,
1236,798,,
659,799,,
1238,800,,
699,801,,
1232,802,,
7,803,,
960,804,,
533,805,,
72,806,,
408,807,,
619,808,,
1241,809,,
270,810,,
1095,811,,
1245,812,,
1237,813,,
954,814,,
404,815,,
375,816,,
1211,817,,
829,818,,
1248,819,,
129,820,,
1007,821,,
1007,822,,
1007,823,,
1007,824,,
1007,825,,
1007,826,,
471,827,,
153,828,,
153,829,,
153,830,,
954,831,,
1258,832,,
31,833,,
928,834,,
744,835,,
926,836,,
69,837,,
119,838,,
1007,839,,
1007,840,,
1265,841,,
1007,842,,
530,843,,
1007,844,,
1007,845,,
1244,846,,
1266,847,,
1267,848,,
229,849,,
3876,850,,
1127,851,,
552,852,,
656,853,,
1274,854,,
516,855,,
756,856,,
41,857,,
41,858,,
954,859,,
188,860,,
990,861,,
117,862,,
112,863,,
252,864,,
1275,865,,
252,866,,
268,867,,
656,868,,
960,869,,
1284,870,,
1285,871,,
1287,872,,
1289,873,,
1290,874,,
1037,875,,
913,876,,
225,877,,
1293,878,,
240,879,,
199,880,,
1294,881,,
1297,882,,
1298,883,,
31,884,,
456,885,,
1300,886,,
456,887,,
31,888,,
1302,889,,
334,890,,
1306,891,,
250,892,,
420,893,,
420,894,,
1305,895,,
922,896,,
194,897,,
944,898,,
1199,899,,
1311,900,,
1313,901,,
1301,902,,
920,903,,
31,904,,
546,905,,
31,906,,
31,907,,
1318,908,,
344,909,,
7,910,,
1293,911,,
616,912,,
1121,913,,
399,914,,
7,915,,
704,916,,
981,917,,
1323,918,,
414,919,,
988,920,,
981,921,,
981,922,,
1324,923,,
1325,924,,
1327,925,,
229,926,,
216,927,,
1210,928,,
1333,929,,
1334,930,,
252,931,,
725,932,,
1072,933,,
1262,934,,
37,935,,
255,936,,
252,937,,
1348,938,,
137,939,,
252,940,,
210,941,,
1355,942,,
590,943,,
1235,944,,
799,945,,
813,946,,
1004,947,,
184,948,,
1142,949,,
160,950,,
954,951,,
7,952,,
1365,953,,
65,954,,
1006,955,,
456,956,,
163,957,,
636,958,,
1011,959,,
1371,960,,
210,961,,
970,962,,
210,963,,
210,964,,
210,965,,
1379,966,,
1127,967,,
562,968,,
1391,969,,
745,970,,
1172,971,,
1172,972,,
53,973,,
153,974,,
1352,975,,
471,976,,
1374,977,,
800,978,,
1405,979,,
908,980,,
1409,981,,
1415,982,,
1416,983,,
14,984,,
1416,985,,
1416,986,,
1416,987,,
1420,988,,
1416,989,,
1416,990,,
1422,991,,
1406,992,,
724,993,,
211,994,,
274,995,,
234,996,,
1431,997,,
1251,998,,
1432,999,,
1090,1000,,
31,1001,,
1435,1002,,
1435,1003,,
765,1004,,
724,1005,,
1438,1006,,
365,1007,,
162,1008,,
1452,1009,,
1454,1010,,
1454,1011,,
448,1012,,
1458,1013,,
103,1014,,
160,1015,,
1016,1016,,
593,1017,,
43,1018,,
1341,1019,,
1222,1020,,
143,1021,,
999,1022,,
999,1023,,
398,1024,,
398,1025,,
398,1026,,
398,1027,,
398,1028,,
398,1029,,
1416,1030,,
398,1031,,
398,1032,,
761,1033,,
795,1034,,
5,1035,,
636,1036,,
210,1037,,
1397,1038,,
210,1039,,
1473,1040,,
370,1041,,
1112,1042,,
549,1043,,
1473,1044,,
583,1045,,
394,1046,,
1479,1047,,
398,1048,,
1445,1049,,
1335,1050,,
567,1051,,
53,1052,,
1488,1053,,
1080,1054,,
375,1055,,
1039,1056,,
1251,1057,,
248,1058,,
1416,1059,,
1496,1060,,
1420,1061,,
1401,1062,,
226,1063,,
547,1064,,
414,1065,,
1505,1066,,
1193,1067,,
370,1068,,
704,1069,,
1512,1070,,
263,1071,,
39,1072,,
1515,1073,,
1516,1074,,
125,1075,,
252,1076,,
252,1077,,
1524,1078,,
1526,1079,,
54,1080,,
917,1081,,
1527,1082,,
179,1083,,
355,1084,,
1532,1085,,
160,1086,,
1534,1087,,
770,1088,,
866,1089,,
1124,1090,,
162,1091,,
602,1092,,
1541,1093,,
484,1094,,
421,1095,,
1326,1096,,
605,1097,,
14,1098,,
1542,1099,,
734,1100,,
7,1101,,
958,1102,,
1185,1103,,
1553,1104,,
1554,1105,,
1204,1106,,
206,1107,,
354,1108,,
1556,1109,,
656,1110,,
547,1111,,
188,1112,,
1558,1113,,
162,1114,,
1562,1115,,
44,1116,,
44,1117,,
1025,1118,,
1565,1119,,
1567,1120,,
1569,1121,,
853,1122,,
1452,1123,,
1452,1124,,
814,1125,,
1577,1126,,
1578,1127,,
1139,1128,,
1579,1129,,
1452,1130,,
1452,1131,,
375,1132,,
7,1133,,
1582,1134,,
631,1135,,
528,1136,,
1569,1137,,
1569,1138,,
1569,1139,,
1569,1140,,
53,1141,,
1569,1142,,
1583,1143,,
1140,1144,,
1569,1145,,
1569,1146,,
1589,1147,,
1591,1148,,
1591,1149,,
1591,1150,,
31,1151,,
1594,1152,,
1595,1153,,
1182,1154,,
1251,1155,,
954,1156,,
1600,1157,,
252,1158,,
1601,1159,,
31,1160,,
31,1161,,
651,1162,,
1590,1163,,
777,1164,,
14,1165,,
14,1166,,
1608,1167,,
1611,1168,,
1590,1169,,
252,1170,,
1568,1171,,
3633,1172,,
798,1173,,
203,1174,,
970,1175,,
1615,1176,,
859,1177,,
993,1178,,
1619,1179,,
943,1180,,
1606,1181,,
1582,1182,,
739,1183,,
1251,1184,,
1624,1185,,
1578,1186,,
624,1187,,
764,1188,,
1456,1189,,
653,1190,,
492,1191,,
531,1192,,
1634,1193,,
877,1194,,
173,1195,,
699,1196,,
146,1197,,
471,1198,,
1223,1199,,
656,1200,,
1638,1201,,
699,1202,,
624,1203,,
954,1204,,
1619,1205,,
1199,1206,,
964,1207,,
1619,1208,,
1628,1209,,
1555,1210,,
1645,1211,,
3430,1212,,
3430,1213,,
3430,1214,,
162,1215,,
162,1216,,
1602,1217,,
671,1218,,
1650,1219,,
1650,1220,,
1318,1221,,
1653,1222,,
1422,1223,,
1647,1224,,
229,1225,,
229,1226,,
1470,1227,,
465,1228,,
153,1229,,
1662,1230,,
1663,1231,,
1666,1232,,
38,1233,,
38,1234,,
1506,1235,,
941,1236,,
1606,1237,,
452,1238,,
13,1239,,
13,1240,,
1350,1241,,
1165,1242,,
1678,1243,,
1665,1244,,
1679,1245,,
1682,1246,,
1605,1247,,
1332,1248,,
192,1249,,
451,1250,,
1015,1251,,
954,1252,,
727,1253,,
1202,1254,,
1689,1255,,
539,1256,,
1361,1257,,
1692,1258,,
1025,1259,,
1569,1260,,
1694,1261,,
373,1262,,
535,1263,,
1615,1264,,
1569,1265,,
671,1266,,
1619,1267,,
1619,1268,,
1619,1269,,
1133,1270,,
300,1271,,
1593,1272,,
1569,1273,,
539,1274,,
1539,1275,,
406,1276,,
53,1277,,
1204,1278,,
1569,1279,,
1490,1280,,
1706,1281,,
1593,1282,,
1569,1283,,
31,1284,,
1710,1285,,
1711,1286,,
1416,1287,,
455,1288,,
1593,1289,,
1712,1290,,
1593,1291,,
1072,1292,,
671,1293,,
1713,1294,,
1715,1295,,
736,1296,,
624,1297,,
624,1298,,
624,1299,,
1721,1300,,
1725,1301,,
380,1302,,
1706,1303,,
1682,1304,,
1682,1305,,
1682,1306,,
1682,1307,,
1682,1308,,
834,1309,,
1728,1310,,
1075,1311,,
295,1312,,
1302,1313,,
1731,1314,,
1593,1315,,
1327,1316,,
166,1317,,
885,1318,,
152,1319,,
452,1320,,
1216,1321,,
1734,1322,,
567,1323,,
880,1324,,
880,1325,,
885,1326,,
624,1327,,
3430,1328,,
1590,1329,,
1369,1330,,
4,1331,,
1664,1332,,
321,1333,,
1677,1334,,
1754,1335,,
1688,1336,,
7,1337,,
1759,1338,,
1753,1339,,
477,1340,,
537,1341,,
537,1342,,
1148,1343,,
1569,1344,,
1019,1345,,
1182,1346,,
1765,1347,,
410,1348,,
212,1349,,
1766,1350,,
1753,1351,,
1735,1352,,
1569,1353,,
1569,1354,,
1569,1355,,
1569,1356,,
12,1357,,
29,1358,,
1137,1359,,
1774,1360,,
1182,1361,,
487,1362,,
1026,1363,,
1078,1364,,
1784,1365,,
1785,1366,,
1786,1367,,
1788,1368,,
1540,1369,,
1271,1370,,
506,1371,,
1137,1372,,
1755,1373,,
1308,1374,,
161,1375,,
160,1376,,
71,1377,,
1798,1378,,
1656,1379,,
973,1380,,
1792,1381,,
414,1382,,
770,1383,,
1331,1384,,
1571,1385,,
1718,1386,,
1783,1387,,
1701,1388,,
855,1389,,
1064,1390,,
1278,1391,,
27,1392,,
215,1393,,
409,1394,,
506,1395,,
1811,1396,,
1628,1397,,
954,1398,,
1814,1399,,
471,1400,,
99,1401,,
624,1402,,
902,1403,,
290,1404,,
1671,1405,,
1796,1406,,
1821,1407,,
792,1408,,
1455,1409,,
1826,1410,,
1331,1411,,
1338,1412,,
1829,1413,,
1830,1414,,
1113,1415,,
1832,1416,,
1777,1417,,
252,1418,,
1830,1419,,
394,1420,,
394,1421,,
395,1422,,
1330,1423,,
1819,1424,,
215,1425,,
624,1426,,
1830,1427,,
1606,1428,,
1606,1429,,
1607,1430,,
1830,1431,,
162,1432,,
1861,1433,,
162,1434,,
162,1435,,
1830,1436,,
1830,1437,,
1692,1438,,
169,1439,,
1830,1440,,
1805,1441,,
1805,1442,,
537,1443,,
18,1444,,
1547,1445,,
1869,1446,,
1712,1447,,
1871,1448,,
936,1449,,
1823,1450,,
1877,1451,,
394,1452,,
125,1453,,
1865,1454,,
1880,1455,,
696,1456,,
3369,1457,,
1033,1458,,
162,1459,,
1712,1460,,
1831,1461,,
724,1462,,
724,1463,,
724,1464,,
617,1465,,
1887,1466,,
441,1467,,
162,1468,,
162,1469,,
1741,1470,,
1855,1471,,
38,1472,,
162,1473,,
261,1474,,
1896,1475,,
1055,1476,,
1893,1477,,
1899,1478,,
1866,1479,,
1871,1480,,
162,1481,,
1904,1482,,
1871,1483,,
1907,1484,,
162,1485,,
849,1486,,
1593,1487,,
1593,1488,,
1593,1489,,
1593,1490,,
1593,1491,,
1905,1492,,
636,1493,,
162,1494,,
162,1495,,
188,1496,,
1910,1497,,
162,1498,,
1424,1499,,
1207,1500,,
394,1501,,
1882,1502,,
1915,1503,,
211,1504,,
1735,1505,,
1324,1506,,
1915,1507,,
1915,1508,,
1917,1509,,
660,1510,,
1370,1511,,
121,1512,,
1919,1513,,
1921,1514,,
630,1515,,
1925,1516,,
1860,1517,,
1926,1518,,
1196,1519,,
228,1520,,
1327,1521,,
713,1522,,
1525,1523,,
1321,1524,,
1755,1525,,
1919,1526,,
782,1527,,
1327,1528,,
1755,1529,,
1591,1530,,
1934,1531,,
162,1532,,
162,1533,,
848,1534,,
1937,1535,,
497,1536,,
1593,1537,,
950,1538,,
1941,1539,,
162,1540,,
1944,1541,,
1459,1542,,
1320,1543,,
1803,1544,,
848,1545,,
848,1546,,
162,1547,,
1787,1548,,
848,1549,,
789,1550,,
188,1551,,
210,1552,,
1815,1553,,
848,1554,,
394,1555,,
394,1556,,
394,1557,,
394,1558,,
1538,1559,,
848,1560,,
388,1561,,
1908,1562,,
848,1563,,
848,1564,,
1960,1565,,
225,1566,,
868,1567,,
951,1568,,
712,1569,,
957,1570,,
1963,1571,,
1568,1572,,
241,1573,,
1966,1574,,
571,1575,,
660,1576,,
660,1577,,
1969,1578,,
848,1579,,
1970,1580,,
1221,1581,,
709,1582,,
953,1583,,
1612,1584,,
1972,1585,,
1976,1586,,
31,1587,,
668,1588,,
1473,1589,,
848,1590,,
1681,1591,,
385,1592,,
385,1593,,
797,1594,,
253,1595,,
1681,1596,,
539,1597,,
942,1598,,
1848,1599,,
947,1600,,
385,1601,,
1705,1602,,
1983,1603,,
188,1604,,
520,1605,,
463,1606,,
1987,1607,,
1988,1608,,
241,1609,,
1991,1610,,
1007,1611,,
1993,1612,,
1994,1613,,
1011,1614,,
1007,1615,,
1007,1616,,
221,1617,,
1972,1618,,
116,1619,,
2001,1620,,
438,1621,,
997,1622,,
462,1623,,
462,1624,,
1986,1625,,
1219,1626,,
660,1627,,
473,1628,,
2009,1629,,
1918,1630,,
623,1631,,
191,1632,,
97,1633,,
125,1634,,
2017,1635,,
2018,1636,,
57,1637,,
1463,1638,,
950,1639,,
1879,1640,,
644,1641,,
207,1642,,
2026,1643,,
728,1644,,
2032,1645,,
1602,1646,,
2036,1647,,
141,1648,,
848,1649,,
1260,1650,,
14,1651,,
1025,1652,,
1813,1653,,
631,1654,,
1662,1655,,
435,1656,,
367,1657,,
912,1658,,
2052,1659,,
400,1660,,
3264,1661,,
2026,1662,,
1055,1663,,
1353,1664,,
1972,1665,,
1218,1666,,
290,1667,,
1215,1668,,
2059,1669,,
290,1670,,
414,1671,,
2045,1672,,
1487,1673,,
2049,1674,,
2064,1675,,
1229,1676,,
125,1677,,
2026,1678,,
1740,1679,,
2064,1680,,
680,1681,,
1672,1682,,
238,1683,,
3430,1684,,
3430,1685,,
31,1686,,
972,1687,,
1201,1688,,
2068,1689,,
160,1690,,
137,1691,,
201,1692,,
252,1693,,
1000,1694,,
125,1695,,
400,1696,,
2074,1697,,
2075,1698,,
125,1699,,
256,1700,,
1722,1701,,
290,1702,,
2076,1703,,
414,1704,,
1249,1705,,
1874,1706,,
507,1707,,
970,1708,,
1460,1709,,
895,1710,,
1549,1711,,
2005,1712,,
2094,1713,,
337,1714,,
457,1715,,
1948,1716,,
58,1717,,
537,1718,,
2095,1719,,
1682,1720,,
970,1721,,
60,1722,,
2099,1723,,
1125,1724,,
1816,1725,,
2100,1726,,
373,1727,,
2016,1728,,
1866,1729,,
2016,1730,,
1460,1731,,
2103,1732,,
593,1733,,
1916,1734,,
394,1735,,
1357,1736,,
2111,1737,,
2112,1738,,
2114,1739,,
896,1740,,
2118,1741,,
1318,1742,,
2109,1743,,
1775,1744,,
2059,1745,,
636,1746,,
2120,1747,,
1421,1748,,
3876,1749,,
1175,1750,,
639,1751,,
1862,1752,,
2127,1753,,
848,1754,,
129,1755,,
2128,1756,,
2127,1757,,
2129,1758,,
423,1759,,
2129,1760,,
2130,1761,,
2129,1762,,
1791,1763,,
325,1764,,
2087,1765,,
2120,1766,,
2136,1767,,
1767,1768,,
1327,1769,,
2147,1770,,
478,1771,,
258,1772,,
1107,1773,,
2064,1774,,
2064,1775,,
2064,1776,,
124,1777,,
1926,1778,,
1318,1779,,
1318,1780,,
629,1781,,
2102,1782,,
2158,1783,,
1857,1784,,
1857,1785,,
1857,1786,,
1857,1787,,
848,1788,,
17,1789,,
2129,1790,,
1318,1791,,
31,1792,,
1772,1793,,
884,1794,,
1253,1795,,
737,1796,,
2168,1797,,
1902,1798,,
1390,1799,,
1619,1800,,
2071,1801,,
1575,1802,,
2171,1803,,
848,1804,,
2173,1805,,
103,1806,,
1402,1807,,
1736,1808,,
1317,1809,,
2169,1810,,
724,1811,,
724,1812,,
2176,1813,,
2177,1814,,
2158,1815,,
239,1816,,
1619,1817,,
1619,1818,,
1782,1819,,
1429,1820,,
1577,1821,,
2176,1822,,
14,1823,,
2185,1824,,
1439,1825,,
699,1826,,
2188,1827,,
1281,1828,,
2190,1829,,
2184,1830,,
414,1831,,
1683,1832,,
394,1833,,
394,1834,,
394,1835,,
2193,1836,,
914,1837,,
315,1838,,
1327,1839,,
1603,1840,,
1682,1841,,
501,1842,,
2200,1843,,
1914,1844,,
1630,1845,,
1929,1846,,
1914,1847,,
1279,1848,,
1327,1849,,
2203,1850,,
900,1851,,
1272,1852,,
246,1853,,
299,1854,,
1001,1855,,
516,1856,,
1855,1857,,
1001,1858,,
1001,1859,,
1001,1860,,
2212,1861,,
690,1862,,
879,1863,,
2153,1864,,
707,1865,,
845,1866,,
2121,1867,,
390,1868,,
129,1869,,
2216,1870,,
2220,1871,,
2205,1872,,
2221,1873,,
1958,1874,,
2222,1875,,
113,1876,,
1980,1877,,
892,1878,,
385,1879,,
1593,1880,,
1586,1881,,
2226,1882,,
1340,1883,,
2227,1884,,
879,1885,,
68,1886,,
2121,1887,,
2228,1888,,
2228,1889,,
2229,1890,,
162,1891,,
2132,1892,,
1036,1893,,
2229,1894,,
1882,1895,,
537,1896,,
537,1897,,
537,1898,,
970,1899,,
2245,1900,,
188,1901,,
345,1902,,
1234,1903,,
2229,1904,,
2248,1905,,
823,1906,,
2249,1907,,
1327,1908,,
2250,1909,,
1899,1910,,
2070,1911,,
1433,1912,,
1269,1913,,
636,1914,,
1569,1915,,
3986,1916,,
1548,1917,,
2258,1918,,
933,1919,,
3986,1920,,
636,1921,,
2263,1922,,
2229,1923,,
1882,1924,,
2266,1925,,
2155,1926,,
1882,1927,,
1882,1928,,
1882,1929,,
1882,1930,,
1882,1931,,
939,1932,,
1882,1933,,
1675,1934,,
2267,1935,,
262,1936,,
1190,1937,,
2209,1938,,
453,1939,,
1027,1940,,
2096,1941,,
2187,1942,,
501,1943,,
2215,1944,,
2273,1945,,
1882,1946,,
2270,1947,,
2270,1948,,
3430,1949,,
1882,1950,,
1882,1951,,
1882,1952,,
1882,1953,,
916,1954,,
1882,1955,,
1882,1956,,
1882,1957,,
1882,1958,,
1882,1959,,
1632,1960,,
1882,1961,,
1882,1962,,
1882,1963,,
339,1964,,
2277,1965,,
19,1966,,
143,1967,,
2097,1968,,
2280,1969,,
2281,1970,,
2229,1971,,
2282,1972,,
1464,1973,,
2246,1974,,
1065,1975,,
1246,1976,,
1453,1977,,
2284,1978,,
414,1979,,
414,1980,,
414,1981,,
414,1982,,
1074,1983,,
490,1984,,
1546,1985,,
1686,1986,,
2146,1987,,
2201,1988,,
2262,1989,,
2290,1990,,
639,1991,,
39,1992,,
639,1993,,
398,1994,,
39,1995,,
77,1996,,
398,1997,,
2289,1998,,
1416,1999,,
2294,2000,,
1588,2001,,
2285,2002,,
2229,2003,,
2257,2004,,
615,2005,,
2189,2006,,
1370,2007,,
385,2008,,
1755,2009,,
2307,2010,,
14,2011,,
2310,2012,,
375,2013,,
1779,2014,,
954,2015,,
954,2016,,
2298,2017,,
1054,2018,,
1858,2019,,
2306,2020,,
335,2021,,
2458,2022,,
1416,2023,,
2306,2024,,
1755,2025,,
1755,2026,,
2229,2027,,
2055,2028,,
1063,2029,,
2165,2030,,
1755,2031,,
2055,2032,,
114,2033,,
293,2034,,
1437,2035,,
1007,2036,,
2324,2037,,
2323,2038,,
2324,2039,,
2324,2040,,
2326,2041,,
2327,2042,,
547,2043,,
621,2044,,
2125,2045,,
2257,2046,,
1338,2047,,
2140,2048,,
1891,2049,,
1879,2050,,
848,2051,,
2334,2052,,
1438,2053,,
2337,2054,,
2338,2055,,
2267,2056,,
1318,2057,,
2243,2058,,
2341,2059,,
1557,2060,,
2007,2061,,
3633,2062,,
2229,2063,,
1824,2064,,
1871,2065,,
2257,2066,,
3633,2067,,
2347,2068,,
2347,2069,,
848,2070,,
335,2071,,
1871,2072,,
2326,2073,,
2326,2074,,
206,2075,,
2326,2076,,
160,2077,,
3633,2078,,
848,2079,,
503,2080,,
1871,2081,,
503,2082,,
1472,2083,,
2149,2084,,
2326,2085,,
1619,2086,,
2326,2087,,
2326,2088,,
398,2089,,
913,2090,,
2365,2091,,
503,2092,,
2364,2093,,
503,2094,,
2039,2095,,
2249,2096,,
1336,2097,,
2378,2098,,
301,2099,,
1682,2100,,
387,2101,,
2313,2102,,
1416,2103,,
31,2104,,
2392,2105,,
1200,2106,,
31,2107,,
632,2108,,
2396,2109,,
1640,2110,,
363,2111,,
2078,2112,,
1745,2113,,
1935,2114,,
1881,2115,,
2401,2116,,
2402,2117,,
1459,2118,,
1438,2119,,
2403,2120,,
1770,2121,,
1082,2122,,
833,2123,,
2408,2124,,
393,2125,,
77,2126,,
2411,2127,,
1568,2128,,
701,2129,,
747,2130,,
162,2131,,
2079,2132,,
1842,2133,,
2413,2134,,
848,2135,,
2418,2136,,
2409,2137,,
458,2138,,
458,2139,,
2106,2140,,
2106,2141,,
2106,2142,,
77,2143,,
2428,2144,,
2428,2145,,
2428,2146,,
2428,2147,,
2428,2148,,
2428,2149,,
2078,2150,,
2078,2151,,
2079,2152,,
1025,2153,,
2078,2154,,
373,2155,,
1007,2156,,
1680,2157,,
113,2158,,
1639,2159,,
269,2160,,
1755,2161,,
2434,2162,,
1755,2163,,
1755,2164,,
869,2165,,
2357,2166,,
1262,2167,,
1755,2168,,
1755,2169,,
1755,2170,,
1755,2171,,
1755,2172,,
1755,2173,,
1755,2174,,
1755,2175,,
1755,2176,,
1598,2177,,
1573,2178,,
862,2179,,
2377,2180,,
2377,2181,,
2377,2182,,
2377,2183,,
2377,2184,,
625,2185,,
2377,2186,,
1438,2187,,
77,2188,,
2026,2189,,
2442,2190,,
2380,2191,,
2380,2192,,
1899,2193,,
639,2194,,
162,2195,,
1925,2196,,
2446,2197,,
252,2198,,
2450,2199,,
385,2200,,
1747,2201,,
2044,2202,,
1962,2203,,
2452,2204,,
1964,2205,,
639,2206,,
2327,2207,,
342,2208,,
2116,2209,,
539,2210,,
510,2211,,
1438,2212,,
1557,2213,,
2459,2214,,
1997,2215,,
927,2216,,
672,2217,,
377,2218,,
1557,2219,,
2461,2220,,
481,2221,,
461,2222,,
1741,2223,,
1927,2224,,
2466,2225,,
2469,2226,,
724,2227,,
547,2228,,
1557,2229,,
547,2230,,
2472,2231,,
331,2232,,
1557,2233,,
1328,2234,,
1604,2235,,
2475,2236,,
2476,2237,,
2477,2238,,
2478,2239,,
1492,2240,,
2479,2241,,
2479,2242,,
2479,2243,,
2479,2244,,
2479,2245,,
2479,2246,,
2479,2247,,
353,2248,,
2483,2249,,
1438,2250,,
1757,2251,,
1468,2252,,
1508,2253,,
1596,2254,,
1596,2255,,
2479,2256,,
2479,2257,,
2479,2258,,
2479,2259,,
2479,2260,,
2479,2261,,
2479,2262,,
2479,2263,,
2479,2264,,
2479,2265,,
2479,2266,,
1879,2267,,
2343,2268,,
1465,2269,,
2478,2270,,
160,2271,,
978,2272,,
1820,2273,,
1978,2274,,
77,2275,,
263,2276,,
1416,2277,,
2496,2278,,
2495,2279,,
1844,2280,,
397,2281,,
2218,2282,,
2218,2283,,
1438,2284,,
205,2285,,
77,2286,,
1631,2287,,
506,2288,,
3430,2289,,
2503,2290,,
471,2291,,
2504,2292,,
2504,2293,,
2249,2294,,
2505,2295,,
2505,2296,,
2437,2297,,
2437,2298,,
2504,2299,,
2219,2300,,
577,2301,,
2507,2302,,
2451,2303,,
2437,2304,,
2437,2305,,
585,2306,,
1755,2307,,
1755,2308,,
1755,2309,,
2410,2310,,
2510,2311,,
2511,2312,,
1755,2313,,
1755,2314,,
1755,2315,,
1755,2316,,
1755,2317,,
1755,2318,,
1755,2319,,
503,2320,,
503,2321,,
724,2322,,
2514,2323,,
107,2324,,
503,2325,,
1076,2326,,
2107,2327,,
263,2328,,
1682,2329,,
2516,2330,,
1076,2331,,
249,2332,,
660,2333,,
1233,2334,,
2107,2335,,
991,2336,,
1451,2337,,
2107,2338,,
229,2339,,
503,2340,,
2476,2341,,
909,2342,,
2522,2343,,
2141,2344,,
2526,2345,,
2459,2346,,
1084,2347,,
2527,2348,,
2529,2349,,
1029,2350,,
2081,2351,,
1979,2352,,
1682,2353,,
1733,2354,,
1395,2355,,
2504,2356,,
1741,2357,,
2534,2358,,
1380,2359,,
2534,2360,,
2534,2361,,
2447,2362,,
2536,2363,,
2537,2364,,
252,2365,,
1876,2366,,
1876,2367,,
583,2368,,
583,2369,,
2501,2370,,
497,2371,,
2218,2372,,
2249,2373,,
2218,2374,,
3633,2375,,
567,2376,,
13,2377,,
2272,2378,,
21,2379,,
13,2380,,
2544,2381,,
2545,2382,,
2412,2383,,
583,2384,,
238,2385,,
1610,2386,,
1254,2387,,
665,2388,,
2551,2389,,
1602,2390,,
1602,2391,,
2267,2392,,
2496,2393,,
605,2394,,
503,2395,,
503,2396,,
503,2397,,
1014,2398,,
2496,2399,,
503,2400,,
503,2401,,
503,2402,,
1635,2403,,
2563,2404,,
1014,2405,,
660,2406,,
2444,2407,,
1641,2408,,
1154,2409,,
2564,2410,,
2345,2411,,
1617,2412,,
87,2413,,
2345,2414,,
471,2415,,
1013,2416,,
252,2417,,
2566,2418,,
2566,2419,,
1065,2420,,
2231,2421,,
2581,2422,,
483,2423,,
2568,2424,,
2247,2425,,
152,2426,,
2336,2427,,
248,2428,,
605,2429,,
144,2430,,
1651,2431,,
2574,2432,,
2576,2433,,
1072,2434,,
375,2435,,
415,2436,,
77,2437,,
236,2438,,
2535,2439,,
248,2440,,
210,2441,,
2580,2442,,
2582,2443,,
2583,2444,,
326,2445,,
2584,2446,,
2585,2447,,
2585,2448,,
2585,2449,,
2585,2450,,
2587,2451,,
2565,2452,,
2565,2453,,
254,2454,,
2565,2455,,
2565,2456,,
2267,2457,,
2237,2458,,
2544,2459,,
2590,2460,,
2265,2461,,
2565,2462,,
2565,2463,,
2565,2464,,
2565,2465,,
2565,2466,,
2565,2467,,
2565,2468,,
2565,2469,,
2565,2470,,
2565,2471,,
2565,2472,,
2565,2473,,
2565,2474,,
2565,2475,,
2565,2476,,
2565,2477,,
2529,2478,,
267,2479,,
2555,2480,,
414,2481,,
753,2482,,
2592,2483,,
2555,2484,,
1466,2485,,
2593,2486,,
2566,2487,,
2161,2488,,
2594,2489,,
2116,2490,,
848,2491,,
3430,2492,,
14,2493,,
2596,2494,,
1847,2495,,
883,2496,,
2598,2497,,
1819,2498,,
1999,2499,,
2265,2500,,
2600,2501,,
1544,2502,,
2119,2503,,
2594,2504,,
2605,2505,,
2224,2506,,
1856,2507,,
1789,2508,,
2506,2509,,
31,2510,,
31,2511,,
1561,2512,,
2601,2513,,
875,2514,,
2119,2515,,
2601,2516,,
1007,2517,,
1481,2518,,
1191,2519,,
1872,2520,,
2576,2521,,
1654,2522,,
2372,2523,,
2614,2524,,
1895,2525,,
2617,2526,,
2385,2527,,
2316,2528,,
1416,2529,,
2447,2530,,
2608,2531,,
2608,2532,,
2608,2533,,
2608,2534,,
2608,2535,,
2608,2536,,
2608,2537,,
2608,2538,,
2608,2539,,
2608,2540,,
2608,2541,,
2608,2542,,
2608,2543,,
2608,2544,,
2608,2545,,
2608,2546,,
2621,2547,,
2014,2548,,
1602,2549,,
461,2550,,
372,2551,,
1475,2552,,
2576,2553,,
2621,2554,,
2305,2555,,
1489,2556,,
952,2557,,
2619,2558,,
573,2559,,
2626,2560,,
1698,2561,,
703,2562,,
2628,2563,,
2048,2564,,
1561,2565,,
2629,2566,,
1755,2567,,
1755,2568,,
1755,2569,,
109,2570,,
2616,2571,,
1602,2572,,
487,2573,,
2326,2574,,
2631,2575,,
125,2576,,
1755,2577,,
1755,2578,,
1755,2579,,
1755,2580,,
935,2581,,
385,2582,,
954,2583,,
2635,2584,,
2636,2585,,
2633,2586,,
2633,2587,,
2633,2588,,
2633,2589,,
2633,2590,,
1806,2591,,
2236,2592,,
2305,2593,,
639,2594,,
2423,2595,,
2637,2596,,
2637,2597,,
1998,2598,,
1152,2599,,
2566,2600,,
160,2601,,
503,2602,,
503,2603,,
2638,2604,,
2632,2605,,
503,2606,,
503,2607,,
503,2608,,
503,2609,,
1408,2610,,
1648,2611,,
2183,2612,,
2639,2613,,
2238,2614,,
39,2615,,
1,2616,,
961,2617,,
3370,2618,,
1961,2619,,
1879,2620,,
639,2621,,
3370,2622,,
2644,2623,,
2645,2624,,
2646,2625,,
2647,2626,,
2250,2627,,
2268,2628,,
2650,2629,,
2637,2630,,
2106,2631,,
1182,2632,,
2652,2633,,
2594,2634,,
1557,2635,,
2654,2636,,
1652,2637,,
2624,2638,,
1152,2639,,
2134,2640,,
2657,2641,,
137,2642,,
2637,2643,,
1756,2644,,
503,2645,,
2659,2646,,
458,2647,,
2602,2648,,
2208,2649,,
1498,2650,,
2078,2651,,
183,2652,,
248,2653,,
1104,2654,,
2624,2655,,
850,2656,,
2637,2657,,
385,2658,,
2627,2659,,
2664,2660,,
2663,2661,,
2026,2662,,
2174,2663,,
2659,2664,,
2666,2665,,
2363,2666,,
2320,2667,,
1452,2668,,
2633,2669,,
2633,2670,,
2633,2671,,
2633,2672,,
2148,2673,,
522,2674,,
2669,2675,,
1303,2676,,
1623,2677,,
810,2678,,
692,2679,,
2675,2680,,
724,2681,,
2500,2682,,
1750,2683,,
1061,2684,,
2298,2685,,
1503,2686,,
2575,2687,,
2677,2688,,
2633,2689,,
1317,2690,,
2468,2691,,
1051,2692,,
1760,2693,,
2267,2694,,
2604,2695,,
503,2696,,
2681,2697,,
2682,2698,,
1897,2699,,
2682,2700,,
2000,2701,,
2684,2702,,
2685,2703,,
1529,2704,,
2000,2705,,
2204,2706,,
2134,2707,,
583,2708,,
2432,2709,,
2689,2710,,
1102,2711,,
173,2712,,
2690,2713,,
940,2714,,
1471,2715,,
1682,2716,,
2517,2717,,
2668,2718,,
2517,2719,,
1853,2720,,
2663,2721,,
2663,2722,,
241,2723,,
154,2724,,
2612,2725,,
949,2726,,
2663,2727,,
113,2728,,
2355,2729,,
2703,2730,,
2508,2731,,
1682,2732,,
2704,2733,,
2525,2734,,
503,2735,,
2567,2736,,
1312,2737,,
1794,2738,,
95,2739,,
1424,2740,,
1577,2741,,
2706,2742,,
949,2743,,
3264,2744,,
949,2745,,
949,2746,,
2706,2747,,
715,2748,,
2267,2749,,
1835,2750,,
547,2751,,
162,2752,,
162,2753,,
1020,2754,,
31,2755,,
693,2756,,
2066,2757,,
2711,2758,,
1160,2759,,
1577,2760,,
1577,2761,,
2633,2762,,
2633,2763,,
2633,2764,,
2633,2765,,
2633,2766,,
2633,2767,,
2633,2768,,
2633,2769,,
2633,2770,,
2633,2771,,
2633,2772,,
2633,2773,,
1577,2774,,
2699,2775,,
2633,2776,,
385,2777,,
2242,2778,,
1577,2779,,
664,2780,,
2633,2781,,
2633,2782,,
2633,2783,,
2677,2784,,
2716,2785,,
631,2786,,
2699,2787,,
2699,2788,,
2699,2789,,
2699,2790,,
2699,2791,,
2699,2792,,
2699,2793,,
2628,2794,,
1581,2795,,
2435,2796,,
3633,2797,,
3633,2798,,
2563,2799,,
260,2800,,
1058,2801,,
1058,2802,,
1058,2803,,
1750,2804,,
1830,2805,,
1138,2806,,
2634,2807,,
103,2808,,
1457,2809,,
1773,2810,,
2613,2811,,
2712,2812,,
2712,2813,,
2712,2814,,
2712,2815,,
2712,2816,,
2712,2817,,
752,2818,,
2576,2819,,
2633,2820,,
2633,2821,,
2633,2822,,
2633,2823,,
2633,2824,,
2633,2825,,
2633,2826,,
2503,2827,,
2503,2828,,
252,2829,,
359,2830,,
1410,2831,,
2576,2832,,
660,2833,,
2229,2834,,
1982,2835,,
2719,2836,,
2719,2837,,
2719,2838,,
2719,2839,,
2719,2840,,
2719,2841,,
2719,2842,,
2719,2843,,
2719,2844,,
2719,2845,,
2719,2846,,
2719,2847,,
2719,2848,,
2719,2849,,
2719,2850,,
2719,2851,,
2719,2852,,
2719,2853,,
2719,2854,,
2719,2855,,
2719,2856,,
2719,2857,,
2719,2858,,
2719,2859,,
2719,2860,,
2719,2861,,
2719,2862,,
2719,2863,,
2719,2864,,
2719,2865,,
2719,2866,,
2719,2867,,
2719,2868,,
2719,2869,,
2719,2870,,
2719,2871,,
2719,2872,,
2719,2873,,
2719,2874,,
2719,2875,,
2719,2876,,
2719,2877,,
2719,2878,,
2719,2879,,
2719,2880,,
2719,2881,,
2719,2882,,
503,2883,,
503,2884,,
503,2885,,
613,2886,,
41,2887,,
2057,2888,,
1859,2889,,
2026,2890,,
670,2891,,
1755,2892,,
174,2893,,
613,2894,,
2728,2895,,
160,2896,,
1867,2897,,
2733,2898,,
660,2899,,
2734,2900,,
2655,2901,,
2655,2902,,
3633,2903,,
660,2904,,
660,2905,,
2737,2906,,
1669,2907,,
2351,2908,,
2738,2909,,
1940,2910,,
1434,2911,,
1569,2912,,
2677,2913,,
2743,2914,,
2745,2915,,
2746,2916,,
559,2917,,
2745,2918,,
1965,2919,,
2745,2920,,
748,2921,,
2747,2922,,
2242,2923,,
2742,2924,,
2748,2925,,
2742,2926,,
2742,2927,,
2742,2928,,
2742,2929,,
2742,2930,,
2742,2931,,
2742,2932,,
2742,2933,,
2742,2934,,
2742,2935,,
1588,2936,,
1657,2937,,
846,2938,,
2264,2939,,
87,2940,,
2752,2941,,
633,2942,,
583,2943,,
692,2944,,
2159,2945,,
3390,2946,,
3390,2947,,
3390,2948,,
3390,2949,,
1543,2950,,
3390,2951,,
1974,2952,,
2736,2953,,
2736,2954,,
2754,2955,,
2290,2956,,
2755,2957,,
2184,2958,,
458,2959,,
458,2960,,
458,2961,,
458,2962,,
458,2963,,
252,2964,,
456,2965,,
384,2966,,
717,2967,,
613,2968,,
1447,2969,,
2022,2970,,
911,2971,,
2530,2972,,
2737,2973,,
89,2974,,
953,2975,,
2766,2976,,
2767,2977,,
2768,2978,,
1407,2979,,
656,2980,,
2769,2981,,
2765,2982,,
1483,2983,,
2770,2984,,
1685,2985,,
2683,2986,,
2683,2987,,
2771,2988,,
290,2989,,
2528,2990,,
848,2991,,
299,2992,,
2398,2993,,
2776,2994,,
1830,2995,,
188,2996,,
503,2997,,
2741,2998,,
2421,2999,,
593,3000,,
2778,3001,,
2778,3002,,
2608,3003,,
3876,3004,,
925,3005,,
2778,3006,,
2775,3007,,
2778,3008,,
724,3009,,
41,3010,,
1416,3011,,
2088,3012,,
1557,3013,,
2779,3014,,
2782,3015,,
2761,3016,,
959,3017,,
2719,3018,,
2719,3019,,
2719,3020,,
2719,3021,,
1925,3022,,
2781,3023,,
2463,3024,,
2043,3025,,
1122,3026,,
246,3027,,
188,3028,,
188,3029,,
2767,3030,,
53,3031,,
1836,3032,,
2778,3033,,
2778,3034,,
160,3035,,
160,3036,,
160,3037,,
2719,3038,,
2761,3039,,
2792,3040,,
2793,3041,,
2135,3042,,
2797,3043,,
1399,3044,,
2796,3045,,
2601,3046,,
2767,3047,,
2393,3048,,
2572,3049,,
2105,3050,,
2105,3051,,
1007,3052,,
2749,3053,,
252,3054,,
3633,3055,,
55,3056,,
1131,3057,,
26,3058,,
1717,3059,,
1695,3060,,
1620,3061,,
3986,3062,,
2768,3063,,
4334,3064,,
4334,3065,,
1122,3066,,
1572,3067,,
160,3068,,
724,3069,,
1438,3070,,
161,3071,,
2441,3072,,
160,3073,,
1703,3074,,
39,3075,,
2549,3076,,
1925,3077,,
2361,3078,,
2549,3079,,
2808,3080,,
348,3081,,
1473,3082,,
2667,3083,,
4334,3084,,
210,3085,,
1473,3086,,
2774,3087,,
2800,3088,,
1668,3089,,
1804,3090,,
411,3091,,
2060,3092,,
4334,3093,,
2622,3094,,
2816,3095,,
1888,3096,,
567,3097,,
2787,3098,,
2787,3099,,
2767,3100,,
2677,3101,,
1849,3102,,
2801,3103,,
2801,3104,,
2801,3105,,
2801,3106,,
2801,3107,,
2801,3108,,
2801,3109,,
2801,3110,,
2801,3111,,
2801,3112,,
2801,3113,,
2801,3114,,
2264,3115,,
2823,3116,,
2399,3117,,
1307,3118,,
1952,3119,,
2824,3120,,
837,3121,,
2179,3122,,
2782,3123,,
2782,3124,,
1739,3125,,
2719,3126,,
1616,3127,,
2773,3128,,
1801,3129,,
2787,3130,,
2787,3131,,
2787,3132,,
2829,3133,,
2831,3134,,
2832,3135,,
241,3136,,
1442,3137,,
2826,3138,,
110,3139,,
14,3140,,
2826,3141,,
1572,3142,,
1425,3143,,
31,3144,,
2106,3145,,
1011,3146,,
2774,3147,,
2773,3148,,
2773,3149,,
2672,3150,,
1975,3151,,
2835,3152,,
2665,3153,,
100,3154,,
2840,3155,,
637,3156,,
1011,3157,,
1011,3158,,
1011,3159,,
2767,3160,,
2829,3161,,
2829,3162,,
968,3163,,
359,3164,,
2383,3165,,
443,3166,,
1845,3167,,
2827,3168,,
2325,3169,,
2539,3170,,
179,3171,,
2912,3172,,
2753,3173,,
2753,3174,,
2753,3175,,
2753,3176,,
2753,3177,,
2753,3178,,
2753,3179,,
2753,3180,,
2753,3181,,
2753,3182,,
2753,3183,,
2753,3184,,
2753,3185,,
2195,3186,,
1339,3187,,
2787,3188,,
2787,3189,,
2787,3190,,
2787,3191,,
461,3192,,
1011,3193,,
179,3194,,
2315,3195,,
2806,3196,,
508,3197,,
461,3198,,
1440,3199,,
2419,3200,,
1806,3201,,
2315,3202,,
2846,3203,,
2846,3204,,
2846,3205,,
2846,3206,,
2846,3207,,
2846,3208,,
1398,3209,,
1178,3210,,
162,3211,,
2751,3212,,
1426,3213,,
252,3214,,
2546,3215,,
2852,3216,,
2853,3217,,
2854,3218,,
2855,3219,,
2853,3220,,
2856,3221,,
384,3222,,
1014,3223,,
567,3224,,
38,3225,,
2159,3226,,
2861,3227,,
2863,3228,,
2862,3229,,
471,3230,,
471,3231,,
2782,3232,,
2782,3233,,
2782,3234,,
1550,3235,,
375,3236,,
1141,3237,,
1122,3238,,
1122,3239,,
2601,3240,,
2858,3241,,
1925,3242,,
1522,3243,,
2233,3244,,
353,3245,,
2867,3246,,
2787,3247,,
113,3248,,
1436,3249,,
2869,3250,,
113,3251,,
2838,3252,,
729,3253,,
1482,3254,,
1482,3255,,
359,3256,,
1938,3257,,
2873,3258,,
1436,3259,,
2871,3260,,
2874,3261,,
2137,3262,,
2778,3263,,
2778,3264,,
2767,3265,,
1523,3266,,
1482,3267,,
2847,3268,,
2673,3269,,
2486,3270,,
42,3271,,
562,3272,,
2767,3273,,
68,3274,,
2036,3275,,
2861,3276,,
2861,3277,,
2843,3278,,
2826,3279,,
2883,3280,,
2778,3281,,
1939,3282,,
2861,3283,,
649,3284,,
2861,3285,,
2861,3286,,
2861,3287,,
2861,3288,,
1327,3289,,
2888,3290,,
2889,3291,,
1676,3292,,
2078,3293,,
2892,3294,,
2585,3295,,
2460,3296,,
2778,3297,,
4334,3298,,
2897,3299,,
503,3300,,
359,3301,,
1108,3302,,
2724,3303,,
963,3304,,
2724,3305,,
2364,3306,,
2877,3307,,
2899,3308,,
2898,3309,,
2898,3310,,
2898,3311,,
2679,3312,,
2737,3313,,
2737,3314,,
1482,3315,,
1566,3316,,
773,3317,,
2884,3318,,
2893,3319,,
2893,3320,,
2893,3321,,
2406,3322,,
251,3323,,
1545,3324,,
2742,3325,,
2556,3326,,
608,3327,,
2722,3328,,
353,3329,,
2905,3330,,
2905,3331,,
2906,3332,,
2907,3333,,
2229,3334,,
2909,3335,,
241,3336,,
583,3337,,
2848,3338,,
2908,3339,,
1964,3340,,
533,3341,,
13,3342,,
13,3343,,
2223,3344,,
13,3345,,
385,3346,,
13,3347,,
13,3348,,
951,3349,,
769,3350,,
2428,3351,,
2914,3352,,
2913,3353,,
2913,3354,,
2913,3355,,
2848,3356,,
2857,3357,,
1400,3358,,
1659,3359,,
186,3360,,
2356,3361,,
2857,3362,,
2912,3363,,
2620,3364,,
533,3365,,
1324,3366,,
2405,3367,,
2918,3368,,
2672,3369,,
53,3370,,
1182,3371,,
2919,3372,,
2780,3373,,
2736,3374,,
2736,3375,,
2920,3376,,
1460,3377,,
222,3378,,
968,3379,,
2672,3380,,
2922,3381,,
2634,3382,,
2901,3383,,
2901,3384,,
2672,3385,,
2380,3386,,
2380,3387,,
24,3388,,
2795,3389,,
2672,3390,,
2672,3391,,
2915,3392,,
2915,3393,,
2915,3394,,
2470,3395,,
2470,3396,,
2309,3397,,
1830,3398,,
1720,3399,,
1720,3400,,
2576,3401,,
2057,3402,,
2651,3403,,
2672,3404,,
2364,3405,,
1123,3406,,
2929,3407,,
2672,3408,,
1825,3409,,
2930,3410,,
613,3411,,
2928,3412,,
2326,3413,,
613,3414,,
613,3415,,
808,3416,,
1729,3417,,
613,3418,,
613,3419,,
54,3420,,
2358,3421,,
2253,3422,,
2588,3423,,
125,3424,,
1460,3425,,
2010,3426,,
1564,3427,,
2919,3428,,
2364,3429,,
1755,3430,,
848,3431,,
1256,3432,,
967,3433,,
2731,3434,,
2917,3435,,
2917,3436,,
2917,3437,,
2917,3438,,
2917,3439,,
2937,3440,,
2937,3441,,
2937,3442,,
2937,3443,,
2937,3444,,
599,3445,,
1755,3446,,
1852,3447,,
2249,3448,,
699,3449,,
2942,3450,,
2937,3451,,
458,3452,,
506,3453,,
241,3454,,
2633,3455,,
2943,3456,,
960,3457,,
2912,3458,,
2912,3459,,
2777,3460,,
2812,3461,,
286,3462,,
2947,3463,,
2947,3464,,
2948,3465,,
1971,3466,,
1293,3467,,
2949,3468,,
2909,3469,,
1992,3470,,
1502,3471,,
2267,3472,,
2952,3473,,
2951,3474,,
1968,3475,,
2954,3476,,
342,3477,,
342,3478,,
241,3479,,
2958,3480,,
1636,3481,,
2945,3482,,
2677,3483,,
2947,3484,,
2947,3485,,
2364,3486,,
2474,3487,,
1636,3488,,
1636,3489,,
1636,3490,,
1636,3491,,
1170,3492,,
2963,3493,,
2958,3494,,
2320,3495,,
724,3496,,
2945,3497,,
1438,3498,,
2958,3499,,
2301,3500,,
121,3501,,
1225,3502,,
2973,3503,,
975,3504,,
1283,3505,,
1957,3506,,
268,3507,,
2718,3508,,
2718,3509,,
1295,3510,,
2975,3511,,
301,3512,,
2718,3513,,
2975,3514,,
2975,3515,,
1755,3516,,
2079,3517,,
2718,3518,,
2719,3519,,
2719,3520,,
2719,3521,,
2719,3522,,
2719,3523,,
2719,3524,,
2719,3525,,
2719,3526,,
2429,3527,,
2834,3528,,
3358,3529,,
162,3530,,
2318,3531,,
241,3532,,
162,3533,,
2946,3534,,
2946,3535,,
2946,3536,,
2946,3537,,
2946,3538,,
2946,3539,,
2946,3540,,
2945,3541,,
2945,3542,,
2032,3543,,
1041,3544,,
311,3545,,
1830,3546,,
1501,3547,,
993,3548,,
2719,3549,,
2719,3550,,
2719,3551,,
2945,3552,,
2982,3553,,
2072,3554,,
795,3555,,
2211,3556,,
2139,3557,,
760,3558,,
2378,3559,,
2665,3560,,
1068,3561,,
2983,3562,,
2980,3563,,
2583,3564,,
2876,3565,,
2260,3566,,
1755,3567,,
1755,3568,,
2368,3569,,
2985,3570,,
2986,3571,,
2986,3572,,
126,3573,,
2987,3574,,
2432,3575,,
2719,3576,,
2719,3577,,
2719,3578,,
2719,3579,,
2990,3580,,
503,3581,,
2991,3582,,
2985,3583,,
2843,3584,,
2843,3585,,
2843,3586,,
2843,3587,,
2843,3588,,
2843,3589,,
2760,3590,,
1451,3591,,
2892,3592,,
155,3593,,
1741,3594,,
162,3595,,
2420,3596,,
2719,3597,,
1005,3598,,
848,3599,,
2868,3600,,
2995,3601,,
2996,3602,,
2995,3603,,
2977,3604,,
1755,3605,,
960,3606,,
2765,3607,,
575,3608,,
2682,3609,,
724,3610,,
724,3611,,
2006,3612,,
3000,3613,,
1741,3614,,
1337,3615,,
2051,3616,,
113,3617,,
338,3618,,
2992,3619,,
3005,3620,,
162,3621,,
162,3622,,
2101,3623,,
162,3624,,
2954,3625,,
162,3626,,
162,3627,,
2312,3628,,
3006,3629,,
349,3630,,
1690,3631,,
208,3632,,
1925,3633,,
3013,3634,,
1451,3635,,
1552,3636,,
2571,3637,,
3014,3638,,
33,3639,,
2999,3640,,
3016,3641,,
3016,3642,,
1974,3643,,
2677,3644,,
3021,3645,,
2454,3646,,
162,3647,,
1925,3648,,
2891,3649,,
2891,3650,,
1741,3651,,
2706,3652,,
2999,3653,,
2427,3654,,
1510,3655,,
1188,3656,,
2999,3657,,
1450,3658,,
1716,3659,,
829,3660,,
1924,3661,,
3002,3662,,
2415,3663,,
1748,3664,,
2520,3665,,
446,3666,,
3027,3667,,
2969,3668,,
1755,3669,,
3001,3670,,
3018,3671,,
3018,3672,,
3018,3673,,
3017,3674,,
2934,3675,,
1309,3676,,
1251,3677,,
1830,3678,,
394,3679,,
162,3680,,
829,3681,,
547,3682,,
162,3683,,
162,3684,,
527,3685,,
954,3686,,
618,3687,,
1460,3688,,
1889,3689,,
3025,3690,,
471,3691,,
162,3692,,
2393,3693,,
2718,3694,,
660,3695,,
3015,3696,,
660,3697,,
660,3698,,
660,3699,,
1755,3700,,
2558,3701,,
2494,3702,,
2484,3703,,
2484,3704,,
2484,3705,,
2484,3706,,
2484,3707,,
3037,3708,,
3038,3709,,
3039,3710,,
521,3711,,
2844,3712,,
891,3713,,
3027,3714,,
3030,3715,,
3030,3716,,
3027,3717,,
3041,3718,,
3041,3719,,
3041,3720,,
3041,3721,,
3041,3722,,
2778,3723,,
3041,3724,,
3041,3725,,
3041,3726,,
3041,3727,,
3041,3728,,
162,3729,,
1557,3730,,
3026,3731,,
3042,3732,,
342,3733,,
433,3734,,
2715,3735,,
303,3736,,
2715,3737,,
2715,3738,,
394,3739,,
1755,3740,,
1755,3741,,
1755,3742,,
1755,3743,,
1755,3744,,
1627,3745,,
3041,3746,,
3041,3747,,
3041,3748,,
3041,3749,,
3041,3750,,
3041,3751,,
2765,3752,,
442,3753,,
1755,3754,,
3043,3755,,
1755,3756,,
3043,3757,,
1755,3758,,
1755,3759,,
1755,3760,,
1755,3761,,
1755,3762,,
3028,3763,,
1755,3764,,
1755,3765,,
1755,3766,,
1755,3767,,
1755,3768,,
1755,3769,,
1755,3770,,
1384,3771,,
1042,3772,,
3041,3773,,
1762,3774,,
2061,3775,,
2376,3776,,
2683,3777,,
2661,3778,,
2661,3779,,
3054,3780,,
162,3781,,
3055,3782,,
2765,3783,,
503,3784,,
2999,3785,,
1682,3786,,
1011,3787,,
160,3788,,
3060,3789,,
3049,3790,,
2934,3791,,
663,3792,,
188,3793,,
2550,3794,,
3062,3795,,
1377,3796,,
3049,3797,,
3051,3798,,
3058,3799,,
2391,3800,,
3058,3801,,
3058,3802,,
3058,3803,,
3058,3804,,
3058,3805,,
3058,3806,,
1928,3807,,
1593,3808,,
2299,3809,,
1227,3810,,
1661,3811,,
481,3812,,
596,3813,,
3068,3814,,
2373,3815,,
567,3816,,
2454,3817,,
2154,3818,,
1830,3819,,
1682,3820,,
3029,3821,,
263,3822,,
263,3823,,
3063,3824,,
2750,3825,,
481,3826,,
3063,3827,,
2497,3828,,
2497,3829,,
1817,3830,,
583,3831,,
2143,3832,,
494,3833,,
848,3834,,
954,3835,,
41,3836,,
3076,3837,,
3010,3838,,
3077,3839,,
130,3840,,
3078,3841,,
53,3842,,
2795,3843,,
1682,3844,,
1392,3845,,
971,3846,,
848,3847,,
81,3848,,
1755,3849,,
1384,3850,,
1755,3851,,
1755,3852,,
1755,3853,,
1755,3854,,
2497,3855,,
2497,3856,,
2556,3857,,
3060,3858,,
1828,3859,,
2683,3860,,
2683,3861,,
1411,3862,,
3062,3863,,
3062,3864,,
3062,3865,,
3062,3866,,
3062,3867,,
3062,3868,,
3062,3869,,
3062,3870,,
2633,3871,,
2633,3872,,
1115,3873,,
347,3874,,
2682,3875,,
1807,3876,,
2445,3877,,
2336,3878,,
2845,3879,,
3519,3880,,
2566,3881,,
2497,3882,,
3519,3883,,
3087,3884,,
2721,3885,,
3087,3886,,
3087,3887,,
2885,3888,,
2054,3889,,
9,3890,,
1096,3891,,
1476,3892,,
1,3893,,
1,3894,,
1,3895,,
1417,3896,,
1966,3897,,
2586,3898,,
1674,3899,,
263,3900,,
2063,3901,,
2063,3902,,
3091,3903,,
3091,3904,,
3091,3905,,
2718,3906,,
193,3907,,
2804,3908,,
3092,3909,,
3092,3910,,
3092,3911,,
3085,3912,,
3092,3913,,
3094,3914,,
2090,3915,,
3095,3916,,
1741,3917,,
2962,3918,,
3096,3919,,
2038,3920,,
2350,3921,,
2275,3922,,
2275,3923,,
2275,3924,,
2275,3925,,
1633,3926,,
4066,3927,,
210,3928,,
583,3929,,
3099,3930,,
3098,3931,,
676,3932,,
1741,3933,,
3098,3934,,
1038,3935,,
2026,3936,,
2196,3937,,
2698,3938,,
3104,3939,,
1894,3940,,
1741,3941,,
1741,3942,,
394,3943,,
978,3944,,
59,3945,,
135,3946,,
4066,3947,,
3105,3948,,
3106,3949,,
1925,3950,,
342,3951,,
3094,3952,,
193,3953,,
2953,3954,,
2710,3955,,
4066,3956,,
1925,3957,,
993,3958,,
2828,3959,,
613,3960,,
187,3961,,
310,3962,,
699,3963,,
1755,3964,,
1755,3965,,
1755,3966,,
1755,3967,,
1755,3968,,
3094,3969,,
583,3970,,
3110,3971,,
3094,3972,,
3094,3973,,
3094,3974,,
385,3975,,
583,3976,,
3094,3977,,
3115,3978,,
3116,3979,,
263,3980,,
1741,3981,,
3115,3982,,
1984,3983,,
3119,3984,,
2719,3985,,
2719,3986,,
2719,3987,,
2025,3988,,
2025,3989,,
2025,3990,,
2025,3991,,
1372,3992,,
1372,3993,,
1626,3994,,
1372,3995,,
1372,3996,,
53,3997,,
1762,3998,,
3122,3999,,
1253,4000,,
3124,4001,,
3122,4002,,
1014,4003,,
1953,4004,,
3126,4005,,
3127,4006,,
2399,4007,,
3122,4008,,
3122,4009,,
3125,4010,,
3128,4011,,
3128,4012,,
3077,4013,,
3101,4014,,
3130,4015,,
3130,4016,,
3130,4017,,
3128,4018,,
3128,4019,,
3125,4020,,
3125,4021,,
3129,4022,,
3129,4023,,
3129,4024,,
3129,4025,,
3126,4026,,
3126,4027,,
3126,4028,,
3126,4029,,
1805,4030,,
1805,4031,,
2765,4032,,
2388,4033,,
2162,4034,,
1045,4035,,
1268,4036,,
1741,4037,,
1268,4038,,
2875,4039,,
3138,4040,,
2976,4041,,
3139,4042,,
3135,4043,,
2784,4044,,
3137,4045,,
1268,4046,,
1268,4047,,
3138,4048,,
2422,4049,,
445,4050,,
3134,4051,,
3136,4052,,
2676,4053,,
2993,4054,,
3133,4055,,
1834,4056,,
2823,4057,,
162,4058,,
1268,4059,,
1268,4060,,
3141,4061,,
2276,4062,,
1658,4063,,
1252,4064,,
229,4065,,
3084,4066,,
2630,4067,,
3131,4068,,
1919,4069,,
162,4070,,
3147,4071,,
3147,4072,,
3147,4073,,
3147,4074,,
3147,4075,,
190,4076,,
2811,4077,,
2357,4078,,
22,4079,,
2357,4080,,
785,4081,,
162,4082,,
31,4083,,
3150,4084,,
3139,4085,,
596,4086,,
1830,4087,,
645,4088,,
1437,4089,,
1444,4090,,
456,4091,,
456,4092,,
456,4093,,
179,4094,,
2015,4095,,
2761,4096,,
2761,4097,,
2761,4098,,
2170,4099,,
1221,4100,,
2999,4101,,
104,4102,,
3154,4103,,
3034,4104,,
3081,4105,,
3155,4106,,
1105,4107,,
932,4108,,
583,4109,,
1521,4110,,
3159,4111,,
3160,4112,,
649,4113,,
3161,4114,,
932,4115,,
871,4116,,
1762,4117,,
2426,4118,,
3162,4119,,
3162,4120,,
2141,4121,,
3163,4122,,
1359,4123,,
3163,4124,,
3163,4125,,
2864,4126,,
3164,4127,,
3164,4128,,
3165,4129,,
3148,4130,,
1310,4131,,
1762,4132,,
1497,4133,,
3166,4134,,
3168,4135,,
1103,4136,,
583,4137,,
3170,4138,,
691,4139,,
370,4140,,
3170,4141,,
107,4142,,
3170,4143,,
3170,4144,,
3171,4145,,
1372,4146,,
1372,4147,,
1372,4148,,
1372,4149,,
1372,4150,,
3170,4151,,
1372,4152,,
3172,4153,,
1762,4154,,
3174,4155,,
2765,4156,,
3173,4157,,
2615,4158,,
2422,4159,,
1594,4160,,
2156,4161,,
3041,4162,,
3154,4163,,
639,4164,,
639,4165,,
3165,4166,,
3165,4167,,
3165,4168,,
639,4169,,
3173,4170,,
853,4171,,
3083,4172,,
3083,4173,,
1198,4174,,
3176,4175,,
1040,4176,,
2863,4177,,
427,4178,,
2718,4179,,
373,4180,,
2004,4181,,
1025,4182,,
3173,4183,,
3173,4184,,
3173,4185,,
3173,4186,,
77,4187,,
3173,4188,,
3173,4189,,
3178,4190,,
265,4191,,
3179,4192,,
3169,4193,,
3169,4194,,
3169,4195,,
3169,4196,,
553,4197,,
3182,4198,,
1443,4199,,
3169,4200,,
3089,4201,,
3183,4202,,
2550,4203,,
2606,4204,,
3186,4205,,
3121,4206,,
162,4207,,
162,4208,,
3185,4209,,
3185,4210,,
3185,4211,,
3185,4212,,
3185,4213,,
3185,4214,,
162,4215,,
367,4216,,
3138,4217,,
970,4218,,
3188,4219,,
1755,4220,,
1755,4221,,
2160,4222,,
770,4223,,
1755,4224,,
1755,4225,,
1755,4226,,
1755,4227,,
1755,4228,,
1755,4229,,
1755,4230,,
373,4231,,
3192,4232,,
2561,4233,,
188,4234,,
3089,4235,,
990,4236,,
3077,4237,,
3194,4238,,
1762,4239,,
2269,4240,,
3168,4241,,
3168,4242,,
3041,4243,,
2765,4244,,
776,4245,,
162,4246,,
2562,4247,,
1446,4248,,
2562,4249,,
1946,4250,,
1946,4251,,
1946,4252,,
1946,4253,,
1946,4254,,
1946,4255,,
2335,4256,,
3198,4257,,
414,4258,,
770,4259,,
770,4260,,
101,4261,,
2679,4262,,
3197,4263,,
3197,4264,,
3197,4265,,
1762,4266,,
3200,4267,,
2887,4268,,
2199,4269,,
3169,4270,,
3169,4271,,
3169,4272,,
583,4273,,
985,4274,,
2941,4275,,
1700,4276,,
3202,4277,,
2538,4278,,
3203,4279,,
1989,4280,,
3177,4281,,
3177,4282,,
3206,4283,,
2141,4284,,
2314,4285,,
1732,4286,,
2663,4287,,
3102,4288,,
1212,4289,,
582,4290,,
31,4291,,
3169,4292,,
3169,4293,,
3169,4294,,
3169,4295,,
3185,4296,,
3209,4297,,
700,4298,,
3140,4299,,
3069,4300,,
3212,4301,,
961,4302,,
3213,4303,,
3213,4304,,
456,4305,,
2261,4306,,
53,4307,,
1280,4308,,
1643,4309,,
3214,4310,,
881,4311,,
246,4312,,
3030,4313,,
3216,4314,,
479,4315,,
479,4316,,
479,4317,,
479,4318,,
2934,4319,,
2934,4320,,
1981,4321,,
147,4322,,
1830,4323,,
1830,4324,,
3217,4325,,
2683,4326,,
1694,4327,,
277,4328,,
3145,4329,,
31,4330,,
1585,4331,,
2560,4332,,
1741,4333,,
840,4334,,
2339,4335,,
2086,4336,,
605,4337,,
1007,4338,,
1007,4339,,
3220,4340,,
3220,4341,,
3220,4342,,
3220,4343,,
3220,4344,,
3220,4345,,
2326,4346,,
147,4347,,
147,4348,,
497,4349,,
1282,4350,,
919,4351,,
3213,4352,,
3196,4353,,
3221,4354,,
2894,4355,,
2025,4356,,
2025,4357,,
2025,4358,,
3226,4359,,
2462,4360,,
1843,4361,,
3225,4362,,
3169,4363,,
910,4364,,
1166,4365,,
2311,4366,,
2961,4367,,
3227,4368,,
671,4369,,
3228,4370,,
2518,4371,,
2518,4372,,
263,4373,,
200,4374,,
685,4375,,
2790,4376,,
2491,4377,,
1837,4378,,
3029,4379,,
2939,4380,,
2767,4381,,
953,4382,,
605,4383,,
1682,4384,,
2967,4385,,
2967,4386,,
2967,4387,,
1557,4388,,
2812,4389,,
882,4390,,
3234,4391,,
3068,4392,,
2261,4393,,
1025,4394,,
373,4395,,
2805,4396,,
3236,4397,,
3237,4398,,
1951,4399,,
147,4400,,
1882,4401,,
1808,4402,,
2218,4403,,
2971,4404,,
1270,4405,,
3169,4406,,
3169,4407,,
1762,4408,,
252,4409,,
3239,4410,,
2879,4411,,
2113,4412,,
1654,4413,,
2795,4414,,
3232,4415,,
3232,4416,,
3233,4417,,
53,4418,,
503,4419,,
214,4420,,
1414,4421,,
3068,4422,,
1915,4423,,
1097,4424,,
757,4425,,
1915,4426,,
2509,4427,,
479,4428,,
3240,4429,,
178,4430,,
1915,4431,,
3244,4432,,
229,4433,,
229,4434,,
852,4435,,
1484,4436,,
2106,4437,,
479,4438,,
3222,4439,,
3222,4440,,
3222,4441,,
3222,4442,,
3222,4443,,
3222,4444,,
3245,4445,,
3246,4446,,
3246,4447,,
3247,4448,,
3196,4449,,
2695,4450,,
624,4451,,
624,4452,,
3249,4453,,
232,4454,,
3211,4455,,
1762,4456,,
2062,4457,,
3063,4458,,
2167,4459,,
2157,4460,,
31,4461,,
3254,4462,,
3090,4463,,
2225,4464,,
162,4465,,
3169,4466,,
3244,4467,,
1578,4468,,
1578,4469,,
1578,4470,,
1578,4471,,
3257,4472,,
31,4473,,
1627,4474,,
3173,4475,,
3173,4476,,
31,4477,,
31,4478,,
1208,4479,,
3169,4480,,
1011,4481,,
2319,4482,,
3132,4483,,
1087,4484,,
1730,4485,,
3169,4486,,
3001,4487,,
3169,4488,,
3001,4489,,
98,4490,,
2302,4491,,
162,4492,,
1809,4493,,
3267,4494,,
2083,4495,,
31,4496,,
359,4497,,
3169,4498,,
1932,4499,,
3159,4500,,
1243,4501,,
3269,4502,,
3,4503,,
37,4504,,
2927,4505,,
3169,4506,,
3169,4507,,
105,4508,,
2718,4509,,
3270,4510,,
1771,4511,,
2027,4512,,
1771,4513,,
1741,4514,,
3273,4515,,
1755,4516,,
1755,4517,,
1755,4518,,
2357,4519,,
2019,4520,,
1781,4521,,
694,4522,,
370,4523,,
3273,4524,,
3273,4525,,
147,4526,,
3274,4527,,
1755,4528,,
1755,4529,,
1755,4530,,
1755,4531,,
2565,4532,,
3169,4533,,
3169,4534,,
479,4535,,
3261,4536,,
890,4537,,
2870,4538,,
3273,4539,,
3273,4540,,
3273,4541,,
3273,4542,,
3273,4543,,
4066,4544,,
3169,4545,,
1438,4546,,
2033,4547,,
3169,4548,,
3169,4549,,
162,4550,,
458,4551,,
2713,4552,,
3266,4553,,
3172,4554,,
3277,4555,,
3172,4556,,
3169,4557,,
149,4558,,
3279,4559,,
3169,4560,,
3250,4561,,
3280,4562,,
3275,4563,,
3275,4564,,
3275,4565,,
1460,4566,,
3281,4567,,
3131,4568,,
3131,4569,,
3253,4570,,
3259,4571,,
3057,4572,,
3186,4573,,
3169,4574,,
3169,4575,,
3244,4576,,
3284,4577,,
162,4578,,
162,4579,,
1885,4580,,
1828,4581,,
3285,4582,,
1778,4583,,
3283,4584,,
503,4585,,
162,4586,,
162,4587,,
162,4588,,
945,4589,,
1495,4590,,
3289,4591,,
3289,4592,,
3289,4593,,
3289,4594,,
3289,4595,,
3289,4596,,
162,4597,,
3292,4598,,
1868,4599,,
3276,4600,,
64,4601,,
3293,4602,,
162,4603,,
1762,4604,,
3297,4605,,
3188,4606,,
3188,4607,,
3188,4608,,
162,4609,,
2970,4610,,
162,4611,,
3300,4612,,
162,4613,,
162,4614,,
162,4615,,
162,4616,,
1735,4617,,
3301,4618,,
3304,4619,,
3233,4620,,
3188,4621,,
162,4622,,
3305,4623,,
164,4624,,
961,4625,,
3306,4626,,
3307,4627,,
162,4628,,
3290,4629,,
162,4630,,
1901,4631,,
3132,4632,,
660,4633,,
1007,4634,,
3312,4635,,
3169,4636,,
3275,4637,,
3275,4638,,
601,4639,,
3169,4640,,
3313,4641,,
3253,4642,,
3253,4643,,
3253,4644,,
3253,4645,,
2129,4646,,
1317,4647,,
3154,4648,,
2210,4649,,
311,4650,,
1846,4651,,
2078,4652,,
252,4653,,
311,4654,,
3169,4655,,
162,4656,,
162,4657,,
2685,4658,,
162,4659,,
2069,4660,,
1704,4661,,
3317,4662,,
3314,4663,,
3294,4664,,
3294,4665,,
3294,4666,,
2818,4667,,
162,4668,,
2352,4669,,
583,4670,,
934,4671,,
503,4672,,
503,4673,,
503,4674,,
503,4675,,
503,4676,,
2129,4677,,
2129,4678,,
3235,4679,,
3235,4680,,
3235,4681,,
3063,4682,,
2818,4683,,
394,4684,,
311,4685,,
3291,4686,,
170,4687,,
3320,4688,,
3321,4689,,
162,4690,,
404,4691,,
3169,4692,,
2996,4693,,
2996,4694,,
3303,4695,,
3303,4696,,
3303,4697,,
3303,4698,,
3256,4699,,
3028,4700,,
3169,4701,,
7,4702,,
1741,4703,,
162,4704,,
162,4705,,
3326,4706,,
3326,4707,,
503,4708,,
503,4709,,
503,4710,,
503,4711,,
3169,4712,,
3064,4713,,
3328,4714,,
162,4715,,
3195,4716,,
3223,4717,,
162,4718,,
3084,4719,,
162,4720,,
1296,4721,,
3051,4722,,
3051,4723,,
162,4724,,
162,4725,,
3332,4726,,
2719,4727,,
3008,4728,,
162,4729,,
583,4730,,
994,4731,,
699,4732,,
503,4733,,
503,4734,,
503,4735,,
2744,4736,,
2556,4737,,
3333,4738,,
2249,4739,,
311,4740,,
3335,4741,,
3336,4742,,
41,4743,,
2608,4744,,
28,4745,,
3091,4746,,
811,4747,,
3341,4748,,
3342,4749,,
2767,4750,,
3343,4751,,
1593,4752,,
162,4753,,
3188,4754,,
2436,4755,,
162,4756,,
1735,4757,,
503,4758,,
1291,4759,,
2524,4760,,
64,4761,,
2989,4762,,
64,4763,,
1882,4764,,
3338,4765,,
162,4766,,
162,4767,,
2608,4768,,
2079,4769,,
2608,4770,,
2460,4771,,
1925,4772,,
2789,4773,,
1629,4774,,
1226,4775,,
2765,4776,,
3309,4777,,
889,4778,,
3138,4779,,
2965,4780,,
161,4781,,
1682,4782,,
3351,4783,,
547,4784,,
1810,4785,,
3285,4786,,
2671,4787,,
503,4788,,
1741,4789,,
3354,4790,,
77,4791,,
2907,4792,,
284,4793,,
1990,4794,,
3063,4795,,
2723,4796,,
1559,4797,,
1559,4798,,
1559,4799,,
1559,4800,,
1559,4801,,
2812,4802,,
3233,4803,,
1762,4804,,
2715,4805,,
133,4806,,
162,4807,,
13,4808,,
3197,4809,,
3353,4810,,
252,4811,,
1478,4812,,
1530,4813,,
538,4814,,
822,4815,,
3358,4816,,
155,4817,,
3358,4818,,
1,4819,,
2020,4820,,
3360,4821,,
2028,4822,,
3361,4823,,
2934,4824,,
3361,4825,,
3361,4826,,
2686,4827,,
3362,4828,,
2905,4829,,
42,4830,,
42,4831,,
2585,4832,,
1682,4833,,
2687,4834,,
252,4835,,
1493,4836,,
3366,4837,,
2934,4838,,
1682,4839,,
2085,4840,,
2465,4841,,
245,4842,,
1223,4843,,
960,4844,,
162,4845,,
3371,4846,,
363,4847,,
3372,4848,,
3372,4849,,
3372,4850,,
3372,4851,,
3372,4852,,
3372,4853,,
503,4854,,
3359,4855,,
1682,4856,,
133,4857,,
1830,4858,,
3371,4859,,
3360,4860,,
3030,4861,,
3030,4862,,
31,4863,,
3030,4864,,
3030,4865,,
3376,4866,,
1175,4867,,
1682,4868,,
3373,4869,,
162,4870,,
1737,4871,,
3329,4872,,
583,4873,,
1514,4874,,
3376,4875,,
3285,4876,,
160,4877,,
252,4878,,
1682,4879,,
2145,4880,,
2933,4881,,
3278,4882,,
3380,4883,,
3349,4884,,
3349,4885,,
3349,4886,,
3349,4887,,
3349,4888,,
3349,4889,,
31,4890,,
3349,4891,,
3349,4892,,
3349,4893,,
38,4894,,
3349,4895,,
3349,4896,,
3349,4897,,
695,4898,,
107,4899,,
3066,4900,,
31,4901,,
1682,4902,,
3629,4903,,
3268,4904,,
3169,4905,,
3345,4906,,
3374,4907,,
4334,4908,,
1682,4909,,
1682,4910,,
1518,4911,,
1518,4912,,
2040,4913,,
1518,4914,,
3051,4915,,
3051,4916,,
3051,4917,,
3346,4918,,
3050,4919,,
3278,4920,,
1682,4921,,
3302,4922,,
3385,4923,,
3169,4924,,
25,4925,,
3169,4926,,
3242,4927,,
3169,4928,,
3169,4929,,
3169,4930,,
3092,4931,,
206,4932,,
206,4933,,
1682,4934,,
1682,4935,,
206,4936,,
3377,4937,,
2994,4938,,
2540,4939,,
2145,4940,,
3188,4941,,
1127,4942,,
3188,4943,,
3188,4944,,
3188,4945,,
1011,4946,,
229,4947,,
3387,4948,,
3387,4949,,
3387,4950,,
3387,4951,,
3387,4952,,
593,4953,,
593,4954,,
2033,4955,,
3325,4956,,
2390,4957,,
3169,4958,,
206,4959,,
206,4960,,
206,4961,,
3169,4962,,
3169,4963,,
3361,4964,,
2960,4965,,
3015,4966,,
3361,4967,,
1619,4968,,
3361,4969,,
2795,4970,,
206,4971,,
206,4972,,
2777,4973,,
3169,4974,,
3169,4975,,
1684,4976,,
3361,4977,,
3264,4978,,
636,4979,,
683,4980,,
683,4981,,
2938,4982,,
1263,4983,,
1263,4984,,
2104,4985,,
147,4986,,
970,4987,,
608,4988,,
379,4989,,
3386,4990,,
3386,4991,,
3386,4992,,
3386,4993,,
3386,4994,,
3386,4995,,
3386,4996,,
53,4997,,
311,4998,,
1251,4999,,
2512,5000,,
557,5001,,
3395,5002,,
206,5003,,
3169,5004,,
3242,5005,,
155,5006,,
2324,5007,,
3219,5008,,
3361,5009,,
811,5010,,
206,5011,,
731,5012,,
2591,5013,,
3219,5014,,
3399,5015,,
2945,5016,,
1349,5017,,
3396,5018,,
624,5019,,
374,5020,,
439,5021,,
2461,5022,,
2814,5023,,
2814,5024,,
2814,5025,,
863,5026,,
1477,5027,,
3097,5028,,
2249,5029,,
888,5030,,
3080,5031,,
3264,5032,,
2842,5033,,
2240,5034,,
3405,5035,,
503,5036,,
503,5037,,
503,5038,,
503,5039,,
503,5040,,
503,5041,,
503,5042,,
503,5043,,
503,5044,,
503,5045,,
2609,5046,,
1351,5047,,
3406,5048,,
45,5049,,
1913,5050,,
206,5051,,
3408,5052,,
2718,5053,,
2160,5054,,
3409,5055,,
3264,5056,,
3408,5057,,
3408,5058,,
3408,5059,,
2142,5060,,
428,5061,,
279,5062,,
1173,5063,,
1296,5064,,
3876,5065,,
3212,5066,,
155,5067,,
2321,5068,,
3519,5069,,
428,5070,,
2497,5071,,
2497,5072,,
31,5073,,
2549,5074,,
3080,5075,,
2143,5076,,
954,5077,,
1462,5078,,
241,5079,,
1693,5080,,
1693,5081,,
3403,5082,,
3041,5083,,
1693,5084,,
1693,5085,,
1693,5086,,
1693,5087,,
1693,5088,,
1693,5089,,
3390,5090,,
1769,5091,,
1693,5092,,
1693,5093,,
1693,5094,,
1693,5095,,
3415,5096,,
990,5097,,
1693,5098,,
1693,5099,,
1693,5100,,
3302,5101,,
1247,5102,,
3419,5103,,
3286,5104,,
3169,5105,,
3361,5106,,
1693,5107,,
3418,5108,,
3421,5109,,
2901,5110,,
101,5111,,
3392,5112,,
2553,5113,,
3277,5114,,
2893,5115,,
2473,5116,,
1802,5117,,
3154,5118,,
3154,5119,,
3424,5120,,
1186,5121,,
3397,5122,,
3084,5123,,
3084,5124,,
2322,5125,,
3154,5126,,
3154,5127,,
3154,5128,,
3154,5129,,
3154,5130,,
3154,5131,,
3154,5132,,
115,5133,,
2972,5134,,
152,5135,,
2795,5136,,
2795,5137,,
3094,5138,,
1392,5139,,
2816,5140,,
1392,5141,,
2451,5142,,
3094,5143,,
2719,5144,,
2386,5145,,
2386,5146,,
2386,5147,,
2386,5148,,
2386,5149,,
2386,5150,,
2386,5151,,
2386,5152,,
2386,5153,,
2386,5154,,
2386,5155,,
1438,5156,,
3027,5157,,
1460,5158,,
3427,5159,,
2547,5160,,
1461,5161,,
227,5162,,
3063,5163,,
1693,5164,,
1693,5165,,
1693,5166,,
1693,5167,,
3428,5168,,
3397,5169,,
3223,5170,,
3379,5171,,
3427,5172,,
710,5173,,
3427,5174,,
3427,5175,,
3427,5176,,
3427,5177,,
3427,5178,,
3431,5179,,
3169,5180,,
3169,5181,,
3432,5182,,
1851,5183,,
3432,5184,,
3432,5185,,
3432,5186,,
3432,5187,,
3432,5188,,
636,5189,,
3519,5190,,
2547,5191,,
2547,5192,,
3169,5193,,
3633,5194,,
3633,5195,,
3633,5196,,
3633,5197,,
3633,5198,,
3633,5199,,
3633,5200,,
3633,5201,,
3633,5202,,
3633,5203,,
3633,5204,,
3633,5205,,
3201,5206,,
31,5207,,
151,5208,,
31,5209,,
31,5210,,
31,5211,,
31,5212,,
31,5213,,
31,5214,,
31,5215,,
31,5216,,
2844,5217,,
2844,5218,,
3169,5219,,
2576,5220,,
3169,5221,,
3023,5222,,
2366,5223,,
3056,5224,,
3056,5225,,
583,5226,,
3232,5227,,
3056,5228,,
3056,5229,,
3056,5230,,
3056,5231,,
3056,5232,,
3056,5233,,
3232,5234,,
2366,5235,,
3169,5236,,
3169,5237,,
3169,5238,,
3169,5239,,
31,5240,,
31,5241,,
31,5242,,
2275,5243,,
2275,5244,,
3424,5245,,
3402,5246,,
31,5247,,
1338,5248,,
3169,5249,,
3169,5250,,
3169,5251,,
2702,5252,,
3434,5253,,
280,5254,,
363,5255,,
1609,5256,,
3063,5257,,
3435,5258,,
3435,5259,,
1293,5260,,
3435,5261,,
3435,5262,,
3435,5263,,
3435,5264,,
373,5265,,
3379,5266,,
3439,5267,,
2366,5268,,
3343,5269,,
2966,5270,,
1402,5271,,
3169,5272,,
2145,5273,,
3169,5274,,
3466,5275,,
1795,5276,,
848,5277,,
3397,5278,,
2844,5279,,
1149,5280,,
3441,5281,,
3441,5282,,
3441,5283,,
3441,5284,,
3441,5285,,
3169,5286,,
3343,5287,,
3429,5288,,
1830,5289,,
3429,5290,,
954,5291,,
1830,5292,,
3437,5293,,
2106,5294,,
1830,5295,,
3295,5296,,
3295,5297,,
3295,5298,,
3295,5299,,
3295,5300,,
3295,5301,,
3295,5302,,
3397,5303,,
3169,5304,,
3294,5305,,
2812,5306,,
2812,5307,,
3448,5308,,
3295,5309,,
42,5310,,
3295,5311,,
3295,5312,,
3295,5313,,
3295,5314,,
3295,5315,,
3270,5316,,
42,5317,,
613,5318,,
3449,5319,,
613,5320,,
613,5321,,
613,5322,,
613,5323,,
613,5324,,
613,5325,,
613,5326,,
613,5327,,
613,5328,,
613,5329,,
613,5330,,
613,5331,,
613,5332,,
613,5333,,
613,5334,,
613,5335,,
613,5336,,
613,5337,,
613,5338,,
2795,5339,,
2702,5340,,
613,5341,,
2795,5342,,
3449,5343,,
597,5344,,
1163,5345,,
2702,5346,,
2702,5347,,
473,5348,,
613,5349,,
613,5350,,
613,5351,,
613,5352,,
613,5353,,
613,5354,,
613,5355,,
613,5356,,
3169,5357,,
3437,5358,,
3429,5359,,
359,5360,,
3295,5361,,
3295,5362,,
3397,5363,,
3397,5364,,
3169,5365,,
1438,5366,,
3063,5367,,
3435,5368,,
3397,5369,,
3435,5370,,
3435,5371,,
3435,5372,,
3435,5373,,
3445,5374,,
3001,5375,,
3397,5376,,
3447,5377,,
31,5378,,
3447,5379,,
3447,5380,,
467,5381,,
467,5382,,
467,5383,,
467,5384,,
467,5385,,
467,5386,,
467,5387,,
467,5388,,
467,5389,,
2683,5390,,
2683,5391,,
3397,5392,,
1741,5393,,
3063,5394,,
3063,5395,,
613,5396,,
1925,5397,,
3397,5398,,
1925,5399,,
776,5400,,
3169,5401,,
39,5402,,
41,5403,,
614,5404,,
3169,5405,,
98,5406,,
1,5407,,
1879,5408,,
3397,5409,,
3368,5410,,
3397,5411,,
3169,5412,,
467,5413,,
467,5414,,
3169,5415,,
263,5416,,
2608,5417,,
3243,5418,,
3169,5419,,
3169,5420,,
3456,5421,,
412,5422,,
3457,5423,,
3169,5424,,
547,5425,,
3169,5426,,
3397,5427,,
2683,5428,,
3404,5429,,
127,5430,,
3169,5431,,
3169,5432,,
3459,5433,,
3435,5434,,
3435,5435,,
3435,5436,,
3094,5437,,
3453,5438,,
3094,5439,,
3453,5440,,
3113,5441,,
3435,5442,,
2300,5443,,
1389,5444,,
2116,5445,,
636,5446,,
636,5447,,
3343,5448,,
3397,5449,,
3444,5450,,
394,5451,,
394,5452,,
394,5453,,
3414,5454,,
2787,5455,,
3343,5456,,
547,5457,,
3058,5458,,
2133,5459,,
3058,5460,,
3463,5461,,
3397,5462,,
2795,5463,,
3169,5464,,
3464,5465,,
2999,5466,,
272,5467,,
2035,5468,,
3369,5469,,
2576,5470,,
438,5471,,
2999,5472,,
3465,5473,,
3369,5474,,
1693,5475,,
3169,5476,,
2194,5477,,
3468,5478,,
3445,5479,,
3693,5480,,
3451,5481,,
3469,5482,,
3165,5483,,
1741,5484,,
2921,5485,,
1460,5486,,
2787,5487,,
3465,5488,,
3397,5489,,
3471,5490,,
1886,5491,,
3397,5492,,
121,5493,,
2597,5494,,
2597,5495,,
3397,5496,,
3397,5497,,
1106,5498,,
3465,5499,,
2493,5500,,
2493,5501,,
4195,5502,,
3451,5503,,
660,5504,,
1149,5505,,
3464,5506,,
3444,5507,,
3468,5508,,
3468,5509,,
783,5510,,
3469,5511,,
1697,5512,,
1680,5513,,
384,5514,,
2322,5515,,
3477,5516,,
2795,5517,,
1099,5518,,
3093,5519,,
2322,5520,,
1007,5521,,
660,5522,,
768,5523,,
3479,5524,,
3397,5525,,
3397,5526,,
3397,5527,,
1329,5528,,
1461,5529,,
2456,5530,,
1805,5531,,
39,5532,,
3469,5533,,
3397,5534,,
31,5535,,
583,5536,,
1184,5537,,
2249,5538,,
2106,5539,,
3485,5540,,
467,5541,,
3233,5542,,
2879,5543,,
2879,5544,,
3218,5545,,
2839,5546,,
266,5547,,
2255,5548,,
3397,5549,,
3165,5550,,
2322,5551,,
3296,5552,,
3056,5553,,
3410,5554,,
1793,5555,,
3469,5556,,
1793,5557,,
160,5558,,
3349,5559,,
2823,5560,,
1460,5561,,
3093,5562,,
3093,5563,,
3491,5564,,
2047,5565,,
3490,5566,,
3388,5567,,
3495,5568,,
3495,5569,,
2767,5570,,
3408,5571,,
3465,5572,,
2753,5573,,
547,5574,,
2493,5575,,
2493,5576,,
2493,5577,,
2493,5578,,
2493,5579,,
2493,5580,,
2532,5581,,
871,5582,,
2719,5583,,
2999,5584,,
1925,5585,,
3388,5586,,
3410,5587,,
3495,5588,,
467,5589,,
467,5590,,
467,5591,,
109,5592,,
1025,5593,,
2718,5594,,
373,5595,,
1569,5596,,
3495,5597,,
3495,5598,,
3495,5599,,
2160,5600,,
3496,5601,,
3496,5602,,
3496,5603,,
3496,5604,,
3496,5605,,
3496,5606,,
3496,5607,,
3358,5608,,
3358,5609,,
3490,5610,,
3490,5611,,
471,5612,,
3270,5613,,
3499,5614,,
3397,5615,,
3498,5616,,
2719,5617,,
2783,5618,,
2783,5619,,
2783,5620,,
467,5621,,
3501,5622,,
3397,5623,,
3397,5624,,
503,5625,,
503,5626,,
503,5627,,
503,5628,,
954,5629,,
3170,5630,,
835,5631,,
835,5632,,
835,5633,,
835,5634,,
31,5635,,
31,5636,,
31,5637,,
3084,5638,,
47,5639,,
3188,5640,,
394,5641,,
3445,5642,,
3445,5643,,
3504,5644,,
3504,5645,,
3504,5646,,
1345,5647,,
954,5648,,
1693,5649,,
1696,5650,,
503,5651,,
564,5652,,
3410,5653,,
2645,5654,,
3506,5655,,
2191,5656,,
960,5657,,
3507,5658,,
23,5659,,
23,5660,,
3388,5661,,
3388,5662,,
3388,5663,,
2274,5664,,
3046,5665,,
3046,5666,,
3046,5667,,
835,5668,,
835,5669,,
1384,5670,,
835,5671,,
23,5672,,
849,5673,,
1898,5674,,
210,5675,,
503,5676,,
881,5677,,
3510,5678,,
3510,5679,,
3510,5680,,
2651,5681,,
414,5682,,
3511,5683,,
3511,5684,,
3511,5685,,
3511,5686,,
398,5687,,
3402,5688,,
3512,5689,,
2795,5690,,
3512,5691,,
1995,5692,,
428,5693,,
3512,5694,,
3512,5695,,
3512,5696,,
3512,5697,,
3322,5698,,
346,5699,,
1949,5700,,
3515,5701,,
342,5702,,
2430,5703,,
3397,5704,,
233,5705,,
2715,5706,,
3093,5707,,
1461,5708,,
3084,5709,,
210,5710,,
1898,5711,,
1898,5712,,
2503,5713,,
3397,5714,,
624,5715,,
3091,5716,,
4334,5717,,
3445,5718,,
2078,5719,,
3397,5720,,
649,5721,,
1274,5722,,
1460,5723,,
2080,5724,,
1741,5725,,
53,5726,,
3397,5727,,
3397,5728,,
2470,5729,,
2719,5730,,
945,5731,,
152,5732,,
3070,5733,,
263,5734,,
2696,5735,,
141,5736,,
1925,5737,,
3521,5738,,
2901,5739,,
3355,5740,,
2308,5741,,
2795,5742,,
1322,5743,,
1551,5744,,
3397,5745,,
3397,5746,,
3397,5747,,
3397,5748,,
503,5749,,
503,5750,,
503,5751,,
503,5752,,
503,5753,,
2851,5754,,
1500,5755,,
437,5756,,
2449,5757,,
1535,5758,,
783,5759,,
96,5760,,
2818,5761,,
1557,5762,,
3086,5763,,
183,5764,,
1023,5765,,
1023,5766,,
3429,5767,,
2309,5768,,
313,5769,,
31,5770,,
3397,5771,,
3397,5772,,
183,5773,,
2390,5774,,
3092,5775,,
3521,5776,,
3030,5777,,
1799,5778,,
2959,5779,,
3397,5780,,
583,5781,,
1135,5782,,
2715,5783,,
3445,5784,,
3397,5785,,
149,5786,,
3524,5787,,
3524,5788,,
1322,5789,,
3070,5790,,
3169,5791,,
1343,5792,,
2172,5793,,
547,5794,,
3526,5795,,
3528,5796,,
579,5797,,
41,5798,,
31,5799,,
3016,5800,,
206,5801,,
3319,5802,,
263,5803,,
1460,5804,,
3397,5805,,
3539,5806,,
3534,5807,,
3534,5808,,
3534,5809,,
3534,5810,,
2950,5811,,
3541,5812,,
3535,5813,,
3541,5814,,
2950,5815,,
3541,5816,,
3541,5817,,
3541,5818,,
3397,5819,,
3536,5820,,
3536,5821,,
3536,5822,,
3536,5823,,
3539,5824,,
3539,5825,,
3539,5826,,
3539,5827,,
3539,5828,,
3539,5829,,
10,5830,,
4334,5831,,
241,5832,,
3542,5833,,
3542,5834,,
3542,5835,,
3535,5836,,
3535,5837,,
3535,5838,,
3537,5839,,
3397,5840,,
3533,5841,,
3533,5842,,
3533,5843,,
3525,5844,,
3525,5845,,
3525,5846,,
3543,5847,,
3543,5848,,
103,5849,,
3543,5850,,
3543,5851,,
3543,5852,,
3107,5853,,
271,5854,,
193,5855,,
3424,5856,,
3529,5857,,
3538,5858,,
3531,5859,,
3531,5860,,
3531,5861,,
3540,5862,,
3540,5863,,
3532,5864,,
3532,5865,,
3532,5866,,
3532,5867,,
3397,5868,,
3544,5869,,
3544,5870,,
3544,5871,,
3544,5872,,
3545,5873,,
3545,5874,,
3545,5875,,
3545,5876,,
1032,5877,,
3532,5878,,
503,5879,,
503,5880,,
503,5881,,
503,5882,,
210,5883,,
503,5884,,
140,5885,,
3530,5886,,
3530,5887,,
3530,5888,,
3530,5889,,
3530,5890,,
3530,5891,,
3537,5892,,
3529,5893,,
3549,5894,,
3550,5895,,
1925,5896,,
1644,5897,,
1384,5898,,
123,5899,,
153,5900,,
1327,5901,,
503,5902,,
3496,5903,,
2320,5904,,
3397,5905,,
3496,5906,,
1204,5907,,
3552,5908,,
874,5909,,
2950,5910,,
2950,5911,,
3486,5912,,
1428,5913,,
3556,5914,,
2384,5915,,
103,5916,,
649,5917,,
649,5918,,
503,5919,,
2414,5920,,
3063,5921,,
2950,5922,,
1072,5923,,
3503,5924,,
3233,5925,,
3093,5926,,
503,5927,,
3449,5928,,
3476,5929,,
2696,5930,,
3445,5931,,
3560,5932,,
3220,5933,,
3497,5934,,
162,5935,,
1946,5936,,
2844,5937,,
2844,5938,,
60,5939,,
2860,5940,,
1882,5941,,
1882,5942,,
1882,5943,,
3563,5944,,
3563,5945,,
3563,5946,,
3563,5947,,
3563,5948,,
3563,5949,,
3563,5950,,
2702,5951,,
3351,5952,,
2814,5953,,
3397,5954,,
2893,5955,,
3397,5956,,
3546,5957,,
3566,5958,,
3566,5959,,
3566,5960,,
3566,5961,,
3566,5962,,
13,5963,,
3568,5964,,
3220,5965,,
3397,5966,,
3220,5967,,
3220,5968,,
3220,5969,,
3220,5970,,
3220,5971,,
3220,5972,,
2532,5973,,
2532,5974,,
2532,5975,,
2532,5976,,
3386,5977,,
3570,5978,,
3570,5979,,
3570,5980,,
3570,5981,,
3433,5982,,
3569,5983,,
3569,5984,,
3569,5985,,
3404,5986,,
3404,5987,,
3463,5988,,
3463,5989,,
544,5990,,
544,5991,,
544,5992,,
544,5993,,
3157,5994,,
3157,5995,,
3157,5996,,
3157,5997,,
3157,5998,,
1068,5999,,
167,6000,,
167,6001,,
1855,6002,,
3571,6003,,
3564,6004,,
3343,6005,,
3397,6006,,
167,6007,,
167,6008,,
167,6009,,
167,6010,,
167,6011,,
167,6012,,
167,6013,,
167,6014,,
167,6015,,
167,6016,,
167,6017,,
3539,6018,,
3539,6019,,
167,6020,,
167,6021,,
167,6022,,
167,6023,,
3397,6024,,
167,6025,,
167,6026,,
167,6027,,
167,6028,,
2108,6029,,
167,6030,,
167,6031,,
167,6032,,
167,6033,,
167,6034,,
167,6035,,
167,6036,,
167,6037,,
167,6038,,
167,6039,,
167,6040,,
167,6041,,
3397,6042,,
3375,6043,,
1741,6044,,
1741,6045,,
1741,6046,,
640,6047,,
1741,6048,,
1741,6049,,
1741,6050,,
3546,6051,,
1741,6052,,
3546,6053,,
3546,6054,,
3546,6055,,
1741,6056,,
3572,6057,,
503,6058,,
503,6059,,
1741,6060,,
3572,6061,,
1741,6062,,
3572,6063,,
1741,6064,,
1741,6065,,
3572,6066,,
3572,6067,,
3572,6068,,
1385,6069,,
1741,6070,,
1741,6071,,
167,6072,,
2239,6073,,
167,6074,,
167,6075,,
167,6076,,
167,6077,,
167,6078,,
167,6079,,
1660,6080,,
2859,6081,,
3093,6082,,
96,6083,,
3486,6084,,
342,6085,,
167,6086,,
3582,6087,,
167,6088,,
3572,6089,,
3486,6090,,
2720,6091,,
167,6092,,
167,6093,,
167,6094,,
3456,6095,,
3469,6096,,
401,6097,,
1108,6098,,
2041,6099,,
2160,6100,,
2160,6101,,
2160,6102,,
2160,6103,,
3585,6104,,
3084,6105,,
88,6106,,
3508,6107,,
3388,6108,,
167,6109,,
3388,6110,,
2787,6111,,
167,6112,,
167,6113,,
167,6114,,
167,6115,,
167,6116,,
167,6117,,
3486,6118,,
167,6119,,
167,6120,,
167,6121,,
167,6122,,
167,6123,,
167,6124,,
167,6125,,
167,6126,,
167,6127,,
167,6128,,
167,6129,,
2306,6130,,
3223,6131,,
2160,6132,,
31,6133,,
3543,6134,,
206,6135,,
206,6136,,
220,6137,,
3591,6138,,
3592,6139,,
188,6140,,
3592,6141,,
3445,6142,,
2611,6143,,
3486,6144,,
2999,6145,,
3594,6146,,
3594,6147,,
3876,6148,,
131,6149,,
3397,6150,,
3397,6151,,
3597,6152,,
3597,6153,,
3597,6154,,
3597,6155,,
3597,6156,,
3597,6157,,
3598,6158,,
3598,6159,,
3598,6160,,
3598,6161,,
3599,6162,,
3588,6163,,
3588,6164,,
3588,6165,,
3588,6166,,
3588,6167,,
3588,6168,,
3349,6169,,
3314,6170,,
3594,6171,,
3586,6172,,
3523,6173,,
1741,6174,,
3601,6175,,
3397,6176,,
3397,6177,,
3397,6178,,
3397,6179,,
3397,6180,,
3397,6181,,
3397,6182,,
3397,6183,,
3397,6184,,
3397,6185,,
3397,6186,,
3397,6187,,
3397,6188,,
3397,6189,,
3397,6190,,
3397,6191,,
3397,6192,,
3397,6193,,
3397,6194,,
3397,6195,,
2778,6196,,
2160,6197,,
3463,6198,,
3451,6199,,
3451,6200,,
3594,6201,,
3594,6202,,
3594,6203,,
2979,6204,,
3604,6205,,
3604,6206,,
3604,6207,,
3604,6208,,
3602,6209,,
3602,6210,,
3602,6211,,
3603,6212,,
3603,6213,,
3603,6214,,
1011,6215,,
2986,6216,,
2986,6217,,
673,6218,,
3607,6219,,
2190,6220,,
53,6221,,
53,6222,,
3585,6223,,
456,6224,,
456,6225,,
456,6226,,
3523,6227,,
3523,6228,,
3523,6229,,
2683,6230,,
2683,6231,,
2683,6232,,
2683,6233,,
2683,6234,,
2683,6235,,
150,6236,,
3594,6237,,
1744,6238,,
1741,6239,,
1741,6240,,
384,6241,,
394,6242,,
503,6243,,
503,6244,,
503,6245,,
503,6246,,
503,6247,,
3424,6248,,
3424,6249,,
3424,6250,,
471,6251,,
3397,6252,,
3397,6253,,
132,6254,,
132,6255,,
132,6256,,
394,6257,,
263,6258,,
3612,6259,,
3612,6260,,
3564,6261,,
769,6262,,
1741,6263,,
1741,6264,,
1741,6265,,
3611,6266,,
3611,6267,,
3611,6268,,
3616,6269,,
3397,6270,,
155,6271,,
3397,6272,,
1822,6273,,
3397,6274,,
567,6275,,
2371,6276,,
3294,6277,,
3294,6278,,
3294,6279,,
3617,6280,,
3618,6281,,
3294,6282,,
3617,6283,,
3617,6284,,
3617,6285,,
3617,6286,,
177,6287,,
3296,6288,,
3296,6289,,
3296,6290,,
3296,6291,,
2902,6292,,
3365,6293,,
471,6294,,
3296,6295,,
3296,6296,,
3296,6297,,
3296,6298,,
3296,6299,,
3296,6300,,
3296,6301,,
3296,6302,,
3296,6303,,
3296,6304,,
3296,6305,,
3295,6306,,
3295,6307,,
3295,6308,,
3295,6309,,
3295,6310,,
3295,6311,,
3295,6312,,
2576,6313,,
3620,6314,,
583,6315,,
3621,6316,,
3620,6317,,
3620,6318,,
3023,6319,,
3621,6320,,
3620,6321,,
3621,6322,,
3620,6323,,
995,6324,,
2999,6325,,
3623,6326,,
516,6327,,
113,6328,,
2718,6329,,
3397,6330,,
3622,6331,,
3622,6332,,
3622,6333,,
3622,6334,,
3622,6335,,
3622,6336,,
1039,6337,,
3397,6338,,
2950,6339,,
2950,6340,,
2950,6341,,
2950,6342,,
2950,6343,,
2950,6344,,
1,6345,,
3397,6346,,
2490,6347,,
3876,6348,,
3180,6349,,
3180,6350,,
3180,6351,,
3180,6352,,
3180,6353,,
3180,6354,,
3627,6355,,
3456,6356,,
3220,6357,,
3388,6358,,
3402,6359,,
1,6360,,
1,6361,,
2371,6362,,
3625,6363,,
3625,6364,,
3625,6365,,
503,6366,,
3625,6367,,
2860,6368,,
2719,6369,,
2719,6370,,
2719,6371,,
2719,6372,,
2145,6373,,
3876,6374,,
1682,6375,,
945,6376,,
2677,6377,,
4353,6378,,
3359,6379,,
3359,6380,,
3359,6381,,
3359,6382,,
3397,6383,,
1682,6384,,
3638,6385,,
3638,6386,,
299,6387,,
2950,6388,,
2787,6389,,
2969,6390,,
3445,6391,,
3445,6392,,
3397,6393,,
3397,6394,,
3397,6395,,
3397,6396,,
3397,6397,,
3397,6398,,
2503,6399,,
3620,6400,,
3497,6401,,
3620,6402,,
3620,6403,,
3620,6404,,
2719,6405,,
3388,6406,,
3388,6407,,
3620,6408,,
3152,6409,,
3620,6410,,
3620,6411,,
3620,6412,,
3620,6413,,
3620,6414,,
1925,6415,,
241,6416,,
3620,6417,,
3620,6418,,
3620,6419,,
3620,6420,,
3620,6421,,
3640,6422,,
2996,6423,,
3016,6424,,
3084,6425,,
3084,6426,,
1089,6427,,
3397,6428,,
3397,6429,,
3397,6430,,
3397,6431,,
2106,6432,,
2106,6433,,
2106,6434,,
3397,6435,,
3165,6436,,
3165,6437,,
3165,6438,,
3165,6439,,
188,6440,,
188,6441,,
3641,6442,,
3641,6443,,
3641,6444,,
3641,6445,,
2683,6446,,
2532,6447,,
3397,6448,,
3397,6449,,
3618,6450,,
3618,6451,,
3397,6452,,
3397,6453,,
3397,6454,,
2764,6455,,
1637,6456,,
776,6457,,
1460,6458,,
3397,6459,,
3643,6460,,
3644,6461,,
3397,6462,,
1267,6463,,
1925,6464,,
3192,6465,,
3192,6466,,
3192,6467,,
3192,6468,,
3192,6469,,
3192,6470,,
3192,6471,,
3647,6472,,
3192,6473,,
3647,6474,,
1922,6475,,
1922,6476,,
1175,6477,,
3084,6478,,
1922,6479,,
1922,6480,,
1364,6481,,
3631,6482,,
3631,6483,,
1457,6484,,
2312,6485,,
401,6486,,
3192,6487,,
3192,6488,,
3192,6489,,
3192,6490,,
3192,6491,,
2719,6492,,
3192,6493,,
3192,6494,,
3192,6495,,
3192,6496,,
2145,6497,,
3649,6498,,
1175,6499,,
3634,6500,,
31,6501,,
2078,6502,,
3634,6503,,
3634,6504,,
427,6505,,
2576,6506,,
2395,6507,,
3596,6508,,
932,6509,,
2795,6510,,
3007,6511,,
3007,6512,,
314,6513,,
314,6514,,
314,6515,,
314,6516,,
314,6517,,
3397,6518,,
1755,6519,,
1922,6520,,
3434,6521,,
3429,6522,,
1922,6523,,
3429,6524,,
2493,6525,,
2493,6526,,
1922,6527,,
1755,6528,,
1755,6529,,
1755,6530,,
1922,6531,,
1755,6532,,
1755,6533,,
1755,6534,,
1755,6535,,
1755,6536,,
1755,6537,,
303,6538,,
2997,6539,,
378,6540,,
1185,6541,,
3634,6542,,
3634,6543,,
3634,6544,,
1228,6545,,
3634,6546,,
3634,6547,,
3634,6548,,
956,6549,,
1741,6550,,
3007,6551,,
3007,6552,,
3007,6553,,
3508,6554,,
3486,6555,,
1735,6556,,
1735,6557,,
1735,6558,,
1135,6559,,
1459,6560,,
3397,6561,,
31,6562,,
2471,6563,,
3360,6564,,
3360,6565,,
3397,6566,,
1491,6567,,
974,6568,,
3093,6569,,
3007,6570,,
3076,6571,,
530,6572,,
3657,6573,,
3658,6574,,
3657,6575,,
3658,6576,,
3658,6577,,
3658,6578,,
3658,6579,,
3658,6580,,
3397,6581,,
2998,6582,,
2719,6583,,
1186,6584,,
2959,6585,,
3526,6586,,
3397,6587,,
3032,6588,,
147,6589,,
147,6590,,
3660,6591,,
3058,6592,,
3475,6593,,
3662,6594,,
2387,6595,,
1750,6596,,
3093,6597,,
3093,6598,,
3388,6599,,
2677,6600,,
3388,6601,,
3388,6602,,
3657,6603,,
3657,6604,,
1451,6605,,
1451,6606,,
1451,6607,,
2417,6608,,
3523,6609,,
3523,6610,,
3523,6611,,
3523,6612,,
3523,6613,,
3523,6614,,
3523,6615,,
3523,6616,,
3523,6617,,
534,6618,,
1451,6619,,
3397,6620,,
1451,6621,,
1451,6622,,
1451,6623,,
486,6624,,
1451,6625,,
3397,6626,,
152,6627,,
1451,6628,,
1451,6629,,
1451,6630,,
1451,6631,,
3665,6632,,
1451,6633,,
1451,6634,,
3397,6635,,
1451,6636,,
1451,6637,,
50,6638,,
1124,6639,,
1451,6640,,
77,6641,,
3397,6642,,
1451,6643,,
711,6644,,
206,6645,,
1451,6646,,
1451,6647,,
1451,6648,,
1451,6649,,
1451,6650,,
1451,6651,,
3169,6652,,
1850,6653,,
503,6654,,
342,6655,,
3355,6656,,
3397,6657,,
1449,6658,,
3187,6659,,
2382,6660,,
3397,6661,,
3466,6662,,
3661,6663,,
3093,6664,,
2382,6665,,
2382,6666,,
3397,6667,,
1451,6668,,
3007,6669,,
303,6670,,
3169,6671,,
3397,6672,,
2386,6673,,
3397,6674,,
3397,6675,,
3397,6676,,
3664,6677,,
944,6678,,
3420,6679,,
1185,6680,,
1584,6681,,
1590,6682,,
3397,6683,,
3397,6684,,
1619,6685,,
3397,6686,,
3397,6687,,
252,6688,,
843,6689,,
3397,6690,,
3673,6691,,
766,6692,,
1693,6693,,
3464,6694,,
3464,6695,,
3464,6696,,
3464,6697,,
3107,6698,,
183,6699,,
3675,6700,,
677,6701,,
677,6702,,
677,6703,,
2577,6704,,
3676,6705,,
3656,6706,,
3397,6707,,
348,6708,,
7,6709,,
835,6710,,
835,6711,,
835,6712,,
3645,6713,,
835,6714,,
835,6715,,
835,6716,,
2718,6717,,
3671,6718,,
3671,6719,,
3671,6720,,
3671,6721,,
3671,6722,,
1557,6723,,
1025,6724,,
2493,6725,,
3671,6726,,
3671,6727,,
3179,6728,,
1584,6729,,
1584,6730,,
1584,6731,,
2595,6732,,
843,6733,,
3665,6734,,
3665,6735,,
1451,6736,,
481,6737,,
3397,6738,,
2924,6739,,
3397,6740,,
2235,6741,,
2482,6742,,
2795,6743,,
1943,6744,,
3561,6745,,
3390,6746,,
1345,6747,,
3397,6748,,
780,6749,,
3469,6750,,
3445,6751,,
3445,6752,,
2893,6753,,
3681,6754,,
2160,6755,,
2160,6756,,
3683,6757,,
3684,6758,,
241,6759,,
3397,6760,,
3397,6761,,
3397,6762,,
3397,6763,,
3486,6764,,
3486,6765,,
3486,6766,,
3486,6767,,
3600,6768,,
3685,6769,,
3681,6770,,
3681,6771,,
3397,6772,,
183,6773,,
3157,6774,,
424,6775,,
3645,6776,,
3397,6777,,
3429,6778,,
394,6779,,
503,6780,,
3169,6781,,
3169,6782,,
3645,6783,,
2013,6784,,
449,6785,,
1925,6786,,
458,6787,,
458,6788,,
3028,6789,,
31,6790,,
31,6791,,
1296,6792,,
1619,6793,,
2935,6794,,
3559,6795,,
3429,6796,,
1299,6797,,
3486,6798,,
3486,6799,,
3486,6800,,
3690,6801,,
3486,6802,,
3486,6803,,
3486,6804,,
3486,6805,,
3486,6806,,
3454,6807,,
1682,6808,,
481,6809,,
3486,6810,,
3175,6811,,
273,6812,,
2718,6813,,
3687,6814,,
3397,6815,,
373,6816,,
3516,6817,,
3445,6818,,
3058,6819,,
3492,6820,,
3397,6821,,
359,6822,,
3687,6823,,
3093,6824,,
3667,6825,,
3554,6826,,
2077,6827,,
147,6828,,
147,6829,,
1060,6830,,
31,6831,,
31,6832,,
3397,6833,,
3696,6834,,
9,6835,,
2259,6836,,
1682,6837,,
1682,6838,,
1682,6839,,
1682,6840,,
1682,6841,,
1682,6842,,
1682,6843,,
2566,6844,,
31,6845,,
3397,6846,,
3486,6847,,
3645,6848,,
3156,6849,,
1186,6850,,
363,6851,,
3397,6852,,
3397,6853,,
3699,6854,,
3700,6855,,
3397,6856,,
1682,6857,,
1682,6858,,
1682,6859,,
1682,6860,,
1682,6861,,
2184,6862,,
252,6863,,
311,6864,,
1557,6865,,
1250,6866,,
3701,6867,,
3397,6868,,
3397,6869,,
1825,6870,,
3068,6871,,
3704,6872,,
3696,6873,,
3640,6874,,
2660,6875,,
3205,6876,,
3683,6877,,
3397,6878,,
2145,6879,,
3112,6880,,
2739,6881,,
3705,6882,,
3696,6883,,
3696,6884,,
1682,6885,,
1682,6886,,
1682,6887,,
1682,6888,,
1413,6889,,
1584,6890,,
1584,6891,,
1584,6892,,
1584,6893,,
1584,6894,,
394,6895,,
394,6896,,
3337,6897,,
3708,6898,,
3707,6899,,
31,6900,,
3707,6901,,
3709,6902,,
503,6903,,
993,6904,,
31,6905,,
3388,6906,,
3516,6907,,
3694,6908,,
3694,6909,,
3694,6910,,
3694,6911,,
723,6912,,
3607,6913,,
3706,6914,,
3681,6915,,
3710,6916,,
1109,6917,,
3629,6918,,
1925,6919,,
1693,6920,,
1693,6921,,
1693,6922,,
1071,6923,,
2565,6924,,
944,6925,,
641,6926,,
1112,6927,,
3689,6928,,
2795,6929,,
1943,6930,,
1682,6931,,
1682,6932,,
1682,6933,,
1682,6934,,
3287,6935,,
1682,6936,,
1682,6937,,
1682,6938,,
3397,6939,,
3397,6940,,
944,6941,,
3520,6942,,
944,6943,,
1682,6944,,
1682,6945,,
1682,6946,,
125,6947,,
3671,6948,,
3671,6949,,
1460,6950,,
3189,6951,,
825,6952,,
31,6953,,
210,6954,,
3714,6955,,
2841,6956,,
944,6957,,
806,6958,,
944,6959,,
160,6960,,
2084,6961,,
2924,6962,,
1750,6963,,
31,6964,,
3693,6965,,
2791,6966,,
703,6967,,
3715,6968,,
1882,6969,,
636,6970,,
3488,6971,,
3271,6972,,
3488,6973,,
2988,6974,,
3717,6975,,
3719,6976,,
2988,6977,,
3518,6978,,
179,6979,,
944,6980,,
3629,6981,,
3470,6982,,
1619,6983,,
3397,6984,,
3620,6985,,
3397,6986,,
3707,6987,,
3620,6988,,
3620,6989,,
3022,6990,,
3490,6991,,
2677,6992,,
2145,6993,,
2145,6994,,
3720,6995,,
188,6996,,
3397,6997,,
2287,6998,,
31,6999,,
3143,7000,,
1780,7001,,
2999,7002,,
1533,7003,,
3397,7004,,
3589,7005,,
3397,7006,,
2390,7007,,
2390,7008,,
3557,7009,,
3557,7010,,
3557,7011,,
3557,7012,,
3557,7013,,
2984,7014,,
1185,7015,,
3521,7016,,
1044,7017,,
3397,7018,,
1342,7019,,
944,7020,,
1039,7021,,
944,7022,,
3698,7023,,
2229,7024,,
3397,7025,,
3440,7026,,
89,7027,,
3710,7028,,
1833,7029,,
3397,7030,,
944,7031,,
1735,7032,,
206,7033,,
3707,7034,,
246,7035,,
2988,7036,,
2988,7037,,
2988,7038,,
2988,7039,,
414,7040,,
3706,7041,,
3645,7042,,
3252,7043,,
3397,7044,,
944,7045,,
2107,7046,,
3725,7047,,
41,7048,,
3726,7049,,
3434,7050,,
3352,7051,,
1755,7052,,
640,7053,,
1755,7054,,
1755,7055,,
944,7056,,
3429,7057,,
3298,7058,,
2190,7059,,
3727,7060,,
1186,7061,,
3429,7062,,
3660,7063,,
1755,7064,,
1755,7065,,
503,7066,,
160,7067,,
1394,7068,,
442,7069,,
3724,7070,,
3188,7071,,
1755,7072,,
1755,7073,,
1457,7074,,
3016,7075,,
3361,7076,,
3361,7077,,
1755,7078,,
2197,7079,,
944,7080,,
944,7081,,
944,7082,,
3660,7083,,
3397,7084,,
458,7085,,
3397,7086,,
458,7087,,
458,7088,,
471,7089,,
471,7090,,
2660,7091,,
843,7092,,
3188,7093,,
3361,7094,,
3361,7095,,
1451,7096,,
3730,7097,,
1135,7098,,
2714,7099,,
3717,7100,,
1486,7101,,
1755,7102,,
3361,7103,,
1584,7104,,
1059,7105,,
3531,7106,,
1392,7107,,
1392,7108,,
1327,7109,,
2309,7110,,
3555,7111,,
3434,7112,,
1484,7113,,
944,7114,,
2719,7115,,
3397,7116,,
458,7117,,
458,7118,,
3397,7119,,
1939,7120,,
1240,7121,,
2145,7122,,
3734,7123,,
3023,7124,,
3735,7125,,
3093,7126,,
3093,7127,,
3093,7128,,
39,7129,,
3736,7130,,
3736,7131,,
944,7132,,
2145,7133,,
3645,7134,,
671,7135,,
155,7136,,
944,7137,,
1682,7138,,
858,7139,,
3738,7140,,
3270,7141,,
1755,7142,,
1682,7143,,
1755,7144,,
1755,7145,,
2540,7146,,
3739,7147,,
1345,7148,,
3264,7149,,
3739,7150,,
1827,7151,,
3397,7152,,
3264,7153,,
2591,7154,,
1870,7155,,
3093,7156,,
1158,7157,,
1010,7158,,
3368,7159,,
2487,7160,,
1793,7161,,
3741,7162,,
2145,7163,,
2145,7164,,
3397,7165,,
3016,7166,,
3397,7167,,
3397,7168,,
394,7169,,
3397,7170,,
3397,7171,,
3742,7172,,
3079,7173,,
246,7174,,
1296,7175,,
1383,7176,,
1260,7177,,
3743,7178,,
1649,7179,,
210,7180,,
2651,7181,,
3699,7182,,
2651,7183,,
2651,7184,,
3743,7185,,
3743,7186,,
3743,7187,,
3743,7188,,
3743,7189,,
3743,7190,,
3743,7191,,
3047,7192,,
3736,7193,,
1925,7194,,
2292,7195,,
3470,7196,,
2618,7197,,
377,7198,,
3397,7199,,
3397,7200,,
2730,7201,,
377,7202,,
2026,7203,,
1925,7204,,
3264,7205,,
1925,7206,,
1316,7207,,
3264,7208,,
1755,7209,,
3486,7210,,
1755,7211,,
2950,7212,,
1755,7213,,
2950,7214,,
605,7215,,
3523,7216,,
3523,7217,,
3523,7218,,
1755,7219,,
1383,7220,,
1682,7221,,
1755,7222,,
1755,7223,,
1755,7224,,
2701,7225,,
3639,7226,,
3748,7227,,
3574,7228,,
3639,7229,,
3639,7230,,
3749,7231,,
3397,7232,,
2683,7233,,
1682,7234,,
2292,7235,,
944,7236,,
567,7237,,
394,7238,,
3397,7239,,
3434,7240,,
503,7241,,
503,7242,,
503,7243,,
503,7244,,
2487,7245,,
162,7246,,
3753,7247,,
162,7248,,
3754,7249,,
3754,7250,,
3754,7251,,
3754,7252,,
976,7253,,
3397,7254,,
3397,7255,,
3397,7256,,
7,7257,,
3755,7258,,
162,7259,,
2956,7260,,
246,7261,,
3757,7262,,
1535,7263,,
1682,7264,,
3693,7265,,
2789,7266,,
2240,7267,,
3397,7268,,
3397,7269,,
2988,7270,,
1809,7271,,
957,7272,,
162,7273,,
1682,7274,,
3397,7275,,
391,7276,,
583,7277,,
3760,7278,,
3762,7279,,
3763,7280,,
3764,7281,,
53,7282,,
1693,7283,,
1693,7284,,
1693,7285,,
1051,7286,,
1535,7287,,
1741,7288,,
125,7289,,
876,7290,,
3760,7291,,
3760,7292,,
3766,7293,,
241,7294,,
990,7295,,
3761,7296,,
3761,7297,,
3349,7298,,
3761,7299,,
3761,7300,,
3093,7301,,
3169,7302,,
3763,7303,,
3768,7304,,
3765,7305,,
3769,7306,,
3589,7307,,
155,7308,,
2717,7309,,
3397,7310,,
1741,7311,,
1793,7312,,
3681,7313,,
357,7314,,
3744,7315,,
3681,7316,,
3466,7317,,
2145,7318,,
3397,7319,,
770,7320,,
3476,7321,,
241,7322,,
2719,7323,,
3769,7324,,
3445,7325,,
3445,7326,,
3445,7327,,
3445,7328,,
3445,7329,,
3445,7330,,
3445,7331,,
3445,7332,,
3445,7333,,
3445,7334,,
3445,7335,,
3445,7336,,
3445,7337,,
3445,7338,,
3445,7339,,
3445,7340,,
3445,7341,,
3445,7342,,
770,7343,,
770,7344,,
770,7345,,
1145,7346,,
1145,7347,,
3645,7348,,
770,7349,,
770,7350,,
3774,7351,,
2417,7352,,
3758,7353,,
3058,7354,,
3397,7355,,
3445,7356,,
3445,7357,,
2903,7358,,
2715,7359,,
1437,7360,,
3397,7361,,
1755,7362,,
1185,7363,,
224,7364,,
3445,7365,,
3557,7366,,
3557,7367,,
3557,7368,,
3557,7369,,
3073,7370,,
2056,7371,,
2814,7372,,
2332,7373,,
394,7374,,
3349,7375,,
3349,7376,,
3397,7377,,
3397,7378,,
3397,7379,,
2718,7380,,
3397,7381,,
373,7382,,
3378,7383,,
3445,7384,,
394,7385,,
1251,7386,,
1682,7387,,
1682,7388,,
1025,7389,,
206,7390,,
206,7391,,
206,7392,,
2292,7393,,
1404,7394,,
2904,7395,,
2234,7396,,
3017,7397,,
224,7398,,
979,7399,,
1424,7400,,
77,7401,,
3780,7402,,
2988,7403,,
3523,7404,,
3688,7405,,
3397,7406,,
3707,7407,,
1841,7408,,
1387,7409,,
3108,7410,,
3707,7411,,
1925,7412,,
1682,7413,,
1802,7414,,
2589,7415,,
567,7416,,
3058,7417,,
3397,7418,,
368,7419,,
312,7420,,
1839,7421,,
1839,7422,,
801,7423,,
3773,7424,,
246,7425,,
1124,7426,,
3434,7427,,
3786,7428,,
1101,7429,,
1682,7430,,
3273,7431,,
2988,7432,,
2936,7433,,
3707,7434,,
3397,7435,,
3622,7436,,
3787,7437,,
1181,7438,,
3397,7439,,
147,7440,,
147,7441,,
3397,7442,,
3707,7443,,
3093,7444,,
3397,7445,,
3264,7446,,
3093,7447,,
3707,7448,,
3707,7449,,
3397,7450,,
3397,7451,,
2115,7452,,
3788,7453,,
373,7454,,
3707,7455,,
3707,7456,,
3397,7457,,
3707,7458,,
1809,7459,,
698,7460,,
698,7461,,
367,7462,,
3707,7463,,
3707,7464,,
3707,7465,,
3707,7466,,
3707,7467,,
3424,7468,,
2566,7469,,
3397,7470,,
3773,7471,,
3629,7472,,
776,7473,,
2503,7474,,
3679,7475,,
3707,7476,,
3707,7477,,
3707,7478,,
3707,7479,,
3707,7480,,
1809,7481,,
3645,7482,,
3707,7483,,
2145,7484,,
818,7485,,
3397,7486,,
2950,7487,,
210,7488,,
2988,7489,,
2988,7490,,
2988,7491,,
2988,7492,,
2988,7493,,
2988,7494,,
2988,7495,,
2988,7496,,
2988,7497,,
2988,7498,,
2988,7499,,
2988,7500,,
162,7501,,
2719,7502,,
1682,7503,,
3474,7504,,
944,7505,,
3476,7506,,
3707,7507,,
2288,7508,,
3397,7509,,
3397,7510,,
394,7511,,
394,7512,,
303,7513,,
2366,7514,,
1682,7515,,
1682,7516,,
2229,7517,,
3397,7518,,
3169,7519,,
944,7520,,
944,7521,,
3796,7522,,
2999,7523,,
3798,7524,,
3609,7525,,
1086,7526,,
3654,7527,,
2322,7528,,
1405,7529,,
286,7530,,
3799,7531,,
993,7532,,
3397,7533,,
2886,7534,,
41,7535,,
3800,7536,,
1682,7537,,
1682,7538,,
1682,7539,,
3523,7540,,
3617,7541,,
3617,7542,,
835,7543,,
835,7544,,
835,7545,,
2047,7546,,
1693,7547,,
1693,7548,,
805,7549,,
160,7550,,
2502,7551,,
3397,7552,,
3397,7553,,
272,7554,,
2,7555,,
3802,7556,,
3803,7557,,
2145,7558,,
1682,7559,,
366,7560,,
2326,7561,,
3424,7562,,
3755,7563,,
3702,7564,,
3142,7565,,
3702,7566,,
478,7567,,
3628,7568,,
985,7569,,
3805,7570,,
3806,7571,,
3800,7572,,
3800,7573,,
3800,7574,,
3800,7575,,
3800,7576,,
3805,7577,,
3805,7578,,
3583,7579,,
3445,7580,,
3807,7581,,
1293,7582,,
3809,7583,,
3188,7584,,
3423,7585,,
3094,7586,,
3311,7587,,
2913,7588,,
3169,7589,,
3311,7590,,
3311,7591,,
2913,7592,,
1568,7593,,
3740,7594,,
3514,7595,,
2608,7596,,
394,7597,,
1437,7598,,
3397,7599,,
3811,7600,,
503,7601,,
503,7602,,
3812,7603,,
3397,7604,,
3813,7605,,
299,7606,,
3788,7607,,
3788,7608,,
3788,7609,,
3788,7610,,
3367,7611,,
3397,7612,,
1622,7613,,
3397,7614,,
303,7615,,
3397,7616,,
867,7617,,
2230,7618,,
3815,7619,,
3646,7620,,
2719,7621,,
2937,7622,,
2937,7623,,
2937,7624,,
1537,7625,,
2660,7626,,
3397,7627,,
1682,7628,,
919,7629,,
31,7630,,
3241,7631,,
2988,7632,,
2988,7633,,
3397,7634,,
2254,7635,,
3221,7636,,
3397,7637,,
188,7638,,
3808,7639,,
3808,7640,,
3808,7641,,
3808,7642,,
2123,7643,,
3100,7644,,
3619,7645,,
1213,7646,,
3094,7647,,
241,7648,,
1682,7649,,
385,7650,,
394,7651,,
1925,7652,,
3818,7653,,
224,7654,,
2988,7655,,
1693,7656,,
3094,7657,,
3806,7658,,
3817,7659,,
843,7660,,
3819,7661,,
394,7662,,
3806,7663,,
3806,7664,,
990,7665,,
2556,7666,,
2828,7667,,
3172,7668,,
2390,7669,,
2390,7670,,
125,7671,,
2145,7672,,
958,7673,,
3094,7674,,
1372,7675,,
3094,7676,,
958,7677,,
958,7678,,
958,7679,,
958,7680,,
3385,7681,,
3819,7682,,
3397,7683,,
3397,7684,,
3821,7685,,
3397,7686,,
3397,7687,,
3822,7688,,
2988,7689,,
2988,7690,,
2988,7691,,
1372,7692,,
2988,7693,,
2988,7694,,
2988,7695,,
3397,7696,,
2988,7697,,
2988,7698,,
1925,7699,,
3397,7700,,
3397,7701,,
1001,7702,,
2988,7703,,
1296,7704,,
268,7705,,
268,7706,,
762,7707,,
3385,7708,,
268,7709,,
2988,7710,,
2988,7711,,
2988,7712,,
762,7713,,
394,7714,,
3523,7715,,
3397,7716,,
113,7717,,
2050,7718,,
3517,7719,,
1682,7720,,
1682,7721,,
3397,7722,,
1892,7723,,
1007,7724,,
3397,7725,,
3397,7726,,
3397,7727,,
509,7728,,
3827,7729,,
1007,7730,,
3397,7731,,
3828,7732,,
3829,7733,,
3397,7734,,
3397,7735,,
41,7736,,
1568,7737,,
3831,7738,,
1682,7739,,
3830,7740,,
3830,7741,,
3830,7742,,
3830,7743,,
3832,7744,,
3397,7745,,
2271,7746,,
3397,7747,,
3798,7748,,
3798,7749,,
596,7750,,
3798,7751,,
3798,7752,,
2651,7753,,
2651,7754,,
1619,7755,,
3397,7756,,
3834,7757,,
1007,7758,,
1007,7759,,
3397,7760,,
3367,7761,,
3367,7762,,
167,7763,,
3397,7764,,
3397,7765,,
944,7766,,
646,7767,,
641,7768,,
3397,7769,,
3469,7770,,
1560,7771,,
2988,7772,,
2988,7773,,
1451,7774,,
3837,7775,,
1451,7776,,
1682,7777,,
1682,7778,,
1682,7779,,
1682,7780,,
1437,7781,,
3445,7782,,
3517,7783,,
3838,7784,,
1451,7785,,
1451,7786,,
1451,7787,,
31,7788,,
3798,7789,,
1682,7790,,
1682,7791,,
1682,7792,,
1682,7793,,
1682,7794,,
1682,7795,,
3723,7796,,
1682,7797,,
1682,7798,,
1682,7799,,
1682,7800,,
1682,7801,,
3052,7802,,
3839,7803,,
2175,7804,,
3397,7805,,
156,7806,,
156,7807,,
3723,7808,,
1682,7809,,
1947,7810,,
3215,7811,,
1451,7812,,
3469,7813,,
1682,7814,,
1682,7815,,
1682,7816,,
1682,7817,,
1682,7818,,
1682,7819,,
1587,7820,,
1682,7821,,
1682,7822,,
1682,7823,,
1682,7824,,
1682,7825,,
1682,7826,,
1682,7827,,
1682,7828,,
1682,7829,,
1682,7830,,
2576,7831,,
1264,7832,,
2489,7833,,
3517,7834,,
1693,7835,,
1163,7836,,
7,7837,,
62,7838,,
3304,7839,,
3397,7840,,
3843,7841,,
2326,7842,,
3517,7843,,
542,7844,,
648,7845,,
1507,7846,,
1622,7847,,
1912,7848,,
342,7849,,
1007,7850,,
1693,7851,,
944,7852,,
944,7853,,
944,7854,,
132,7855,,
944,7856,,
944,7857,,
2047,7858,,
1925,7859,,
1841,7860,,
311,7861,,
2548,7862,,
268,7863,,
944,7864,,
3511,7865,,
3622,7866,,
3397,7867,,
898,7868,,
3517,7869,,
781,7870,,
1242,7871,,
1746,7872,,
3828,7873,,
944,7874,,
1682,7875,,
1682,7876,,
1682,7877,,
1682,7878,,
1682,7879,,
3397,7880,,
1830,7881,,
31,7882,,
252,7883,,
311,7884,,
1563,7885,,
3045,7886,,
3058,7887,,
3397,7888,,
2736,7889,,
2736,7890,,
2382,7891,,
1682,7892,,
3397,7893,,
2765,7894,,
3397,7895,,
1682,7896,,
1682,7897,,
1682,7898,,
1682,7899,,
1682,7900,,
1682,7901,,
1682,7902,,
1682,7903,,
152,7904,,
1682,7905,,
1682,7906,,
152,7907,,
1460,7908,,
1460,7909,,
3058,7910,,
3851,7911,,
958,7912,,
958,7913,,
958,7914,,
2794,7915,,
1460,7916,,
541,7917,,
3774,7918,,
3013,7919,,
3800,7920,,
3852,7921,,
1682,7922,,
1682,7923,,
1682,7924,,
1693,7925,,
2487,7926,,
3854,7927,,
3571,7928,,
3548,7929,,
1451,7930,,
1451,7931,,
3446,7932,,
3147,7933,,
3147,7934,,
2988,7935,,
2988,7936,,
1682,7937,,
1682,7938,,
2866,7939,,
3082,7940,,
2881,7941,,
3082,7942,,
3082,7943,,
3846,7944,,
31,7945,,
2257,7946,,
2866,7947,,
2866,7948,,
2866,7949,,
2866,7950,,
2866,7951,,
2866,7952,,
2866,7953,,
605,7954,,
3846,7955,,
3846,7956,,
3381,7957,,
3846,7958,,
3381,7959,,
3381,7960,,
2988,7961,,
2988,7962,,
2988,7963,,
2988,7964,,
3434,7965,,
138,7966,,
3082,7967,,
3082,7968,,
3082,7969,,
1923,7970,,
3819,7971,,
402,7972,,
3856,7973,,
172,7974,,
3798,7975,,
2543,7976,,
3548,7977,,
2988,7978,,
503,7979,,
3397,7980,,
639,7981,,
414,7982,,
155,7983,,
155,7984,,
3856,7985,,
3861,7986,,
3732,7987,,
3862,7988,,
31,7989,,
414,7990,,
2988,7991,,
2988,7992,,
2988,7993,,
2988,7994,,
2719,7995,,
2866,7996,,
3082,7997,,
3082,7998,,
3082,7999,,
3082,8000,,
3082,8001,,
3082,8002,,
3862,8003,,
3856,8004,,
3856,8005,,
2998,8006,,
3314,8007,,
3397,8008,,
31,8009,,
3863,8010,,
2078,8011,,
2117,8012,,
485,8013,,
2988,8014,,
3397,8015,,
2719,8016,,
2719,8017,,
2384,8018,,
2479,8019,,
1682,8020,,
1682,8021,,
1682,8022,,
3397,8023,,
3864,8024,,
3242,8025,,
3856,8026,,
2181,8027,,
2691,8028,,
3865,8029,,
2457,8030,,
3486,8031,,
442,8032,,
442,8033,,
3508,8034,,
1451,8035,,
3866,8036,,
809,8037,,
442,8038,,
3548,8039,,
3711,8040,,
3711,8041,,
3397,8042,,
3397,8043,,
2950,8044,,
2950,8045,,
2950,8046,,
2950,8047,,
3397,8048,,
161,8049,,
3445,8050,,
2866,8051,,
2866,8052,,
2497,8053,,
442,8054,,
3397,8055,,
1892,8056,,
263,8057,,
1892,8058,,
1892,8059,,
442,8060,,
675,8061,,
944,8062,,
944,8063,,
1959,8064,,
3557,8065,,
3557,8066,,
3557,8067,,
3557,8068,,
3455,8069,,
3711,8070,,
3868,8071,,
3397,8072,,
3208,8073,,
3480,8074,,
1915,8075,,
738,8076,,
2988,8077,,
3874,8078,,
1755,8079,,
1755,8080,,
1755,8081,,
1755,8082,,
1755,8083,,
3233,8084,,
3397,8085,,
3361,8086,,
3308,8087,,
1930,8088,,
1693,8089,,
3093,8090,,
1011,8091,,
3677,8092,,
167,8093,,
167,8094,,
145,8095,,
944,8096,,
1011,8097,,
3875,8098,,
3826,8099,,
31,8100,,
2640,8101,,
1243,8102,,
1150,8103,,
3681,8104,,
3681,8105,,
2988,8106,,
944,8107,,
848,8108,,
1682,8109,,
1682,8110,,
1682,8111,,
1682,8112,,
1682,8113,,
1682,8114,,
1682,8115,,
1682,8116,,
1682,8117,,
1682,8118,,
1682,8119,,
1682,8120,,
1682,8121,,
1682,8122,,
1693,8123,,
3361,8124,,
3361,8125,,
1749,8126,,
4132,8127,,
2719,8128,,
188,8129,,
2192,8130,,
1840,8131,,
3794,8132,,
83,8133,,
1925,8134,,
363,8135,,
471,8136,,
491,8137,,
2651,8138,,
2802,8139,,
3723,8140,,
3723,8141,,
2957,8142,,
3629,8143,,
3397,8144,,
3723,8145,,
3882,8146,,
1682,8147,,
3881,8148,,
3486,8149,,
3884,8150,,
3884,8151,,
3881,8152,,
3881,8153,,
3881,8154,,
3880,8155,,
3880,8156,,
3880,8157,,
3397,8158,,
210,8159,,
3655,8160,,
2145,8161,,
1915,8162,,
3887,8163,,
3888,8164,,
3889,8165,,
1903,8166,,
3397,8167,,
2691,8168,,
3883,8169,,
3883,8170,,
3883,8171,,
3397,8172,,
1682,8173,,
3881,8174,,
268,8175,,
1621,8176,,
3881,8177,,
3477,8178,,
147,8179,,
1451,8180,,
3517,8181,,
3323,8182,,
3891,8183,,
1224,8184,,
13,8185,,
3397,8186,,
252,8187,,
2077,8188,,
944,8189,,
3892,8190,,
3310,8191,,
3838,8192,,
791,8193,,
3838,8194,,
1451,8195,,
1682,8196,,
1909,8197,,
3397,8198,,
3894,8199,,
3878,8200,,
3878,8201,,
1011,8202,,
1011,8203,,
471,8204,,
7,8205,,
3367,8206,,
3893,8207,,
3681,8208,,
3367,8209,,
1011,8210,,
1011,8211,,
1011,8212,,
1011,8213,,
171,8214,,
3397,8215,,
948,8216,,
1535,8217,,
442,8218,,
503,8219,,
3899,8220,,
2988,8221,,
2988,8222,,
2988,8223,,
2988,8224,,
2988,8225,,
944,8226,,
656,8227,,
2498,8228,,
2825,8229,,
2988,8230,,
2988,8231,,
2988,8232,,
2988,8233,,
2145,8234,,
426,8235,,
1362,8236,,
3825,8237,,
2988,8238,,
2479,8239,,
2688,8240,,
3397,8241,,
1327,8242,,
3397,8243,,
3903,8244,,
1682,8245,,
944,8246,,
990,8247,,
1007,8248,,
2145,8249,,
2110,8250,,
1009,8251,,
3723,8252,,
311,8253,,
2674,8254,,
2660,8255,,
3093,8256,,
155,8257,,
3450,8258,,
2910,8259,,
3402,8260,,
794,8261,,
3845,8262,,
2439,8263,,
3876,8264,,
1925,8265,,
2940,8266,,
2440,8267,,
2145,8268,,
31,8269,,
864,8270,,
31,8271,,
31,8272,,
31,8273,,
3907,8274,,
3397,8275,,
3367,8276,,
3908,8277,,
3908,8278,,
605,8279,,
442,8280,,
31,8281,,
31,8282,,
31,8283,,
3397,8284,,
3908,8285,,
3908,8286,,
31,8287,,
31,8288,,
31,8289,,
1755,8290,,
1755,8291,,
1755,8292,,
478,8293,,
3755,8294,,
3397,8295,,
1755,8296,,
1755,8297,,
1755,8298,,
2660,8299,,
3888,8300,,
671,8301,,
152,8302,,
3912,8303,,
160,8304,,
2735,8305,,
3630,8306,,
3911,8307,,
2916,8308,,
2814,8309,,
1034,8310,,
503,8311,,
3397,8312,,
3367,8313,,
1288,8314,,
3473,8315,,
791,8316,,
1451,8317,,
3810,8318,,
3810,8319,,
791,8320,,
791,8321,,
88,8322,,
3659,8323,,
503,8324,,
3659,8325,,
2424,8326,,
188,8327,,
3445,8328,,
3808,8329,,
3260,8330,,
3817,8331,,
3666,8332,,
3915,8333,,
2388,8334,,
1156,8335,,
3916,8336,,
2348,8337,,
2369,8338,,
3917,8339,,
1574,8340,,
1474,8341,,
3918,8342,,
3397,8343,,
2988,8344,,
2315,8345,,
3397,8346,,
3397,8347,,
53,8348,,
31,8349,,
784,8350,,
2296,8351,,
497,8352,,
3388,8353,,
3397,8354,,
3680,8355,,
3323,8356,,
3093,8357,,
1619,8358,,
381,8359,,
1457,8360,,
1682,8361,,
1682,8362,,
503,8363,,
3666,8364,,
503,8365,,
503,8366,,
3920,8367,,
503,8368,,
503,8369,,
703,8370,,
3666,8371,,
3920,8372,,
3666,8373,,
3920,8374,,
3920,8375,,
3920,8376,,
3808,8377,,
3666,8378,,
3735,8379,,
1822,8380,,
3666,8381,,
3666,8382,,
3666,8383,,
3853,8384,,
377,8385,,
3853,8386,,
3853,8387,,
245,8388,,
3614,8389,,
3614,8390,,
3036,8391,,
3808,8392,,
3808,8393,,
3808,8394,,
3808,8395,,
3808,8396,,
3677,8397,,
2988,8398,,
414,8399,,
583,8400,,
3808,8401,,
3808,8402,,
3808,8403,,
3808,8404,,
3692,8405,,
3778,8406,,
3397,8407,,
1691,8408,,
702,8409,,
1875,8410,,
968,8411,,
2576,8412,,
3397,8413,,
3894,8414,,
3666,8415,,
3219,8416,,
3894,8417,,
3928,8418,,
3927,8419,,
2651,8420,,
394,8421,,
899,8422,,
1179,8423,,
162,8424,,
828,8425,,
1757,8426,,
32,8427,,
502,8428,,
363,8429,,
3389,8430,,
1239,8431,,
362,8432,,
1319,8433,,
3929,8434,,
1465,8435,,
1933,8436,,
1055,8437,,
3397,8438,,
311,8439,,
1451,8440,,
3828,8441,,
3930,8442,,
2651,8443,,
3931,8444,,
363,8445,,
263,8446,,
1755,8447,,
3397,8448,,
1967,8449,,
3805,8450,,
162,8451,,
2344,8452,,
1755,8453,,
1755,8454,,
1755,8455,,
162,8456,,
1755,8457,,
2651,8458,,
2576,8459,,
2576,8460,,
2448,8461,,
2576,8462,,
2576,8463,,
3923,8464,,
3608,8465,,
944,8466,,
3527,8467,,
3527,8468,,
2240,8469,,
3745,8470,,
1925,8471,,
252,8472,,
3699,8473,,
3933,8474,,
3699,8475,,
1682,8476,,
2903,8477,,
2903,8478,,
3397,8479,,
3494,8480,,
2160,8481,,
944,8482,,
3908,8483,,
3908,8484,,
3908,8485,,
3908,8486,,
94,8487,,
3935,8488,,
1007,8489,,
1,8490,,
1494,8491,,
1451,8492,,
1451,8493,,
1188,8494,,
3573,8495,,
3914,8496,,
2576,8497,,
3397,8498,,
2729,8499,,
1918,8500,,
3937,8501,,
2844,8502,,
3938,8503,,
3934,8504,,
7,8505,,
401,8506,,
2145,8507,,
3942,8508,,
3840,8509,,
3944,8510,,
3945,8511,,
1749,8512,,
3397,8513,,
2699,8514,,
109,8515,,
1812,8516,,
1812,8517,,
3397,8518,,
2599,8519,,
2348,8520,,
3946,8521,,
3920,8522,,
3367,8523,,
3367,8524,,
2708,8525,,
1919,8526,,
3258,8527,,
263,8528,,
1451,8529,,
471,8530,,
3484,8531,,
503,8532,,
503,8533,,
478,8534,,
2696,8535,,
1742,8536,,
342,8537,,
3948,8538,,
3927,8539,,
210,8540,,
188,8541,,
1682,8542,,
8,8543,,
3783,8544,,
3792,8545,,
4334,8546,,
3898,8547,,
3920,8548,,
3666,8549,,
3666,8550,,
3666,8551,,
3666,8552,,
3666,8553,,
3666,8554,,
3028,8555,,
2143,8556,,
66,8557,,
503,8558,,
3898,8559,,
3322,8560,,
2647,8561,,
1052,8562,,
2145,8563,,
2988,8564,,
2988,8565,,
3711,8566,,
3711,8567,,
3951,8568,,
3711,8569,,
3093,8570,,
3397,8571,,
3798,8572,,
1812,8573,,
3872,8574,,
1504,8575,,
2381,8576,,
3666,8577,,
503,8578,,
3642,8579,,
3666,8580,,
3952,8581,,
3426,8582,,
1751,8583,,
3238,8584,,
3926,8585,,
162,8586,,
3954,8587,,
3920,8588,,
394,8589,,
3920,8590,,
2950,8591,,
3397,8592,,
3494,8593,,
3615,8594,,
3434,8595,,
1909,8596,,
2499,8597,,
1451,8598,,
3677,8599,,
3716,8600,,
1342,8601,,
3416,8602,,
3849,8603,,
2849,8604,,
1682,8605,,
1682,8606,,
1682,8607,,
1682,8608,,
1682,8609,,
1682,8610,,
1682,8611,,
1682,8612,,
1682,8613,,
1682,8614,,
1682,8615,,
1682,8616,,
1682,8617,,
1682,8618,,
1682,8619,,
1682,8620,,
3494,8621,,
3956,8622,,
2576,8623,,
3920,8624,,
519,8625,,
3494,8626,,
791,8627,,
2431,8628,,
3666,8629,,
3666,8630,,
3773,8631,,
3773,8632,,
162,8633,,
162,8634,,
466,8635,,
684,8636,,
162,8637,,
2552,8638,,
2950,8639,,
2718,8640,,
3397,8641,,
907,8642,,
2029,8643,,
1580,8644,,
3514,8645,,
2214,8646,,
2718,8647,,
2718,8648,,
2576,8649,,
162,8650,,
503,8651,,
3494,8652,,
1536,8653,,
3494,8654,,
820,8655,,
206,8656,,
1451,8657,,
3490,8658,,
3367,8659,,
3959,8660,,
167,8661,,
2566,8662,,
394,8663,,
3923,8664,,
2576,8665,,
3093,8666,,
2950,8667,,
3634,8668,,
3961,8669,,
3962,8670,,
247,8671,,
3474,8672,,
2021,8673,,
3397,8674,,
3181,8675,,
944,8676,,
162,8677,,
2145,8678,,
3397,8679,,
41,8680,,
3434,8681,,
2576,8682,,
3681,8683,,
3939,8684,,
3397,8685,,
2374,8686,,
3199,8687,,
3397,8688,,
3397,8689,,
31,8690,,
3299,8691,,
3931,8692,,
3865,8693,,
2988,8694,,
3579,8695,,
2988,8696,,
2988,8697,,
2576,8698,,
1386,8699,,
3310,8700,,
3669,8701,,
3965,8702,,
513,8703,,
3966,8704,,
3058,8705,,
3931,8706,,
3931,8707,,
954,8708,,
3144,8709,,
3397,8710,,
3397,8711,,
3634,8712,,
944,8713,,
471,8714,,
1882,8715,,
2348,8716,,
2348,8717,,
741,8718,,
1693,8719,,
3494,8720,,
3517,8721,,
3494,8722,,
2988,8723,,
3494,8724,,
206,8725,,
3494,8726,,
1346,8727,,
2576,8728,,
2576,8729,,
2576,8730,,
394,8731,,
162,8732,,
123,8733,,
2719,8734,,
2719,8735,,
2719,8736,,
2719,8737,,
3397,8738,,
2988,8739,,
3397,8740,,
3931,8741,,
3931,8742,,
3452,8743,,
3093,8744,,
3188,8745,,
3931,8746,,
3931,8747,,
63,8748,,
111,8749,,
1911,8750,,
3969,8751,,
2576,8752,,
3971,8753,,
2576,8754,,
3793,8755,,
246,8756,,
246,8757,,
246,8758,,
3886,8759,,
246,8760,,
2576,8761,,
246,8762,,
3486,8763,,
2651,8764,,
2651,8765,,
3500,8766,,
944,8767,,
3945,8768,,
3945,8769,,
3945,8770,,
3972,8771,,
3945,8772,,
3945,8773,,
3945,8774,,
3945,8775,,
3945,8776,,
3945,8777,,
547,8778,,
162,8779,,
726,8780,,
162,8781,,
3397,8782,,
2756,8783,,
2576,8784,,
394,8785,,
394,8786,,
3397,8787,,
3486,8788,,
2576,8789,,
2576,8790,,
2576,8791,,
2576,8792,,
2576,8793,,
2067,8794,,
3974,8795,,
2152,8796,,
781,8797,,
179,8798,,
2988,8799,,
2988,8800,,
2988,8801,,
162,8802,,
3397,8803,,
3310,8804,,
944,8805,,
944,8806,,
2950,8807,,
162,8808,,
3397,8809,,
976,8810,,
246,8811,,
1347,8812,,
2988,8813,,
2576,8814,,
1622,8815,,
3476,8816,,
387,8817,,
387,8818,,
53,8819,,
188,8820,,
3476,8821,,
61,8822,,
3452,8823,,
3397,8824,,
3452,8825,,
3452,8826,,
3452,8827,,
3452,8828,,
3169,8829,,
3169,8830,,
3011,8831,,
3011,8832,,
471,8833,,
3977,8834,,
1935,8835,,
3169,8836,,
3169,8837,,
3169,8838,,
3679,8839,,
1012,8840,,
669,8841,,
246,8842,,
2988,8843,,
2988,8844,,
3397,8845,,
3476,8846,,
1451,8847,,
1451,8848,,
3517,8849,,
3979,8850,,
3169,8851,,
3397,8852,,
2656,8853,,
2557,8854,,
3980,8855,,
1925,8856,,
3883,8857,,
970,8858,,
3169,8859,,
3981,8860,,
3223,8861,,
2329,8862,,
1011,8863,,
3169,8864,,
3169,8865,,
2817,8866,,
438,8867,,
1931,8868,,
3982,8869,,
3984,8870,,
1665,8871,,
3921,8872,,
1667,8873,,
162,8874,,
1451,8875,,
3985,8876,,
1569,8877,,
1569,8878,,
2700,8879,,
861,8880,,
3458,8881,,
161,8882,,
394,8883,,
3397,8884,,
1451,8885,,
3987,8886,,
1040,8887,,
2591,8888,,
3988,8889,,
188,8890,,
3397,8891,,
3990,8892,,
1460,8893,,
3486,8894,,
3637,8895,,
3476,8896,,
848,8897,,
1977,8898,,
583,8899,,
3991,8900,,
3993,8901,,
1906,8902,,
3686,8903,,
3860,8904,,
2002,8905,,
3456,8906,,
857,8907,,
3996,8908,,
3494,8909,,
3445,8910,,
1925,8911,,
3860,8912,,
3972,8913,,
2608,8914,,
471,8915,,
3876,8916,,
3334,8917,,
3998,8918,,
3397,8919,,
2950,8920,,
1693,8921,,
1693,8922,,
2569,8923,,
4000,8924,,
1011,8925,,
843,8926,,
843,8927,,
3994,8928,,
603,8929,,
1230,8930,,
687,8931,,
4002,8932,,
2683,8933,,
3219,8934,,
3997,8935,,
2988,8936,,
4003,8937,,
1451,8938,,
3991,8939,,
3991,8940,,
503,8941,,
3706,8942,,
3997,8943,,
3997,8944,,
4005,8945,,
241,8946,,
3927,8947,,
3434,8948,,
2988,8949,,
3927,8950,,
2988,8951,,
224,8952,,
3494,8953,,
3494,8954,,
3494,8955,,
3397,8956,,
4006,8957,,
2152,8958,,
2297,8959,,
3927,8960,,
3434,8961,,
3397,8962,,
944,8963,,
2988,8964,,
3645,8965,,
3367,8966,,
3645,8967,,
639,8968,,
3606,8969,,
567,8970,,
1451,8971,,
394,8972,,
245,8973,,
3494,8974,,
3494,8975,,
3494,8976,,
3494,8977,,
3494,8978,,
246,8979,,
2988,8980,,
3282,8981,,
3504,8982,,
3361,8983,,
1451,8984,,
224,8985,,
2988,8986,,
3593,8987,,
394,8988,,
3093,8989,,
3686,8990,,
2988,8991,,
2988,8992,,
2988,8993,,
2988,8994,,
944,8995,,
944,8996,,
2180,8997,,
3445,8998,,
3397,8999,,
3397,9000,,
1812,9001,,
4009,9002,,
503,9003,,
3683,9004,,
3397,9005,,
3397,9006,,
2988,9007,,
857,9008,,
857,9009,,
2988,9010,,
2342,9011,,
857,9012,,
2988,9013,,
857,9014,,
2988,9015,,
3397,9016,,
3397,9017,,
31,9018,,
881,9019,,
2932,9020,,
1419,9021,,
1128,9022,,
3397,9023,,
2297,9024,,
2297,9025,,
3666,9026,,
2683,9027,,
3397,9028,,
3397,9029,,
1003,9030,,
244,9031,,
4012,9032,,
481,9033,,
394,9034,,
3962,9035,,
1255,9036,,
3397,9037,,
401,9038,,
1646,9039,,
2390,9040,,
3518,9041,,
3666,9042,,
3635,9043,,
3397,9044,,
2519,9045,,
639,9046,,
4014,9047,,
3397,9048,,
1778,9049,,
3229,9050,,
3476,9051,,
4015,9052,,
4017,9053,,
1276,9054,,
2803,9055,,
2803,9056,,
3776,9057,,
161,9058,,
4008,9059,,
4008,9060,,
4008,9061,,
503,9062,,
1576,9063,,
152,9064,,
3397,9065,,
3397,9066,,
3758,9067,,
944,9068,,
31,9069,,
3397,9070,,
3397,9071,,
3397,9072,,
4018,9073,,
2239,9074,,
162,9075,,
4000,9076,,
2217,9077,,
3494,9078,,
3494,9079,,
1693,9080,,
4016,9081,,
3494,9082,,
3666,9083,,
2719,9084,,
3666,9085,,
1524,9086,,
3627,9087,,
4008,9088,,
4008,9089,,
2256,9090,,
970,9091,,
3397,9092,,
3397,9093,,
3476,9094,,
2229,9095,,
3397,9096,,
3397,9097,,
2150,9098,,
669,9099,,
449,9100,,
4019,9101,,
2814,9102,,
3397,9103,,
3397,9104,,
449,9105,,
449,9106,,
449,9107,,
3795,9108,,
311,9109,,
162,9110,,
4021,9111,,
252,9112,,
2145,9113,,
1812,9114,,
3872,9115,,
3397,9116,,
3666,9117,,
3666,9118,,
3666,9119,,
3666,9120,,
2988,9121,,
3666,9122,,
162,9123,,
2360,9124,,
246,9125,,
3666,9126,,
3666,9127,,
3920,9128,,
3666,9129,,
188,9130,,
3920,9131,,
2999,9132,,
162,9133,,
2814,9134,,
3920,9135,,
3666,9136,,
162,9137,,
3666,9138,,
3666,9139,,
3920,9140,,
387,9141,,
4024,9142,,
4025,9143,,
4025,9144,,
4025,9145,,
3666,9146,,
3647,9147,,
3666,9148,,
3666,9149,,
3920,9150,,
3666,9151,,
3666,9152,,
3169,9153,,
3920,9154,,
503,9155,,
4026,9156,,
3920,9157,,
3666,9158,,
3666,9159,,
6,9160,,
3666,9161,,
3920,9162,,
3666,9163,,
3397,9164,,
3666,9165,,
3666,9166,,
3666,9167,,
3666,9168,,
160,9169,,
2523,9170,,
3666,9171,,
3666,9172,,
3666,9173,,
471,9174,,
3169,9175,,
3666,9176,,
41,9177,,
3666,9178,,
3579,9179,,
162,9180,,
2726,9181,,
2011,9182,,
2011,9183,,
2011,9184,,
2011,9185,,
2011,9186,,
1050,9187,,
1367,9188,,
3920,9189,,
3920,9190,,
153,9191,,
3397,9192,,
503,9193,,
1682,9194,,
1682,9195,,
1682,9196,,
4017,9197,,
3666,9198,,
342,9199,,
2988,9200,,
478,9201,,
147,9202,,
3801,9203,,
4031,9204,,
3272,9205,,
4031,9206,,
4032,9207,,
4032,9208,,
4032,9209,,
4032,9210,,
2611,9211,,
4033,9212,,
2206,9213,,
1531,9214,,
2742,9215,,
894,9216,,
160,9217,,
3754,9218,,
2683,9219,,
3397,9220,,
2243,9221,,
125,9222,,
1708,9223,,
3397,9224,,
394,9225,,
3827,9226,,
3827,9227,,
3827,9228,,
3827,9229,,
162,9230,,
3920,9231,,
152,9232,,
55,9233,,
3397,9234,,
162,9235,,
596,9236,,
4035,9237,,
4036,9238,,
4037,9239,,
4037,9240,,
4037,9241,,
4037,9242,,
4037,9243,,
3169,9244,,
2947,9245,,
4038,9246,,
4038,9247,,
4040,9248,,
1451,9249,,
1451,9250,,
4041,9251,,
4042,9252,,
3093,9253,,
83,9254,,
3920,9255,,
4017,9256,,
162,9257,,
2145,9258,,
3920,9259,,
3920,9260,,
3679,9261,,
3397,9262,,
4047,9263,,
1942,9264,,
162,9265,,
3920,9266,,
3920,9267,,
4048,9268,,
953,9269,,
249,9270,,
249,9271,,
249,9272,,
4049,9273,,
394,9274,,
2705,9275,,
3016,9276,,
3920,9277,,
162,9278,,
4051,9279,,
1735,9280,,
162,9281,,
503,9282,,
3920,9283,,
3920,9284,,
249,9285,,
403,9286,,
403,9287,,
2988,9288,,
2988,9289,,
2988,9290,,
503,9291,,
3397,9292,,
857,9293,,
403,9294,,
3287,9295,,
1822,9296,,
3349,9297,,
162,9298,,
3650,9299,,
3397,9300,,
2556,9301,,
1693,9302,,
4054,9303,,
394,9304,,
2011,9305,,
4056,9306,,
944,9307,,
471,9308,,
162,9309,,
3165,9310,,
1329,9311,,
162,9312,,
342,9313,,
1682,9314,,
1682,9315,,
4051,9316,,
147,9317,,
92,9318,,
3397,9319,,
1011,9320,,
2390,9321,,
3397,9322,,
1011,9323,,
1670,9324,,
1011,9325,,
2145,9326,,
162,9327,,
3397,9328,,
3716,9329,,
4057,9330,,
2206,9331,,
2206,9332,,
2206,9333,,
2206,9334,,
3920,9335,,
438,9336,,
3920,9337,,
944,9338,,
3729,9339,,
588,9340,,
113,9341,,
162,9342,,
3397,9343,,
3397,9344,,
406,9345,,
3367,9346,,
4055,9347,,
4055,9348,,
589,9349,,
31,9350,,
3397,9351,,
2112,9352,,
944,9353,,
162,9354,,
3941,9355,,
406,9356,,
162,9357,,
3188,9358,,
2145,9359,,
2326,9360,,
3412,9361,,
984,9362,,
3876,9363,,
4039,9364,,
3527,9365,,
3455,9366,,
1841,9367,,
1841,9368,,
406,9369,,
4051,9370,,
1841,9371,,
656,9372,,
2424,9373,,
4061,9374,,
611,9375,,
4062,9376,,
3524,9377,,
4004,9378,,
4004,9379,,
4004,9380,,
4004,9381,,
944,9382,,
31,9383,,
3154,9384,,
394,9385,,
3940,9386,,
3397,9387,,
2487,9388,,
147,9389,,
2651,9390,,
2651,9391,,
1682,9392,,
394,9393,,
588,9394,,
806,9395,,
3835,9396,,
1936,9397,,
1682,9398,,
3031,9399,,
1396,9400,,
1950,9401,,
4065,9402,,
2481,9403,,
1883,9404,,
1007,9405,,
3251,9406,,
3728,9407,,
3397,9408,,
162,9409,,
2618,9410,,
2129,9411,,
3681,9412,,
394,9413,,
2229,9414,,
4071,9415,,
3397,9416,,
3624,9417,,
2182,9418,,
1682,9419,,
958,9420,,
3697,9421,,
113,9422,,
3927,9423,,
3527,9424,,
3927,9425,,
3527,9426,,
3927,9427,,
3809,9428,,
2129,9429,,
2728,9430,,
624,9431,,
1376,9432,,
503,9433,,
3397,9434,,
3397,9435,,
414,9436,,
3397,9437,,
303,9438,,
31,9439,,
503,9440,,
503,9441,,
503,9442,,
503,9443,,
503,9444,,
503,9445,,
503,9446,,
458,9447,,
3856,9448,,
155,9449,,
1875,9450,,
1875,9451,,
1875,9452,,
1875,9453,,
4030,9454,,
4030,9455,,
4030,9456,,
31,9457,,
3169,9458,,
3410,9459,,
3397,9460,,
1315,9461,,
3314,9462,,
4075,9463,,
3964,9464,,
152,9465,,
3397,9466,,
3681,9467,,
4076,9468,,
2145,9469,,
2725,9470,,
147,9471,,
3397,9472,,
4008,9473,,
4030,9474,,
249,9475,,
3614,9476,,
1954,9477,,
3962,9478,,
3679,9479,,
3697,9480,,
4030,9481,,
4030,9482,,
3697,9483,,
4030,9484,,
4030,9485,,
162,9486,,
3876,9487,,
3876,9488,,
3587,9489,,
3587,9490,,
3587,9491,,
3397,9492,,
3397,9493,,
1467,9494,,
1682,9495,,
4078,9496,,
3397,9497,,
3397,9498,,
3879,9499,,
249,9500,,
249,9501,,
249,9502,,
249,9503,,
249,9504,,
249,9505,,
249,9506,,
249,9507,,
2915,9508,,
2915,9509,,
4079,9510,,
4080,9511,,
107,9512,,
2145,9513,,
2291,9514,,
3056,9515,,
3056,9516,,
2218,9517,,
2218,9518,,
4044,9519,,
2218,9520,,
3494,9521,,
503,9522,,
3494,9523,,
503,9524,,
503,9525,,
503,9526,,
503,9527,,
503,9528,,
503,9529,,
503,9530,,
503,9531,,
503,9532,,
3927,9533,,
3494,9534,,
2218,9535,,
2218,9536,,
2218,9537,,
2607,9538,,
4084,9539,,
4084,9540,,
4086,9541,,
4084,9542,,
4084,9543,,
4073,9544,,
4073,9545,,
4087,9546,,
3587,9547,,
3587,9548,,
3587,9549,,
3587,9550,,
3587,9551,,
3587,9552,,
3397,9553,,
2186,9554,,
3397,9555,,
4088,9556,,
3653,9557,,
3397,9558,,
3397,9559,,
4073,9560,,
4073,9561,,
1784,9562,,
2950,9563,,
3587,9564,,
3587,9565,,
3587,9566,,
4051,9567,,
3504,9568,,
394,9569,,
2915,9570,,
2243,9571,,
503,9572,,
3920,9573,,
3920,9574,,
3587,9575,,
3408,9576,,
3787,9577,,
3587,9578,,
3587,9579,,
3587,9580,,
3397,9581,,
3587,9582,,
3587,9583,,
3920,9584,,
3920,9585,,
31,9586,,
2809,9587,,
503,9588,,
3920,9589,,
990,9590,,
2218,9591,,
4017,9592,,
2844,9593,,
2844,9594,,
206,9595,,
1524,9596,,
3397,9597,,
471,9598,,
3699,9599,,
358,9600,,
3884,9601,,
134,9602,,
4089,9603,,
3397,9604,,
4060,9605,,
4060,9606,,
4060,9607,,
4060,9608,,
252,9609,,
3914,9610,,
3172,9611,,
3746,9612,,
1830,9613,,
3494,9614,,
3063,9615,,
591,9616,,
3587,9617,,
4097,9618,,
503,9619,,
311,9620,,
4098,9621,,
1094,9622,,
252,9623,,
990,9624,,
2658,9625,,
990,9626,,
2375,9627,,
2145,9628,,
3681,9629,,
3681,9630,,
3681,9631,,
1925,9632,,
3397,9633,,
3397,9634,,
311,9635,,
3735,9636,,
944,9637,,
3978,9638,,
2160,9639,,
3527,9640,,
2160,9641,,
162,9642,,
2145,9643,,
1682,9644,,
3920,9645,,
535,9646,,
2160,9647,,
162,9648,,
69,9649,,
2425,9650,,
3648,9651,,
4073,9652,,
503,9653,,
3056,9654,,
3056,9655,,
3056,9656,,
3063,9657,,
3397,9658,,
944,9659,,
246,9660,,
1260,9661,,
1260,9662,,
3397,9663,,
3478,9664,,
2814,9665,,
3149,9666,,
117,9667,,
3527,9668,,
3517,9669,,
4017,9670,,
2860,9671,,
1504,9672,,
1504,9673,,
904,9674,,
3922,9675,,
1693,9676,,
2078,9677,,
3397,9678,,
2430,9679,,
3960,9680,,
1822,9681,,
3349,9682,,
3397,9683,,
3964,9684,,
2160,9685,,
1763,9686,,
2160,9687,,
2160,9688,,
4103,9689,,
162,9690,,
1682,9691,,
3920,9692,,
2129,9693,,
3920,9694,,
3494,9695,,
2129,9696,,
3920,9697,,
2129,9698,,
1855,9699,,
471,9700,,
3397,9701,,
2058,9702,,
3397,9703,,
3397,9704,,
3964,9705,,
4107,9706,,
944,9707,,
2693,9708,,
4103,9709,,
4103,9710,,
4103,9711,,
4103,9712,,
4103,9713,,
4103,9714,,
4103,9715,,
4103,9716,,
4103,9717,,
4103,9718,,
4103,9719,,
4103,9720,,
4103,9721,,
4103,9722,,
4103,9723,,
4103,9724,,
4103,9725,,
4103,9726,,
4103,9727,,
4103,9728,,
4103,9729,,
2326,9730,,
2326,9731,,
2186,9732,,
990,9733,,
3876,9734,,
2160,9735,,
152,9736,,
2416,9737,,
2145,9738,,
246,9739,,
4058,9740,,
4058,9741,,
970,9742,,
3920,9743,,
2030,9744,,
2660,9745,,
540,9746,,
3687,9747,,
4017,9748,,
4017,9749,,
4017,9750,,
4017,9751,,
4017,9752,,
4017,9753,,
4110,9754,,
3844,9755,,
2814,9756,,
3462,9757,,
1451,9758,,
2295,9759,,
1613,9760,,
162,9761,,
2207,9762,,
1187,9763,,
4039,9764,,
1909,9765,,
2725,9766,,
2026,9767,,
2740,9768,,
4026,9769,,
4102,9770,,
3779,9771,,
4110,9772,,
4058,9773,,
4085,9774,,
4085,9775,,
4085,9776,,
4085,9777,,
3272,9778,,
4112,9779,,
4112,9780,,
246,9781,,
4112,9782,,
4112,9783,,
4085,9784,,
4085,9785,,
4085,9786,,
4085,9787,,
4085,9788,,
4085,9789,,
4085,9790,,
4085,9791,,
4085,9792,,
4085,9793,,
4085,9794,,
4085,9795,,
4085,9796,,
4085,9797,,
503,9798,,
3823,9799,,
4111,9800,,
2719,9801,,
2787,9802,,
4058,9803,,
3222,9804,,
674,9805,,
3093,9806,,
2573,9807,,
1892,9808,,
496,9809,,
4077,9810,,
496,9811,,
496,9812,,
496,9813,,
496,9814,,
496,9815,,
2279,9816,,
1665,9817,,
162,9818,,
2218,9819,,
3417,9820,,
1925,9821,,
2122,9822,,
4039,9823,,
3397,9824,,
4103,9825,,
394,9826,,
3920,9827,,
3920,9828,,
678,9829,,
654,9830,,
4110,9831,,
4110,9832,,
970,9833,,
3388,9834,,
921,9835,,
394,9836,,
3058,9837,,
3920,9838,,
1812,9839,,
1430,9840,,
4117,9841,,
4112,9842,,
4112,9843,,
4051,9844,,
4121,9845,,
4121,9846,,
1438,9847,,
4121,9848,,
4121,9849,,
4121,9850,,
4120,9851,,
3943,9852,,
1224,9853,,
3622,9854,,
2181,9855,,
3318,9856,,
3318,9857,,
3318,9858,,
152,9859,,
4111,9860,,
4111,9861,,
2996,9862,,
31,9863,,
31,9864,,
4112,9865,,
3397,9866,,
31,9867,,
3318,9868,,
394,9869,,
3862,9870,,
4123,9871,,
4123,9872,,
2390,9873,,
4110,9874,,
4110,9875,,
3397,9876,,
3486,9877,,
4039,9878,,
4123,9879,,
4123,9880,,
3040,9881,,
53,9882,,
4046,9883,,
3630,9884,,
2353,9885,,
1682,9886,,
1682,9887,,
3883,9888,,
3883,9889,,
4125,9890,,
3397,9891,,
2304,9892,,
3964,9893,,
4127,9894,,
4091,9895,,
946,9896,,
2586,9897,,
4127,9898,,
4129,9899,,
4130,9900,,
1119,9901,,
1327,9902,,
188,9903,,
919,9904,,
188,9905,,
188,9906,,
1892,9907,,
4053,9908,,
2397,9909,,
3920,9910,,
3920,9911,,
2662,9912,,
4053,9913,,
4026,9914,,
4053,9915,,
4053,9916,,
3920,9917,,
4053,9918,,
503,9919,,
503,9920,,
503,9921,,
3074,9922,,
1682,9923,,
1682,9924,,
4134,9925,,
503,9926,,
1438,9927,,
1158,9928,,
1158,9929,,
3059,9930,,
2641,9931,,
1945,9932,,
246,9933,,
3884,9934,,
2559,9935,,
652,9936,,
357,9937,,
2821,9938,,
3772,9939,,
4120,9940,,
2988,9941,,
569,9942,,
246,9943,,
53,9944,,
394,9945,,
870,9946,,
3397,9947,,
1918,9948,,
41,9949,,
989,9950,,
944,9951,,
944,9952,,
2934,9953,,
4053,9954,,
179,9955,,
4070,9956,,
4139,9957,,
41,9958,,
41,9959,,
41,9960,,
41,9961,,
41,9962,,
53,9963,,
4069,9964,,
4069,9965,,
4069,9966,,
4069,9967,,
3879,9968,,
4127,9969,,
4127,9970,,
162,9971,,
4023,9972,,
53,9973,,
3879,9974,,
3093,9975,,
3879,9976,,
2390,9977,,
3879,9978,,
2145,9979,,
162,9980,,
4138,9981,,
3411,9982,,
1062,9983,,
162,9984,,
2123,9985,,
1337,9986,,
4144,9987,,
2926,9988,,
1358,9989,,
53,9990,,
2719,9991,,
2719,9992,,
1291,9993,,
2326,9994,,
3408,9995,,
3408,9996,,
3397,9997,,
4073,9998,,
3723,9999,,
3723,10000,,
2814,10001,,
1812,10002,,
3318,10003,,
2082,10004,,
3920,10005,,
3486,10006,,
3397,10007,,
4059,10008,,
4059,10009,,
4137,10010,,
2850,10011,,
990,10012,,
3707,10013,,
4030,10014,,
4030,10015,,
162,10016,,
4148,10017,,
4111,10018,,
3489,10019,,
1954,10020,,
182,10021,,
1451,10022,,
4150,10023,,
3397,10024,,
4067,10025,,
4047,10026,,
2160,10027,,
3707,10028,,
3488,10029,,
3707,10030,,
495,10031,,
1693,10032,,
1776,10033,,
3707,10034,,
2699,10035,,
3920,10036,,
4053,10037,,
4053,10038,,
2903,10039,,
4153,10040,,
3476,10041,,
3920,10042,,
843,10043,,
2988,10044,,
3707,10045,,
1024,10046,,
1120,10047,,
3397,10048,,
3397,10049,,
3927,10050,,
1243,10051,,
2160,10052,,
4007,10053,,
2160,10054,,
4082,10055,,
162,10056,,
2252,10057,,
4155,10058,,
3425,10059,,
162,10060,,
394,10061,,
3634,10062,,
4109,10063,,
4109,10064,,
3397,10065,,
3468,10066,,
4109,10067,,
2198,10068,,
267,10069,,
3327,10070,,
4137,10071,,
1499,10072,,
152,10073,,
128,10074,,
3397,10075,,
2197,10076,,
3397,10077,,
414,10078,,
3513,10079,,
3093,10080,,
2424,10081,,
162,10082,,
3084,10083,,
723,10084,,
246,10085,,
2764,10086,,
1693,10087,,
3397,10088,,
4023,10089,,
4164,10090,,
3397,10091,,
3324,10092,,
3747,10093,,
1655,10094,,
3397,10095,,
3397,10096,,
3397,10097,,
3397,10098,,
162,10099,,
3397,10100,,
3397,10101,,
132,10102,,
132,10103,,
132,10104,,
132,10105,,
4110,10106,,
3397,10107,,
2232,10108,,
1693,10109,,
819,10110,,
2988,10111,,
3397,10112,,
3367,10113,,
3397,10114,,
162,10115,,
3397,10116,,
3397,10117,,
3397,10118,,
3397,10119,,
3397,10120,,
944,10121,,
944,10122,,
944,10123,,
2988,10124,,
2988,10125,,
2692,10126,,
2122,10127,,
2122,10128,,
2122,10129,,
3397,10130,,
1699,10131,,
2312,10132,,
2487,10133,,
2836,10134,,
4063,10135,,
4156,10136,,
4029,10137,,
162,10138,,
3367,10139,,
31,10140,,
31,10141,,
31,10142,,
4161,10143,,
4161,10144,,
394,10145,,
3082,10146,,
160,10147,,
162,10148,,
2202,10149,,
944,10150,,
160,10151,,
160,10152,,
3827,10153,,
3827,10154,,
3827,10155,,
3827,10156,,
3827,10157,,
3827,10158,,
2937,10159,,
3827,10160,,
3666,10161,,
3827,10162,,
3827,10163,,
3827,10164,,
3666,10165,,
2814,10166,,
2988,10167,,
2988,10168,,
2988,10169,,
2988,10170,,
2988,10171,,
162,10172,,
2122,10173,,
162,10174,,
2988,10175,,
4109,10176,,
2988,10177,,
2988,10178,,
4109,10179,,
3513,10180,,
4109,10181,,
4109,10182,,
4109,10183,,
4109,10184,,
294,10185,,
162,10186,,
4059,10187,,
3434,10188,,
3382,10189,,
3740,10190,,
3646,10191,,
4092,10192,,
3434,10193,,
496,10194,,
299,10195,,
4092,10196,,
3687,10197,,
3558,10198,,
188,10199,,
3907,10200,,
3621,10201,,
3666,10202,,
31,10203,,
162,10204,,
2735,10205,,
3907,10206,,
3397,10207,,
3666,10208,,
3666,10209,,
699,10210,,
699,10211,,
3084,10212,,
4173,10213,,
4154,10214,,
4171,10215,,
51,10216,,
3920,10217,,
3084,10218,,
2485,10219,,
197,10220,,
246,10221,,
394,10222,,
4175,10223,,
3524,10224,,
2312,10225,,
285,10226,,
246,10227,,
162,10228,,
2112,10229,,
2160,10230,,
3975,10231,,
3920,10232,,
414,10233,,
2122,10234,,
4180,10235,,
1520,10236,,
3397,10237,,
2144,10238,,
4027,10239,,
4422,10240,,
3920,10241,,
1838,10242,,
2652,10243,,
3476,10244,,
3985,10245,,
161,10246,,
2390,10247,,
73,10248,,
458,10249,,
1504,10250,,
503,10251,,
132,10252,,
3397,10253,,
3093,10254,,
1055,10255,,
3003,10256,,
2988,10257,,
3502,10258,,
1387,10259,,
503,10260,,
4182,10261,,
4104,10262,,
4104,10263,,
1764,10264,,
4183,10265,,
4183,10266,,
4183,10267,,
1203,10268,,
1723,10269,,
525,10270,,
153,10271,,
3718,10272,,
2003,10273,,
3962,10274,,
986,10275,,
942,10276,,
1878,10277,,
1423,10278,,
499,10279,,
4118,10280,,
4173,10281,,
3397,10282,,
3920,10283,,
3920,10284,,
3636,10285,,
3695,10286,,
416,10287,,
1531,10288,,
1531,10289,,
1531,10290,,
4173,10291,,
3147,10292,,
4173,10293,,
4173,10294,,
4173,10295,,
3397,10296,,
1531,10297,,
503,10298,,
4156,10299,,
4156,10300,,
4156,10301,,
4156,10302,,
4156,10303,,
4156,10304,,
4156,10305,,
1460,10306,,
4185,10307,,
3367,10308,,
2798,10309,,
2315,10310,,
3363,10311,,
4185,10312,,
4185,10313,,
4185,10314,,
4185,10315,,
4185,10316,,
4185,10317,,
4185,10318,,
4185,10319,,
4185,10320,,
4120,10321,,
3397,10322,,
1079,10323,,
1451,10324,,
2814,10325,,
2814,10326,,
2814,10327,,
106,10328,,
4187,10329,,
4111,10330,,
31,10331,,
1070,10332,,
245,10333,,
162,10334,,
162,10335,,
3216,10336,,
55,10337,,
757,10338,,
4190,10339,,
7,10340,,
394,10341,,
3169,10342,,
3683,10343,,
3958,10344,,
3920,10345,,
503,10346,,
836,10347,,
41,10348,,
3397,10349,,
944,10350,,
3111,10351,,
3111,10352,,
53,10353,,
2488,10354,,
2407,10355,,
4181,10356,,
162,10357,,
3505,10358,,
514,10359,,
514,10360,,
514,10361,,
4192,10362,,
2719,10363,,
596,10364,,
3920,10365,,
4154,10366,,
162,10367,,
3486,10368,,
3169,10369,,
3169,10370,,
3169,10371,,
944,10372,,
2576,10373,,
263,10374,,
3397,10375,,
4111,10376,,
4111,10377,,
514,10378,,
2550,10379,,
41,10380,,
3397,10381,,
41,10382,,
2297,10383,,
2297,10384,,
3263,10385,,
944,10386,,
37,10387,,
37,10388,,
37,10389,,
37,10390,,
37,10391,,
238,10392,,
1790,10393,,
3397,10394,,
3872,10395,,
535,10396,,
3397,10397,,
2002,10398,,
2190,10399,,
3397,10400,,
3397,10401,,
3397,10402,,
3397,10403,,
1418,10404,,
3920,10405,,
503,10406,,
3397,10407,,
535,10408,,
210,10409,,
3397,10410,,
3397,10411,,
3920,10412,,
2719,10413,,
3397,10414,,
3920,10415,,
3920,10416,,
162,10417,,
3920,10418,,
394,10419,,
2190,10420,,
2190,10421,,
4183,10422,,
42,10423,,
4195,10424,,
246,10425,,
2515,10426,,
4196,10427,,
2079,10428,,
3151,10429,,
4197,10430,,
535,10431,,
2950,10432,,
31,10433,,
160,10434,,
4199,10435,,
3800,10436,,
944,10437,,
4200,10438,,
3474,10439,,
2531,10440,,
3509,10441,,
1925,10442,,
1812,10443,,
4201,10444,,
1011,10445,,
2160,10446,,
3476,10447,,
4202,10448,,
31,10449,,
1441,10450,,
3713,10451,,
4193,10452,,
944,10453,,
3153,10454,,
944,10455,,
3397,10456,,
3397,10457,,
1883,10458,,
2160,10459,,
2937,10460,,
1892,10461,,
132,10462,,
4203,10463,,
1892,10464,,
4204,10465,,
3978,10466,,
3752,10467,,
3527,10468,,
1954,10469,,
503,10470,,
188,10471,,
4050,10472,,
3920,10473,,
162,10474,,
4206,10475,,
2988,10476,,
252,10477,,
1451,10478,,
1925,10479,,
3587,10480,,
4208,10481,,
4156,10482,,
4209,10483,,
3188,10484,,
4210,10485,,
3397,10486,,
3397,10487,,
4058,10488,,
3093,10489,,
3397,10490,,
162,10491,,
529,10492,,
311,10493,,
2550,10494,,
2257,10495,,
3169,10496,,
2278,10497,,
3388,10498,,
4211,10499,,
1035,10500,,
2012,10501,,
3682,10502,,
1925,10503,,
162,10504,,
1761,10505,,
2563,10506,,
3613,10507,,
2297,10508,,
1511,10509,,
2297,10510,,
3819,10511,,
2023,10512,,
4212,10513,,
3664,10514,,
31,10515,,
3989,10516,,
330,10517,,
206,10518,,
3920,10519,,
3058,10520,,
3774,10521,,
162,10522,,
319,10523,,
708,10524,,
4213,10525,,
4214,10526,,
3397,10527,,
4090,10528,,
4192,10529,,
2828,10530,,
2828,10531,,
2828,10532,,
3397,10533,,
41,10534,,
162,10535,,
348,10536,,
4215,10537,,
3949,10538,,
3989,10539,,
162,10540,,
1257,10541,,
162,10542,,
1884,10543,,
2160,10544,,
3920,10545,,
2160,10546,,
503,10547,,
3920,10548,,
3527,10549,,
2923,10550,,
3397,10551,,
3527,10552,,
3989,10553,,
3989,10554,,
3989,10555,,
2789,10556,,
2683,10557,,
3828,10558,,
686,10559,,
4120,10560,,
944,10561,,
152,10562,,
3920,10563,,
3397,10564,,
31,10565,,
2758,10566,,
152,10567,,
107,10568,,
4334,10569,,
3873,10570,,
4129,10571,,
4133,10572,,
4133,10573,,
3797,10574,,
1724,10575,,
188,10576,,
162,10577,,
429,10578,,
4050,10579,,
4129,10580,,
535,10581,,
2833,10582,,
4223,10583,,
3879,10584,,
1570,10585,,
4224,10586,,
3048,10587,,
162,10588,,
3824,10589,,
3093,10590,,
4334,10591,,
2607,10592,,
2607,10593,,
162,10594,,
4198,10595,,
4197,10596,,
4197,10597,,
497,10598,,
4207,10599,,
3932,10600,,
162,10601,,
2315,10602,,
3210,10603,,
3920,10604,,
3397,10605,,
3397,10606,,
3314,10607,,
3920,10608,,
3967,10609,,
162,10610,,
1451,10611,,
3679,10612,,
3397,10613,,
3827,10614,,
3827,10615,,
3827,10616,,
2950,10617,,
1162,10618,,
4226,10619,,
4227,10620,,
4228,10621,,
2145,10622,,
241,10623,,
3184,10624,,
3184,10625,,
2312,10626,,
2550,10627,,
2989,10628,,
968,10629,,
4228,10630,,
1451,10631,,
3397,10632,,
4228,10633,,
4191,10634,,
1451,10635,,
505,10636,,
4230,10637,,
3924,10638,,
1693,10639,,
162,10640,,
1682,10641,,
1682,10642,,
1682,10643,,
1682,10644,,
1682,10645,,
1682,10646,,
162,10647,,
4203,10648,,
4203,10649,,
4203,10650,,
4203,10651,,
4203,10652,,
1451,10653,,
162,10654,,
2078,10655,,
2145,10656,,
2331,10657,,
2160,10658,,
162,10659,,
1531,10660,,
456,10661,,
160,10662,,
4231,10663,,
3190,10664,,
2753,10665,,
179,10666,,
2810,10667,,
4234,10668,,
3397,10669,,
3397,10670,,
718,10671,,
4236,10672,,
270,10673,,
887,10674,,
153,10675,,
809,10676,,
4058,10677,,
2991,10678,,
2864,10679,,
4111,10680,,
2632,10681,,
3397,10682,,
1925,10683,,
2073,10684,,
3680,10685,,
4237,10686,,
394,10687,,
2955,10688,,
3397,10689,,
3397,10690,,
4238,10691,,
3876,10692,,
31,10693,,
4138,10694,,
862,10695,,
41,10696,,
2988,10697,,
160,10698,,
3703,10699,,
162,10700,,
2807,10701,,
442,10702,,
3093,10703,,
1955,10704,,
198,10705,,
204,10706,,
2725,10707,,
162,10708,,
162,10709,,
4243,10710,,
162,10711,,
252,10712,,
856,10713,,
2467,10714,,
503,10715,,
168,10716,,
1892,10717,,
162,10718,,
1007,10719,,
767,10720,,
3397,10721,,
1167,10722,,
442,10723,,
442,10724,,
2550,10725,,
4158,10726,,
2037,10727,,
2989,10728,,
3918,10729,,
4244,10730,,
1954,10731,,
4183,10732,,
3397,10733,,
1011,10734,,
3622,10735,,
3548,10736,,
4239,10737,,
4245,10738,,
2764,10739,,
4229,10740,,
3469,10741,,
3564,10742,,
394,10743,,
1892,10744,,
2312,10745,,
3855,10746,,
394,10747,,
394,10748,,
2854,10749,,
333,10750,,
741,10751,,
1890,10752,,
3171,10753,,
3397,10754,,
3397,10755,,
394,10756,,
31,10757,,
4246,10758,,
2880,10759,,
2660,10760,,
3445,10761,,
3758,10762,,
31,10763,,
2680,10764,,
2160,10765,,
1719,10766,,
3476,10767,,
2833,10768,,
3666,10769,,
1597,10770,,
3666,10771,,
3666,10772,,
3666,10773,,
3666,10774,,
2833,10775,,
2833,10776,,
2833,10777,,
2833,10778,,
3876,10779,,
944,10780,,
1738,10781,,
4111,10782,,
2164,10783,,
4250,10784,,
4251,10785,,
1597,10786,,
1597,10787,,
1597,10788,,
2680,10789,,
2680,10790,,
3733,10791,,
4083,10792,,
2455,10793,,
3710,10794,,
2550,10795,,
2833,10796,,
2833,10797,,
2190,10798,,
4233,10799,,
3093,10800,,
1281,10801,,
1393,10802,,
3397,10803,,
4013,10804,,
4013,10805,,
162,10806,,
2680,10807,,
2988,10808,,
2988,10809,,
2988,10810,,
4221,10811,,
4254,10812,,
2680,10813,,
2550,10814,,
3185,10815,,
3185,10816,,
3185,10817,,
3185,10818,,
3185,10819,,
3185,10820,,
3185,10821,,
3185,10822,,
3185,10823,,
3185,10824,,
4255,10825,,
4092,10826,,
4092,10827,,
2828,10828,,
4092,10829,,
4092,10830,,
1935,10831,,
3053,10832,,
3527,10833,,
3527,10834,,
4256,10835,,
147,10836,,
944,10837,,
241,10838,,
3367,10839,,
1451,10840,,
2686,10841,,
3527,10842,,
3827,10843,,
4084,10844,,
1309,10845,,
2340,10846,,
1009,10847,,
3397,10848,,
1682,10849,,
1682,10850,,
1682,10851,,
1682,10852,,
1682,10853,,
1682,10854,,
1682,10855,,
1682,10856,,
2160,10857,,
2550,10858,,
2660,10859,,
3871,10860,,
162,10861,,
525,10862,,
4179,10863,,
241,10864,,
4044,10865,,
3773,10866,,
162,10867,,
3920,10868,,
1007,10869,,
1451,10870,,
1451,10871,,
4258,10872,,
1451,10873,,
3367,10874,,
4051,10875,,
923,10876,,
2433,10877,,
525,10878,,
1682,10879,,
1682,10880,,
1682,10881,,
1682,10882,,
1682,10883,,
1682,10884,,
1682,10885,,
1682,10886,,
1682,10887,,
1682,10888,,
1925,10889,,
503,10890,,
1011,10891,,
2382,10892,,
4013,10893,,
1281,10894,,
3920,10895,,
1822,10896,,
3920,10897,,
4260,10898,,
4260,10899,,
4260,10900,,
4260,10901,,
4261,10902,,
1529,10903,,
596,10904,,
4126,10905,,
1011,10906,,
1011,10907,,
162,10908,,
2758,10909,,
1011,10910,,
1011,10911,,
13,10912,,
2143,10913,,
4039,10914,,
4264,10915,,
4265,10916,,
4263,10917,,
1451,10918,,
3120,10919,,
2315,10920,,
605,10921,,
3909,10922,,
1863,10923,,
4267,10924,,
31,10925,,
162,10926,,
398,10927,,
162,10928,,
1011,10929,,
398,10930,,
3349,10931,,
162,10932,,
162,10933,,
4268,10934,,
1011,10935,,
954,10936,,
162,10937,,
4269,10938,,
1056,10939,,
2550,10940,,
2257,10941,,
2989,10942,,
2160,10943,,
3093,10944,,
2603,10945,,
1007,10946,,
1007,10947,,
2333,10948,,
4220,10949,,
3397,10950,,
162,10951,,
3957,10952,,
3397,10953,,
4270,10954,,
3188,10955,,
2814,10956,,
1056,10957,,
968,10958,,
2143,10959,,
3106,10960,,
1188,10961,,
1451,10962,,
1451,10963,,
3584,10964,,
152,10965,,
3219,10966,,
3397,10967,,
3397,10968,,
3343,10969,,
2305,10970,,
2482,10971,,
4274,10972,,
4066,10973,,
53,10974,,
53,10975,,
162,10976,,
2433,10977,,
2521,10978,,
2550,10979,,
503,10980,,
503,10981,,
3318,10982,,
3318,10983,,
3318,10984,,
3318,10985,,
878,10986,,
1646,10987,,
152,10988,,
3920,10989,,
152,10990,,
3397,10991,,
3920,10992,,
3397,10993,,
3634,10994,,
3920,10995,,
1682,10996,,
1451,10997,,
3920,10998,,
152,10999,,
1682,11000,,
4277,11001,,
1007,11002,,
4092,11003,,
3666,11004,,
3666,11005,,
3666,11006,,
3666,11007,,
4168,11008,,
4168,11009,,
4168,11010,,
4132,11011,,
4044,11012,,
7,11013,,
3666,11014,,
1919,11015,,
3666,11016,,
3666,11017,,
3666,11018,,
3666,11019,,
3666,11020,,
3666,11021,,
4280,11022,,
3774,11023,,
4214,11024,,
4013,11025,,
41,11026,,
152,11027,,
2865,11028,,
152,11029,,
3397,11030,,
2026,11031,,
162,11032,,
2364,11033,,
1469,11034,,
162,11035,,
162,11036,,
162,11037,,
3109,11038,,
430,11039,,
953,11040,,
3072,11041,,
2725,11042,,
2900,11043,,
3318,11044,,
1682,11045,,
3397,11046,,
2721,11047,,
2362,11048,,
4281,11049,,
3093,11050,,
2988,11051,,
2988,11052,,
162,11053,,
1682,11054,,
3902,11055,,
387,11056,,
4282,11057,,
3397,11058,,
2988,11059,,
162,11060,,
3832,11061,,
1296,11062,,
3264,11063,,
3474,11064,,
1693,11065,,
1693,11066,,
1693,11067,,
1693,11068,,
1693,11069,,
1693,11070,,
2988,11071,,
3106,11072,,
2988,11073,,
2988,11074,,
2988,11075,,
596,11076,,
4283,11077,,
4282,11078,,
4282,11079,,
3058,11080,,
4282,11081,,
1920,11082,,
2763,11083,,
41,11084,,
41,11085,,
41,11086,,
4195,11087,,
4214,11088,,
4282,11089,,
4282,11090,,
3397,11091,,
3397,11092,,
3397,11093,,
773,11094,,
4286,11095,,
162,11096,,
162,11097,,
4013,11098,,
4179,11099,,
4013,11100,,
252,11101,,
311,11102,,
3518,11103,,
2576,11104,,
687,11105,,
4013,11106,,
4013,11107,,
3397,11108,,
3828,11109,,
147,11110,,
4287,11111,,
4133,11112,,
3397,11113,,
3397,11114,,
2988,11115,,
162,11116,,
1451,11117,,
1925,11118,,
162,11119,,
162,11120,,
147,11121,,
162,11122,,
3474,11123,,
1229,11124,,
3397,11125,,
162,11126,,
162,11127,,
162,11128,,
3401,11129,,
2359,11130,,
3523,11131,,
3523,11132,,
3523,11133,,
2424,11134,,
3486,11135,,
162,11136,,
2950,11137,,
2950,11138,,
3514,11139,,
3024,11140,,
1668,11141,,
2988,11142,,
162,11143,,
151,11144,,
162,11145,,
3397,11146,,
1011,11147,,
1625,11148,,
3523,11149,,
3486,11150,,
3486,11151,,
162,11152,,
4284,11153,,
162,11154,,
2950,11155,,
2950,11156,,
3587,11157,,
162,11158,,
3587,11159,,
3587,11160,,
4110,11161,,
3587,11162,,
162,11163,,
2623,11164,,
3758,11165,,
3397,11166,,
1693,11167,,
1693,11168,,
3832,11169,,
2814,11170,,
944,11171,,
3751,11172,,
2680,11173,,
4108,11174,,
953,11175,,
4286,11176,,
4292,11177,,
503,11178,,
1682,11179,,
4274,11180,,
3397,11181,,
3397,11182,,
4156,11183,,
4268,11184,,
4025,11185,,
2078,11186,,
456,11187,,
456,11188,,
162,11189,,
503,11190,,
503,11191,,
1682,11192,,
141,11193,,
944,11194,,
3445,11195,,
3445,11196,,
3397,11197,,
503,11198,,
2404,11199,,
4285,11200,,
394,11201,,
1693,11202,,
1693,11203,,
1693,11204,,
1693,11205,,
162,11206,,
775,11207,,
246,11208,,
3482,11209,,
2464,11210,,
3315,11211,,
1519,11212,,
394,11213,,
2251,11214,,
152,11215,,
3872,11216,,
2623,11217,,
3397,11218,,
4225,11219,,
3920,11220,,
162,11221,,
152,11222,,
2778,11223,,
2778,11224,,
162,11225,,
1682,11226,,
1682,11227,,
1682,11228,,
1682,11229,,
1682,11230,,
1682,11231,,
1682,11232,,
1682,11233,,
1682,11234,,
1682,11235,,
1682,11236,,
1682,11237,,
944,11238,,
3397,11239,,
3628,11240,,
162,11241,,
4268,11242,,
2778,11243,,
2778,11244,,
2778,11245,,
2778,11246,,
2778,11247,,
3982,11248,,
162,11249,,
776,11250,,
4292,11251,,
4292,11252,,
1347,11253,,
3397,11254,,
1517,11255,,
160,11256,,
3397,11257,,
3397,11258,,
3397,11259,,
1146,11260,,
162,11261,,
162,11262,,
162,11263,,
3372,11264,,
3372,11265,,
3814,11266,,
1693,11267,,
1693,11268,,
1693,11269,,
1693,11270,,
1693,11271,,
1693,11272,,
2480,11273,,
3013,11274,,
3814,11275,,
3397,11276,,
2312,11277,,
503,11278,,
456,11279,,
1854,11280,,
2987,11281,,
3445,11282,,
503,11283,,
503,11284,,
503,11285,,
503,11286,,
503,11287,,
2026,11288,,
162,11289,,
2315,11290,,
4300,11291,,
162,11292,,
162,11293,,
932,11294,,
4151,11295,,
4151,11296,,
2981,11297,,
4301,11298,,
1693,11299,,
4302,11300,,
3093,11301,,
4053,11302,,
162,11303,,
3920,11304,,
4274,11305,,
3920,11306,,
3920,11307,,
162,11308,,
2744,11309,,
4174,11310,,
4174,11311,,
4174,11312,,
2625,11313,,
4174,11314,,
4304,11315,,
4296,11316,,
4305,11317,,
4298,11318,,
3385,11319,,
342,11320,,
3397,11321,,
2719,11322,,
162,11323,,
3344,11324,,
162,11325,,
2996,11326,,
2549,11327,,
2151,11328,,
3740,11329,,
4013,11330,,
4013,11331,,
3661,11332,,
2454,11333,,
3259,11334,,
3259,11335,,
2333,11336,,
503,11337,,
503,11338,,
503,11339,,
503,11340,,
968,11341,,
2315,11342,,
3344,11343,,
3344,11344,,
830,11345,,
1602,11346,,
2828,11347,,
2828,11348,,
4140,11349,,
4237,11350,,
932,11351,,
3740,11352,,
932,11353,,
958,11354,,
263,11355,,
3397,11356,,
596,11357,,
2454,11358,,
4308,11359,,
4067,11360,,
4067,11361,,
4067,11362,,
4067,11363,,
4067,11364,,
4067,11365,,
4067,11366,,
4067,11367,,
4067,11368,,
4067,11369,,
4067,11370,,
4067,11371,,
162,11372,,
3460,11373,,
3367,11374,,
3442,11375,,
3920,11376,,
1702,11377,,
152,11378,,
1568,11379,,
2550,11380,,
3398,11381,,
3397,11382,,
4312,11383,,
1373,11384,,
55,11385,,
3773,11386,,
162,11387,,
4307,11388,,
4307,11389,,
4307,11390,,
4307,11391,,
4307,11392,,
4307,11393,,
4307,11394,,
4307,11395,,
1925,11396,,
4310,11397,,
4310,11398,,
4310,11399,,
4310,11400,,
4310,11401,,
4310,11402,,
4310,11403,,
4310,11404,,
4310,11405,,
4284,11406,,
3842,11407,,
956,11408,,
956,11409,,
4314,11410,,
3920,11411,,
4314,11412,,
3920,11413,,
3920,11414,,
1855,11415,,
1682,11416,,
1682,11417,,
1682,11418,,
1682,11419,,
1682,11420,,
1682,11421,,
4314,11422,,
4314,11423,,
4314,11424,,
3397,11425,,
3367,11426,,
162,11427,,
4266,11428,,
1412,11429,,
4315,11430,,
3058,11431,,
4316,11432,,
3058,11433,,
4013,11434,,
270,11435,,
787,11436,,
2160,11437,,
4318,11438,,
4319,11439,,
241,11440,,
3697,11441,,
3697,11442,,
3697,11443,,
3697,11444,,
3697,11445,,
4310,11446,,
4310,11447,,
4310,11448,,
4310,11449,,
4310,11450,,
4310,11451,,
4310,11452,,
3697,11453,,
394,11454,,
4314,11455,,
4230,11456,,
4268,11457,,
4268,11458,,
4268,11459,,
4268,11460,,
31,11461,,
4268,11462,,
4309,11463,,
2917,11464,,
3393,11465,,
2091,11466,,
4314,11467,,
4314,11468,,
4310,11469,,
4310,11470,,
4314,11471,,
4247,11472,,
4247,11473,,
4314,11474,,
4247,11475,,
4314,11476,,
3344,11477,,
152,11478,,
4314,11479,,
4314,11480,,
3397,11481,,
4274,11482,,
4308,11483,,
3372,11484,,
3372,11485,,
2988,11486,,
162,11487,,
4314,11488,,
4314,11489,,
3372,11490,,
162,11491,,
3344,11492,,
162,11493,,
3697,11494,,
3697,11495,,
3697,11496,,
3697,11497,,
3697,11498,,
3697,11499,,
4321,11500,,
1900,11501,,
4170,11502,,
31,11503,,
4304,11504,,
1597,11505,,
3901,11506,,
3698,11507,,
319,11508,,
4322,11509,,
3857,11510,,
3857,11511,,
3857,11512,,
3486,11513,,
1918,11514,,
497,11515,,
3474,11516,,
348,11517,,
3805,11518,,
4274,11519,,
669,11520,,
3527,11521,,
2937,11522,,
2937,11523,,
2937,11524,,
2937,11525,,
3397,11526,,
348,11527,,
1855,11528,,
613,11529,,
4299,11530,,
3222,11531,,
503,11532,,
3222,11533,,
3222,11534,,
41,11535,,
160,11536,,
4314,11537,,
4314,11538,,
3222,11539,,
3697,11540,,
3697,11541,,
3697,11542,,
3697,11543,,
456,11544,,
1363,11545,,
1797,11546,,
4319,11547,,
4318,11548,,
4318,11549,,
4318,11550,,
4318,11551,,
4318,11552,,
4318,11553,,
4318,11554,,
4318,11555,,
4318,11556,,
4326,11557,,
4324,11558,,
3832,11559,,
2607,11560,,
3820,11561,,
503,11562,,
4324,11563,,
1188,11564,,
3397,11565,,
2652,11566,,
1714,11567,,
503,11568,,
3819,11569,,
4324,11570,,
1451,11571,,
1451,11572,,
13,11573,,
3920,11574,,
497,11575,,
1800,11576,,
1451,11577,,
1451,11578,,
1451,11579,,
2585,11580,,
3857,11581,,
162,11582,,
533,11583,,
4328,11584,,
1451,11585,,
1451,11586,,
1451,11587,,
1451,11588,,
31,11589,,
1031,11590,,
3527,11591,,
1451,11592,,
1451,11593,,
4329,11594,,
1451,11595,,
776,11596,,
1451,11597,,
1451,11598,,
746,11599,,
508,11600,,
162,11601,,
4314,11602,,
162,11603,,
3666,11604,,
1451,11605,,
968,11606,,
1009,11607,,
3093,11608,,
3397,11609,,
686,11610,,
686,11611,,
686,11612,,
686,11613,,
686,11614,,
1726,11615,,
686,11616,,
686,11617,,
686,11618,,
686,11619,,
686,11620,,
686,11621,,
1818,11622,,
1438,11623,,
3920,11624,,
4309,11625,,
348,11626,,
1812,11627,,
3474,11628,,
3703,11629,,
162,11630,,
613,11631,,
1451,11632,,
3397,11633,,
1682,11634,,
613,11635,,
3397,11636,,
1723,11637,,
1830,11638,,
4331,11639,,
3314,11640,,
2023,11641,,
3434,11642,,
1822,11643,,
2213,11644,,
4290,11645,,
4290,11646,,
650,11647,,
2814,11648,,
2160,11649,,
3397,11650,,
944,11651,,
2828,11652,,
1011,11653,,
394,11654,,
3612,11655,,
3494,11656,,
3397,11657,,
299,11658,,
162,11659,,
162,11660,,
4314,11661,,
4314,11662,,
503,11663,,
4314,11664,,
2122,11665,,
162,11666,,
2002,11667,,
53,11668,,
3397,11669,,
4317,11670,,
162,11671,,
3527,11672,,
2542,11673,,
3920,11674,,
944,11675,,
342,11676,,
3594,11677,,
3594,11678,,
179,11679,,
413,11680,,
162,11681,,
2397,11682,,
4207,11683,,
3848,11684,,
503,11685,,
503,11686,,
503,11687,,
53,11688,,
3397,11689,,
4327,11690,,
4242,11691,,
1682,11692,,
162,11693,,
162,11694,,
162,11695,,
31,11696,,
162,11697,,
162,11698,,
162,11699,,
162,11700,,
162,11701,,
162,11702,,
162,11703,,
162,11704,,
162,11705,,
4242,11706,,
152,11707,,
4242,11708,,
4242,11709,,
3367,11710,,
3265,11711,,
3367,11712,,
4336,11713,,
162,11714,,
31,11715,,
2346,11716,,
1427,11717,,
3169,11718,,
2988,11719,,
2988,11720,,
2988,11721,,
2988,11722,,
2988,11723,,
2988,11724,,
1203,11725,,
2988,11726,,
41,11727,,
162,11728,,
162,11729,,
4052,11730,,
2988,11731,,
2988,11732,,
394,11733,,
2988,11734,,
394,11735,,
2988,11736,,
3397,11737,,
2988,11738,,
3920,11739,,
4337,11740,,
162,11741,,
2002,11742,,
290,11743,,
3963,11744,,
3165,11745,,
2379,11746,,
3920,11747,,
2988,11748,,
2988,11749,,
2988,11750,,
2988,11751,,
2988,11752,,
2988,11753,,
2585,11754,,
132,11755,,
3397,11756,,
4338,11757,,
594,11758,,
2988,11759,,
2988,11760,,
4017,11761,,
3474,11762,,
2988,11763,,
2988,11764,,
2988,11765,,
137,11766,,
2988,11767,,
2988,11768,,
162,11769,,
2988,11770,,
2988,11771,,
162,11772,,
2988,11773,,
162,11774,,
1080,11775,,
2988,11776,,
2988,11777,,
4339,11778,,
1722,11779,,
1451,11780,,
162,11781,,
162,11782,,
188,11783,,
2913,11784,,
3169,11785,,
4013,11786,,
3169,11787,,
3169,11788,,
3397,11789,,
3397,11790,,
3567,11791,,
162,11792,,
162,11793,,
162,11794,,
162,11795,,
162,11796,,
4318,11797,,
2913,11798,,
2988,11799,,
2988,11800,,
2988,11801,,
2988,11802,,
2988,11803,,
2988,11804,,
2988,11805,,
2550,11806,,
2913,11807,,
2988,11808,,
162,11809,,
162,11810,,
162,11811,,
162,11812,,
162,11813,,
4152,11814,,
3632,11815,,
2828,11816,,
2828,11817,,
2828,11818,,
1451,11819,,
2828,11820,,
2988,11821,,
2988,11822,,
2828,11823,,
2988,11824,,
2988,11825,,
2988,11826,,
1559,11827,,
2988,11828,,
2988,11829,,
2400,11830,,
1559,11831,,
3259,11832,,
503,11833,,
503,11834,,
503,11835,,
503,11836,,
503,11837,,
3397,11838,,
2988,11839,,
2988,11840,,
2828,11841,,
2988,11842,,
3927,11843,,
2988,11844,,
4329,11845,,
162,11846,,
4329,11847,,
4329,11848,,
2988,11849,,
162,11850,,
2988,11851,,
2312,11852,,
2988,11853,,
2988,11854,,
2988,11855,,
2988,11856,,
2988,11857,,
162,11858,,
2988,11859,,
2988,11860,,
4343,11861,,
4343,11862,,
2988,11863,,
2988,11864,,
2988,11865,,
2988,11866,,
2988,11867,,
2988,11868,,
4344,11869,,
4344,11870,,
4344,11871,,
4344,11872,,
4344,11873,,
3169,11874,,
2988,11875,,
2988,11876,,
2988,11877,,
2988,11878,,
4345,11879,,
3169,11880,,
4345,11881,,
4345,11882,,
242,11883,,
162,11884,,
2988,11885,,
2988,11886,,
2520,11887,,
2988,11888,,
2988,11889,,
2988,11890,,
4340,11891,,
162,11892,,
1314,11893,,
2394,11894,,
3397,11895,,
2379,11896,,
2379,11897,,
2379,11898,,
2026,11899,,
503,11900,,
2988,11901,,
2988,11902,,
2988,11903,,
2988,11904,,
2988,11905,,
2988,11906,,
639,11907,,
2988,11908,,
2988,11909,,
2988,11910,,
2988,11911,,
2988,11912,,
3311,11913,,
2988,11914,,
2988,11915,,
2988,11916,,
3311,11917,,
2026,11918,,
3455,11919,,
3058,11920,,
1519,11921,,
2813,11922,,
3782,11923,,
1171,11924,,
2988,11925,,
2988,11926,,
3311,11927,,
2988,11928,,
2988,11929,,
3311,11930,,
2988,11931,,
3311,11932,,
3188,11933,,
958,11934,,
3985,11935,,
3985,11936,,
3985,11937,,
3985,11938,,
3985,11939,,
3985,11940,,
3985,11941,,
3985,11942,,
3985,11943,,
3985,11944,,
3985,11945,,
3985,11946,,
2828,11947,,
2828,11948,,
2828,11949,,
2828,11950,,
3397,11951,,
958,11952,,
3397,11953,,
4348,11954,,
3255,11955,,
3397,11956,,
958,11957,,
3365,11958,,
348,11959,,
1292,11960,,
958,11961,,
1975,11962,,
2988,11963,,
958,11964,,
3920,11965,,
3397,11966,,
4351,11967,,
958,11968,,
4195,11969,,
3924,11970,,
162,11971,,
4247,11972,,
3634,11973,,
3634,11974,,
1841,11975,,
263,11976,,
3678,11977,,
958,11978,,
3920,11979,,
745,11980,,
4274,11981,,
3920,11982,,
4053,11983,,
4053,11984,,
2913,11985,,
958,11986,,
162,11987,,
162,11988,,
1873,11989,,
4195,11990,,
1286,11991,,
31,11992,,
1484,11993,,
2382,11994,,
4342,11995,,
3634,11996,,
3634,11997,,
2382,11998,,
2382,11999,,
958,12000,,
2382,12001,,
3169,12002,,
2382,12003,,
4354,12004,,
4355,12005,,
2778,12006,,
3397,12007,,
1251,12008,,
535,12009,,
3595,12010,,
3634,12011,,
3595,12012,,
3397,12013,,
3595,12014,,
3595,12015,,
3595,12016,,
3595,12017,,
4310,12018,,
4310,12019,,
4310,12020,,
4310,12021,,
4310,12022,,
4310,12023,,
4310,12024,,
3169,12025,,
3653,12026,,
503,12027,,
503,12028,,
3169,12029,,
3397,12030,,
3594,12031,,
3169,12032,,
243,12033,,
162,12034,,
3397,12035,,
1538,12036,,
4356,12037,,
4356,12038,,
4356,12039,,
4356,12040,,
4356,12041,,
4356,12042,,
4356,12043,,
4356,12044,,
3065,12045,,
4237,12046,,
3707,12047,,
246,12048,,
206,12049,,
3169,12050,,
2431,12051,,
4001,12052,,
1687,12053,,
2278,12054,,
4356,12055,,
4356,12056,,
4356,12057,,
4356,12058,,
4356,12059,,
4356,12060,,
3397,12061,,
2318,12062,,
3397,12063,,
2145,12064,,
4342,12065,,
2648,12066,,
4355,12067,,
3914,12068,,
147,12069,,
3494,12070,,
503,12071,,
503,12072,,
503,12073,,
503,12074,,
3158,12075,,
3828,12076,,
4310,12077,,
4310,12078,,
4310,12079,,
4310,12080,,
4310,12081,,
4310,12082,,
4310,12083,,
3397,12084,,
3397,12085,,
2523,12086,,
1509,12087,,
802,12088,,
3384,12089,,
3486,12090,,
3311,12091,,
3494,12092,,
4364,12093,,
3920,12094,,
4365,12095,,
3634,12096,,
3634,12097,,
3634,12098,,
3634,12099,,
3634,12100,,
1693,12101,,
162,12102,,
4355,12103,,
2523,12104,,
4355,12105,,
2523,12106,,
2523,12107,,
4355,12108,,
4355,12109,,
4359,12110,,
3444,12111,,
2822,12112,,
162,12113,,
958,12114,,
4053,12115,,
469,12116,,
3397,12117,,
4359,12118,,
2578,12119,,
3494,12120,,
3169,12121,,
2947,12122,,
4366,12123,,
2461,12124,,
3988,12125,,
4169,12126,,
1277,12127,,
4367,12128,,
3777,12129,,
246,12130,,
4070,12131,,
4043,12132,,
4043,12133,,
3634,12134,,
2092,12135,,
167,12136,,
2578,12137,,
3565,12138,,
1002,12139,,
162,12140,,
4053,12141,,
3920,12142,,
4053,12143,,
3397,12144,,
4333,12145,,
3397,12146,,
1727,12147,,
162,12148,,
3397,12149,,
3013,12150,,
2988,12151,,
2160,12152,,
2160,12153,,
4284,12154,,
2988,12155,,
162,12156,,
503,12157,,
2576,12158,,
162,12159,,
3397,12160,,
4370,12161,,
1296,12162,,
3397,12163,,
4355,12164,,
3397,12165,,
2093,12166,,
1251,12167,,
4371,12168,,
1513,12169,,
1375,12170,,
3340,12171,,
2034,12172,,
4136,12173,,
2470,12174,,
2470,12175,,
1954,12176,,
2991,12177,,
2719,12178,,
2092,12179,,
1682,12180,,
1693,12181,,
639,12182,,
2576,12183,,
2988,12184,,
2988,12185,,
3666,12186,,
3666,12187,,
3666,12188,,
2988,12189,,
2988,12190,,
31,12191,,
3666,12192,,
535,12193,,
2988,12194,,
3679,12195,,
162,12196,,
3397,12197,,
4347,12198,,
162,12199,,
2721,12200,,
464,12201,,
958,12202,,
2533,12203,,
3968,12204,,
944,12205,,
3755,12206,,
3920,12207,,
2585,12208,,
2492,12209,,
954,12210,,
167,12211,,
838,12212,,
1519,12213,,
3093,12214,,
496,12215,,
348,12216,,
2585,12217,,
3367,12218,,
2585,12219,,
1451,12220,,
503,12221,,
4373,12222,,
31,12223,,
436,12224,,
1682,12225,,
1682,12226,,
1682,12227,,
1682,12228,,
1682,12229,,
1682,12230,,
3397,12231,,
3541,12232,,
4352,12233,,
4249,12234,,
1243,12235,,
4045,12236,,
3920,12237,,
3876,12238,,
2078,12239,,
2991,12240,,
1758,12241,,
3920,12242,,
3920,12243,,
162,12244,,
503,12245,,
3093,12246,,
1042,12247,,
162,12248,,
4372,12249,,
4366,12250,,
503,12251,,
4366,12252,,
4366,12253,,
4352,12254,,
162,12255,,
3065,12256,,
162,12257,,
944,12258,,
162,12259,,
162,12260,,
1735,12261,,
162,12262,,
162,12263,,
162,12264,,
162,12265,,
3388,12266,,
162,12267,,
4376,12268,,
1925,12269,,
3920,12270,,
3920,12271,,
2828,12272,,
210,12273,,
3063,12274,,
162,12275,,
3397,12276,,
162,12277,,
2660,12278,,
2160,12279,,
2660,12280,,
3604,12281,,
4053,12282,,
4373,12283,,
2137,12284,,
3602,12285,,
3397,12286,,
3773,12287,,
3443,12288,,
31,12289,,
162,12290,,
162,12291,,
4360,12292,,
3718,12293,,
3774,12294,,
1451,12295,,
3093,12296,,
3397,12297,,
1599,12298,,
3030,12299,,
28,12300,,
162,12301,,
3397,12302,,
1939,12303,,
3397,12304,,
2988,12305,,
2988,12306,,
2988,12307,,
3884,12308,,
2988,12309,,
2988,12310,,
2988,12311,,
3770,12312,,
3770,12313,,
2653,12314,,
1682,12315,,
3523,12316,,
4352,12317,,
3397,12318,,
162,12319,,
944,12320,,
162,12321,,
162,12322,,
3666,12323,,
3672,12324,,
3666,12325,,
3666,12326,,
4373,12327,,
162,12328,,
1618,12329,,
162,12330,,
4379,12331,,
4379,12332,,
3666,12333,,
1403,12334,,
3397,12335,,
4380,12336,,
503,12337,,
2913,12338,,
2828,12339,,
3071,12340,,
1378,12341,,
3913,12342,,
1356,12343,,
4013,12344,,
3169,12345,,
162,12346,,
2317,12347,,
259,12348,,
3723,12349,,
53,12350,,
1802,12351,,
2881,12352,,
613,12353,,
162,12354,,
167,12355,,
167,12356,,
167,12357,,
3634,12358,,
3634,12359,,
3634,12360,,
3634,12361,,
3634,12362,,
1375,12363,,
3061,12364,,
1812,12365,,
2550,12366,,
4240,12367,,
769,12368,,
1812,12369,,
2989,12370,,
2989,12371,,
3397,12372,,
1451,12373,,
1451,12374,,
41,12375,,
153,12376,,
1707,12377,,
4383,12378,,
3877,12379,,
4383,12380,,
4111,12381,,
4111,12382,,
2550,12383,,
3212,12384,,
4384,12385,,
2438,12386,,
542,12387,,
3920,12388,,
1451,12389,,
1451,12390,,
4385,12391,,
1451,12392,,
3707,12393,,
1451,12394,,
4386,12395,,
4067,12396,,
1451,12397,,
1451,12398,,
4379,12399,,
873,12400,,
1576,12401,,
4334,12402,,
4334,12403,,
4334,12404,,
1451,12405,,
53,12406,,
1451,12407,,
1451,12408,,
1451,12409,,
1451,12410,,
1451,12411,,
1451,12412,,
1451,12413,,
1451,12414,,
1451,12415,,
1158,12416,,
3488,12417,,
3408,12418,,
503,12419,,
503,12420,,
503,12421,,
503,12422,,
503,12423,,
816,12424,,
3666,12425,,
3666,12426,,
53,12427,,
1451,12428,,
1451,12429,,
1451,12430,,
1451,12431,,
4363,12432,,
1451,12433,,
1451,12434,,
1451,12435,,
1451,12436,,
1451,12437,,
1451,12438,,
4017,12439,,
162,12440,,
3422,12441,,
3666,12442,,
3666,12443,,
4044,12444,,
4179,12445,,
3666,12446,,
4390,12447,,
394,12448,,
3035,12449,,
1451,12450,,
1451,12451,,
1451,12452,,
1451,12453,,
1451,12454,,
3666,12455,,
4231,12456,,
3666,12457,,
4001,12458,,
1812,12459,,
3171,12460,,
3061,12461,,
4391,12462,,
4294,12463,,
2389,12464,,
2033,12465,,
4387,12466,,
3397,12467,,
1735,12468,,
3397,12469,,
2078,12470,,
1273,12471,,
4392,12472,,
162,12473,,
162,12474,,
3449,12475,,
162,12476,,
162,12477,,
3634,12478,,
1451,12479,,
1451,12480,,
4393,12481,,
1451,12482,,
1451,12483,,
1451,12484,,
1451,12485,,
1451,12486,,
1451,12487,,
1451,12488,,
1451,12489,,
1368,12490,,
162,12491,,
1451,12492,,
1451,12493,,
1451,12494,,
2757,12495,,
1762,12496,,
1451,12497,,
1451,12498,,
1451,12499,,
2550,12500,,
1009,12501,,
2315,12502,,
4394,12503,,
2828,12504,,
2828,12505,,
3397,12506,,
1375,12507,,
4373,12508,,
3397,12509,,
3397,12510,,
4394,12511,,
4392,12512,,
1682,12513,,
2315,12514,,
162,12515,,
3035,12516,,
348,12517,,
3020,12518,,
3003,12519,,
3207,12520,,
3842,12521,,
4293,12522,,
968,12523,,
3397,12524,,
3397,12525,,
464,12526,,
464,12527,,
4397,12528,,
348,12529,,
4397,12530,,
4397,12531,,
3397,12532,,
4242,12533,,
503,12534,,
3842,12535,,
4242,12536,,
162,12537,,
162,12538,,
162,12539,,
3634,12540,,
1741,12541,,
2697,12542,,
2764,12543,,
3553,12544,,
2660,12545,,
4398,12546,,
1956,12547,,
2935,12548,,
503,12549,,
503,12550,,
503,12551,,
503,12552,,
503,12553,,
503,12554,,
503,12555,,
503,12556,,
503,12557,,
3397,12558,,
162,12559,,
4400,12560,,
384,12561,,
503,12562,,
162,12563,,
3044,12564,,
4381,12565,,
3044,12566,,
3044,12567,,
3044,12568,,
3044,12569,,
3058,12570,,
4401,12571,,
4401,12572,,
4401,12573,,
4401,12574,,
4402,12575,,
4396,12576,,
152,12577,,
152,12578,,
2913,12579,,
2164,12580,,
3044,12581,,
2164,12582,,
2164,12583,,
3044,12584,,
3044,12585,,
3044,12586,,
3044,12587,,
3523,12588,,
3523,12589,,
2164,12590,,
4318,12591,,
4403,12592,,
2251,12593,,
2950,12594,,
4404,12595,,
1206,12596,,
4405,12597,,
3920,12598,,
162,12599,,
2576,12600,,
4406,12601,,
4406,12602,,
2164,12603,,
1381,12604,,
2160,12605,,
3397,12606,,
4342,12607,,
162,12608,,
4084,12609,,
2554,12610,,
2181,12611,,
1451,12612,,
1451,12613,,
1451,12614,,
1451,12615,,
1451,12616,,
1460,12617,,
1460,12618,,
162,12619,,
2554,12620,,
2554,12621,,
2554,12622,,
4407,12623,,
4408,12624,,
4408,12625,,
2828,12626,,
2828,12627,,
3750,12628,,
162,12629,,
162,12630,,
162,12631,,
162,12632,,
107,12633,,
802,12634,,
1451,12635,,
2556,12636,,
2034,12637,,
2160,12638,,
326,12639,,
162,12640,,
394,12641,,
3397,12642,,
4374,12643,,
3397,12644,,
377,12645,,
4411,12646,,
4411,12647,,
1996,12648,,
2166,12649,,
3920,12650,,
2160,12651,,
206,12652,,
3478,12653,,
4405,12654,,
4274,12655,,
3188,12656,,
3397,12657,,
90,12658,,
1375,12659,,
2828,12660,,
2988,12661,,
2828,12662,,
4394,12663,,
2988,12664,,
1451,12665,,
1451,12666,,
1451,12667,,
1451,12668,,
1451,12669,,
1451,12670,,
2828,12671,,
2828,12672,,
2828,12673,,
2828,12674,,
162,12675,,
1451,12676,,
1451,12677,,
1451,12678,,
4394,12679,,
1451,12680,,
3890,12681,,
2896,12682,,
1158,12683,,
1344,12684,,
3488,12685,,
1344,12686,,
1344,12687,,
1451,12688,,
1344,12689,,
1531,12690,,
1451,12691,,
1451,12692,,
1528,12693,,
1451,12694,,
1158,12695,,
3474,12696,,
1039,12697,,
3397,12698,,
3985,12699,,
1451,12700,,
1451,12701,,
1451,12702,,
1451,12703,,
1451,12704,,
3836,12705,,
1451,12706,,
1451,12707,,
1451,12708,,
1451,12709,,
1451,12710,,
1451,12711,,
1812,12712,,
3397,12713,,
503,12714,,
4386,12715,,
31,12716,,
1451,12717,,
1451,12718,,
1451,12719,,
1451,12720,,
1048,12721,,
1451,12722,,
1451,12723,,
4044,12724,,
4295,12725,,
1451,12726,,
1451,12727,,
1451,12728,,
1451,12729,,
3035,12730,,
1451,12731,,
1451,12732,,
1451,12733,,
1451,12734,,
2131,12735,,
3953,12736,,
162,12737,,
1011,12738,,
3474,12739,,
503,12740,,
503,12741,,
503,12742,,
3093,12743,,
3331,12744,,
151,12745,,
605,12746,,
1812,12747,,
1451,12748,,
1451,12749,,
1451,12750,,
1451,12751,,
1822,12752,,
464,12753,,
3455,12754,,
503,12755,,
3331,12756,,
2866,12757,,
2576,12758,,
2866,12759,,
2556,12760,,
1451,12761,,
1451,12762,,
1451,12763,,
4166,12764,,
162,12765,,
2866,12766,,
503,12767,,
162,12768,,
188,12769,,
3397,12770,,
121,12771,,
361,12772,,
1451,12773,,
1451,12774,,
1451,12775,,
1451,12776,,
1451,12777,,
1451,12778,,
1451,12779,,
2950,12780,,
263,12781,,
4115,12782,,
4386,12783,,
4386,12784,,
4386,12785,,
4386,12786,,
1451,12787,,
1451,12788,,
4403,12789,,
4414,12790,,
1451,12791,,
1451,12792,,
3790,12793,,
1451,12794,,
1451,12795,,
1451,12796,,
1451,12797,,
31,12798,,
429,12799,,
429,12800,,
503,12801,,
1451,12802,,
542,12803,,
2489,12804,,
1451,12805,,
1451,12806,,
1451,12807,,
162,12808,,
162,12809,,
162,12810,,
4416,12811,,
3388,12812,,
456,12813,,
3713,12814,,
162,12815,,
162,12816,,
162,12817,,
4417,12818,,
162,12819,,
4417,12820,,
162,12821,,
4417,12822,,
3397,12823,,
4417,12824,,
162,12825,,
162,12826,,
3171,12827,,
4418,12828,,
1812,12829,,
944,12830,,
1812,12831,,
1812,12832,,
1812,12833,,
1111,12834,,
954,12835,,
162,12836,,
2670,12837,,
41,12838,,
4419,12839,,
3397,12840,,
31,12841,,
4408,12842,,
3287,12843,,
944,12844,,
944,12845,,
3738,12846,,
3738,12847,,
4421,12848,,
1693,12849,,
162,12850,,
4205,12851,,
31,12852,,
3058,12853,,
982,12854,,
982,12855,,
982,12856,,
982,12857,,
162,12858,,
394,12859,,
162,12860,,
348,12861,,
2772,12862,,
982,12863,,
982,12864,,
3103,12865,,
3460,12866,,
1812,12867,,
1812,12868,,
1812,12869,,
1812,12870,,
3009,12871,,
4423,12872,,
1864,12873,,
342,12874,,
4424,12875,,
1925,12876,,
3622,12877,,
3721,12878,,
776,12879,,
4044,12880,,
3397,12881,,
1768,12882,,
246,12883,,
944,12884,,
944,12885,,
162,12886,,
982,12887,,
944,12888,,
162,12889,,
1812,12890,,
1812,12891,,
1812,12892,,
1812,12893,,
982,12894,,
982,12895,,
1812,12896,,
3349,12897,,
3970,12898,,
162,12899,,
263,12900,,
944,12901,,
944,12902,,
4285,12903,,
2008,12904,,
429,12905,,
671,12906,,
394,12907,,
944,12908,,
2453,12909,,
1812,12910,,
4427,12911,,
4428,12912,,
3397,12913,,
944,12914,,
1451,12915,,
4429,12916,,
2240,12917,,
1812,12918,,
1812,12919,,
1812,12920,,
1925,12921,,
944,12922,,
944,12923,,
944,12924,,
162,12925,,
2078,12926,,
944,12927,,
162,12928,,
2145,12929,,
669,12930,,
669,12931,,
3782,12932,,
162,12933,,
3983,12934,,
944,12935,,
583,12936,,
2778,12937,,
944,12938,,
4369,12939,,
4399,12940,,
147,12941,,
958,12942,,
3397,12943,,
4011,12944,,
4430,12945,,
596,12946,,
2370,12947,,
2932,12948,,
4431,12949,,
2988,12950,,
2988,12951,,
2988,12952,,
4431,12953,,
4431,12954,,
4431,12955,,
2988,12956,,
1812,12957,,
1812,12958,,
1812,12959,,
1214,12960,,
2988,12961,,
2988,12962,,
4253,12963,,
4253,12964,,
4253,12965,,
4253,12966,,
4253,12967,,
4253,12968,,
4253,12969,,
4253,12970,,
4253,12971,,
3881,12972,,
1812,12973,,
3093,12974,,
4120,12975,,
3216,12976,,
2160,12977,,
31,12978,,
4432,12979,,
4432,12980,,
2291,12981,,
4195,12982,,
4195,12983,,
533,12984,,
3397,12985,,
246,12986,,
2550,12987,,
1541,12988,,
3687,12989,,
3687,12990,,
4433,12991,,
3397,12992,,
162,12993,,
162,12994,,
2576,12995,,
394,12996,,
162,12997,,
162,12998,,
162,12999,,
4434,13000,,
2286,13001,,
497,13002,,
968,13003,,
2315,13004,,
3093,13005,,
1451,13006,,
4433,13007,,
3397,13008,,
1059,13009,,
3397,13010,,
3169,13011,,
3909,13012,,
4218,13013,,
162,13014,,
4431,13015,,
3575,13016,,
162,13017,,
162,13018,,
3344,13019,,
748,13020,,
31,13021,,
1642,13022,,
3397,13023,,
152,13024,,
2315,13025,,
422,13026,,
2866,13027,,
2866,13028,,
3093,13029,,
2315,13030,,
3093,13031,,
3397,13032,,
162,13033,,
4274,13034,,
4274,13035,,
1451,13036,,
1451,13037,,
1451,13038,,
414,13039,,
2744,13040,,
3397,13041,,
162,13042,,
4436,13043,,
162,13044,,
4193,13045,,
4023,13046,,
4044,13047,,
3248,13048,,
944,13049,,
4093,13050,,
162,13051,,
162,13052,,
162,13053,,
4438,13054,,
1682,13055,,
1682,13056,,
1682,13057,,
1682,13058,,
1682,13059,,
1682,13060,,
1682,13061,,
1682,13062,,
1682,13063,,
1682,13064,,
1682,13065,,
4440,13066,,
4441,13067,,
3896,13068,,
336,13069,,
4253,13070,,
944,13071,,
3467,13072,,
1451,13073,,
1451,13074,,
297,13075,,
2312,13076,,
4410,13077,,
1735,13078,,
1735,13079,,
4443,13080,,
4443,13081,,
4081,13082,,
3093,13083,,
3364,13084,,
1451,13085,,
1451,13086,,
1451,13087,,
2865,13088,,
1451,13089,,
1451,13090,,
1451,13091,,
1451,13092,,
1451,13093,,
1451,13094,,
1451,13095,,
1451,13096,,
4445,13097,,
1451,13098,,
1451,13099,,
1451,13100,,
1451,13101,,
1451,13102,,
1451,13103,,
1451,13104,,
1451,13105,,
1451,13106,,
2878,13107,,
4357,13108,,
4445,13109,,
1480,13110,,
3445,13111,,
3157,13112,,
4104,13113,,
4104,13114,,
1451,13115,,
4104,13116,,
4104,13117,,
3598,13118,,
1451,13119,,
1735,13120,,
1735,13121,,
1735,13122,,
1735,13123,,
1451,13124,,
1735,13125,,
1735,13126,,
944,13127,,
1735,13128,,
1735,13129,,
1451,13130,,
1735,13131,,
1735,13132,,
1451,13133,,
1451,13134,,
1451,13135,,
1451,13136,,
1451,13137,,
1451,13138,,
3193,13139,,
944,13140,,
13,13141,,
3028,13142,,
1451,13143,,
1451,13144,,
1451,13145,,
1451,13146,,
3397,13147,,
1451,13148,,
1451,13149,,
1451,13150,,
1451,13151,,
4450,13152,,
1451,13153,,
4108,13154,,
1451,13155,,
2297,13156,,
13,13157,,
13,13158,,
4044,13159,,
944,13160,,
929,13161,,
1451,13162,,
1451,13163,,
4253,13164,,
944,13165,,
4044,13166,,
1451,13167,,
1451,13168,,
4377,13169,,
4377,13170,,
4377,13171,,
4377,13172,,
503,13173,,
503,13174,,
503,13175,,
503,13176,,
503,13177,,
503,13178,,
503,13179,,
503,13180,,
503,13181,,
1451,13182,,
1451,13183,,
1451,13184,,
1451,13185,,
1451,13186,,
1451,13187,,
1451,13188,,
1451,13189,,
1451,13190,,
1451,13191,,
1451,13192,,
1451,13193,,
1812,13194,,
1812,13195,,
4419,13196,,
162,13197,,
162,13198,,
3774,13199,,
4253,13200,,
4253,13201,,
2042,13202,,
394,13203,,
3938,13204,,
1451,13205,,
162,13206,,
3093,13207,,
162,13208,,
162,13209,,
1451,13210,,
1451,13211,,
1451,13212,,
4419,13213,,
162,13214,,
4334,13215,,
41,13216,,
3259,13217,,
394,13218,,
4452,13219,,
188,13220,,
2576,13221,,
2727,13222,,
2727,13223,,
2178,13224,,
3188,13225,,
1723,13226,,
3188,13227,,
3169,13228,,
3397,13229,,
4454,13230,,
2151,13231,,
4435,13232,,
4454,13233,,
3481,13234,,
2660,13235,,
1812,13236,,
503,13237,,
2814,13238,,
162,13239,,
162,13240,,
162,13241,,
162,13242,,
3397,13243,,
31,13244,,
31,13245,,
503,13246,,
2828,13247,,
2847,13248,,
1451,13249,,
2828,13250,,
2828,13251,,
2828,13252,,
1757,13253,,
4456,13254,,
4457,13255,,
2649,13256,,
2998,13257,,
4458,13258,,
3809,13259,,
3793,13260,,
3224,13261,,
1918,13262,,
1438,13263,,
2550,13264,,
4389,13265,,
2550,13266,,
4309,13267,,
462,13268,,
4176,13269,,
3397,13270,,
3523,13271,,
2950,13272,,
3486,13273,,
3397,13274,,
2944,13275,,
877,13276,,
210,13277,,
4373,13278,,
3339,13279,,
4461,13280,,
3188,13281,,
2812,13282,,
4461,13283,,
3590,13284,,
503,13285,,
1,13286,,
503,13287,,
3759,13288,,
3759,13289,,
3759,13290,,
4464,13291,,
4464,13292,,
4463,13293,,
4465,13294,,
3188,13295,,
2576,13296,,
4409,13297,,
1124,13298,,
1451,13299,,
1451,13300,,
4184,13301,,
3583,13302,,
3397,13303,,
152,13304,,
4466,13305,,
4465,13306,,
1812,13307,,
3397,13308,,
3397,13309,,
1451,13310,,
1451,13311,,
1451,13312,,
4008,13313,,
1451,13314,,
31,13315,,
2244,13316,,
3231,13317,,
4468,13318,,
3334,13319,,
2550,13320,,
4368,13321,,
4368,13322,,
4368,13323,,
4368,13324,,
4442,13325,,
1194,13326,,
4465,13327,,
4465,13328,,
1451,13329,,
1451,13330,,
1382,13331,,
1451,13332,,
1451,13333,,
1451,13334,,
3583,13335,,
3084,13336,,
1451,13337,,
4288,13338,,
3397,13339,,
4469,13340,,
2163,13341,,
3547,13342,,
4470,13343,,
3919,13344,,
3445,13345,,
3434,13346,,
1451,13347,,
1451,13348,,
1451,13349,,
1451,13350,,
1451,13351,,
1451,13352,,
3653,13353,,
4395,13354,,
3397,13355,,
4471,13356,,
4472,13357,,
297,13358,,
4445,13359,,
2443,13360,,
4183,13361,,
3114,13362,,
290,13363,,
4163,13364,,
3905,13365,,
3953,13366,,
2732,13367,,
1451,13368,,
1451,13369,,
1451,13370,,
3578,13371,,
2610,13372,,
2126,13373,,
3400,13374,,
270,13375,,
3663,13376,,
1066,13377,,
1531,13378,,
3251,13379,,
155,13380,,
3244,13381,,
1231,13382,,
1735,13383,,
3397,13384,,
1451,13385,,
1451,13386,,
1451,13387,,
1451,13388,,
1451,13389,,
3947,13390,,
4178,13391,,
3629,13392,,
4157,13393,,
2911,13394,,
3344,13395,,
4473,13396,,
1412,13397,,
3438,13398,,
212,13399,,
1203,13400,,
2678,13401,,
348,13402,,
3397,13403,,
2608,13404,,
1229,13405,,
162,13406,,
162,13407,,
567,13408,,
2968,13409,,
1451,13410,,
1451,13411,,
1451,13412,,
1451,13413,,
3859,13414,,
31,13415,,
3397,13416,,
3192,13417,,
4409,13418,,
1855,13419,,
122,13420,,
759,13421,,
3789,13422,,
3486,13423,,
3344,13424,,
162,13425,,
2278,13426,,
4020,13427,,
4291,13428,,
4475,13429,,
129,13430,,
2643,13431,,
2063,13432,,
4053,13433,,
2830,13434,,
4053,13435,,
1209,13436,,
1209,13437,,
4053,13438,,
4476,13439,,
2244,13440,,
2244,13441,,
776,13442,,
3999,13443,,
3488,13444,,
3999,13445,,
3999,13446,,
3999,13447,,
4044,13448,,
4044,13449,,
3819,13450,,
3583,13451,,
4317,13452,,
2896,13453,,
4188,13454,,
3999,13455,,
2872,13456,,
4477,13457,,
3397,13458,,
2992,13459,,
4013,13460,,
4195,13461,,
152,13462,,
3093,13463,,
152,13464,,
152,13465,,
4053,13466,,
4053,13467,,
3020,13468,,
4053,13469,,
4053,13470,,
3397,13471,,
152,13472,,
3397,13473,,
4142,13474,,
1451,13475,,
1451,13476,,
1451,13477,,
3822,13478,,
2950,13479,,
3488,13480,,
759,13481,,
3020,13482,,
3020,13483,,
162,13484,,
4410,13485,,
152,13486,,
3356,13487,,
147,13488,,
4479,13489,,
2124,13490,,
1109,13491,,
85,13492,,
4466,13493,,
2024,13494,,
3255,13495,,
3397,13496,,
31,13497,,
4481,13498,,
324,13499,,
3236,13500,,
4179,13501,,
944,13502,,
944,13503,,
3397,13504,,
3397,13505,,
4352,13506,,
3397,13507,,
3634,13508,,
41,13509,,
3634,13510,,
2799,13511,,
4053,13512,,
4053,13513,,
4053,13514,,
4053,13515,,
3397,13516,,
4053,13517,,
503,13518,,
31,13519,,
4100,13520,,
2143,13521,,
3084,13522,,
3084,13523,,
1126,13524,,
1011,13525,,
1011,13526,,
155,13527,,
162,13528,,
162,13529,,
4449,13530,,
1892,13531,,
1743,13532,,
4484,13533,,
3397,13534,,
3397,13535,,
1011,13536,,
4122,13537,,
4122,13538,,
1011,13539,,
1011,13540,,
162,13541,,
2991,13542,,
1892,13543,,
4253,13544,,
1655,13545,,
1682,13546,,
1682,13547,,
1682,13548,,
1682,13549,,
1892,13550,,
1682,13551,,
1892,13552,,
1892,13553,,
2330,13554,,
1451,13555,,
2312,13556,,
1177,13557,,
2317,13558,,
2312,13559,,
1614,13560,,
1451,13561,,
849,13562,,
1451,13563,,
1451,13564,,
1735,13565,,
1735,13566,,
4122,13567,,
162,13568,,
4122,13569,,
990,13570,,
1614,13571,,
4451,13572,,
1655,13573,,
3397,13574,,
1030,13575,,
2579,13576,,
162,13577,,
3397,13578,,
4485,13579,,
954,13580,,
955,13581,,
4481,13582,,
4486,13583,,
3356,13584,,
2579,13585,,
3118,13586,,
759,13587,,
3629,13588,,
3629,13589,,
1134,13590,,
4271,13591,,
688,13592,,
688,13593,,
348,13594,,
3908,13595,,
4508,13596,,
3041,13597,,
1451,13598,,
1925,13599,,
31,13600,,
2570,13601,,
162,13602,,
2570,13603,,
2570,13604,,
2570,13605,,
2570,13606,,
3350,13607,,
3123,13608,,
953,13609,,
3629,13610,,
3629,13611,,
3629,13612,,
759,13613,,
152,13614,,
1025,13615,,
394,13616,,
2719,13617,,
2719,13618,,
2719,13619,,
2719,13620,,
192,13621,,
4488,13622,,
1451,13623,,
3653,13624,,
3413,13625,,
2786,13626,,
3474,13627,,
31,13628,,
4122,13629,,
4490,13630,,
3019,13631,,
4406,13632,,
4406,13633,,
394,13634,,
1682,13635,,
1682,13636,,
1682,13637,,
1682,13638,,
1682,13639,,
1682,13640,,
4492,13641,,
4184,13642,,
1614,13643,,
1925,13644,,
340,13645,,
1830,13646,,
1830,13647,,
1830,13648,,
3474,13649,,
661,13650,,
2576,13651,,
160,13652,,
1344,13653,,
240,13654,,
953,13655,,
3562,13656,,
4324,13657,,
4324,13658,,
503,13659,,
503,13660,,
503,13661,,
4105,13662,,
2570,13663,,
4044,13664,,
3251,13665,,
155,13666,,
4053,13667,,
1451,13668,,
1451,13669,,
1451,13670,,
1451,13671,,
1451,13672,,
3999,13673,,
4053,13674,,
3334,13675,,
1925,13676,,
4406,13677,,
4406,13678,,
661,13679,,
661,13680,,
4141,13681,,
661,13682,,
2042,13683,,
4072,13684,,
4399,13685,,
4399,13686,,
3847,13687,,
3999,13688,,
3712,13689,,
3999,13690,,
3999,13691,,
3999,13692,,
2978,13693,,
4497,13694,,
2978,13695,,
2978,13696,,
4499,13697,,
4195,13698,,
1451,13699,,
1451,13700,,
1451,13701,,
1451,13702,,
1451,13703,,
1451,13704,,
4253,13705,,
1046,13706,,
3775,13707,,
53,13708,,
1682,13709,,
31,13710,,
4496,13711,,
422,13712,,
3367,13713,,
4053,13714,,
4483,13715,,
3634,13716,,
3634,13717,,
2283,13718,,
263,13719,,
4010,13720,,
1619,13721,,
4074,13722,,
3191,13723,,
3731,13724,,
3454,13725,,
1261,13726,,
4184,13727,,
4481,13728,,
4481,13729,,
2565,13730,,
4489,13731,,
4489,13732,,
4489,13733,,
3397,13734,,
4489,13735,,
4489,13736,,
4361,13737,,
2978,13738,,
4489,13739,,
4489,13740,,
4489,13741,,
4489,13742,,
3973,13743,,
4252,13744,,
505,13745,,
714,13746,,
3973,13747,,
1614,13748,,
4346,13749,,
4498,13750,,
1046,13751,,
1046,13752,,
213,13753,,
2479,13754,,
341,13755,,
4448,13756,,
4382,13757,,
4501,13758,,
3920,13759,,
4177,13760,,
3634,13761,,
3634,13762,,
3634,13763,,
3634,13764,,
3634,13765,,
3634,13766,,
3634,13767,,
3170,13768,,
3126,13769,,
3126,13770,,
3126,13771,,
3702,13772,,
1822,13773,,
3634,13774,,
3634,13775,,
3634,13776,,
3634,13777,,
3634,13778,,
3634,13779,,
3634,13780,,
3634,13781,,
3634,13782,,
3895,13783,,
4119,13784,,
3583,13785,,
4252,13786,,
4252,13787,,
1080,13788,,
363,13789,,
4149,13790,,
3885,13791,,
2160,13792,,
3517,13793,,
31,13794,,
3093,13795,,
422,13796,,
3920,13797,,
2643,13798,,
4310,13799,,
960,13800,,
4493,13801,,
3590,13802,,
1619,13803,,
3397,13804,,
3486,13805,,
3702,13806,,
3167,13807,,
1180,13808,,
3927,13809,,
4505,13810,,
4274,13811,,
3204,13812,,
497,13813,,
968,13814,,
2315,13815,,
4273,13816,,
4506,13817,,
4503,13818,,
4503,13819,,
4503,13820,,
533,13821,,
1822,13822,,
3103,13823,,
3093,13824,,
152,13825,,
4507,13826,,
3330,13827,,
3330,13828,,
152,13829,,
152,13830,,
3167,13831,,
4186,13832,,
4481,13833,,
4481,13834,,
4481,13835,,
4481,13836,,
759,13837,,
4505,13838,,
4510,13839,,
3429,13840,,
4187,13841,,
4187,13842,,
4187,13843,,
4187,13844,,
4187,13845,,
4187,13846,,
4187,13847,,
4511,13848,,
4044,13849,,
3908,13850,,
4494,13851,,
4493,13852,,
2293,13853,,
4177,13854,,
4177,13855,,
4512,13856,,
2126,13857,,
3486,13858,,
4513,13859,,
4513,13860,,
3397,13861,,
4514,13862,,
4514,13863,,
4481,13864,,
4481,13865,,
944,13866,,
456,13867,,
3020,13868,,
4341,13869,,
1569,13870,,
1217,13871,,
2890,13872,,
152,13873,,
4195,13874,,
2978,13875,,
53,13876,,
4460,13877,,
4504,13878,,
4459,13879,,
3288,13880,,
160,13881,,
938,13882,,
938,13883,,
4330,13884,,
152,13885,,
1709,13886,,
394,13887,,
1375,13888,,
469,13889,,
4313,13890,,
3084,13891,,
2820,13892,,
2023,13893,,
4313,13894,,
2453,13895,,
4517,13896,,
4517,13897,,
4132,13898,,
4013,13899,,
3476,13900,,
4132,13901,,
4132,13902,,
2610,13903,,
53,13904,,
3702,13905,,
3702,13906,,
481,13907,,
53,13908,,
1693,13909,,
3702,13910,,
3879,13911,,
1693,13912,,
3576,13913,,
3397,13914,,
2753,13915,,
4116,13916,,
4116,13917,,
3770,13918,,
4478,13919,,
1925,13920,,
1025,13921,,
3908,13922,,
2895,13923,,
2513,13924,,
2895,13925,,
3756,13926,,
3674,13927,,
56,13928,,
4043,13929,,
4320,13930,,
456,13931,,
4070,13932,,
2895,13933,,
1217,13934,,
2895,13935,,
2895,13936,,
3344,13937,,
3651,13938,,
2694,13939,,
4072,13940,,
4022,13941,,
3674,13942,,
4521,13943,,
636,13944,,
4523,13945,,
4523,13946,,
3674,13947,,
3629,13948,,
3629,13949,,
3629,13950,,
3629,13951,,
4235,13952,,
4044,13953,,
4524,13954,,
3745,13955,,
4146,13956,,
4153,13957,,
4153,13958,,
4153,13959,,
3629,13960,,
4525,13961,,
4526,13962,,
2830,13963,,
2830,13964,,
2830,13965,,
2830,13966,,
4297,13967,,
1205,13968,,
4262,13969,,
4528,13970,,
4529,13971,,
4529,13972,,
2240,13973,,
4530,13974,,
4530,13975,,
4531,13976,,
4531,13977,,
4532,13978,,
4533,13979,,
4533,13980,,
4533,13981,,
4534,13982,,
4535,13983,,
4535,13984,,
4537,13985,,
4537,13986,,
4537,13987,,
4538,13988,,
4538,13989,,
4538,13990,,
4539,13991,,
4540,13992,,
4541,13993,,
4542,13994,,
4542,13995,,
4543,13996,,
478,13997,,
2312,13998,,
4335,13999,,
4274,14000,,
3605,14001,,
3737,14002,,
4536,14003,,
3652,14004,,
4544,14005,,
4481,14006,,
2479,14007,,
3985,14008,,
1557,14009,,
2278,14010,,
4188,14011,,
4515,14012,,
162,14013,,
162,14014,,
4026,14015,,
4545,14016,,
4545,14017,,
4026,14018,,
2686,14019,,
3288,14020,,
4456,14021,,
162,14022,,
4546,14023,,
4546,14024,,
4546,14025,,
4546,14026,,
4546,14027,,
4546,14028,,
1592,14029,,
162,14030,,
4026,14031,,
4525,14032,,
4525,14033,,
1709,14034,,
4235,14035,,
3117,14036,,
394,14037,,
348,14038,,
4547,14039,,
4495,14040,,
4074,14041,,
4044,14042,,
4501,14043,,
3397,14044,,
4549,14045,,
4549,14046,,
3906,14047,,
3897,14048,,
4522,14049,,
4522,14050,,
4512,14051,,
4279,14052,,
3869,14053,,
3629,14054,,
3629,14055,,
152,14056,,
152,14057,,
2895,14058,,
2895,14059,,
4487,14060,,
31,14061,,
3461,14062,,
3925,14063,,
3904,14064,,
2759,14065,,
4311,14066,,
2931,14067,,
3493,14068,,
3955,14069,,
1028,14070,,
3348,14071,,
1693,14072,,
31,14073,,
4128,14074,,
3474,14075,,
4551,14076,,
4044,14077,,
4219,14078,,
188,14079,,
3063,14080,,
3870,14081,,
4127,14082,,
2164,14083,,
434,14084,,
2964,14085,,
403,14086,,
4176,14087,,
67,14088,,
2354,14089,,
4099,14090,,
3088,14091,,
3487,14092,,
3088,14093,,
4486,14094,,
4335,14095,,
152,14096,,
152,14097,,
403,14098,,
3808,14099,,
4491,14100,,
1925,14101,,
4413,14102,,
4491,14103,,
4119,14104,,
3904,14105,,
3906,14106,,
865,14107,,
263,14108,,
4511,14109,,
3908,14110,,
4553,14111,,
2349,14112,,
4068,14113,,
4486,14114,,
4486,14115,,
117,14116,,
1812,14117,,
1693,14118,,
4131,14119,,
2349,14120,,
3583,14121,,
3629,14122,,
4548,14123,,
3925,14124,,
3605,14125,,
3255,14126,,
4114,14127,,
4114,14128,,
3583,14129,,
2608,14130,,
442,14131,,
960,14132,,
574,14133,,
574,14134,,
574,14135,,
574,14136,,
574,14137,,
574,14138,,
574,14139,,
574,14140,,
574,14141,,
574,14142,,
3427,14143,,
960,14144,,
1451,14145,,
4044,14146,,
1752,14147,,
4552,14148,,
4552,14149,,
4552,14150,,
4552,14151,,
4552,14152,,
4552,14153,,
4552,14154,,
4552,14155,,
4552,14156,,
4552,14157,,
4552,14158,,
4552,14159,,
4552,14160,,
4552,14161,,
4552,14162,,
4552,14163,,
4552,14164,,
4552,14165,,
4552,14166,,
4113,14167,,
4444,14168,,
3950,14169,,
4555,14170,,
4548,14171,,
3427,14172,,
4053,14173,,
2925,14174,,
1735,14175,,
4165,14176,,
2479,14177,,
4044,14178,,
4362,14179,,
4070,14180,,
4070,14181,,
4350,14182,,
3583,14183,,
152,14184,,
497,14185,,
2315,14186,,
4362,14187,,
4034,14188,,
3855,14189,,
4297,14190,,
4297,14191,,
1161,14192,,
4068,14193,,
1209,14194,,
2642,14195,,
4527,14196,,
3995,14197,,
3995,14198,,
503,14199,,
2541,14200,,
3985,14201,,
3083,14202,,
4481,14203,,
4481,14204,,
3013,14205,,
2837,14206,,
3474,14207,,
4259,14208,,
968,14209,,
3722,14210,,
4489,14211,,
464,14212,,
464,14213,,
464,14214,,
1723,14215,,
1009,14216,,
503,14217,,
613,14218,,
481,14219,,
2974,14220,,
2065,14221,,
4274,14222,,
162,14223,,
1619,14224,,
4053,14225,,
4053,14226,,
4053,14227,,
3737,14228,,
3264,14229,,
2390,14230,,
714,14231,,
4053,14232,,
4053,14233,,
4053,14234,,
1451,14235,,
1451,14236,,
4143,14237,,
4135,14238,,
1451,14239,,
4464,14240,,
1619,14241,,
3123,14242,,
3985,14243,,
4481,14244,,
4481,14245,,
4481,14246,,
4099,14247,,
4099,14248,,
1682,14249,,
503,14250,,
4481,14251,,
3188,14252,,
2648,14253,,
1217,14254,,
4481,14255,,
1619,14256,,
3463,14257,,
2053,14258,,
960,14259,,
3397,14260,,
4053,14261,,
4053,14262,,
4053,14263,,
2988,14264,,
3841,14265,,
4554,14266,,
4044,14267,,
2925,14268,,
3785,14269,,
4053,14270,,
3400,14271,,
3397,14272,,
3021,14273,,
162,14274,,
4557,14275,,
3653,14276,,
4426,14277,,
3653,14278,,
3653,14279,,
3653,14280,,
3583,14281,,
3359,14282,,
960,14283,,
4053,14284,,
3870,14285,,
3397,14286,,
3397,14287,,
3876,14288,,
3397,14289,,
3999,14290,,
3867,14291,,
3867,14292,,
3867,14293,,
4143,14294,,
4275,14295,,
4382,14296,,
4146,14297,,
4349,14298,,
4349,14299,,
4189,14300,,
3785,14301,,
3397,14302,,
844,14303,,
3397,14304,,
3397,14305,,
3397,14306,,
3397,14307,,
3397,14308,,
1451,14309,,
3397,14310,,
1382,14311,,
3397,14312,,
4433,14313,,
4217,14314,,
4217,14315,,
4188,14316,,
2719,14317,,
4167,14318,,
2089,14319,,
3397,14320,,
1925,14321,,
2089,14322,,
2089,14323,,
1073,14324,,
4120,14325,,
3397,14326,,
1451,14327,,
1709,14328,,
2694,14329,,
2694,14330,,
2694,14331,,
2694,14332,,
1812,14333,,
4146,14334,,
1709,14335,,
4500,14336,,
4500,14337,,
4500,14338,,
4500,14339,,
4500,14340,,
4500,14341,,
4500,14342,,
4500,14343,,
2719,14344,,
2719,14345,,
2719,14346,,
2719,14347,,
2719,14348,,
2719,14349,,
2719,14350,,
2719,14351,,
2719,14352,,
533,14353,,
3847,14354,,
4382,14355,,
2828,14356,,
3879,14357,,
2828,14358,,
2828,14359,,
1812,14360,,
2814,14361,,
152,14362,,
641,14363,,
4509,14364,,
497,14365,,
2164,14366,,
3230,14367,,
2872,14368,,
4159,14369,,
4053,14370,,
2925,14371,,
7,14372,,
3804,14373,,
1451,14374,,
1451,14375,,
3804,14376,,
1451,14377,,
1451,14378,,
4162,14379,,
1451,14380,,
1451,14381,,
1451,14382,,
1388,14383,,
2950,14384,,
4053,14385,,
2240,14386,,
2513,14387,,
1614,14388,,
4064,14389,,
2814,14390,,
2814,14391,,
2814,14392,,
2608,14393,,
2608,14394,,
2608,14395,,
2608,14396,,
2608,14397,,
2608,14398,,
2608,14399,,
4135,14400,,
152,14401,,
4559,14402,,
1388,14403,,
1925,14404,,
1925,14405,,
1011,14406,,
3978,14407,,
4094,14408,,
1388,14409,,
1388,14410,,
4053,14411,,
4053,14412,,
1388,14413,,
2479,14414,,
3397,14415,,
2872,14416,,
1388,14417,,
1388,14418,,
3357,14419,,
3357,14420,,
3357,14421,,
4446,14422,,
152,14423,,
152,14424,,
2882,14425,,
4303,14426,,
4303,14427,,
2240,14428,,
4358,14429,,
596,14430,,
1388,14431,,
1388,14432,,
4053,14433,,
4560,14434,,
4560,14435,,
1260,14436,,
1260,14437,,
1260,14438,,
3897,14439,,
3478,14440,,
3478,14441,,
3478,14442,,
2367,14443,,
3847,14444,,
2031,14445,,
2031,14446,,
2988,14447,,
2988,14448,,
533,14449,,
3580,14450,,
4195,14451,,
533,14452,,
3084,14453,,
2164,14454,,
4562,14455,,
3867,14456,,
3867,14457,,
1158,14458,,
1158,14459,,
1158,14460,,
4160,14461,,
4248,14462,,
4246,14463,,
1812,14464,,
1812,14465,,
1812,14466,,
3879,14467,,
2078,14468,,
3397,14469,,
4028,14470,,
3867,14471,,
3867,14472,,
1451,14473,,
1451,14474,,
1451,14475,,
2164,14476,,
4467,14477,,
4467,14478,,
4228,14479,,
4228,14480,,
4228,14481,,
4228,14482,,
4228,14483,,
1812,14484,,
1203,14485,,
1812,14486,,
938,14487,,
4563,14488,,
4563,14489,,
1812,14490,,
1201,14491,,
1203,14492,,
4189,14493,,
4489,14494,,
414,14495,,
1925,14496,,
3950,14497,,
4147,14498,,
3487,14499,,
3487,14500,,
4222,14501,,
4388,14502,,
4455,14503,,
2950,14504,,
4053,14505,,
4565,14506,,
4053,14507,,
4053,14508,,
3847,14509,,
3012,14510,,
3012,14511,,
3012,14512,,
3397,14513,,
3012,14514,,
3469,14515,,
1812,14516,,
2031,14517,,
2524,14518,,
661,14519,,
4195,14520,,
601,14521,,
3012,14522,,
4566,14523,,
3012,14524,,
2065,14525,,
2820,14526,,
3579,14527,,
3579,14528,,
3579,14529,,
340,14530,,
1646,14531,,
1646,14532,,
4425,14533,,
661,14534,,
4567,14535,,
4567,14536,,
4167,14537,,
4246,14538,,
3488,14539,,
3224,14540,,
1158,14541,,
4167,14542,,
3999,14543,,
3999,14544,,
3999,14545,,
3999,14546,,
3583,14547,,
1377,14548,,
340,14549,,
340,14550,,
340,14551,,
3551,14552,,
3486,14553,,
394,14554,,
4094,14555,,
3478,14556,,
4053,14557,,
4053,14558,,
4160,14559,,
4160,14560,,
4568,14561,,
4323,14562,,
2707,14563,,
4520,14564,,
4569,14565,,
2578,14566,,
4053,14567,,
2578,14568,,
4053,14569,,
3486,14570,,
1973,14571,,
3638,14572,,
4332,14573,,
3638,14574,,
3927,14575,,
4194,14576,,
4194,14577,,
4194,14578,,
542,14579,,
3487,14580,,
3487,14581,,
3436,14582,,
3626,14583,,
4053,14584,,
3191,14585,,
4053,14586,,
2707,14587,,
4570,14588,,
503,14589,,
503,14590,,
503,14591,,
503,14592,,
2707,14593,,
4194,14594,,
4053,14595,,
4194,14596,,
4194,14597,,
3767,14598,,
4194,14599,,
4194,14600,,
4053,14601,,
4053,14602,,
4053,14603,,
3487,14604,,
3487,14605,,
3487,14606,,
1673,14607,,
2707,14608,,
4053,14609,,
2707,14610,,
4053,14611,,
2707,14612,,
4511,14613,,
4053,14614,,
4053,14615,,
2694,14616,,
2694,14617,,
2762,14618,,
1709,14619,,
4101,14620,,
4053,14621,,
2694,14622,,
4216,14623,,
3487,14624,,
4053,14625,,
155,14626,,
4053,14627,,
3487,14628,,
2453,14629,,
2312,14630,,
2820,14631,,
4378,14632,,
3632,14633,,
4276,14634,,
4276,14635,,
3947,14636,,
2541,14637,,
183,14638,,
4232,14639,,
4232,14640,,
4560,14641,,
53,14642,,
4560,14643,,
4560,14644,,
1451,14645,,
4572,14646,,
3976,14647,,
3833,14648,,
3833,14649,,
427,14650,,
1673,14651,,
162,14652,,
4216,14653,,
4323,14654,,
2709,14655,,
2913,14656,,
3262,14657,,
4323,14658,,
3438,14659,,
3488,14660,,
4323,14661,,
3344,14662,,
3992,14663,,
3791,14664,,
4447,14665,,
4447,14666,,
3344,14667,,
4135,14668,,
4278,14669,,
4424,14670,,
4275,14671,,
3344,14672,,
4382,14673,,
4135,14674,,
4420,14675,,
3344,14676,,
3344,14677,,
3344,14678,,
3976,14679,,
4135,14680,,
3344,14681,,
3344,14682,,
4420,14683,,
4135,14684,,
4424,14685,,
3870,14686,,
3344,14687,,
4135,14688,,
503,14689,,
2896,14690,,
3579,14691,,
3850,14692,,
3262,14693,,
3579,14694,,
3579,14695,,
3579,14696,,
3579,14697,,
3579,14698,,
434,14699,,
3847,14700,,
4044,14701,,
3188,14702,,
3771,14703,,
3053,14704,,
3879,14705,,
1388,14706,,
3075,14707,,
3651,14708,,
3651,14709,,
3651,14710,,
31,14711,,
31,14712,,
4402,14713,,
4382,14714,,
2241,14715,,
4044,14716,,
3651,14717,,
3651,14718,,
3651,14719,,
472,14720,,
4222,14721,,
4257,14722,,
1388,14723,,
3992,14724,,
1388,14725,,
3992,14726,,
3629,14727,,
3629,14728,,
3629,14729,,
3847,14730,,
2098,14731,,
4382,14732,,
3629,14733,,
3629,14734,,
3629,14735,,
3629,14736,,
2278,14737,,
2278,14738,,
4382,14739,,
4382,14740,,
4501,14741,,
1388,14742,,
4096,14743,,
1388,14744,,
1388,14745,,
4216,14746,,
2046,14747,,
2046,14748,,
569,14749,,
4124,14750,,
1388,14751,,
1388,14752,,
4145,14753,,
1388,14754,,
1388,14755,,
4172,14756,,
3580,14757,,
3580,14758,,
3580,14759,,
3580,14760,,
2709,14761,,
3580,14762,,
1812,14763,,
3580,14764,,
3580,14765,,
1388,14766,,
1388,14767,,
2424,14768,,
4382,14769,,
3580,14770,,
3478,14771,,
3580,14772,,
3580,14773,,
1673,14774,,
1673,14775,,
1673,14776,,
1673,14777,,
1673,14778,,
1673,14779,,
1673,14780,,
1673,14781,,
1673,14782,,
1673,14783,,
1673,14784,,
1673,14785,,
1673,14786,,
2286,14787,,
2286,14788,,
4574,14789,,
4026,14790,,
2678,14791,,
3651,14792,,
3383,14793,,
3383,14794,,
3383,14795,,
3383,14796,,
3383,14797,,
4094,14798,,
2678,14799,,
4064,14800,,
4574,14801,,
4382,14802,,
4574,14803,,
3858,14804,,
4382,14805,,
2164,14806,,
2164,14807,,
31,14808,,
2678,14809,,
4480,14810,,
3652,14811,,
4382,14812,,
4550,14813,,
3751,14814,,
3652,14815,,
3751,14816,,
4094,14817,,
3652,14818,,
4563,14819,,
4439,14820,,
661,14821,,
2164,14822,,
661,14823,,
4565,14824,,
2707,14825,,
1812,14826,,
596,14827,,
4167,14828,,
4216,14829,,
4382,14830,,
2978,14831,,
3445,14832,,
3581,14833,,
162,14834,,
1451,14835,,
1451,14836,,
1451,14837,,
1451,14838,,
1451,14839,,
2925,14840,,
31,14841,,
162,14842,,
2303,14843,,
1366,14844,,
152,14845,,
162,14846,,
162,14847,,
3984,14848,,
3082,14849,,
2778,14850,,
4289,14851,,
3493,14852,,
1212,14853,,
2160,14854,,
2727,14855,,
2727,14856,,
2079,14857,,
3493,14858,,
3493,14859,,
4575,14860,,
3169,14861,,
3850,14862,,
3858,14863,,
3169,14864,,
3169,14865,,
4053,14866,,
4053,14867,,
4053,14868,,
4420,14869,,
2390,14870,,
4576,14871,,
4576,14872,,
4576,14873,,
4576,14874,,
4272,14875,,
4382,14876,,
4482,14877,,
2753,14878,,
4577,14879,,
4166,14880,,
496,14881,,
3816,14882,,
3816,14883,,
4578,14884,,
4482,14885,,
3858,14886,,
4502,14887,,
2819,14888,,
2828,14889,,
1259,14890,,
1673,14891,,
1673,14892,,
4564,14893,,
4564,14894,,
4053,14895,,
4053,14896,,
4325,14897,,
4415,14898,,
3012,14899,,
4240,14900,,
4575,14901,,
2206,14902,,
2312,14903,,
4053,14904,,
2913,14905,,
2206,14906,,
745,14907,,
1457,14908,,
4519,14909,,
4519,14910,,
3445,14911,,
1985,14912,,
4573,14913,,
2882,14914,,
4518,14915,,
3947,14916,,
4480,14917,,
4053,14918,,
2925,14919,,
4053,14920,,
4053,14921,,
3781,14922,,
3517,14923,,
4216,14924,,
3858,14925,,
3847,14926,,
451,14927,,
4325,14928,,
3493,14929,,
3493,14930,,
2608,14931,,
2913,14932,,
2719,14933,,
2913,14934,,
1673,14935,,
4095,14936,,
4516,14937,,
4044,14938,,
4044,14939,,
4095,14940,,
4581,14941,,
4462,14942,,
162,14943,,
2988,14944,,
1354,14945,,
3314,14946,,
3653,14947,,
3653,14948,,
4357,14949,,
3691,14950,,
3691,14951,,
3691,14952,,
3691,14953,,
4556,14954,,
4558,14955,,
4571,14956,,
3950,14957,,
4474,14958,,
4186,14959,,
4166,14960,,
4480,14961,,
3781,14962,,
3781,14963,,
4320,14964,,
3781,14965,,
4320,14966,,
1116,14967,,
4583,14968,,
3347,14969,,
155,14970,,
1559,14971,,
3378,14972,,
4584,14973,,
3478,14974,,
4579,14975,,
2978,14976,,
4095,14977,,
4205,14978,,
4205,14979,,
3522,14980,,
1360,14981,,
4584,14982,,
3522,14983,,
4585,14984,,
3523,14985,,
3478,14986,,
503,14987,,
503,14988,,
4585,14989,,
3478,14990,,
162,14991,,
960,14992,,
162,14993,,
162,14994,,
1673,14995,,
1673,14996,,
1673,14997,,
3668,14998,,
3004,14999,,
4146,15000,,
3493,15001,,
4375,15002,,
3493,15003,,
2785,15004,,
3950,15005,,
4585,15006,,
3818,15007,,
990,15008,,
4412,15009,,
4579,15010,,
4575,15011,,
41,15012,,
3867,15013,,
2160,15014,,
2830,15015,,
152,15016,,
4044,15017,,
1973,15018,,
152,15019,,
2164,15020,,
1388,15021,,
4044,15022,,
1388,15023,,
3493,15024,,
3483,15025,,
3067,15026,,
3146,15027,,
4171,15028,,
2968,15029,,
3169,15030,,
1011,15031,,
1069,15032,,
162,15033,,
3316,15034,,
824,15035,,
3316,15036,,
2386,15037,,
2608,15038,,
1673,15039,,
48,15040,,
4588,15041,,
3478,15042,,
3950,15043,,
4586,15044,,
3397,15045,,
3493,15046,,
4586,15047,,
4586,15048,,
3493,15049,,
3493,15050,,
4589,15051,,
162,15052,,
162,15053,,
162,15054,,
162,15055,,
162,15056,,
162,15057,,
3670,15058,,
4241,15059,,
4587,15060,,
3784,15061,,
3784,15062,,
3784,15063,,
2386,15064,,
2160,15065,,
162,15066,,
162,15067,,
4325,15068,,
4590,15069,,
162,15070,,
162,15071,,
2778,15072,,
3472,15073,,
3472,15074,,
4590,15075,,
2890,15076,,
3653,15077,,
503,15078,,
503,15079,,
4586,15080,,
162,15081,,
4306,15082,,
4306,15083,,
162,15084,,
1451,15085,,
1451,15086,,
162,15087,,
162,15088,,
162,15089,,
3493,15090,,
3493,15091,,
1925,15092,,
4586,15093,,
2240,15094,,
824,15095,,
4437,15096,,
3879,15097,,
147,15098,,
4586,15099,,
4453,15100,,
3033,15101,,
4582,15102,,
2778,15103,,
4586,15104,,
3478,15105,,
3670,15106,,
937,15107,,
4325,15108,,
4582,15109,,
31,15110,,
2386,15111,,
1682,15112,,
1682,15113,,
1682,15114,,
1682,15115,,
1682,15116,,
3910,15117,,
1304,15118,,
1682,15119,,
1682,15120,,
1682,15121,,
1682,15122,,
1682,15123,,
1682,15124,,
1682,15125,,
1682,15126,,
1682,15127,,
1682,15128,,
1682,15129,,
1682,15130,,
1682,15131,,
4586,15132,,
1682,15133,,
4582,15134,,
153,15135,,
3900,15136,,
2890,15137,,
1451,15138,,
2890,15139,,
4582,15140,,
2890,15141,,
1011,15142,,
1011,15143,,
4590,15144,,
2138,15145,,
4591,15146,,
4453,15147,,
4453,15148,,
4580,15149,,
2719,15150,,
1485,15151,,
2788,15152,,
3610,15153,,
944,15154,,
1366,15155,,
162,15156,,
3653,15157,,
4582,15158,,
4582,15159,,
3397,15160,,
340,15161,,
4481,15162,,
162,15163,,
4582,15164,,
3900,15165,,
3670,15166,,
3670,15167,,
3900,15168,,
3900,15169,,
4143,15170,,
3436,15171,,
3436,15172,,
4106,15173,,
3436,15174,,
3436,15175,,
2815,15176,,
596,15177,,
2778,15178,,
2778,15179,,
2778,15180,,
2778,15181,,
4323,15182,,
4323,15183,,
3436,15184,,
3900,15185,,
3900,15186,,
3436,15187,,
3900,15188,,
3900,15189,,
3900,15190,,
2138,15191,,
3653,15192,,
2138,15193,,
3900,15194,,
2778,15195,,
4561,15196,,
4561,15197,,
2138,15198,,
4593,15199,,
3900,15200,,
4453,15201,,
3900,15202,,
4592,15203,,
3900,15204,,
3900,15205,,
2138,15206,,
3900,15207,,
3900,15208,,
3900,15209,,
3900,15210,,
3900,15211,,
3900,15212,,
4582,15213,,
3900,15214,,
4453,15215,,
3900,15216,,
3900,15217,,
4453,15218,,
3900,15219,,
3900,15220,,
3900,15221,,
3900,15222,,
4453,15223,,
3900,15224,,
3900,15225,,
4582,15226,,
4582,15227,,
4582,15228,,
4582,15229,,
4582,15230,,
3383,15231,,
3383,15232,,
4481,15233,,
4481,15234,,
3383,15235,,
3383,15236,,
4582,15237,,
4582,15238,,
4582,15239,,
4149,15240,,
4582,15241,,
3407,15242,,
3407,15243,,
4094,15244,,
1448,15245,,
3670,15246,,
3577,15247,,
4094,15248,,
3670,15249,,
4561,15250,,
4561,15251,,
4561,15252,,
3900,15253,,
3900,15254,,
2206,15255,,
2206,15256,,
2138,15257,,
2206,15258,,
4242,15259,,
2138,15260,,
4242,15261,,
4242,15262,,
4242,15263,,
4242,15264,,
4242,15265,,
4242,15266,,
1451,15267,,
1451,15268,,
4561,15269,,
4561,15270,,
4561,15271,,
2328,15272,,
4594,15273,,
4594,15274,,
4594,15275,,
4595,15276,,
4595,15277,,
4595,15278,,
3583,15279,,
2479,15280,,
1682,15281,,
1682,15282,,
1388,15283,,
41,15284,,
41,15285,,
41,15286,,
3936,15287,,
2725,15288,,
2479,15289,,
2479,15290,,
162,15291,,
162,15292,,
162,15293,,
