snapshot_id,listing_id,snapshot_date,nightly_price,available_days_next_365,active,reviews_count
1,1,2026-06-25,409.00,123,,59
2,2,2026-06-25,388.00,239,,99
3,3,2026-06-25,397.13,329,,304
4,4,2026-07-03,43.24,38,,108
5,5,2026-06-25,226.13,289,,450
6,6,2026-07-03,,0,,147
7,7,2026-06-25,417.80,363,,1
8,8,2026-06-25,275.50,167,,86
9,9,2026-06-25,107.61,361,,10
10,10,2026-06-24,209.00,245,,1194
11,11,2026-06-25,179.67,105,,151
12,12,2026-06-25,156.11,33,,220
13,13,2026-06-25,217.00,279,,467
14,14,2026-06-25,207.00,351,,106
15,15,2026-06-25,414.00,174,,161
16,16,2026-06-24,310.51,234,,225
17,17,2026-06-25,51.12,363,,150
18,18,2026-06-25,131.00,61,,55
19,19,2026-06-25,59.59,83,,50
20,20,2026-06-24,16.92,226,,136
21,21,2026-06-25,228.24,94,,171
22,22,2026-06-24,177.60,86,,111
23,23,2026-06-25,354.00,84,,62
24,24,2026-06-25,142.00,343,,29
25,25,2026-06-25,612.99,289,,139
26,26,2026-07-03,,0,,1
27,27,2026-06-25,648.00,286,,526
28,28,2026-06-24,425.00,271,,148
29,29,2026-06-25,183.50,69,,358
30,30,2026-07-03,187.33,14,,181
31,31,2026-06-25,202.00,80,,380
32,32,2026-06-25,214.98,238,,158
33,33,2026-06-25,332.50,171,,146
34,34,2026-06-25,,23,,79
35,35,2026-06-25,550.00,246,,112
36,36,2026-06-25,567.50,247,,215
37,37,2026-06-25,227.43,322,,115
38,38,2026-06-25,570.67,282,,449
39,39,2026-06-25,173.33,82,,220
40,40,2026-06-25,254.86,167,,383
41,41,2026-06-25,263.00,365,,2
42,42,2026-06-25,338.00,250,,169
43,43,2026-06-24,404.60,265,,117
44,44,2026-06-25,124.20,342,,57
45,45,2026-06-24,288.00,152,,380
46,46,2026-06-24,88.13,365,,19
47,47,2026-06-25,174.47,349,,11
48,48,2026-06-24,,107,,295
49,49,2026-06-25,246.00,169,,103
50,50,2026-06-24,161.67,148,,89
51,51,2026-06-25,208.00,27,,342
52,52,2026-06-25,388.00,326,,760
53,53,2026-06-24,,271,,104
54,54,2026-06-25,84.68,365,,1
55,55,2026-06-24,207.50,112,,77
56,56,2026-06-24,207.50,64,,202
57,57,2026-06-25,302.50,365,,3
58,58,2026-06-25,315.00,263,,128
59,59,2026-06-24,223.00,101,,322
60,60,2026-06-24,286.00,233,,194
61,61,2026-06-24,271.60,276,,547
62,62,2026-06-25,176.88,95,,611
63,63,2026-06-25,221.77,284,,493
64,64,2026-06-25,392.33,314,,154
65,65,2026-06-25,144.48,365,,5
66,66,2026-06-25,354.00,365,,5
67,67,2026-06-24,446.00,365,,9
68,68,2026-06-25,400.00,302,,228
69,69,2026-06-25,186.39,229,,538
70,70,2026-06-25,195.71,207,,238
71,71,2026-06-25,339.50,365,,12
72,72,2026-06-25,229.00,252,,768
73,73,2026-06-25,229.50,85,,235
74,74,2026-06-25,325.50,365,,3
75,75,2026-06-25,680.50,265,,131
76,76,2026-06-25,297.00,259,,567
77,77,2026-06-25,45.51,175,,116
78,78,2026-06-25,234.00,68,,488
79,79,2026-06-25,205.00,111,,54
80,80,2026-06-24,221.10,106,,247
81,81,2026-06-25,232.59,298,,276
82,82,2026-06-25,384.50,312,,167
83,83,2026-06-25,194.25,311,,256
84,84,2026-06-25,381.50,224,,83
85,85,2026-06-25,110.93,243,,44
86,86,2026-06-25,388.00,70,,387
87,87,2026-06-25,209.98,208,,238
88,88,2026-06-25,331.00,187,,174
89,89,2026-06-25,294.80,315,,123
90,90,2026-06-24,336.00,304,,150
91,91,2026-06-25,285.50,193,,172
92,92,2026-06-25,251.50,89,,393
93,93,2026-06-25,325.33,196,,127
94,94,2026-06-25,465.50,197,,217
95,95,2026-06-25,72.90,175,,8
96,96,2026-06-25,212.03,108,,276
97,97,2026-06-25,262.47,364,,4
98,98,2026-06-25,262.91,129,,239
99,99,2026-06-25,159.86,24,,40
100,100,2026-06-24,286.00,363,,7
101,101,2026-06-25,302.50,363,,4
102,102,2026-06-25,411.00,113,,73
103,103,2026-06-25,291.00,237,,49
104,104,2026-06-25,382.50,215,,98
105,105,2026-06-25,542.50,75,,165
106,106,2026-06-25,51.59,37,,1
107,107,2026-06-24,367.67,288,,68
108,108,2026-06-25,319.00,330,,737
109,109,2026-06-25,325.33,159,,414
110,110,2026-06-25,273.66,215,,228
111,111,2026-06-25,326.00,270,,1098
112,112,2026-06-25,363.67,329,,244
113,113,2026-06-25,280.00,268,,923
114,114,2026-07-03,,0,,44
115,115,2026-06-25,213.33,66,,661
116,116,2026-07-03,,0,,90
117,117,2026-06-25,286.00,365,,4
118,118,2026-06-25,302.50,365,,2
119,119,2026-06-25,107.61,361,,1
120,120,2026-06-24,205.79,208,,303
121,121,2026-07-03,,0,,32
122,122,2026-06-25,54.06,359,,2
123,123,2026-06-25,182.00,253,,968
124,124,2026-06-25,68.52,249,,49
125,125,2026-06-25,39.25,258,,118
126,126,2026-06-24,39.57,358,,94
127,127,2026-06-25,234.67,43,,58
128,128,2026-06-25,64.59,265,,80
129,129,2026-06-25,36.88,270,,77
130,130,2026-06-24,480.00,168,,58
131,131,2026-06-25,545.77,214,,155
132,132,2026-06-24,342.35,202,,598
133,133,2026-06-25,440.50,146,,309
134,134,2026-06-25,343.92,186,,211
135,135,2026-06-24,263.59,365,,0
136,136,2026-07-03,,36,,164
137,137,2026-06-25,205.41,331,,509
138,138,2026-06-25,245.50,74,,522
139,139,2026-06-25,219.56,253,,680
140,140,2026-07-03,,0,,138
141,141,2026-06-24,394.00,319,,536
142,142,2026-06-25,371.00,282,,184
143,143,2026-06-25,119.00,174,,280
144,144,2026-06-25,275.50,351,,301
145,145,2026-06-25,86.32,365,,0
146,146,2026-06-25,428.00,305,,100
147,147,2026-06-25,536.50,229,,148
148,148,2026-06-25,300.00,250,,228
149,149,2026-06-25,174.25,265,,181
150,150,2026-07-03,,0,,4
151,151,2026-06-24,245.50,213,,202
152,152,2026-06-25,627.65,296,,509
153,153,2026-06-24,410.00,54,,289
154,154,2026-07-03,,0,,78
155,155,2026-06-25,174.25,108,,336
156,156,2026-07-03,,0,,87
157,157,2026-06-25,239.65,299,,297
158,158,2026-07-03,9.62,267,,0
159,159,2026-06-25,717.33,228,,291
160,160,2026-06-24,201.50,203,,449
161,161,2026-06-24,38.74,111,,18
162,162,2026-06-25,30.48,320,,15
163,163,2026-06-25,194.00,273,,376
164,164,2026-06-25,243.67,313,,305
165,165,2026-07-03,,0,,51
166,166,2026-06-25,251.50,122,,543
167,167,2026-06-25,291.00,120,,114
168,168,2026-06-25,366.00,104,,159
169,169,2026-07-03,,0,,82
170,170,2026-07-03,,0,,20
171,171,2026-06-25,256.00,236,,433
172,172,2026-06-25,477.00,125,,14
173,173,2026-06-25,190.00,177,,78
174,174,2026-06-25,320.00,156,,53
175,175,2026-06-25,250.00,130,,3
176,176,2026-06-25,324.00,136,,125
177,177,2026-06-25,324.00,136,,148
178,178,2026-06-25,270.00,120,,19
179,179,2026-06-25,225.00,168,,61
180,180,2026-06-25,222.75,125,,2
181,181,2026-06-25,306.00,126,,142
182,182,2026-06-25,306.00,126,,4
183,183,2026-06-25,213.40,96,,342
184,184,2026-07-03,83.82,83,,5
185,185,2026-06-25,,20,,3
186,186,2026-06-25,228.33,209,,271
187,187,2026-06-25,349.00,178,,90
188,188,2026-06-25,150.50,156,,599
189,189,2026-07-03,12.87,247,,17
190,190,2026-06-25,309.67,156,,286
191,191,2026-07-03,,0,,9
192,192,2026-06-25,163.00,185,,167
193,193,2026-06-25,164.00,160,,99
194,194,2026-06-25,288.00,119,,115
195,195,2026-06-25,107.00,152,,689
196,196,2026-06-25,273.00,176,,99
197,197,2026-06-24,415.00,176,,51
198,198,2026-06-24,309.64,355,,134
199,199,2026-06-25,26.84,351,,193
200,200,2026-07-03,221.00,16,,5
201,201,2026-06-25,369.15,297,,251
202,202,2026-06-25,47.73,340,,77
203,203,2026-06-25,215.00,72,,502
204,204,2026-06-25,269.75,162,,369
205,205,2026-06-24,45.54,335,,12
206,206,2026-06-25,231.00,186,,352
207,207,2026-06-25,291.00,168,,506
208,208,2026-07-03,336.67,5,,37
209,209,2026-06-25,257.00,323,,494
210,210,2026-06-24,348.06,355,,635
211,211,2026-06-25,179.39,296,,476
212,212,2026-06-24,255.50,131,,218
213,213,2026-06-25,336.89,252,,413
214,214,2026-06-25,786.00,291,,98
215,215,2026-06-25,248.50,325,,512
216,216,2026-06-25,163.57,232,,374
217,217,2026-06-25,154.06,237,,394
218,218,2026-06-25,66.99,290,,57
219,219,2026-06-24,236.50,31,,67
220,220,2026-06-25,291.00,72,,345
221,221,2026-06-24,239.67,206,,122
222,222,2026-06-25,136.94,179,,560
223,223,2026-06-25,237.00,322,,66
224,224,2026-06-24,233.00,306,,14
225,225,2026-06-24,237.00,323,,29
226,226,2026-06-24,237.00,323,,38
227,227,2026-06-24,82.28,85,,11
228,228,2026-06-25,223.00,62,,634
229,229,2026-06-25,161.50,104,,403
230,230,2026-06-25,234.50,108,,178
231,231,2026-06-24,245.35,56,,254
232,232,2026-06-25,80.68,238,,62
233,233,2026-06-25,418.00,15,,9
234,234,2026-06-25,232.33,192,,223
235,235,2026-06-25,,210,,524
236,236,2026-06-24,255.71,267,,225
237,237,2026-06-25,266.23,218,,338
238,238,2026-06-24,263.00,163,,276
239,239,2026-06-25,220.63,153,,273
240,240,2026-07-03,,0,,0
241,241,2026-06-25,272.36,136,,320
242,242,2026-07-03,,19,,277
243,243,2026-06-25,571.00,325,,212
244,244,2026-06-24,252.96,268,,187
245,245,2026-06-24,224.00,161,,270
246,246,2026-06-24,827.50,168,,80
247,247,2026-06-25,330.00,231,,239
248,248,2026-06-25,,90,,98
249,249,2026-06-24,270.00,309,,246
250,250,2026-06-24,202.56,162,,164
251,251,2026-06-24,232.50,101,,57
252,252,2026-06-25,704.00,108,,169
253,253,2026-06-25,505.26,312,,119
254,254,2026-06-24,195.25,30,,419
255,255,2026-06-25,287.50,168,,242
256,256,2026-06-25,209.00,147,,143
257,257,2026-06-25,,116,,136
258,258,2026-06-25,,75,,109
259,259,2026-06-25,276.50,95,,107
260,260,2026-06-25,270.00,156,,313
261,261,2026-06-24,314.00,42,,308
262,262,2026-06-25,329.04,184,,348
263,263,2026-06-25,259.43,337,,395
264,264,2026-06-25,44.45,359,,399
265,265,2026-06-25,382.33,209,,339
266,266,2026-06-25,207.00,27,,100
267,267,2026-06-25,323.33,249,,388
268,268,2026-06-25,177.00,260,,801
269,269,2026-06-25,285.40,340,,185
270,270,2026-06-25,436.50,149,,147
271,271,2026-06-25,344.33,186,,410
272,272,2026-06-25,1390.00,136,,315
273,273,2026-06-25,230.00,193,,48
274,274,2026-06-25,82.88,221,,57
275,275,2026-06-25,,167,,251
276,276,2026-06-25,268.50,150,,217
277,277,2026-06-25,191.00,138,,199
278,278,2026-06-25,245.50,138,,353
279,279,2026-06-25,59.56,346,,89
280,280,2026-06-25,250.50,123,,154
281,281,2026-06-25,365.00,309,,353
282,282,2026-06-25,150.00,250,,250
283,283,2026-06-25,325.50,142,,701
284,284,2026-06-25,205.50,177,,452
285,285,2026-06-24,114.25,93,,442
286,286,2026-06-24,217.00,277,,57
287,287,2026-06-25,149.60,13,,186
288,288,2026-06-25,328.50,118,,541
289,289,2026-06-24,245.00,30,,136
290,290,2026-06-25,,29,,108
291,291,2026-06-25,333.20,177,,138
292,292,2026-06-24,374.00,122,,153
293,293,2026-06-25,394.00,278,,400
294,294,2026-06-24,160.00,105,,564
295,295,2026-06-25,247.33,156,,297
296,296,2026-06-25,367.00,198,,527
297,297,2026-06-25,310.97,152,,469
298,298,2026-06-24,238.25,143,,145
299,299,2026-06-25,365.00,244,,232
300,300,2026-06-25,164.00,353,,41
301,301,2026-06-24,280.00,66,,705
302,302,2026-06-25,385.95,272,,416
303,303,2026-06-24,165.47,91,,288
304,304,2026-06-25,331.00,218,,515
305,305,2026-06-24,555.50,286,,578
306,306,2026-06-24,217.00,170,,371
307,307,2026-06-25,323.33,180,,650
308,308,2026-06-25,397.51,314,,352
309,309,2026-06-25,385.50,301,,391
310,310,2026-06-25,325.24,302,,391
311,311,2026-06-25,499.27,307,,347
312,312,2026-06-25,165.50,30,,236
313,313,2026-06-25,255.67,141,,313
314,314,2026-06-24,207.69,248,,607
315,315,2026-06-24,251.06,223,,742
316,316,2026-06-24,236.00,208,,514
317,317,2026-06-25,449.00,290,,532
318,318,2026-06-24,207.13,317,,725
319,319,2026-06-25,177.26,168,,463
320,320,2026-06-25,275.80,226,,189
321,321,2026-06-24,226.33,142,,231
322,322,2026-06-25,365.33,273,,238
323,323,2026-06-24,264.00,121,,307
324,324,2026-06-25,433.00,300,,64
325,325,2026-06-24,329.00,177,,50
326,326,2026-06-25,239.65,206,,1494
327,327,2026-06-25,226.67,239,,351
328,328,2026-06-25,382.33,220,,273
329,329,2026-06-25,212.50,134,,444
330,330,2026-06-25,618.33,301,,113
331,331,2026-06-25,186.61,306,,489
332,332,2026-06-25,142.65,232,,520
333,333,2026-06-25,212.00,180,,266
334,334,2026-06-24,363.00,355,,39
335,335,2026-06-25,319.67,255,,386
336,336,2026-06-25,353.67,220,,53
337,337,2026-06-25,228.24,230,,392
338,338,2026-06-24,,92,,263
339,339,2026-06-25,228.24,196,,316
340,340,2026-06-25,261.33,104,,318
341,341,2026-06-24,405.88,246,,315
342,342,2026-06-25,205.00,154,,720
343,343,2026-06-25,300.00,239,,903
344,344,2026-07-03,,0,,14
345,345,2026-06-24,281.00,271,,183
346,346,2026-06-24,205.00,266,,191
347,347,2026-06-25,314.00,265,,142
348,348,2026-06-25,237.00,327,,524
349,349,2026-06-25,308.33,301,,248
350,350,2026-06-25,28.23,294,,297
351,351,2026-06-24,479.87,327,,249
352,352,2026-06-24,293.00,220,,163
353,353,2026-06-25,368.67,315,,56
354,354,2026-06-24,310.50,277,,437
355,355,2026-06-25,248.00,206,,299
356,356,2026-06-25,205.00,165,,164
357,357,2026-07-03,231.67,14,,309
358,358,2026-06-24,53.45,218,,30
359,359,2026-06-25,147.21,251,,606
360,360,2026-06-25,130.09,278,,113
361,361,2026-06-25,206.37,21,,444
362,362,2026-06-24,254.48,237,,335
363,363,2026-06-25,919.00,251,,311
364,364,2026-06-24,251.50,254,,542
365,365,2026-06-24,222.67,113,,236
366,366,2026-06-25,517.33,90,,227
367,367,2026-06-24,174.04,259,,586
368,368,2026-06-25,36.47,168,,29
369,369,2026-06-25,62.34,88,,13
370,370,2026-06-25,202.33,255,,638
371,371,2026-06-24,293.00,283,,136
372,372,2026-06-25,259.50,319,,184
373,373,2026-06-25,244.40,89,,223
374,374,2026-06-25,404.67,136,,269
375,375,2026-06-25,330.00,169,,44
376,376,2026-06-25,725.00,209,,199
377,377,2026-06-25,324.50,225,,428
378,378,2026-06-24,234.00,31,,67
379,379,2026-07-03,338.00,357,,12
380,380,2026-06-24,81.19,175,,0
381,381,2026-06-25,309.67,317,,72
382,382,2026-06-24,,69,,257
383,383,2026-06-24,148.00,79,,259
384,384,2026-06-24,169.33,62,,281
385,385,2026-06-25,189.00,154,,73
386,386,2026-06-25,144.67,154,,602
387,387,2026-07-03,,1,,14
388,388,2026-06-25,620.80,138,,265
389,389,2026-06-25,272.00,98,,171
390,390,2026-06-25,280.35,232,,232
391,391,2026-06-24,742.00,224,,452
392,392,2026-06-25,222.00,147,,98
393,393,2026-06-25,222.00,164,,133
394,394,2026-06-25,169.00,179,,126
395,395,2026-06-25,220.00,158,,88
396,396,2026-06-25,169.00,179,,117
397,397,2026-06-25,188.30,126,,247
398,398,2026-06-25,244.00,238,,485
399,399,2026-06-24,319.60,186,,101
400,400,2026-06-24,568.33,242,,278
401,401,2026-06-25,240.00,257,,125
402,402,2026-06-25,278.00,330,,285
403,403,2026-06-25,291.00,338,,291
404,404,2026-06-25,279.00,252,,834
405,405,2026-06-24,197.00,182,,231
406,406,2026-06-25,215.00,202,,610
407,407,2026-06-25,239.67,102,,57
408,408,2026-06-24,390.00,218,,90
409,409,2026-06-25,427.00,327,,110
410,410,2026-06-24,422.00,353,,85
411,411,2026-06-24,145.00,226,,511
412,412,2026-06-25,474.50,302,,309
413,413,2026-06-25,276.33,102,,528
414,414,2026-06-25,582.50,228,,187
415,415,2026-06-25,279.59,327,,672
416,416,2026-06-25,419.50,269,,89
417,417,2026-06-25,212.50,48,,226
418,418,2026-06-24,259.43,332,,394
419,419,2026-06-25,173.00,179,,141
420,420,2026-06-25,,142,,124
421,421,2026-06-25,185.33,166,,86
422,422,2026-06-25,257.00,284,,333
423,423,2026-06-24,287.33,37,,459
424,424,2026-06-25,186.39,49,,310
425,425,2026-06-25,240.00,347,,631
426,426,2026-06-25,331.00,257,,445
427,427,2026-06-25,806.00,238,,182
428,428,2026-06-25,163.67,242,,496
429,429,2026-06-24,228.50,204,,671
430,430,2026-06-25,273.40,241,,181
431,431,2026-06-24,188.50,105,,318
432,432,2026-06-25,297.00,333,,290
433,433,2026-06-25,194.00,167,,265
434,434,2026-06-25,154.33,53,,660
435,435,2026-06-25,26.79,267,,7
436,436,2026-06-24,128.33,150,,679
437,437,2026-06-25,313.67,325,,170
438,438,2026-06-25,313.50,339,,183
439,439,2026-06-25,214.92,144,,173
440,440,2026-06-25,304.33,272,,583
441,441,2026-06-25,179.74,101,,420
442,442,2026-06-24,183.00,132,,580
443,443,2026-06-25,266.75,252,,386
444,444,2026-06-25,297.00,196,,56
445,445,2026-06-24,194.00,250,,465
446,446,2026-06-24,184.00,274,,311
447,447,2026-06-25,230.00,39,,135
448,448,2026-07-03,,1,,92
449,449,2026-06-25,262.47,94,,495
450,450,2026-07-03,,0,,7
451,451,2026-06-25,343.00,338,,236
452,452,2026-06-25,279.00,142,,160
453,453,2026-06-25,321.00,143,,75
454,454,2026-06-25,179.25,365,,0
455,455,2026-06-25,324.70,141,,89
456,456,2026-06-24,72.60,152,,227
457,457,2026-06-25,68.60,155,,599
458,458,2026-06-24,429.00,57,,8
459,459,2026-06-25,234.70,156,,119
460,460,2026-06-25,403.90,163,,88
461,461,2026-06-24,224.50,253,,249
462,462,2026-06-25,373.00,134,,37
463,463,2026-06-24,171.50,153,,81
464,464,2026-06-25,173.08,133,,527
465,465,2026-06-25,123.25,244,,377
466,466,2026-06-25,415.50,120,,96
467,467,2026-06-25,211.50,241,,491
468,468,2026-06-25,727.00,310,,255
469,469,2026-06-25,252.00,365,,1
470,470,2026-07-03,,67,,10
471,471,2026-06-25,171.50,240,,525
472,472,2026-06-25,222.53,345,,482
473,473,2026-06-24,24.20,158,,37
474,474,2026-06-24,371.50,129,,302
475,475,2026-07-03,,0,,10
476,476,2026-06-24,359.50,106,,405
477,477,2026-06-25,248.50,142,,264
478,478,2026-06-25,289.50,289,,225
479,479,2026-06-25,401.00,308,,91
480,480,2026-06-25,304.00,168,,15
481,481,2026-07-03,,0,,56
482,482,2026-06-24,335.86,286,,118
483,483,2026-06-24,205.50,236,,506
484,484,2026-06-25,205.67,197,,258
485,485,2026-06-25,182.59,237,,430
486,486,2026-06-25,206.20,160,,68
487,487,2026-06-25,142.65,80,,394
488,488,2026-06-25,447.00,332,,16
489,489,2026-07-03,,0,,32
490,490,2026-07-03,355.00,3,,15
491,491,2026-06-25,279.59,111,,539
492,492,2026-07-03,206.67,19,,131
493,493,2026-06-25,366.00,237,,528
494,494,2026-06-24,423.50,93,,49
495,495,2026-06-25,256.00,260,,274
496,496,2026-06-25,292.90,92,,468
497,497,2026-06-25,462.50,255,,201
498,498,2026-06-25,62.52,278,,115
499,499,2026-06-25,442.50,282,,263
500,500,2026-06-25,248.78,267,,329
501,501,2026-07-03,,0,,38
502,502,2026-06-25,116.00,247,,632
503,503,2026-06-24,135.50,255,,663
504,504,2026-06-24,175.29,92,,187
505,505,2026-06-24,257.00,102,,90
506,506,2026-06-25,188.33,68,,233
507,507,2026-06-25,246.49,208,,837
508,508,2026-06-25,355.00,334,,253
509,509,2026-06-25,312.00,355,,95
510,510,2026-07-03,,14,,13
511,511,2026-06-25,356.25,159,,449
512,512,2026-06-25,226.00,29,,57
513,513,2026-06-24,127.70,363,,0
514,514,2026-06-24,256.67,97,,339
515,515,2026-06-25,308.50,106,,285
516,516,2026-06-25,207.50,270,,50
517,517,2026-06-25,258.67,285,,140
518,518,2026-06-25,310.00,247,,216
519,519,2026-06-25,232.00,216,,199
520,520,2026-06-25,163.00,147,,705
521,521,2026-06-25,160.00,108,,932
522,522,2026-06-25,231.00,243,,147
523,523,2026-06-24,251.50,287,,287
524,524,2026-06-25,279.67,235,,143
525,525,2026-06-24,275.00,284,,37
526,526,2026-06-25,312.80,303,,216
527,527,2026-06-25,568.67,67,,98
528,528,2026-06-25,221.25,68,,329
529,529,2026-06-25,302.67,67,,330
530,530,2026-06-24,317.00,81,,261
531,531,2026-06-25,291.00,58,,277
532,532,2026-06-25,239.75,75,,284
533,533,2026-06-25,174.50,58,,329
534,534,2026-06-25,187.20,61,,299
535,535,2026-07-03,155.00,206,,322
536,536,2026-06-25,154.06,84,,725
537,537,2026-07-03,27.20,364,,0
538,538,2026-06-25,342.67,224,,396
539,539,2026-07-03,372.00,242,,514
540,540,2026-06-25,274.00,188,,81
541,541,2026-06-25,252.00,365,,2
542,542,2026-06-25,222.53,341,,722
543,543,2026-06-25,284.50,335,,184
544,544,2026-06-25,88.50,207,,36
545,545,2026-07-03,208.40,36,,254
546,546,2026-06-24,33.46,44,,133
547,547,2026-06-25,38.91,120,,47
548,548,2026-06-25,385.15,192,,539
549,549,2026-06-25,283.67,278,,177
550,550,2026-06-24,101.48,89,,1
551,551,2026-06-25,181.50,69,,716
552,552,2026-06-25,314.00,338,,135
553,553,2026-06-25,173.08,320,,878
554,554,2026-06-25,203.20,153,,216
555,555,2026-06-25,321.00,352,,565
556,556,2026-06-25,107.00,44,,415
557,557,2026-06-24,223.00,56,,302
558,558,2026-06-25,,338,,136
559,559,2026-06-24,92.18,144,,20
560,560,2026-06-25,96.00,9,,150
561,561,2026-06-25,211.88,190,,468
562,562,2026-06-25,,41,,253
563,563,2026-06-25,61.68,185,,7
564,564,2026-06-25,217.00,214,,779
565,565,2026-07-03,,0,,0
566,566,2026-06-25,194.00,187,,632
567,567,2026-06-25,234.00,169,,223
568,568,2026-06-25,230.75,268,,365
569,569,2026-06-25,246.00,329,,426
570,570,2026-06-25,235.66,218,,359
571,571,2026-07-03,74.50,13,,52
572,572,2026-06-25,317.40,287,,109
573,573,2026-06-25,355.67,122,,60
574,574,2026-06-25,377.67,97,,6
575,575,2026-06-24,464.40,140,,148
576,576,2026-07-03,,0,,24
577,577,2026-06-25,319.00,189,,56
578,578,2026-06-25,649.00,185,,34
579,579,2026-06-24,324.00,45,,91
580,580,2026-06-25,221.50,279,,539
581,581,2026-06-25,251.91,329,,530
582,582,2026-06-24,195.50,243,,567
583,583,2026-06-25,284.00,328,,136
584,584,2026-06-25,460.00,335,,67
585,585,2026-06-25,128.40,258,,338
586,586,2026-06-25,442.67,342,,122
587,587,2026-06-25,257.50,218,,466
588,588,2026-06-24,436.50,168,,256
589,589,2026-06-24,378.87,266,,703
590,590,2026-06-25,234.60,300,,419
591,591,2026-06-24,228.50,95,,149
592,592,2026-06-25,467.00,282,,668
593,593,2026-06-25,306.00,202,,122
594,594,2026-06-25,1632.00,265,,323
595,595,2026-06-25,341.51,334,,272
596,596,2026-06-25,265.00,211,,465
597,597,2026-06-25,432.00,293,,245
598,598,2026-06-25,365.00,287,,95
599,599,2026-06-25,457.50,254,,152
600,600,2026-06-25,,347,,278
601,601,2026-06-24,310.22,340,,99
602,602,2026-06-25,,84,,473
603,603,2026-06-24,356.43,325,,229
604,604,2026-06-25,188.50,59,,773
605,605,2026-06-25,319.67,361,,80
606,606,2026-06-25,85.28,263,,32
607,607,2026-06-25,238.00,127,,368
608,608,2026-06-25,326.00,214,,227
609,609,2026-06-24,313.82,343,,244
610,610,2026-06-25,240.00,168,,203
611,611,2026-07-03,,0,,0
612,612,2026-06-25,192.86,266,,696
613,613,2026-06-25,205.41,196,,541
614,614,2026-06-25,1575.00,365,,3
615,615,2026-06-25,263.00,365,,1
616,616,2026-06-25,263.00,365,,1
617,617,2026-06-24,189.00,241,,258
618,618,2026-06-24,172.00,253,,326
619,619,2026-07-03,,0,,3
620,620,2026-06-25,258.67,224,,509
621,621,2026-06-25,214.54,285,,482
622,622,2026-06-25,319.53,257,,602
623,623,2026-06-25,292.00,206,,396
624,624,2026-06-25,214.33,143,,185
625,625,2026-06-24,224.00,68,,107
626,626,2026-06-24,114.25,105,,466
627,627,2026-06-25,456.47,344,,629
628,628,2026-06-25,210.00,48,,133
629,629,2026-06-25,353.76,321,,292
630,630,2026-06-25,193.00,81,,330
631,631,2026-06-25,238.00,312,,156
632,632,2026-06-25,180.00,42,,147
633,633,2026-06-25,190.00,37,,256
634,634,2026-06-25,228.33,252,,229
635,635,2026-06-25,351.33,145,,159
636,636,2026-06-25,205.41,168,,585
637,637,2026-06-25,152.92,213,,674
638,638,2026-06-24,156.00,269,,242
639,639,2026-06-25,373.00,282,,290
640,640,2026-06-25,317.25,153,,33
641,641,2026-06-25,142.65,168,,439
642,642,2026-06-25,227.00,146,,167
643,643,2026-06-24,259.41,157,,330
644,644,2026-06-25,262.47,279,,234
645,645,2026-06-25,468.67,319,,204
646,646,2026-06-25,132.13,309,,635
647,647,2026-06-25,185.50,98,,50
648,648,2026-06-25,216.82,311,,814
649,649,2026-06-25,164.33,308,,700
650,650,2026-06-24,272.31,151,,307
651,651,2026-06-25,246.00,125,,548
652,652,2026-06-25,285.67,216,,434
653,653,2026-06-25,233.00,201,,795
654,654,2026-06-25,160.00,207,,382
655,655,2026-06-25,304.31,312,,599
656,656,2026-06-24,262.50,113,,245
657,657,2026-06-25,284.20,181,,362
658,658,2026-06-25,211.50,77,,323
659,659,2026-06-25,187.16,365,,0
660,660,2026-06-25,400.00,136,,135
661,661,2026-06-24,260.00,300,,717
662,662,2026-06-25,356.00,277,,112
663,663,2026-06-24,223.00,186,,533
664,664,2026-06-25,296.71,88,,100
665,665,2026-06-25,476.00,69,,434
666,666,2026-06-24,216.83,133,,449
667,667,2026-06-25,289.75,140,,306
668,668,2026-06-25,110.63,97,,220
669,669,2026-06-25,194.00,132,,542
670,670,2026-06-25,375.00,128,,293
671,671,2026-06-25,325.24,201,,692
672,672,2026-07-03,,0,,2
673,673,2026-06-25,138.08,119,,494
674,674,2026-06-25,514.00,295,,492
675,675,2026-06-25,54.90,211,,154
676,676,2026-07-03,,0,,228
677,677,2026-06-25,275.78,307,,235
678,678,2026-06-25,304.33,201,,448
679,679,2026-06-24,287.33,272,,246
680,680,2026-06-24,405.50,196,,331
681,681,2026-06-25,208.50,125,,382
682,682,2026-06-25,260.50,329,,18
683,683,2026-06-24,125.75,135,,332
684,684,2026-06-24,200.00,152,,341
685,685,2026-06-25,329.80,281,,644
686,686,2026-06-25,315.00,335,,302
687,687,2026-06-24,246.00,266,,427
688,688,2026-06-25,199.00,101,,688
689,689,2026-06-25,229.00,223,,489
690,690,2026-06-25,274.00,23,,471
691,691,2026-06-24,358.67,192,,125
692,692,2026-06-25,377.00,299,,211
693,693,2026-06-25,214.00,40,,81
694,694,2026-06-24,250.50,31,,61
695,695,2026-06-24,114.33,241,,241
696,696,2026-06-25,169.00,161,,185
697,697,2026-06-24,25.50,210,,39
698,698,2026-06-25,336.75,180,,370
699,699,2026-06-25,341.48,243,,175
700,700,2026-06-25,305.67,145,,278
701,701,2026-06-25,222.60,160,,268
702,702,2026-06-25,57.03,275,,62
703,703,2026-06-25,374.00,308,,455
704,704,2026-06-25,192.00,274,,546
705,705,2026-06-24,312.00,151,,12
706,706,2026-06-25,232.00,207,,759
707,707,2026-06-24,271.50,94,,613
708,708,2026-06-25,249.00,196,,81
709,709,2026-06-25,520.00,233,,417
710,710,2026-06-24,203.89,274,,388
711,711,2026-06-24,123.40,217,,354
712,712,2026-06-25,416.67,313,,520
713,713,2026-06-24,207.00,44,,1010
714,714,2026-06-25,203.00,118,,474
715,715,2026-06-25,177.00,300,,257
716,716,2026-06-25,200.00,121,,579
717,717,2026-06-25,310.50,227,,115
718,718,2026-06-25,201.67,217,,515
719,719,2026-06-25,417.00,223,,160
720,720,2026-06-25,378.00,206,,163
721,721,2026-06-25,273.33,13,,302
722,722,2026-06-24,258.50,46,,79
723,723,2026-06-24,259.62,152,,531
724,724,2026-06-24,197.00,179,,496
725,725,2026-06-25,271.25,94,,246
726,726,2026-06-25,176.88,324,,873
727,727,2026-06-25,218.00,235,,248
728,728,2026-06-24,507.00,286,,181
729,729,2026-06-25,306.00,307,,88
730,730,2026-06-25,245.67,272,,460
731,731,2026-06-25,175.80,125,,432
732,732,2026-06-25,262.00,206,,276
733,733,2026-06-25,96.05,19,,126
734,734,2026-06-25,148.67,230,,692
735,735,2026-06-25,176.00,54,,312
736,736,2026-06-25,172.00,97,,155
737,737,2026-07-03,,0,,13
738,738,2026-06-25,286.67,124,,68
739,739,2026-06-25,77.76,164,,276
740,740,2026-06-25,80.00,290,,21
741,741,2026-06-25,278.50,82,,455
742,742,2026-06-25,353.00,128,,369
743,743,2026-06-25,247.33,238,,451
744,744,2026-06-25,268.18,292,,403
745,745,2026-06-25,145.00,238,,279
746,746,2026-06-25,191.14,19,,417
747,747,2026-06-24,308.69,353,,498
748,748,2026-06-24,302.50,325,,66
749,749,2026-06-25,348.00,99,,270
750,750,2026-06-25,58.74,363,,19
751,751,2026-06-24,253.91,199,,156
752,752,2026-06-25,305.00,289,,371
753,753,2026-06-25,216.00,359,,3
754,754,2026-06-25,308.25,336,,132
755,755,2026-06-25,258.19,238,,285
756,756,2026-06-25,,167,,162
757,757,2026-06-24,395.00,161,,36
758,758,2026-06-25,524.00,118,,203
759,759,2026-06-25,316.00,77,,246
760,760,2026-06-25,246.00,178,,338
761,761,2026-06-25,565.00,166,,72
762,762,2026-06-25,425.50,162,,72
763,763,2026-06-24,692.50,146,,80
764,764,2026-06-25,163.67,63,,535
765,765,2026-06-25,262.00,303,,120
766,766,2026-06-25,215.00,168,,467
767,767,2026-06-25,232.50,169,,371
768,768,2026-06-24,250.00,77,,360
769,769,2026-06-25,226.00,118,,222
770,770,2026-06-25,330.00,323,,465
771,771,2026-06-25,255.00,247,,435
772,772,2026-06-25,228.50,110,,608
773,773,2026-06-24,251.50,254,,459
774,774,2026-06-25,342.50,163,,712
775,775,2026-06-25,294.00,156,,374
776,776,2026-06-24,376.59,100,,48
777,777,2026-06-25,62.65,249,,48
778,778,2026-06-25,195.71,326,,347
779,779,2026-06-24,,141,,138
780,780,2026-06-24,20.07,224,,48
781,781,2026-06-24,209.25,182,,533
782,782,2026-06-25,208.50,104,,235
783,783,2026-06-25,182.59,308,,710
784,784,2026-06-25,367.75,159,,137
785,785,2026-06-25,388.00,142,,218
786,786,2026-06-25,302.00,154,,295
787,787,2026-06-24,286.44,262,,663
788,788,2026-06-25,191.72,304,,513
789,789,2026-06-25,291.00,174,,6
790,790,2026-06-25,324.00,149,,350
791,791,2026-06-25,68.16,60,,55
792,792,2026-06-25,233.94,268,,392
793,793,2026-06-25,696.25,271,,211
794,794,2026-06-25,220.67,163,,338
795,795,2026-06-25,353.76,330,,282
796,796,2026-07-03,303.00,179,,388
797,797,2026-06-25,45.00,360,,21
798,798,2026-06-25,340.45,266,,339
799,799,2026-06-25,256.00,260,,636
800,800,2026-06-25,234.00,231,,353
801,801,2026-06-25,370.00,233,,73
802,802,2026-06-25,228.50,150,,245
803,803,2026-06-25,186.50,149,,268
804,804,2026-06-25,214.33,103,,181
805,805,2026-06-25,206.00,313,,278
806,806,2026-06-25,424.60,311,,225
807,807,2026-06-25,297.00,142,,229
808,808,2026-06-25,411.50,258,,68
809,809,2026-06-25,632.63,88,,2
810,810,2026-06-25,44.68,309,,39
811,811,2026-06-24,220.00,232,,293
812,812,2026-07-03,,0,,2
813,813,2026-06-25,474.00,306,,326
814,814,2026-06-25,355.67,94,,33
815,815,2026-06-25,254.00,311,,528
816,816,2026-06-25,238.00,120,,280
817,817,2026-06-25,317.50,145,,0
818,818,2026-06-24,223.00,203,,726
819,819,2026-06-25,131.33,157,,251
820,820,2026-06-25,228.50,104,,513
821,821,2026-06-25,,93,,163
822,822,2026-06-25,,134,,221
823,823,2026-06-25,279.00,115,,117
824,824,2026-06-25,,121,,167
825,825,2026-06-25,,153,,204
826,826,2026-06-25,255.33,137,,127
827,827,2026-06-25,,46,,263
828,828,2026-06-25,319.00,238,,143
829,829,2026-06-25,463.00,249,,182
830,830,2026-06-25,518.50,246,,82
831,831,2026-06-25,247.00,81,,141
832,832,2026-07-03,190.67,10,,492
833,833,2026-06-25,414.63,343,,332
834,834,2026-06-24,,175,,200
835,835,2026-06-25,261.33,203,,1013
836,836,2026-06-25,62.88,162,,55
837,837,2026-06-25,275.67,71,,293
838,838,2026-06-25,260.00,89,,423
839,839,2026-06-25,,124,,234
840,840,2026-06-25,,133,,151
841,841,2026-06-25,245.33,225,,285
842,842,2026-06-25,,97,,169
843,843,2026-06-24,209.22,70,,351
844,844,2026-06-25,,124,,209
845,845,2026-06-25,,131,,120
846,846,2026-06-25,297.00,149,,154
847,847,2026-06-25,377.45,304,,248
848,848,2026-06-24,292.50,133,,327
849,849,2026-06-25,370.00,92,,7
850,850,2026-06-25,283.50,325,,362
851,851,2026-06-25,78.77,140,,18
852,852,2026-06-25,216.82,313,,668
853,853,2026-06-24,243.00,319,,433
854,854,2026-06-25,251.06,63,,193
855,855,2026-06-25,253.91,320,,556
856,856,2026-06-25,265.05,342,,510
857,857,2026-06-25,,354,,64
858,858,2026-06-24,324.00,331,,39
859,859,2026-06-24,379.33,91,,183
860,860,2026-06-25,293.33,96,,82
861,861,2026-06-25,152.92,87,,240
862,862,2026-06-25,167.00,94,,127
863,863,2026-06-25,90.94,225,,10
864,864,2026-06-25,453.00,192,,101
865,865,2026-06-25,67.32,194,,22
866,866,2026-06-25,280.00,204,,127
867,867,2026-06-24,323.67,297,,243
868,868,2026-06-25,252.00,283,,555
869,869,2026-06-24,199.00,158,,433
870,870,2026-06-25,397.13,188,,406
871,871,2026-07-03,,0,,2
872,872,2026-06-25,344.86,233,,380
873,873,2026-06-25,348.06,119,,423
874,874,2026-07-03,107.00,246,,182
875,875,2026-06-25,405.50,279,,358
876,876,2026-07-03,26.25,173,,17
877,877,2026-06-25,293.67,271,,13
878,878,2026-06-24,346.00,334,,434
879,879,2026-06-25,295.00,150,,14
880,880,2026-06-25,148.36,285,,702
881,881,2026-06-25,266.00,205,,560
882,882,2026-06-24,131.50,104,,252
883,883,2026-07-03,,0,,10
884,884,2026-06-24,384.39,324,,282
885,885,2026-06-25,389.00,68,,353
886,886,2026-06-24,72.14,44,,256
887,887,2026-06-25,236.33,131,,296
888,888,2026-06-25,226.46,324,,89
889,889,2026-06-24,200.00,335,,443
890,890,2026-07-03,,0,,0
891,891,2026-06-25,224.50,271,,413
892,892,2026-06-25,207.48,43,,437
893,893,2026-06-25,247.01,163,,315
894,894,2026-06-25,285.11,139,,328
895,895,2026-06-25,92.66,301,,51
896,896,2026-06-25,401.00,140,,529
897,897,2026-06-25,355.00,221,,363
898,898,2026-06-25,197.75,289,,160
899,899,2026-07-03,,0,,115
900,900,2026-06-24,239.65,170,,163
901,901,2026-07-03,,0,,6
902,902,2026-07-03,,0,,94
903,903,2026-07-03,,0,,27
904,904,2026-06-25,271.00,318,,164
905,905,2026-06-25,226.33,131,,497
906,906,2026-06-25,217.30,343,,103
907,907,2026-06-25,249.30,328,,66
908,908,2026-06-25,159.00,103,,526
909,909,2026-06-25,69.00,62,,25
910,910,2026-06-25,,113,,58
911,911,2026-06-25,629.00,307,,449
912,912,2026-07-03,,0,,78
913,913,2026-06-25,266.20,347,,313
914,914,2026-06-25,370.33,286,,153
915,915,2026-06-25,247.00,153,,20
916,916,2026-06-25,31.77,299,,50
917,917,2026-06-25,342.50,83,,403
918,918,2026-06-24,215.00,103,,423
919,919,2026-06-25,200.47,238,,285
920,920,2026-06-24,270.00,246,,287
921,921,2026-06-25,154.50,59,,165
922,922,2026-06-24,183.00,68,,89
923,923,2026-06-24,495.00,242,,488
924,924,2026-07-03,,0,,272
925,925,2026-06-25,410.00,346,,161
926,926,2026-06-25,468.00,63,,81
927,927,2026-06-25,188.33,262,,238
928,928,2026-07-03,,0,,36
929,929,2026-07-03,,7,,584
930,930,2026-07-03,,0,,95
931,931,2026-06-25,276.00,188,,86
932,932,2026-06-24,,124,,499
933,933,2026-06-25,228.40,109,,490
934,934,2026-06-24,386.75,188,,160
935,935,2026-06-25,107.61,361,,2
936,936,2026-06-24,379.50,162,,99
937,937,2026-06-25,355.33,183,,156
938,938,2026-06-24,224.43,318,,452
939,939,2026-06-24,639.00,130,,353
940,940,2026-06-25,357.00,195,,134
941,941,2026-06-25,335.00,119,,141
942,942,2026-07-03,,0,,0
943,943,2026-07-03,,0,,1
944,944,2026-06-24,181.60,242,,414
945,945,2026-07-03,,0,,26
946,946,2026-07-03,,0,,7
947,947,2026-06-25,253.91,241,,231
948,948,2026-07-03,,0,,5
949,949,2026-06-25,575.50,312,,132
950,950,2026-06-25,192.57,166,,416
951,951,2026-06-25,268.33,82,,40
952,952,2026-06-25,237.00,144,,142
953,953,2026-06-25,310.50,302,,157
954,954,2026-06-25,670.44,63,,331
955,955,2026-07-03,,0,,1
956,956,2026-06-25,198.50,169,,343
957,957,2026-06-25,188.00,297,,703
958,958,2026-06-24,257.00,280,,170
959,959,2026-06-24,,282,,374
960,960,2026-06-25,246.00,274,,750
961,961,2026-06-25,263.00,110,,193
962,962,2026-06-25,253.00,237,,205
963,963,2026-06-25,219.00,87,,199
964,964,2026-06-25,168.00,112,,183
965,965,2026-06-25,211.67,129,,132
966,966,2026-06-25,433.00,74,,228
967,967,2026-06-24,135.52,114,,247
968,968,2026-06-25,188.29,314,,606
969,969,2026-06-25,170.80,133,,475
970,970,2026-06-25,117.58,168,,75
971,971,2026-06-25,109.53,330,,134
972,972,2026-06-24,107.09,364,,121
973,973,2026-06-25,296.50,313,,285
974,974,2026-06-25,369.50,206,,204
975,975,2026-07-03,,0,,1
976,976,2026-06-24,,34,,75
977,977,2026-06-25,331.00,220,,345
978,978,2026-06-25,251.06,193,,327
979,979,2026-06-25,506.50,120,,236
980,980,2026-06-25,203.89,69,,412
981,981,2026-06-25,234.00,182,,605
982,982,2026-06-25,267.00,119,,450
983,983,2026-06-24,575.00,47,,89
984,984,2026-06-25,356.00,340,,76
985,985,2026-06-24,526.00,46,,84
986,986,2026-06-24,404.00,63,,34
987,987,2026-06-24,404.00,58,,38
988,988,2026-06-24,223.00,294,,746
989,989,2026-06-24,404.00,62,,59
990,990,2026-06-24,404.00,61,,42
991,991,2026-06-25,289.29,233,,965
992,992,2026-06-25,186.67,124,,543
993,993,2026-06-25,177.33,176,,86
994,994,2026-06-25,246.00,249,,320
995,995,2026-07-03,,0,,40
996,996,2026-06-25,362.55,262,,287
997,997,2026-06-25,423.00,345,,226
998,998,2026-06-25,294.42,309,,252
999,999,2026-06-24,139.50,33,,204
1000,1000,2026-06-25,281.00,293,,198
1001,1001,2026-06-25,444.35,340,,339
1002,1002,2026-06-24,269.32,311,,388
1003,1003,2026-06-25,320.00,299,,445
1004,1004,2026-06-25,337.00,179,,405
1005,1005,2026-06-25,190.00,68,,285
1006,1006,2026-06-25,324.00,150,,175
1007,1007,2026-06-25,198.50,79,,367
1008,1008,2026-06-25,263.00,365,,6
1009,1009,2026-06-25,1409.33,285,,33
1010,1010,2026-06-25,272.00,324,,552
1011,1011,2026-06-25,316.00,334,,398
1012,1012,2026-06-24,185.00,181,,400
1013,1013,2026-06-25,213.40,280,,658
1014,1014,2026-06-25,353.76,232,,691
1015,1015,2026-06-25,245.50,168,,335
1016,1016,2026-06-25,309.26,173,,235
1017,1017,2026-06-25,264.00,125,,281
1018,1018,2026-06-25,207.25,32,,142
1019,1019,2026-06-24,433.00,335,,243
1020,1020,2026-06-25,183.16,232,,571
1021,1021,2026-06-25,266.50,335,,170
1022,1022,2026-06-24,456.50,76,,67
1023,1023,2026-06-25,285.50,77,,63
1024,1024,2026-06-25,288.00,119,,206
1025,1025,2026-06-25,325.50,165,,153
1026,1026,2026-06-25,369.00,108,,183
1027,1027,2026-06-25,312.00,77,,174
1028,1028,2026-06-25,264.33,134,,110
1029,1029,2026-06-25,359.67,95,,165
1030,1030,2026-06-25,465.00,42,,98
1031,1031,2026-06-25,514.00,96,,203
1032,1032,2026-06-25,344.00,55,,88
1033,1033,2026-06-25,218.35,275,,97
1034,1034,2026-06-25,220.00,236,,229
1035,1035,2026-06-25,165.50,173,,157
1036,1036,2026-06-24,213.23,259,,193
1037,1037,2026-06-25,256.67,115,,196
1038,1038,2026-06-24,97.00,47,,607
1039,1039,2026-06-25,294.67,144,,184
1040,1040,2026-06-24,564.00,123,,42
1041,1041,2026-06-24,220.63,311,,120
1042,1042,2026-06-25,171.67,18,,200
1043,1043,2026-07-03,,0,,5
1044,1044,2026-06-24,497.00,119,,49
1045,1045,2026-06-24,573.00,295,,345
1046,1046,2026-06-25,297.00,288,,530
1047,1047,2026-06-25,39.09,173,,141
1048,1048,2026-06-25,487.00,115,,131
1049,1049,2026-06-25,468.00,284,,465
1050,1050,2026-06-25,67.78,216,,41
1051,1051,2026-06-24,254.00,234,,289
1052,1052,2026-06-24,273.50,317,,172
1053,1053,2026-06-24,251.33,187,,216
1054,1054,2026-06-25,199.49,76,,215
1055,1055,2026-06-25,248.50,103,,281
1056,1056,2026-06-25,110.72,119,,13
1057,1057,2026-06-25,315.67,298,,326
1058,1058,2026-06-24,484.50,201,,368
1059,1059,2026-06-25,465.00,57,,55
1060,1060,2026-07-03,,0,,0
1061,1061,2026-06-25,274.00,296,,755
1062,1062,2026-06-25,32.58,314,,77
1063,1063,2026-07-03,,0,,0
1064,1064,2026-06-25,674.00,180,,251
1065,1065,2026-06-25,227.09,163,,290
1066,1066,2026-07-03,,0,,2
1067,1067,2026-06-25,331.00,174,,709
1068,1068,2026-06-24,483.10,177,,396
1069,1069,2026-06-25,27.81,312,,133
1070,1070,2026-06-24,180.40,222,,302
1071,1071,2026-07-03,,0,,128
1072,1072,2026-06-24,150.00,339,,884
1073,1073,2026-06-25,248.50,89,,307
1074,1074,2026-06-24,339.14,361,,26
1075,1075,2026-06-25,40.81,144,,32
1076,1076,2026-06-25,410.00,206,,95
1077,1077,2026-06-25,369.50,196,,107
1078,1078,2026-06-25,191.00,293,,54
1079,1079,2026-06-24,559.50,329,,52
1080,1080,2026-06-25,319.53,282,,70
1081,1081,2026-06-25,393.71,144,,71
1082,1082,2026-07-03,,0,,0
1083,1083,2026-06-25,280.33,162,,26
1084,1084,2026-07-03,,0,,0
1085,1085,2026-06-25,218.54,36,,220
1086,1086,2026-06-25,318.25,161,,375
1087,1087,2026-06-24,251.25,250,,338
1088,1088,2026-06-24,201.33,142,,58
1089,1089,2026-06-25,285.33,248,,241
1090,1090,2026-06-25,334.00,51,,157
1091,1091,2026-06-25,891.00,365,,2
1092,1092,2026-07-03,,0,,31
1093,1093,2026-06-25,,151,,0
1094,1094,2026-06-25,228.24,246,,412
1095,1095,2026-06-25,277.00,235,,245
1096,1096,2026-07-03,,0,,0
1097,1097,2026-06-25,198.40,349,,365
1098,1098,2026-06-25,442.67,345,,100
1099,1099,2026-06-24,175.46,316,,282
1100,1100,2026-06-25,286.00,150,,95
1101,1101,2026-06-25,189.00,120,,133
1102,1102,2026-06-25,349.00,52,,405
1103,1103,2026-06-25,523.00,329,,408
1104,1104,2026-06-25,217.00,81,,351
1105,1105,2026-06-25,105.00,316,,509
1106,1106,2026-06-25,252.50,301,,246
1107,1107,2026-06-24,150.20,54,,14
1108,1108,2026-06-24,227.67,222,,326
1109,1109,2026-07-03,,0,,2
1110,1110,2026-06-25,231.25,251,,544
1111,1111,2026-06-25,725.00,202,,182
1112,1112,2026-06-25,284.50,70,,143
1113,1113,2026-07-03,,0,,9
1114,1114,2026-06-24,185.36,347,,4
1115,1115,2026-06-25,228.24,97,,406
1116,1116,2026-06-25,319.53,282,,480
1117,1117,2026-06-24,355.14,265,,519
1118,1118,2026-06-25,152.67,196,,11
1119,1119,2026-07-03,,0,,0
1120,1120,2026-06-25,351.00,189,,477
1121,1121,2026-06-25,229.00,179,,379
1122,1122,2026-06-25,160.00,61,,816
1123,1123,2026-06-25,483.67,232,,98
1124,1124,2026-06-25,483.67,238,,107
1125,1125,2026-06-24,234.00,263,,273
1126,1126,2026-06-24,374.00,305,,396
1127,1127,2026-06-24,46.00,98,,471
1128,1128,2026-06-25,261.33,28,,554
1129,1129,2026-06-24,365.50,310,,190
1130,1130,2026-06-25,415.00,264,,105
1131,1131,2026-06-25,431.67,227,,105
1132,1132,2026-07-03,,8,,239
1133,1133,2026-06-25,142.33,130,,201
1134,1134,2026-06-25,598.33,95,,290
1135,1135,2026-06-25,260.00,270,,189
1136,1136,2026-06-25,320.00,339,,380
1137,1137,2026-06-25,251.00,212,,122
1138,1138,2026-06-24,236.00,246,,213
1139,1139,2026-06-25,244.00,293,,246
1140,1140,2026-06-25,209.00,308,,559
1141,1141,2026-06-25,170.50,342,,245
1142,1142,2026-06-25,189.00,300,,720
1143,1143,2026-07-03,,0,,47
1144,1144,2026-06-24,212.83,63,,515
1145,1145,2026-06-25,339.00,281,,73
1146,1146,2026-06-25,143.00,295,,72
1147,1147,2026-06-24,203.51,95,,288
1148,1148,2026-06-25,223.00,268,,77
1149,1149,2026-06-25,186.13,256,,128
1150,1150,2026-06-25,262.60,275,,351
1151,1151,2026-06-25,279.82,331,,226
1152,1152,2026-06-24,272.80,203,,462
1153,1153,2026-06-25,536.36,311,,413
1154,1154,2026-06-25,301.50,144,,453
1155,1155,2026-06-25,247.50,343,,305
1156,1156,2026-06-25,187.67,91,,158
1157,1157,2026-06-25,459.00,124,,357
1158,1158,2026-06-25,307.00,192,,114
1159,1159,2026-06-25,439.50,219,,335
1160,1160,2026-06-25,258.51,345,,334
1161,1161,2026-06-25,238.51,339,,316
1162,1162,2026-07-03,,0,,0
1163,1163,2026-07-03,254.20,179,,192
1164,1164,2026-06-24,237.00,104,,434
1165,1165,2026-06-25,330.00,342,,128
1166,1166,2026-06-25,320.50,323,,226
1167,1167,2026-06-25,183.75,163,,84
1168,1168,2026-06-25,187.73,288,,313
1169,1169,2026-06-25,347.50,130,,227
1170,1170,2026-06-25,295.33,175,,114
1171,1171,2026-06-25,164.00,72,,292
1172,1172,2026-06-25,65.71,50,,18
1173,1173,2026-06-25,222.75,251,,241
1174,1174,2026-07-03,,0,,0
1175,1175,2026-06-25,371.00,206,,298
1176,1176,2026-06-24,150.33,245,,260
1177,1177,2026-06-24,311.92,248,,58
1178,1178,2026-06-25,468.15,122,,252
1179,1179,2026-06-25,277.00,142,,154
1180,1180,2026-07-03,,0,,0
1181,1181,2026-06-25,208.88,266,,554
1182,1182,2026-06-25,885.00,111,,207
1183,1183,2026-06-24,188.33,306,,320
1184,1184,2026-06-25,343.50,299,,308
1185,1185,2026-06-25,56.13,215,,71
1186,1186,2026-06-25,43.00,91,,1612
1187,1187,2026-06-25,838.00,335,,53
1188,1188,2026-06-25,171.50,247,,331
1189,1189,2026-07-03,,0,,0
1190,1190,2026-07-03,,0,,27
1191,1191,2026-06-25,40.36,328,,30
1192,1192,2026-06-24,257.00,184,,372
1193,1193,2026-06-25,432.00,315,,474
1194,1194,2026-06-24,249.00,75,,97
1195,1195,2026-06-24,207.33,100,,234
1196,1196,2026-06-25,250.00,203,,114
1197,1197,2026-06-25,333.20,164,,175
1198,1198,2026-06-24,,48,,78
1199,1199,2026-06-25,145.00,86,,53
1200,1200,2026-06-25,246.07,282,,462
1201,1201,2026-06-25,337.00,335,,128
1202,1202,2026-06-25,290.00,256,,207
1203,1203,2026-06-25,353.50,362,,24
1204,1204,2026-06-25,236.00,76,,66
1205,1205,2026-06-25,122.00,158,,153
1206,1206,2026-07-03,,0,,115
1207,1207,2026-06-25,43.88,365,,48
1208,1208,2026-06-25,316.00,154,,85
1209,1209,2026-07-03,,0,,4
1210,1210,2026-06-25,399.50,299,,234
1211,1211,2026-06-24,121.75,111,,232
1212,1212,2026-06-25,248.78,249,,357
1213,1213,2026-06-25,203.70,245,,385
1214,1214,2026-06-25,221.96,241,,394
1215,1215,2026-06-25,1712.00,365,,2
1216,1216,2026-06-25,891.00,365,,5
1217,1217,2026-06-24,433.25,296,,343
1218,1218,2026-06-25,276.00,321,,485
1219,1219,2026-06-24,205.67,257,,180
1220,1220,2026-06-24,205.67,248,,178
1221,1221,2026-06-25,192.00,171,,537
1222,1222,2026-07-03,,0,,58
1223,1223,2026-06-24,232.80,305,,256
1224,1224,2026-07-03,,0,,12
1225,1225,2026-06-25,596.00,98,,176
1226,1226,2026-06-25,235.00,196,,224
1227,1227,2026-07-03,,0,,133
1228,1228,2026-07-03,58.59,364,,51
1229,1229,2026-06-25,316.00,227,,163
1230,1230,2026-06-24,315.00,191,,379
1231,1231,2026-06-24,176.88,159,,421
1232,1232,2026-06-24,161.00,364,,388
1233,1233,2026-06-25,274.00,249,,304
1234,1234,2026-06-25,439.00,249,,488
1235,1235,2026-06-25,32.40,236,,155
1236,1236,2026-07-03,,0,,4
1237,1237,2026-06-25,179.56,229,,664
1238,1238,2026-07-03,,0,,15
1239,1239,2026-06-25,454.00,353,,82
1240,1240,2026-06-25,113.81,242,,18
1241,1241,2026-06-25,226.00,104,,652
1242,1242,2026-06-25,203.00,251,,361
1243,1243,2026-07-03,27.41,277,,146
1244,1244,2026-06-25,22.31,266,,85
1245,1245,2026-06-24,85.04,364,,14
1246,1246,2026-06-25,208.00,243,,173
1247,1247,2026-06-25,75.91,192,,16
1248,1248,2026-06-24,310.02,212,,283
1249,1249,2026-06-25,245.59,55,,26
1250,1250,2026-06-25,1035.79,325,,175
1251,1251,2026-07-03,,0,,148
1252,1252,2026-06-25,205.67,120,,82
1253,1253,2026-07-03,,0,,11
1254,1254,2026-07-03,,0,,1
1255,1255,2026-07-03,,0,,1
1256,1256,2026-06-25,330.94,283,,10
1257,1257,2026-07-03,,0,,24
1258,1258,2026-06-25,189.82,69,,385
1259,1259,2026-06-24,83.00,175,,3
1260,1260,2026-06-25,249.00,258,,144
1261,1261,2026-06-24,28.43,301,,169
1262,1262,2026-06-25,282.33,196,,15
1263,1263,2026-06-25,250.50,130,,154
1264,1264,2026-06-25,166.33,308,,176
1265,1265,2026-06-25,209.00,287,,127
1266,1266,2026-06-25,413.00,310,,438
1267,1267,2026-06-24,277.00,153,,60
1268,1268,2026-06-24,335.43,137,,88
1269,1269,2026-06-24,316.00,147,,51
1270,1270,2026-07-03,,0,,2
1271,1271,2026-07-03,,0,,2
1272,1272,2026-06-25,74.49,304,,22
1273,1273,2026-06-25,238.50,245,,185
1274,1274,2026-06-25,320.00,237,,25
1275,1275,2026-06-25,110.61,364,,113
1276,1276,2026-06-25,166.00,185,,77
1277,1277,2026-06-25,263.00,323,,197
1278,1278,2026-06-25,287.00,295,,238
1279,1279,2026-06-25,186.50,309,,232
1280,1280,2026-06-24,163.00,301,,28
1281,1281,2026-07-03,,0,,50
1282,1282,2026-06-25,61.76,295,,19
1283,1283,2026-06-25,199.00,198,,119
1284,1284,2026-06-25,242.06,324,,84
1285,1285,2026-06-25,130.33,286,,329
1286,1286,2026-07-03,,0,,1
1287,1287,2026-06-24,593.25,38,,88
1288,1288,2026-07-03,,0,,16
1289,1289,2026-06-25,68.98,364,,11
1290,1290,2026-06-25,1019.50,297,,82
1291,1291,2026-07-03,197.00,269,,149
1292,1292,2026-06-25,336.80,78,,419
1293,1293,2026-06-25,259.00,320,,377
1294,1294,2026-06-25,20.28,175,,99
1295,1295,2026-07-03,,0,,0
1296,1296,2026-06-24,570.60,34,,274
1297,1297,2026-06-25,1300.00,180,,23
1298,1298,2026-06-25,2100.00,180,,4
1299,1299,2026-06-25,2080.00,180,,2
1300,1300,2026-07-03,,0,,1
1301,1301,2026-07-03,146.67,125,,501
1302,1302,2026-07-03,13.20,365,,0
1303,1303,2026-07-03,,0,,3
1304,1304,2026-06-24,249.00,218,,218
1305,1305,2026-06-25,152.00,192,,328
1306,1306,2026-06-24,232.00,218,,298
1307,1307,2026-06-25,220.00,222,,177
1308,1308,2026-06-25,339.00,262,,194
1309,1309,2026-06-24,259.05,317,,305
1310,1310,2026-07-03,,0,,47
1311,1311,2026-07-03,,0,,20
1312,1312,2026-06-25,40.00,306,,129
1313,1313,2026-06-24,210.00,335,,403
1314,1314,2026-07-03,,0,,0
1315,1315,2026-07-03,,265,,9
1316,1316,2026-06-25,410.00,336,,183
1317,1317,2026-06-25,531.00,201,,542
1318,1318,2026-06-25,21.04,55,,0
1319,1319,2026-06-25,201.33,318,,208
1320,1320,2026-07-03,,0,,10
1321,1321,2026-06-25,299.00,153,,297
1322,1322,2026-06-25,32.04,356,,73
1323,1323,2026-06-25,259.62,261,,253
1324,1324,2026-07-03,,0,,4
1325,1325,2026-07-03,,0,,0
1326,1326,2026-06-25,22.89,225,,215
1327,1327,2026-06-25,391.50,350,,58
1328,1328,2026-06-25,199.50,254,,361
1329,1329,2026-06-25,312.50,257,,209
1330,1330,2026-06-25,94.03,365,,26
1331,1331,2026-06-25,67.11,365,,73
1332,1332,2026-07-03,,0,,0
1333,1333,2026-07-03,,0,,2
1334,1334,2026-07-03,,0,,0
1335,1335,2026-06-25,1197.33,294,,114
1336,1336,2026-07-03,41.76,364,,1
1337,1337,2026-06-24,200.50,126,,117
1338,1338,2026-06-24,,23,,334
1339,1339,2026-06-25,61.09,179,,157
1340,1340,2026-06-24,355.50,200,,468
1341,1341,2026-06-25,244.00,264,,258
1342,1342,2026-06-25,233.50,327,,710
1343,1343,2026-07-03,,0,,1
1344,1344,2026-06-25,209.00,207,,407
1345,1345,2026-07-03,,0,,2
1346,1346,2026-06-25,249.00,157,,321
1347,1347,2026-07-03,,0,,19
1348,1348,2026-07-02,,0,,119
1349,1349,2026-06-25,126.00,316,,14
1350,1350,2026-07-03,,0,,1
1351,1351,2026-06-25,54.12,179,,114
1352,1352,2026-06-25,186.90,282,,313
1353,1353,2026-06-25,259.00,275,,60
1354,1354,2026-06-25,225.00,262,,122
1355,1355,2026-06-25,274.00,248,,65
1356,1356,2026-06-25,175.00,299,,204
1357,1357,2026-06-25,314.00,287,,311
1358,1358,2026-07-03,49.31,240,,44
1359,1359,2026-06-25,318.33,91,,225
1360,1360,2026-06-25,245.93,18,,291
1361,1361,2026-06-25,252.50,156,,365
1362,1362,2026-06-24,171.33,283,,252
1363,1363,2026-07-03,,0,,107
1364,1364,2026-07-03,,0,,0
1365,1365,2026-07-03,,0,,94
1366,1366,2026-06-25,341.00,310,,576
1367,1367,2026-07-03,,0,,2
1368,1368,2026-07-03,,0,,5
1369,1369,2026-07-03,,0,,5
1370,1370,2026-07-03,,0,,1
1371,1371,2026-06-25,789.37,180,,12
1372,1372,2026-06-25,329.00,135,,133
1373,1373,2026-06-25,38.38,365,,0
1374,1374,2026-07-03,,0,,2
1375,1375,2026-06-25,314.60,196,,110
1376,1376,2026-06-25,325.24,97,,484
1377,1377,2026-07-03,,0,,7
1378,1378,2026-06-24,234.00,185,,218
1379,1379,2026-07-03,,0,,0
1380,1380,2026-06-24,26.00,52,,89
1381,1381,2026-06-24,60.48,244,,0
1382,1382,2026-06-25,238.51,163,,270
1383,1383,2026-06-24,165.67,155,,16
1384,1384,2026-07-03,,0,,0
1385,1385,2026-07-03,,0,,0
1386,1386,2026-06-24,106.18,254,,12
1387,1387,2026-06-24,611.00,105,,79
1388,1388,2026-07-03,,0,,0
1389,1389,2026-07-03,,0,,0
1390,1390,2026-06-24,340.00,190,,110
1391,1391,2026-07-03,,0,,4
1392,1392,2026-07-03,,0,,1
1393,1393,2026-07-03,,0,,1
1394,1394,2026-07-03,,14,,28
1395,1395,2026-06-25,400.00,75,,3
1396,1396,2026-07-03,,0,,2
1397,1397,2026-07-03,,0,,6
1398,1398,2026-06-25,210.67,135,,81
1399,1399,2026-06-24,243.67,216,,318
1400,1400,2026-06-24,303.50,49,,75
1401,1401,2026-07-03,,0,,127
1402,1402,2026-06-25,358.00,344,,7
1403,1403,2026-07-03,,0,,15
1404,1404,2026-06-25,284.44,214,,462
1405,1405,2026-06-25,338.00,119,,127
1406,1406,2026-06-25,301.27,139,,105
1407,1407,2026-06-25,323.33,168,,259
1408,1408,2026-07-03,,0,,1
1409,1409,2026-07-03,,0,,4
1410,1410,2026-06-24,141.00,113,,354
1411,1411,2026-07-03,,0,,2
1412,1412,2026-06-25,888.80,90,,117
1413,1413,2026-06-25,208.00,150,,361
1414,1414,2026-06-25,316.00,109,,437
1415,1415,2026-06-25,263.75,154,,327
1416,1416,2026-07-03,,0,,8
1417,1417,2026-07-03,,0,,17
1418,1418,2026-06-25,360.00,192,,163
1419,1419,2026-06-25,538.00,131,,327
1420,1420,2026-06-25,244.50,271,,258
1421,1421,2026-06-25,215.50,288,,235
1422,1422,2026-07-03,185.30,5,,378
1423,1423,2026-07-03,,0,,4
1424,1424,2026-07-03,15.91,81,,90
1425,1425,2026-07-03,,0,,1
1426,1426,2026-06-24,523.00,323,,52
1427,1427,2026-06-25,381.00,132,,311
1428,1428,2026-06-25,171.40,233,,600
1429,1429,2026-06-25,166.25,263,,569
1430,1430,2026-07-03,,0,,0
1431,1431,2026-06-25,363.00,100,,355
1432,1432,2026-06-25,263.00,365,,0
1433,1433,2026-06-25,165.52,246,,150
1434,1434,2026-06-25,,141,,85
1435,1435,2026-06-24,286.00,365,,0
1436,1436,2026-06-25,488.00,93,,449
1437,1437,2026-06-25,376.00,132,,345
1438,1438,2026-06-24,252.20,93,,447
1439,1439,2026-06-24,215.50,184,,171
1440,1440,2026-06-25,364.00,124,,335
1441,1441,2026-06-25,588.00,172,,106
1442,1442,2026-06-25,754.00,187,,494
1443,1443,2026-06-25,282.33,279,,240
1444,1444,2026-06-24,233.50,69,,321
1445,1445,2026-07-03,,0,,1
1446,1446,2026-06-25,36.06,325,,188
1447,1447,2026-06-24,414.25,272,,102
1448,1448,2026-06-25,48.22,359,,45
1449,1449,2026-07-03,,0,,0
1450,1450,2026-06-25,236.00,259,,338
1451,1451,2026-06-25,286.00,225,,562
1452,1452,2026-06-25,292.33,300,,285
1453,1453,2026-06-25,42.19,248,,23
1454,1454,2026-07-03,,14,,260
1455,1455,2026-06-25,297.00,258,,320
1456,1456,2026-07-03,,0,,0
1457,1457,2026-06-25,188.00,115,,46
1458,1458,2026-07-03,,0,,7
1459,1459,2026-06-25,263.00,365,,6
1460,1460,2026-06-25,328.75,278,,109
1461,1461,2026-06-24,146.93,362,,0
1462,1462,2026-06-25,160.00,39,,215
1463,1463,2026-06-25,144.00,110,,151
1464,1464,2026-06-25,160.00,155,,138
1465,1465,2026-06-25,188.30,225,,295
1466,1466,2026-07-03,,0,,0
1467,1467,2026-06-25,161.67,315,,88
1468,1468,2026-06-25,891.00,365,,6
1469,1469,2026-06-24,251.50,365,,1
1470,1470,2026-06-25,275.50,348,,176
1471,1471,2026-06-24,127.04,304,,35
1472,1472,2026-06-25,264.00,249,,311
1473,1473,2026-06-25,434.00,365,,10
1474,1474,2026-06-24,192.00,129,,324
1475,1475,2026-07-03,,0,,4
1476,1476,2026-06-25,71.34,175,,33
1477,1477,2026-07-03,,30,,117
1478,1478,2026-06-25,24.65,345,,11
1479,1479,2026-06-25,61.94,264,,30
1480,1480,2026-06-25,44.89,298,,44
1481,1481,2026-06-25,354.00,365,,0
1482,1482,2026-07-03,,0,,0
1483,1483,2026-07-03,25.72,182,,35
1484,1484,2026-07-03,,0,,37
1485,1485,2026-06-24,88.13,365,,3
1486,1486,2026-06-24,282.44,311,,243
1487,1487,2026-06-25,,308,,11
1488,1488,2026-06-25,70.08,326,,19
1489,1489,2026-06-25,82.26,322,,13
1490,1490,2026-06-25,,300,,14
1491,1491,2026-06-25,,299,,19
1492,1492,2026-06-25,41.83,364,,38
1493,1493,2026-06-24,243.00,263,,149
1494,1494,2026-06-25,380.67,214,,160
1495,1495,2026-06-25,254.86,362,,67
1496,1496,2026-06-25,188.00,73,,88
1497,1497,2026-07-03,,0,,0
1498,1498,2026-06-25,86.32,364,,2
1499,1499,2026-06-25,135.26,256,,50
1500,1500,2026-06-25,199.83,302,,280
1501,1501,2026-06-25,333.00,295,,298
1502,1502,2026-06-25,299.00,311,,24
1503,1503,2026-06-24,241.93,233,,551
1504,1504,2026-06-24,167.50,207,,237
1505,1505,2026-06-25,176.90,276,,427
1506,1506,2026-06-25,316.00,146,,424
1507,1507,2026-06-24,201.99,197,,553
1508,1508,2026-06-24,253.50,237,,569
1509,1509,2026-06-25,410.83,201,,604
1510,1510,2026-06-24,238.50,317,,174
1511,1511,2026-06-25,36.42,364,,11
1512,1512,2026-06-25,91.29,364,,12
1513,1513,2026-06-25,440.00,331,,454
1514,1514,2026-07-03,,0,,0
1515,1515,2026-07-03,,0,,0
1516,1516,2026-06-24,347.00,244,,192
1517,1517,2026-06-24,270.00,150,,185
1518,1518,2026-06-24,516.50,243,,428
1519,1519,2026-07-03,,0,,13
1520,1520,2026-06-25,50.92,68,,52
1521,1521,2026-06-25,299.50,346,,143
1522,1522,2026-06-24,245.50,285,,478
1523,1523,2026-07-03,,0,,32
1524,1524,2026-07-03,,0,,0
1525,1525,2026-06-25,38.38,365,,0
1526,1526,2026-06-25,909.00,331,,402
1527,1527,2026-07-03,,0,,1
1528,1528,2026-06-25,292.78,354,,128
1529,1529,2026-06-25,38.38,365,,0
1530,1530,2026-06-24,196.00,322,,283
1531,1531,2026-06-25,292.33,55,,404
1532,1532,2026-06-24,174.80,364,,23
1533,1533,2026-06-25,311.92,316,,140
1534,1534,2026-06-25,395.00,274,,174
1535,1535,2026-07-03,,0,,0
1536,1536,2026-06-25,283.00,136,,42
1537,1537,2026-06-24,170.00,279,,155
1538,1538,2026-07-03,,0,,54
1539,1539,2026-07-03,,0,,0
1540,1540,2026-06-25,1187.00,365,,5
1541,1541,2026-07-03,,0,,1
1542,1542,2026-06-25,27.04,197,,278
1543,1543,2026-06-25,319.24,334,,301
1544,1544,2026-06-25,53.25,153,,7
1545,1545,2026-06-24,690.00,244,,127
1546,1546,2026-06-25,359.00,237,,95
1547,1547,2026-06-25,650.50,365,,12
1548,1548,2026-07-03,,0,,0
1549,1549,2026-06-24,583.20,234,,90
1550,1550,2026-06-25,289.86,246,,588
1551,1551,2026-06-25,181.67,102,,113
1552,1552,2026-06-25,155.00,94,,96
1553,1553,2026-07-03,,0,,24
1554,1554,2026-06-25,584.00,256,,133
1555,1555,2026-06-25,532.50,283,,297
1556,1556,2026-06-25,372.00,274,,279
1557,1557,2026-06-25,275.00,312,,293
1558,1558,2026-06-25,218.00,305,,318
1559,1559,2026-06-25,345.40,124,,76
1560,1560,2026-06-25,657.20,251,,121
1561,1561,2026-07-03,,0,,0
1562,1562,2026-07-03,,0,,83
1563,1563,2026-06-25,406.50,214,,155
1564,1564,2026-06-25,584.00,338,,43
1565,1565,2026-06-25,309.75,209,,142
1566,1566,2026-06-25,295.00,82,,21
1567,1567,2026-07-03,,0,,31
1568,1568,2026-06-25,297.00,253,,433
1569,1569,2026-06-25,266.67,120,,290
1570,1570,2026-07-03,70.89,207,,8
1571,1571,2026-06-24,94.97,179,,72
1572,1572,2026-06-25,178.50,94,,278
1573,1573,2026-06-25,383.72,122,,185
1574,1574,2026-06-25,196.50,331,,193
1575,1575,2026-07-03,,0,,0
1576,1576,2026-06-24,241.00,316,,128
1577,1577,2026-06-24,184.50,315,,136
1578,1578,2026-06-25,86.50,88,,40
1579,1579,2026-06-25,506.67,199,,207
1580,1580,2026-06-25,41.45,334,,106
1581,1581,2026-06-25,45.00,365,,10
1582,1582,2026-06-25,65.24,56,,214
1583,1583,2026-06-25,200.00,303,,432
1584,1584,2026-07-03,12.56,270,,71
1585,1585,2026-06-25,330.33,280,,436
1586,1586,2026-07-03,102.50,364,,6
1587,1587,2026-06-25,292.57,344,,353
1588,1588,2026-06-25,359.50,152,,283
1589,1589,2026-06-24,388.00,113,,24
1590,1590,2026-06-25,316.00,248,,81
1591,1591,2026-07-03,,0,,8
1592,1592,2026-06-25,68.51,231,,161
1593,1593,2026-06-25,82.92,143,,177
1594,1594,2026-06-25,302.00,247,,392
1595,1595,2026-06-25,59.71,188,,31
1596,1596,2026-07-03,,0,,15
1597,1597,2026-06-25,383.00,106,,118
1598,1598,2026-07-03,,58,,37
1599,1599,2026-07-03,,0,,1
1600,1600,2026-06-25,204.96,306,,352
1601,1601,2026-06-25,68.51,234,,189
1602,1602,2026-07-03,,0,,8
1603,1603,2026-06-24,194.00,61,,360
1604,1604,2026-06-25,171.67,113,,64
1605,1605,2026-06-25,231.50,232,,488
1606,1606,2026-06-25,61.65,298,,47
1607,1607,2026-07-03,,0,,0
1608,1608,2026-06-25,29.53,63,,39
1609,1609,2026-06-24,258.19,154,,195
1610,1610,2026-06-25,64.33,360,,58
1611,1611,2026-06-25,508.50,93,,204
1612,1612,2026-06-25,384.20,59,,276
1613,1613,2026-07-03,,0,,0
1614,1614,2026-07-03,,0,,18
1615,1615,2026-06-25,663.00,99,,231
1616,1616,2026-06-25,289.00,144,,210
1617,1617,2026-07-03,15.19,129,,12
1618,1618,2026-06-25,335.33,310,,340
1619,1619,2026-07-03,,0,,25
1620,1620,2026-07-03,,0,,0
1621,1621,2026-06-25,257.00,292,,259
1622,1622,2026-06-25,395.00,187,,389
1623,1623,2026-06-25,,27,,49
1624,1624,2026-06-25,68.16,236,,45
1625,1625,2026-06-25,151.25,154,,255
1626,1626,2026-06-25,142.51,162,,16
1627,1627,2026-06-24,243.50,312,,91
1628,1628,2026-06-25,245.67,58,,376
1629,1629,2026-07-03,,0,,40
1630,1630,2026-06-25,91.19,116,,8
1631,1631,2026-07-03,,31,,31
1632,1632,2026-07-03,,0,,7
1633,1633,2026-07-03,,0,,0
1634,1634,2026-06-25,33.28,265,,17
1635,1635,2026-06-24,289.33,122,,503
1636,1636,2026-06-25,110.63,172,,34
1637,1637,2026-06-25,70.68,65,,24
1638,1638,2026-07-03,,0,,58
1639,1639,2026-07-03,,0,,51
1640,1640,2026-06-25,270.00,281,,145
1641,1641,2026-06-25,346.16,145,,350
1642,1642,2026-07-03,,0,,1
1643,1643,2026-06-25,402.50,286,,321
1644,1644,2026-07-03,,0,,7
1645,1645,2026-06-25,389.00,296,,438
1646,1646,2026-06-25,349.51,303,,351
1647,1647,2026-06-25,357.20,348,,200
1648,1648,2026-06-25,284.15,219,,594
1649,1649,2026-06-25,826.00,279,,137
1650,1650,2026-06-25,109.65,161,,5
1651,1651,2026-06-25,399.33,335,,89
1652,1652,2026-06-25,66.91,268,,1
1653,1653,2026-07-03,,0,,0
1654,1654,2026-07-03,686.00,29,,130
1655,1655,2026-06-24,304.00,204,,396
1656,1656,2026-06-25,24.06,99,,14
1657,1657,2026-07-03,61.90,330,,7
1658,1658,2026-06-25,575.67,191,,172
1659,1659,2026-07-03,,0,,0
1660,1660,2026-06-25,217.00,294,,271
1661,1661,2026-06-25,90.56,357,,1
1662,1662,2026-06-25,183.50,307,,259
1663,1663,2026-06-25,,12,,7
1664,1664,2026-07-03,,0,,0
1665,1665,2026-06-25,280.67,295,,353
1666,1666,2026-07-03,,0,,0
1667,1667,2026-06-25,284.44,249,,405
1668,1668,2026-06-25,76.42,94,,23
1669,1669,2026-06-24,216.82,98,,563
1670,1670,2026-06-25,373.00,251,,425
1671,1671,2026-06-25,227.33,245,,236
1672,1672,2026-06-24,388.00,252,,172
1673,1673,2026-07-03,,0,,0
1674,1674,2026-07-03,,0,,3
1675,1675,2026-06-25,30.45,203,,76
1676,1676,2026-06-24,195.00,96,,54
1677,1677,2026-06-25,65.31,208,,17
1678,1678,2026-06-24,307.00,286,,291
1679,1679,2026-06-25,508.33,349,,239
1680,1680,2026-06-25,27.35,239,,85
1681,1681,2026-07-03,,0,,1
1682,1682,2026-06-24,265.00,104,,48
1683,1683,2026-07-03,,0,,4
1684,1684,2026-06-25,203.50,255,,323
1685,1685,2026-06-25,194.38,233,,415
1686,1686,2026-06-25,341.27,309,,148
1687,1687,2026-07-02,,0,,9
1688,1688,2026-06-24,363.00,52,,28
1689,1689,2026-07-02,,0,,73
1690,1690,2026-06-25,261.05,186,,333
1691,1691,2026-06-24,754.00,118,,278
1692,1692,2026-07-02,,0,,0
1693,1693,2026-06-25,355.67,179,,145
1694,1694,2026-07-02,,0,,2
1695,1695,2026-06-25,31.66,274,,15
1696,1696,2026-06-25,240.00,288,,345
1697,1697,2026-07-02,,0,,0
1698,1698,2026-07-02,,0,,55
1699,1699,2026-06-25,32.63,293,,16
1700,1700,2026-07-02,,0,,15
1701,1701,2026-06-25,291.50,159,,326
1702,1702,2026-06-25,240.50,272,,353
1703,1703,2026-06-25,258.67,228,,477
1704,1704,2026-06-25,272.74,270,,254
1705,1705,2026-07-02,,0,,30
1706,1706,2026-07-02,,0,,47
1707,1707,2026-07-02,,0,,44
1708,1708,2026-06-25,455.00,227,,165
1709,1709,2026-06-25,96.90,329,,23
1710,1710,2026-07-02,,0,,0
1711,1711,2026-07-02,,0,,0
1712,1712,2026-07-02,,0,,0
1713,1713,2026-07-02,,0,,7
1714,1714,2026-06-24,278.60,173,,157
1715,1715,2026-06-25,66.32,266,,41
1716,1716,2026-07-02,,0,,1
1717,1717,2026-06-25,257.00,49,,511
1718,1718,2026-06-25,178.00,313,,2
1719,1719,2026-06-25,31.09,161,,35
1720,1720,2026-06-25,204.00,209,,209
1721,1721,2026-06-25,269.50,219,,85
1722,1722,2026-06-25,48.62,123,,25
1723,1723,2026-07-02,,0,,8
1724,1724,2026-07-02,,0,,4
1725,1725,2026-07-02,,0,,4
1726,1726,2026-06-24,28.27,311,,167
1727,1727,2026-06-25,58.78,268,,0
1728,1728,2026-07-02,,0,,29
1729,1729,2026-06-25,73.80,71,,43
1730,1730,2026-07-02,,0,,42
1731,1731,2026-06-25,98.26,337,,17
1732,1732,2026-06-25,342.67,64,,104
1733,1733,2026-06-25,330.00,101,,356
1734,1734,2026-07-02,,0,,5
1735,1735,2026-06-24,237.50,271,,419
1736,1736,2026-07-02,,0,,2
1737,1737,2026-06-25,326.00,133,,236
1738,1738,2026-06-25,223.00,285,,467
1739,1739,2026-07-02,,0,,1
1740,1740,2026-06-24,260.00,267,,370
1741,1741,2026-06-24,49.33,190,,63
1742,1742,2026-06-24,169.00,204,,494
1743,1743,2026-07-02,,0,,0
1744,1744,2026-07-02,,0,,3
1745,1745,2026-06-25,172.00,68,,541
1746,1746,2026-06-25,48.04,256,,38
1747,1747,2026-07-02,,0,,35
1748,1748,2026-07-02,,0,,33
1749,1749,2026-06-25,281.00,314,,289
1750,1750,2026-06-25,503.80,198,,67
1751,1751,2026-06-25,501.00,241,,39
1752,1752,2026-07-02,,0,,27
1753,1753,2026-06-25,359.00,62,,74
1754,1754,2026-06-25,417.00,230,,33
1755,1755,2026-06-25,68.91,117,,83
1756,1756,2026-07-02,,0,,12
1757,1757,2026-06-25,336.00,74,,59
1758,1758,2026-06-25,232.50,178,,776
1759,1759,2026-07-02,,0,,2
1760,1760,2026-06-25,286.00,162,,33
1761,1761,2026-06-25,203.67,153,,368
1762,1762,2026-06-25,351.00,164,,22
1763,1763,2026-07-02,,0,,84
1764,1764,2026-06-25,293.57,265,,9
1765,1765,2026-06-25,99.84,90,,46
1766,1766,2026-07-02,,0,,88
1767,1767,2026-07-02,,0,,1
1768,1768,2026-07-02,,0,,1
1769,1769,2026-06-25,369.00,342,,169
1770,1770,2026-06-24,303.64,353,,236
1771,1771,2026-06-25,210.26,250,,104
1772,1772,2026-07-02,,0,,0
1773,1773,2026-06-24,44.25,251,,206
1774,1774,2026-06-25,33.00,242,,85
1775,1775,2026-06-25,29.84,172,,72
1776,1776,2026-06-25,28.00,197,,71
1777,1777,2026-07-02,,0,,0
1778,1778,2026-06-25,488.00,251,,319
1779,1779,2026-06-24,215.00,185,,510
1780,1780,2026-06-24,177.00,220,,501
1781,1781,2026-07-02,,0,,10
1782,1782,2026-07-02,,0,,2
1783,1783,2026-07-02,,0,,111
1784,1784,2026-06-25,46.00,151,,22
1785,1785,2026-06-25,43.00,151,,51
1786,1786,2026-06-25,41.00,138,,82
1787,1787,2026-06-25,32.00,151,,226
1788,1788,2026-06-25,412.50,247,,84
1789,1789,2026-07-02,,0,,40
1790,1790,2026-06-25,328.00,135,,45
1791,1791,2026-06-24,216.00,211,,525
1792,1792,2026-06-25,400.00,300,,168
1793,1793,2026-07-02,,0,,7
1794,1794,2026-07-02,,0,,0
1795,1795,2026-06-24,177.00,106,,465
1796,1796,2026-06-25,103.91,175,,1
1797,1797,2026-06-25,478.34,337,,329
1798,1798,2026-07-02,37.82,269,,132
1799,1799,2026-07-02,,0,,2
1800,1800,2026-06-25,484.00,89,,169
1801,1801,2026-06-25,1358.00,342,,126
1802,1802,2026-07-02,,0,,0
1803,1803,2026-06-25,414.67,289,,13
1804,1804,2026-06-25,463.50,138,,100
1805,1805,2026-06-25,366.77,61,,355
1806,1806,2026-06-25,433.65,334,,479
1807,1807,2026-06-25,414.00,263,,371
1808,1808,2026-06-25,192.27,223,,6
1809,1809,2026-06-25,40.81,321,,74
1810,1810,2026-06-25,283.01,310,,457
1811,1811,2026-06-25,190.00,115,,73
1812,1812,2026-06-25,160.00,105,,258
1813,1813,2026-07-02,,0,,295
1814,1814,2026-07-02,,0,,0
1815,1815,2026-07-02,,0,,115
1816,1816,2026-07-02,,0,,17
1817,1817,2026-06-25,473.02,76,,38
1818,1818,2026-06-25,432.07,116,,14
1819,1819,2026-06-25,25.03,312,,177
1820,1820,2026-07-02,,0,,1
1821,1821,2026-06-25,306.67,246,,246
1822,1822,2026-07-02,,0,,289
1823,1823,2026-06-25,442.67,331,,130
1824,1824,2026-06-25,425.00,325,,88
1825,1825,2026-06-25,87.48,299,,6
1826,1826,2026-06-25,300.00,241,,283
1827,1827,2026-06-25,247.00,116,,50
1828,1828,2026-06-25,171.81,84,,10
1829,1829,2026-06-25,337.00,169,,369
1830,1830,2026-06-25,158.61,184,,39
1831,1831,2026-06-25,487.00,330,,269
1832,1832,2026-06-25,59.77,365,,58
1833,1833,2026-06-25,313.00,314,,269
1834,1834,2026-06-25,243.00,301,,257
1835,1835,2026-06-25,375.00,285,,256
1836,1836,2026-06-25,400.00,313,,319
1837,1837,2026-06-25,,318,,356
1838,1838,2026-06-25,36.13,332,,126
1839,1839,2026-06-25,301.60,341,,36
1840,1840,2026-07-02,,0,,2
1841,1841,2026-06-25,220.00,248,,289
1842,1842,2026-07-02,,0,,1
1843,1843,2026-06-25,1255.33,325,,83
1844,1844,2026-07-02,,0,,2
1845,1845,2026-07-02,,0,,0
1846,1846,2026-07-02,,0,,12
1847,1847,2026-07-02,,0,,1
1848,1848,2026-07-02,82.05,343,,35
1849,1849,2026-06-25,410.00,334,,195
1850,1850,2026-07-02,,0,,1
1851,1851,2026-07-02,,0,,6
1852,1852,2026-07-02,,0,,0
1853,1853,2026-07-02,,0,,6
1854,1854,2026-06-25,273.88,210,,379
1855,1855,2026-06-25,713.33,339,,132
1856,1856,2026-06-25,253.91,350,,396
1857,1857,2026-06-25,246.21,327,,154
1858,1858,2026-06-25,553.47,341,,83
1859,1859,2026-06-25,485.00,340,,96
1860,1860,2026-06-25,627.75,298,,114
1861,1861,2026-07-02,,0,,1
1862,1862,2026-07-02,,0,,0
1863,1863,2026-06-25,29.77,267,,246
1864,1864,2026-07-02,,0,,0
1865,1865,2026-06-25,295.00,361,,104
1866,1866,2026-07-02,,0,,41
1867,1867,2026-07-02,,0,,1
1868,1868,2026-06-24,316.00,271,,465
1869,1869,2026-06-25,71.23,89,,106
1870,1870,2026-06-25,42.77,271,,52
1871,1871,2026-06-25,60.66,66,,55
1872,1872,2026-06-25,149.00,139,,486
1873,1873,2026-07-02,,0,,0
1874,1874,2026-07-02,,0,,15
1875,1875,2026-06-25,251.33,323,,336
1876,1876,2026-06-25,464.67,263,,166
1877,1877,2026-07-02,,0,,0
1878,1878,2026-07-02,,0,,3
1879,1879,2026-06-25,80.79,233,,136
1880,1880,2026-06-25,59.34,330,,14
1881,1881,2026-07-02,,0,,21
1882,1882,2026-07-02,,0,,0
1883,1883,2026-07-02,,0,,9
1884,1884,2026-07-02,,0,,12
1885,1885,2026-06-25,25.75,232,,311
1886,1886,2026-06-25,43.81,128,,91
1887,1887,2026-07-02,,0,,0
1888,1888,2026-07-02,,0,,117
1889,1889,2026-07-02,,0,,107
1890,1890,2026-06-25,162.34,300,,3
1891,1891,2026-06-25,262.47,330,,10
1892,1892,2026-07-02,,0,,12
1893,1893,2026-07-02,,0,,1
1894,1894,2026-06-25,251.06,359,,11
1895,1895,2026-06-25,302.00,306,,109
1896,1896,2026-06-25,215.00,327,,274
1897,1897,2026-06-25,214.80,327,,169
1898,1898,2026-06-25,215.00,327,,229
1899,1899,2026-06-25,254.50,194,,114
1900,1900,2026-07-02,,0,,0
1901,1901,2026-06-25,181.67,72,,70
1902,1902,2026-07-02,,0,,23
1903,1903,2026-07-02,,0,,20
1904,1904,2026-06-25,130.63,359,,25
1905,1905,2026-07-02,,0,,97
1906,1906,2026-07-02,,0,,46
1907,1907,2026-06-25,28.00,79,,12
1908,1908,2026-06-25,369.00,326,,135
1909,1909,2026-07-02,,0,,32
1910,1910,2026-06-24,24.65,341,,12
1911,1911,2026-07-02,,0,,4
1912,1912,2026-07-02,,0,,112
1913,1913,2026-07-02,,0,,3
1914,1914,2026-06-24,239.08,279,,123
1915,1915,2026-06-25,189.00,313,,779
1916,1916,2026-06-24,199.71,95,,248
1917,1917,2026-07-02,,0,,2
1918,1918,2026-07-02,,0,,16
1919,1919,2026-07-02,,0,,52
1920,1920,2026-06-24,365.18,95,,238
1921,1921,2026-06-25,58.18,86,,33
1922,1922,2026-07-02,,0,,0
1923,1923,2026-06-25,103.39,360,,24
1924,1924,2026-06-24,703.00,294,,209
1925,1925,2026-07-02,,0,,22
1926,1926,2026-07-02,,0,,3
1927,1927,2026-06-25,850.00,314,,138
1928,1928,2026-06-25,650.50,289,,161
1929,1929,2026-06-25,113.60,302,,3
1930,1930,2026-06-25,422.50,325,,12
1931,1931,2026-06-25,317.50,326,,123
1932,1932,2026-07-02,,0,,9
1933,1933,2026-06-25,959.00,173,,304
1934,1934,2026-07-02,,0,,2
1935,1935,2026-06-25,28.00,357,,18
1936,1936,2026-07-02,,0,,31
1937,1937,2026-07-02,,0,,0
1938,1938,2026-06-25,62.25,221,,40
1939,1939,2026-07-02,,0,,1
1940,1940,2026-07-02,,0,,0
1941,1941,2026-07-02,,0,,0
1942,1942,2026-07-02,,0,,0
1943,1943,2026-07-02,,0,,48
1944,1944,2026-07-02,,0,,174
1945,1945,2026-06-24,141.25,26,,190
1946,1946,2026-06-25,294.50,317,,7
1947,1947,2026-07-02,,0,,0
1948,1948,2026-07-02,,0,,0
1949,1949,2026-06-25,267.61,194,,487
1950,1950,2026-06-25,294.50,285,,24
1951,1951,2026-06-25,324.00,297,,235
1952,1952,2026-06-25,287.00,332,,27
1953,1953,2026-06-25,264.00,337,,60
1954,1954,2026-06-25,,364,,80
1955,1955,2026-06-25,93.97,263,,12
1956,1956,2026-06-25,465.50,304,,44
1957,1957,2026-06-25,113.31,271,,17
1958,1958,2026-06-25,495.00,273,,241
1959,1959,2026-06-25,137.44,296,,5
1960,1960,2026-07-02,,0,,3
1961,1961,2026-06-25,139.02,176,,5
1962,1962,2026-06-25,603.50,318,,201
1963,1963,2026-06-25,275.05,150,,14
1964,1964,2026-07-02,,0,,0
1965,1965,2026-07-02,462.20,52,,169
1966,1966,2026-07-02,,0,,6
1967,1967,2026-06-25,151.29,364,,118
1968,1968,2026-07-02,,0,,0
1969,1969,2026-07-02,,0,,14
1970,1970,2026-07-02,,0,,0
1971,1971,2026-06-25,147.63,350,,33
1972,1972,2026-06-25,200.98,256,,238
1973,1973,2026-07-02,,0,,212
1974,1974,2026-07-02,,0,,43
1975,1975,2026-06-24,56.81,276,,83
1976,1976,2026-07-02,,0,,2
1977,1977,2026-07-02,,0,,1
1978,1978,2026-07-02,28.32,149,,262
1979,1979,2026-06-24,248.02,182,,211
1980,1980,2026-06-24,221.39,194,,246
1981,1981,2026-06-24,270.00,173,,221
1982,1982,2026-06-24,221.39,161,,204
1983,1983,2026-07-02,,0,,4
1984,1984,2026-06-25,112.42,348,,67
1985,1985,2026-07-02,,0,,2
1986,1986,2026-07-02,,89,,0
1987,1987,2026-07-02,,0,,0
1988,1988,2026-06-25,56.50,244,,12
1989,1989,2026-07-02,,0,,0
1990,1990,2026-06-25,95.81,157,,16
1991,1991,2026-06-25,361.00,311,,255
1992,1992,2026-06-25,162.00,313,,1033
1993,1993,2026-06-25,263.20,352,,102
1994,1994,2026-06-25,436.00,102,,24
1995,1995,2026-06-25,150.00,284,,479
1996,1996,2026-06-25,349.00,52,,377
1997,1997,2026-06-25,285.00,172,,12
1998,1998,2026-06-25,38.49,33,,277
1999,1999,2026-06-25,526.00,52,,45
2000,2000,2026-07-02,,0,,3
2001,2001,2026-06-25,60.61,53,,41
2002,2002,2026-07-02,,0,,121
2003,2003,2026-06-25,140.53,190,,18
2004,2004,2026-07-02,79.34,180,,1
2005,2005,2026-07-02,,0,,6
2006,2006,2026-07-02,,0,,43
2007,2007,2026-06-25,36.42,364,,19
2008,2008,2026-06-25,68.51,117,,140
2009,2009,2026-06-24,38.38,364,,1
2010,2010,2026-06-24,158.67,211,,376
2011,2011,2026-06-25,1904.10,347,,51
2012,2012,2026-07-02,,0,,5
2013,2013,2026-06-25,220.00,34,,290
2014,2014,2026-07-02,,57,,155
2015,2015,2026-06-25,49.04,86,,5
2016,2016,2026-06-25,55.24,199,,9
2017,2017,2026-07-02,,0,,11
2018,2018,2026-07-02,,0,,0
2019,2019,2026-07-02,,0,,4
2020,2020,2026-06-25,271.18,208,,279
2021,2021,2026-07-02,,31,,109
2022,2022,2026-06-25,184.87,150,,625
2023,2023,2026-06-24,555.00,46,,147
2024,2024,2026-06-25,252.67,174,,312
2025,2025,2026-06-25,38.38,365,,0
2026,2026,2026-06-25,38.38,365,,0
2027,2027,2026-06-25,99.56,360,,14
2028,2028,2026-07-02,,0,,325
2029,2029,2026-07-02,,0,,0
2030,2030,2026-06-25,227.00,163,,91
2031,2031,2026-06-25,38.38,365,,0
2032,2032,2026-07-02,,0,,311
2033,2033,2026-06-25,84.38,200,,53
2034,2034,2026-07-02,,0,,6
2035,2035,2026-06-25,219.96,116,,381
2036,2036,2026-06-25,,104,,237
2037,2037,2026-07-02,35.30,146,,272
2038,2038,2026-07-02,,0,,0
2039,2039,2026-06-25,33.19,163,,282
2040,2040,2026-06-25,36.77,144,,271
2041,2041,2026-06-25,79.53,342,,25
2042,2042,2026-06-24,268.38,121,,104
2043,2043,2026-06-25,265.00,211,,214
2044,2044,2026-06-25,298.00,31,,298
2045,2045,2026-07-02,,0,,1
2046,2046,2026-07-02,55.48,182,,3
2047,2047,2026-06-25,638.25,180,,48
2048,2048,2026-07-02,,0,,3
2049,2049,2026-07-02,,0,,0
2050,2050,2026-06-24,200.00,244,,375
2051,2051,2026-06-25,315.00,244,,86
2052,2052,2026-07-02,,0,,51
2053,2053,2026-06-25,207.67,173,,315
2054,2054,2026-07-02,,0,,16
2055,2055,2026-07-02,,0,,135
2056,2056,2026-06-25,29.10,329,,13
2057,2057,2026-06-24,271.60,217,,386
2058,2058,2026-06-25,58.69,364,,1
2059,2059,2026-06-25,295.57,339,,307
2060,2060,2026-06-25,67.00,234,,10
2061,2061,2026-06-25,239.00,91,,77
2062,2062,2026-07-02,,38,,7
2063,2063,2026-06-25,513.53,339,,37
2064,2064,2026-07-02,,0,,5
2065,2065,2026-06-25,25.30,199,,35
2066,2066,2026-07-02,77.69,205,,3
2067,2067,2026-07-02,,53,,11
2068,2068,2026-07-02,,0,,87
2069,2069,2026-07-02,,0,,89
2070,2070,2026-07-02,399.00,276,,99
2071,2071,2026-06-25,22.63,41,,107
2072,2072,2026-06-25,38.58,239,,27
2073,2073,2026-06-25,78.26,356,,16
2074,2074,2026-06-25,83.03,270,,37
2075,2075,2026-06-25,297.90,71,,121
2076,2076,2026-06-25,92.78,287,,22
2077,2077,2026-06-25,264.00,168,,352
2078,2078,2026-07-02,,23,,14
2079,2079,2026-07-02,375.33,316,,103
2080,2080,2026-06-25,284.00,314,,143
2081,2081,2026-06-25,36.50,238,,28
2082,2082,2026-06-25,284.00,301,,168
2083,2083,2026-06-25,548.00,89,,52
2084,2084,2026-06-25,51.27,194,,107
2085,2085,2026-06-25,82.44,326,,26
2086,2086,2026-06-25,341.00,122,,98
2087,2087,2026-06-25,82.56,314,,27
2088,2088,2026-06-25,82.06,297,,32
2089,2089,2026-06-25,318.00,145,,21
2090,2090,2026-07-02,20.24,174,,9
2091,2091,2026-06-25,203.67,21,,254
2092,2092,2026-06-25,314.00,298,,79
2093,2093,2026-06-25,91.94,345,,137
2094,2094,2026-06-25,411.00,256,,123
2095,2095,2026-06-25,91.66,162,,33
2096,2096,2026-06-25,30.19,333,,18
2097,2097,2026-06-24,138.41,360,,15
2098,2098,2026-06-24,54.80,318,,161
2099,2099,2026-06-25,239.67,248,,454
2100,2100,2026-06-25,600.00,230,,236
2101,2101,2026-06-25,134.13,329,,7
2102,2102,2026-06-25,242.50,268,,119
2103,2103,2026-06-24,404.00,67,,14
2104,2104,2026-06-25,268.58,324,,241
2105,2105,2026-07-02,,0,,78
2106,2106,2026-06-25,286.00,171,,721
2107,2107,2026-06-25,276.29,332,,252
2108,2108,2026-06-25,78.19,283,,32
2109,2109,2026-07-02,,0,,63
2110,2110,2026-07-02,,0,,1
2111,2111,2026-06-25,456.47,161,,297
2112,2112,2026-06-25,249.00,302,,197
2113,2113,2026-06-25,223.00,107,,70
2114,2114,2026-06-25,393.00,103,,48
2115,2115,2026-06-25,100.86,364,,6
2116,2116,2026-07-02,,0,,85
2117,2117,2026-06-25,800.00,104,,248
2118,2118,2026-06-25,30.94,219,,213
2119,2119,2026-06-25,299.00,158,,370
2120,2120,2026-06-24,94.34,365,,4
2121,2121,2026-07-02,,0,,50
2122,2122,2026-07-02,,0,,2
2123,2123,2026-06-25,56.09,156,,25
2124,2124,2026-06-25,501.00,245,,44
2125,2125,2026-07-02,,0,,28
2126,2126,2026-06-25,502.00,83,,334
2127,2127,2026-07-02,,0,,0
2128,2128,2026-06-25,164.00,110,,244
2129,2129,2026-06-25,542.06,305,,85
2130,2130,2026-06-25,68.03,267,,16
2131,2131,2026-06-25,262.47,365,,32
2132,2132,2026-06-25,78.38,349,,3
2133,2133,2026-07-02,310.00,51,,201
2134,2134,2026-06-25,223.00,268,,225
2135,2135,2026-06-25,432.50,196,,99
2136,2136,2026-07-02,,0,,0
2137,2137,2026-06-25,127.84,362,,4
2138,2138,2026-06-25,209.00,82,,56
2139,2139,2026-06-25,356.00,158,,65
2140,2140,2026-06-25,616.33,246,,63
2141,2141,2026-06-25,616.33,311,,36
2142,2142,2026-06-25,1426.67,242,,11
2143,2143,2026-07-02,527.50,22,,309
2144,2144,2026-06-25,175.00,140,,59
2145,2145,2026-06-25,155.00,123,,25
2146,2146,2026-06-25,220.00,169,,358
2147,2147,2026-06-25,310.00,112,,114
2148,2148,2026-06-25,280.00,152,,613
2149,2149,2026-06-25,330.00,171,,111
2150,2150,2026-06-25,341.90,313,,376
2151,2151,2026-06-25,268.00,332,,196
2152,2152,2026-06-24,87.00,283,,4
2153,2153,2026-06-25,43.69,173,,2
2154,2154,2026-06-25,364.00,307,,264
2155,2155,2026-06-25,43.84,180,,3
2156,2156,2026-06-24,169.33,139,,258
2157,2157,2026-06-24,41.28,227,,69
2158,2158,2026-06-25,368.00,304,,254
2159,2159,2026-07-02,,0,,0
2160,2160,2026-06-25,68.53,257,,16
2161,2161,2026-06-25,38.56,364,,0
2162,2162,2026-07-02,,181,,16
2163,2163,2026-06-25,38.38,365,,0
2164,2164,2026-06-25,38.38,365,,0
2165,2165,2026-06-24,490.50,255,,357
2166,2166,2026-06-25,161.25,81,,260
2167,2167,2026-06-25,516.00,171,,244
2168,2168,2026-06-24,38.38,364,,0
2169,2169,2026-06-25,38.38,365,,0
2170,2170,2026-06-25,38.38,365,,0
2171,2171,2026-06-25,38.38,365,,1
2172,2172,2026-06-25,38.56,364,,0
2173,2173,2026-06-25,38.38,365,,0
2174,2174,2026-06-25,38.38,365,,0
2175,2175,2026-06-25,38.38,365,,0
2176,2176,2026-06-25,38.38,365,,0
2177,2177,2026-07-02,,0,,0
2178,2178,2026-07-02,,0,,2
2179,2179,2026-06-25,377.00,243,,276
2180,2180,2026-06-24,315.00,238,,60
2181,2181,2026-06-24,291.75,257,,123
2182,2182,2026-06-24,362.50,257,,14
2183,2183,2026-06-24,405.00,238,,3
2184,2184,2026-06-24,380.00,257,,3
2185,2185,2026-06-25,101.81,240,,19
2186,2186,2026-06-24,362.50,257,,6
2187,2187,2026-06-25,349.00,145,,332
2188,2188,2026-06-25,294.50,21,,444
2189,2189,2026-06-24,261.00,295,,218
2190,2190,2026-07-02,,0,,57
2191,2191,2026-06-25,240.00,351,,680
2192,2192,2026-06-25,148.00,356,,1008
2193,2193,2026-07-02,,1,,17
2194,2194,2026-06-25,432.50,334,,485
2195,2195,2026-06-25,286.00,365,,6
2196,2196,2026-06-25,109.10,150,,7
2197,2197,2026-07-02,,0,,81
2198,2198,2026-06-25,379.00,186,,109
2199,2199,2026-06-25,75.59,221,,100
2200,2200,2026-06-25,67.41,180,,125
2201,2201,2026-06-25,66.37,221,,366
2202,2202,2026-06-24,420.00,184,,159
2203,2203,2026-07-02,,0,,13
2204,2204,2026-07-02,,0,,1
2205,2205,2026-06-25,18.46,115,,56
2206,2206,2026-06-25,338.50,327,,882
2207,2207,2026-06-24,264.16,124,,112
2208,2208,2026-06-24,136.56,205,,92
2209,2209,2026-06-25,82.38,93,,25
2210,2210,2026-06-25,319.67,283,,42
2211,2211,2026-06-25,69.61,37,,14
2212,2212,2026-06-25,324.33,170,,362
2213,2213,2026-06-25,60.63,140,,1
2214,2214,2026-06-25,384.33,172,,324
2215,2215,2026-07-02,,0,,245
2216,2216,2026-06-25,84.41,185,,290
2217,2217,2026-07-02,,0,,3
2218,2218,2026-06-25,273.88,280,,424
2219,2219,2026-06-25,67.00,270,,10
2220,2220,2026-06-25,82.06,295,,21
2221,2221,2026-06-25,337.00,232,,87
2222,2222,2026-06-25,293.67,323,,306
2223,2223,2026-06-25,332.33,347,,74
2224,2224,2026-07-02,,0,,63
2225,2225,2026-06-25,154.50,28,,37
2226,2226,2026-07-02,,0,,0
2227,2227,2026-06-25,190.00,171,,283
2228,2228,2026-06-25,597.50,198,,202
2229,2229,2026-06-25,67.42,338,,17
2230,2230,2026-06-25,690.00,235,,185
2231,2231,2026-06-25,45.86,176,,20
2232,2232,2026-07-02,,0,,187
2233,2233,2026-06-25,79.00,293,,3
2234,2234,2026-07-02,,0,,0
2235,2235,2026-07-02,,0,,0
2236,2236,2026-07-02,,0,,5
2237,2237,2026-06-24,187.53,108,,307
2238,2238,2026-06-25,285.29,225,,465
2239,2239,2026-06-25,433.75,200,,144
2240,2240,2026-06-25,289.80,166,,312
2241,2241,2026-06-25,176.00,349,,273
2242,2242,2026-06-25,255.00,325,,274
2243,2243,2026-06-25,237.00,337,,328
2244,2244,2026-06-25,206.00,355,,269
2245,2245,2026-06-25,190.00,356,,252
2246,2246,2026-06-25,184.50,357,,263
2247,2247,2026-06-25,176.50,348,,254
2248,2248,2026-06-25,45.03,104,,3
2249,2249,2026-07-02,,0,,155
2250,2250,2026-06-25,232.67,154,,313
2251,2251,2026-06-25,382.29,188,,292
2252,2252,2026-06-25,43.39,320,,96
2253,2253,2026-07-02,,0,,1
2254,2254,2026-07-02,,0,,106
2255,2255,2026-07-02,,0,,129
2256,2256,2026-06-25,193.25,347,,280
2257,2257,2026-06-25,139.25,351,,326
2258,2258,2026-06-25,198.00,336,,329
2259,2259,2026-06-25,139.25,349,,254
2260,2260,2026-06-25,194.67,347,,287
2261,2261,2026-06-25,193.25,352,,266
2262,2262,2026-06-25,194.00,357,,280
2263,2263,2026-06-25,189.50,346,,269
2264,2264,2026-06-25,194.00,356,,271
2265,2265,2026-06-25,190.50,354,,310
2266,2266,2026-06-25,167.50,358,,313
2267,2267,2026-06-25,279.00,313,,219
2268,2268,2026-07-02,,0,,2
2269,2269,2026-06-25,186.50,113,,355
2270,2270,2026-07-02,,0,,44
2271,2271,2026-06-25,249.75,165,,305
2272,2272,2026-07-02,239.50,87,,192
2273,2273,2026-07-02,,0,,52
2274,2274,2026-07-02,,0,,1
2275,2275,2026-07-02,219.50,7,,342
2276,2276,2026-06-25,301.50,333,,51
2277,2277,2026-06-25,575.00,84,,131
2278,2278,2026-06-25,218.73,130,,212
2279,2279,2026-07-02,,0,,1
2280,2280,2026-06-25,79.23,36,,100
2281,2281,2026-06-25,257.87,253,,272
2282,2282,2026-06-25,35.38,141,,44
2283,2283,2026-06-25,41.13,74,,46
2284,2284,2026-06-25,307.67,143,,354
2285,2285,2026-07-02,,0,,4
2286,2286,2026-06-24,437.00,10,,288
2287,2287,2026-07-02,,0,,0
2288,2288,2026-06-25,366.00,69,,7
2289,2289,2026-06-25,235.00,256,,281
2290,2290,2026-06-25,423.50,222,,25
2291,2291,2026-06-25,292.00,24,,82
2292,2292,2026-06-25,410.83,115,,18
2293,2293,2026-06-25,342.35,283,,15
2294,2294,2026-06-25,25.59,273,,24
2295,2295,2026-07-02,,0,,45
2296,2296,2026-07-02,,0,,6
2297,2297,2026-07-02,,0,,1
2298,2298,2026-07-02,,0,,0
2299,2299,2026-06-25,302.67,239,,29
2300,2300,2026-07-02,,0,,2
2301,2301,2026-06-25,411.51,279,,398
2302,2302,2026-07-02,,0,,53
2303,2303,2026-06-25,47.14,270,,134
2304,2304,2026-07-02,,0,,0
2305,2305,2026-07-02,,0,,0
2306,2306,2026-07-02,,0,,1
2307,2307,2026-06-25,38.38,365,,0
2308,2308,2026-06-25,38.56,364,,1
2309,2309,2026-06-25,38.38,365,,0
2310,2310,2026-07-02,,0,,0
2311,2311,2026-06-25,412.10,183,,231
2312,2312,2026-07-02,,0,,0
2313,2313,2026-06-25,38.38,365,,0
2314,2314,2026-06-25,38.38,365,,0
2315,2315,2026-06-25,38.38,365,,0
2316,2316,2026-06-25,38.38,365,,1
2317,2317,2026-06-25,38.38,365,,0
2318,2318,2026-06-25,38.38,365,,0
2319,2319,2026-06-25,38.38,365,,0
2320,2320,2026-06-25,357.00,308,,169
2321,2321,2026-06-25,361.50,306,,146
2322,2322,2026-06-25,190.00,212,,288
2323,2323,2026-07-02,,0,,1
2324,2324,2026-06-25,265.00,119,,227
2325,2325,2026-06-25,299.50,296,,105
2326,2326,2026-07-02,,0,,8
2327,2327,2026-06-25,300.00,183,,266
2328,2328,2026-07-02,,0,,4
2329,2329,2026-06-25,195.00,217,,279
2330,2330,2026-06-25,110.45,256,,42
2331,2331,2026-07-02,,0,,1
2332,2332,2026-06-24,239.00,141,,325
2333,2333,2026-06-25,226.50,329,,127
2334,2334,2026-07-02,322.00,155,,406
2335,2335,2026-06-24,212.33,194,,275
2336,2336,2026-07-02,,0,,97
2337,2337,2026-06-25,1141.33,364,,0
2338,2338,2026-06-25,206.33,183,,255
2339,2339,2026-06-25,187.60,207,,4
2340,2340,2026-06-25,435.00,284,,188
2341,2341,2026-06-24,197.80,119,,283
2342,2342,2026-06-25,65.31,297,,11
2343,2343,2026-06-25,27.56,250,,180
2344,2344,2026-06-25,68.06,169,,17
2345,2345,2026-06-25,222.53,68,,326
2346,2346,2026-06-25,390.86,161,,243
2347,2347,2026-07-02,,0,,2
2348,2348,2026-06-25,161.04,168,,24
2349,2349,2026-06-25,59.68,301,,38
2350,2350,2026-06-25,34.47,137,,130
2351,2351,2026-07-02,,0,,9
2352,2352,2026-07-02,,0,,1
2353,2353,2026-06-25,396.55,222,,219
2354,2354,2026-07-02,,0,,4
2355,2355,2026-07-02,,0,,11
2356,2356,2026-06-25,342.67,277,,4
2357,2357,2026-06-25,431.67,336,,163
2358,2358,2026-07-02,,0,,10
2359,2359,2026-07-02,,0,,31
2360,2360,2026-07-02,,0,,4
2361,2361,2026-07-02,,0,,12
2362,2362,2026-07-02,,0,,4
2363,2363,2026-07-02,,0,,55
2364,2364,2026-07-02,,0,,5
2365,2365,2026-06-25,339.00,199,,181
2366,2366,2026-07-02,,0,,0
2367,2367,2026-07-02,,0,,1
2368,2368,2026-06-25,451.00,312,,180
2369,2369,2026-06-25,469.00,293,,169
2370,2370,2026-06-25,262.47,294,,128
2371,2371,2026-06-24,217.00,154,,30
2372,2372,2026-06-25,36.44,153,,51
2373,2373,2026-06-25,26.45,298,,15
2374,2374,2026-06-25,41.13,141,,30
2375,2375,2026-07-02,,13,,16
2376,2376,2026-06-25,172.33,238,,252
2377,2377,2026-06-25,,53,,6
2378,2378,2026-06-25,157.42,365,,7
2379,2379,2026-06-25,163.44,349,,17
2380,2380,2026-06-24,143.67,253,,4
2381,2381,2026-07-02,,0,,18
2382,2382,2026-06-24,113.12,87,,28
2383,2383,2026-07-02,,0,,2
2384,2384,2026-06-25,390.00,256,,152
2385,2385,2026-07-02,,0,,2
2386,2386,2026-06-25,228.81,166,,110
2387,2387,2026-07-02,,0,,18
2388,2388,2026-07-02,,0,,0
2389,2389,2026-06-25,326.40,270,,143
2390,2390,2026-06-25,338.16,294,,284
2391,2391,2026-06-25,394.47,302,,214
2392,2392,2026-06-25,30.19,276,,17
2393,2393,2026-06-25,241.55,156,,173
2394,2394,2026-06-25,292.50,276,,225
2395,2395,2026-06-25,318.00,314,,169
2396,2396,2026-06-25,462.00,272,,131
2397,2397,2026-06-25,338.00,305,,176
2398,2398,2026-06-25,305.00,249,,37
2399,2399,2026-06-25,224.67,111,,199
2400,2400,2026-06-25,293.00,311,,114
2401,2401,2026-06-25,426.00,321,,167
2402,2402,2026-06-25,277.00,293,,146
2403,2403,2026-07-02,,0,,14
2404,2404,2026-06-24,29.75,327,,142
2405,2405,2026-06-25,231.00,235,,38
2406,2406,2026-06-25,198.00,311,,143
2407,2407,2026-07-02,,0,,0
2408,2408,2026-06-25,85.19,158,,27
2409,2409,2026-07-02,,0,,16
2410,2410,2026-06-25,110.15,343,,27
2411,2411,2026-06-25,187.00,280,,110
2412,2412,2026-07-02,,0,,0
2413,2413,2026-06-25,551.00,282,,185
2414,2414,2026-06-25,219.20,348,,1279
2415,2415,2026-06-24,,48,,26
2416,2416,2026-07-02,,0,,27
2417,2417,2026-06-25,425.00,203,,105
2418,2418,2026-06-24,312.00,296,,189
2419,2419,2026-06-24,226.00,309,,104
2420,2420,2026-06-24,55.13,243,,25
2421,2421,2026-07-02,,0,,24
2422,2422,2026-07-02,,0,,22
2423,2423,2026-07-02,,0,,0
2424,2424,2026-06-25,257.15,20,,283
2425,2425,2026-07-02,,0,,77
2426,2426,2026-06-25,230.33,21,,260
2427,2427,2026-06-25,100.08,263,,15
2428,2428,2026-06-25,414.48,219,,352
2429,2429,2026-06-25,295.00,357,,205
2430,2430,2026-06-25,492.50,303,,182
2431,2431,2026-07-02,,0,,7
2432,2432,2026-06-25,247.33,256,,229
2433,2433,2026-06-25,68.16,307,,10
2434,2434,2026-06-25,85.34,328,,261
2435,2435,2026-06-24,220.67,77,,214
2436,2436,2026-07-02,,0,,1
2437,2437,2026-06-24,184.00,32,,337
2438,2438,2026-06-25,262.33,48,,276
2439,2439,2026-07-02,154.79,132,,150
2440,2440,2026-06-25,394.16,238,,358
2441,2441,2026-06-25,442.00,79,,88
2442,2442,2026-07-02,,0,,43
2443,2443,2026-07-02,,0,,7
2444,2444,2026-06-25,171.20,264,,13
2445,2445,2026-07-02,,0,,2
2446,2446,2026-07-02,,0,,90
2447,2447,2026-06-25,342.00,311,,431
2448,2448,2026-06-25,436.00,266,,143
2449,2449,2026-06-25,452.00,298,,265
2450,2450,2026-06-25,360.00,293,,370
2451,2451,2026-07-02,,0,,193
2452,2452,2026-06-25,478.00,299,,105
2453,2453,2026-06-25,578.00,319,,153
2454,2454,2026-06-24,43.42,296,,189
2455,2455,2026-06-24,284.67,15,,58
2456,2456,2026-06-24,320.50,314,,100
2457,2457,2026-06-25,29.10,333,,19
2458,2458,2026-06-24,388.00,178,,430
2459,2459,2026-07-02,,0,,11
2460,2460,2026-06-25,70.75,239,,26
2461,2461,2026-07-02,,0,,23
2462,2462,2026-06-25,359.33,310,,165
2463,2463,2026-06-24,549.00,230,,132
2464,2464,2026-06-25,,310,,179
2465,2465,2026-06-25,346.00,307,,176
2466,2466,2026-06-24,429.00,304,,59
2467,2467,2026-06-25,335.00,326,,58
2468,2468,2026-06-25,452.00,293,,78
2469,2469,2026-06-25,367.50,305,,52
2470,2470,2026-06-25,446.33,336,,86
2471,2471,2026-06-24,354.00,312,,62
2472,2472,2026-06-25,449.67,304,,180
2473,2473,2026-06-25,,334,,167
2474,2474,2026-06-25,276.50,327,,84
2475,2475,2026-06-25,296.33,325,,105
2476,2476,2026-06-25,263.50,309,,192
2477,2477,2026-06-25,303.33,329,,130
2478,2478,2026-06-25,49.37,166,,35
2479,2479,2026-06-25,61.89,179,,1
2480,2480,2026-07-02,,0,,11
2481,2481,2026-06-24,219.49,297,,201
2482,2482,2026-06-25,105.84,146,,8
2483,2483,2026-07-02,,0,,14
2484,2484,2026-07-02,,0,,12
2485,2485,2026-07-02,,0,,2
2486,2486,2026-07-02,,54,,192
2487,2487,2026-06-24,323.00,336,,154
2488,2488,2026-07-02,,0,,1
2489,2489,2026-06-25,798.40,347,,827
2490,2490,2026-06-25,70.00,263,,22
2491,2491,2026-06-25,386.50,215,,102
2492,2492,2026-06-25,208.00,250,,346
2493,2493,2026-06-25,442.67,330,,312
2494,2494,2026-07-02,,0,,28
2495,2495,2026-07-02,,0,,4
2496,2496,2026-07-02,82.78,36,,3
2497,2497,2026-07-02,,0,,2
2498,2498,2026-07-02,,24,,32
2499,2499,2026-06-25,80.38,203,,2
2500,2500,2026-07-02,,0,,11
2501,2501,2026-06-25,1351.70,267,,10
2502,2502,2026-07-02,,0,,1
2503,2503,2026-07-02,,0,,4
2504,2504,2026-06-25,400.00,262,,16
2505,2505,2026-06-25,439.50,243,,326
2506,2506,2026-07-02,,0,,0
2507,2507,2026-07-02,,0,,5
2508,2508,2026-07-02,,0,,0
2509,2509,2026-07-02,,0,,7
2510,2510,2026-06-25,311.68,333,,236
2511,2511,2026-06-25,366.41,304,,287
2512,2512,2026-07-02,,0,,0
2513,2513,2026-06-25,91.40,153,,357
2514,2514,2026-06-25,71.25,262,,22
2515,2515,2026-07-02,,0,,1
2516,2516,2026-06-25,188.50,154,,349
2517,2517,2026-06-25,,108,,188
2518,2518,2026-07-02,,0,,3
2519,2519,2026-07-02,,0,,84
2520,2520,2026-06-25,234.00,92,,182
2521,2521,2026-06-25,78.53,328,,11
2522,2522,2026-06-25,,36,,11
2523,2523,2026-07-02,,0,,11
2524,2524,2026-07-02,51.36,335,,17
2525,2525,2026-07-02,,0,,7
2526,2526,2026-07-02,,0,,7
2527,2527,2026-06-25,278.25,132,,217
2528,2528,2026-07-02,,0,,1
2529,2529,2026-06-24,550.50,66,,119
2530,2530,2026-07-02,,0,,8
2531,2531,2026-06-25,311.50,323,,119
2532,2532,2026-06-25,218.00,334,,164
2533,2533,2026-06-25,209.00,318,,87
2534,2534,2026-06-25,268.50,332,,57
2535,2535,2026-06-25,755.00,329,,204
2536,2536,2026-06-25,531.00,323,,131
2537,2537,2026-06-25,722.00,301,,81
2538,2538,2026-06-25,340.50,327,,81
2539,2539,2026-06-25,302.50,345,,143
2540,2540,2026-06-25,391.00,339,,60
2541,2541,2026-06-25,227.50,332,,64
2542,2542,2026-06-25,546.00,334,,33
2543,2543,2026-06-25,228.00,253,,115
2544,2544,2026-06-25,232.50,340,,131
2545,2545,2026-06-25,228.00,320,,115
2546,2546,2026-07-02,306.00,34,,85
2547,2547,2026-07-02,,0,,79
2548,2548,2026-06-25,92.78,81,,32
2549,2549,2026-06-25,382.75,298,,282
2550,2550,2026-06-25,270.84,324,,270
2551,2551,2026-07-02,,0,,0
2552,2552,2026-07-02,,0,,2
2553,2553,2026-06-25,81.47,296,,7
2554,2554,2026-07-02,,0,,91
2555,2555,2026-06-25,33.43,260,,23
2556,2556,2026-07-02,,0,,0
2557,2557,2026-07-02,34.27,362,,0
2558,2558,2026-07-02,,0,,0
2559,2559,2026-07-02,,0,,10
2560,2560,2026-07-02,,0,,0
2561,2561,2026-07-02,,0,,0
2562,2562,2026-06-25,375.45,321,,180
2563,2563,2026-07-02,18.03,224,,21
2564,2564,2026-07-02,,0,,6
2565,2565,2026-07-02,,0,,6
2566,2566,2026-07-02,,0,,10
2567,2567,2026-06-25,38.56,364,,0
2568,2568,2026-06-25,38.56,364,,0
2569,2569,2026-06-25,38.56,364,,0
2570,2570,2026-06-25,342.35,275,,359
2571,2571,2026-07-02,,0,,6
2572,2572,2026-06-25,325.60,295,,231
2573,2573,2026-06-24,285.50,286,,105
2574,2574,2026-06-25,80.56,331,,38
2575,2575,2026-07-02,,0,,0
2576,2576,2026-06-25,55.66,147,,12
2577,2577,2026-06-25,38.56,364,,1
2578,2578,2026-06-25,38.56,364,,0
2579,2579,2026-06-25,38.56,364,,0
2580,2580,2026-06-25,38.56,364,,0
2581,2581,2026-06-25,160.42,173,,2
2582,2582,2026-06-25,80.79,234,,58
2583,2583,2026-06-25,266.67,158,,8
2584,2584,2026-07-02,,0,,77
2585,2585,2026-06-25,233.65,350,,210
2586,2586,2026-06-24,295.00,170,,362
2587,2587,2026-06-24,215.00,148,,398
2588,2588,2026-06-25,315.00,126,,162
2589,2589,2026-06-25,171.00,148,,155
2590,2590,2026-06-25,299.00,134,,324
2591,2591,2026-07-02,,0,,6
2592,2592,2026-07-02,,0,,0
2593,2593,2026-06-25,41.84,283,,11
2594,2594,2026-06-25,275.40,320,,890
2595,2595,2026-07-03,,0,,7
2596,2596,2026-06-25,281.00,295,,103
2597,2597,2026-06-25,285.60,286,,144
2598,2598,2026-07-02,,0,,0
2599,2599,2026-07-03,,0,,8
2600,2600,2026-06-24,205.00,332,,155
2601,2601,2026-06-25,273.88,152,,406
2602,2602,2026-06-25,257.00,284,,111
2603,2603,2026-06-25,257.00,293,,135
2604,2604,2026-07-02,,0,,6
2605,2605,2026-06-25,98.84,89,,11
2606,2606,2026-06-25,257.00,312,,86
2607,2607,2026-06-25,220.00,293,,155
2608,2608,2026-06-25,238.00,267,,163
2609,2609,2026-06-25,235.50,293,,153
2610,2610,2026-07-03,,0,,0
2611,2611,2026-07-03,,0,,0
2612,2612,2026-07-03,,0,,21
2613,2613,2026-07-03,,0,,0
2614,2614,2026-07-03,,0,,0
2615,2615,2026-06-24,175.00,258,,378
2616,2616,2026-06-25,69.58,247,,3
2617,2617,2026-07-03,,0,,0
2618,2618,2026-06-25,98.22,259,,2
2619,2619,2026-07-03,,0,,2
2620,2620,2026-06-25,159.00,305,,375
2621,2621,2026-06-25,419.00,331,,1115
2622,2622,2026-06-25,90.28,237,,1
2623,2623,2026-07-03,,0,,56
2624,2624,2026-07-03,49.13,183,,25
2625,2625,2026-07-03,,0,,24
2626,2626,2026-06-25,297.00,185,,324
2627,2627,2026-07-03,,0,,42
2628,2628,2026-07-03,,0,,10
2629,2629,2026-07-03,,0,,5
2630,2630,2026-06-25,256.50,273,,159
2631,2631,2026-07-03,,0,,6
2632,2632,2026-06-25,148.50,167,,288
2633,2633,2026-06-25,49.01,50,,15
2634,2634,2026-06-25,918.40,342,,303
2635,2635,2026-06-25,88.44,332,,8
2636,2636,2026-07-03,,0,,4
2637,2637,2026-07-03,,0,,6
2638,2638,2026-07-03,,0,,5
2639,2639,2026-07-03,,0,,0
2640,2640,2026-07-03,,0,,0
2641,2641,2026-07-03,,0,,2
2642,2642,2026-06-25,1149.00,118,,227
2643,2643,2026-06-25,274.00,277,,178
2644,2644,2026-07-03,,0,,2
2645,2645,2026-06-25,301.00,288,,125
2646,2646,2026-06-25,135.17,266,,32
2647,2647,2026-06-25,328.00,161,,41
2648,2648,2026-07-03,,0,,1
2649,2649,2026-07-03,,0,,6
2650,2650,2026-07-03,,0,,22
2651,2651,2026-06-25,306.00,321,,185
2652,2652,2026-06-25,61.84,334,,3
2653,2653,2026-06-25,320.82,222,,334
2654,2654,2026-06-25,380.25,160,,297
2655,2655,2026-07-03,,0,,3
2656,2656,2026-07-03,,0,,0
2657,2657,2026-06-25,300.00,285,,143
2658,2658,2026-06-25,86.98,153,,16
2659,2659,2026-06-24,44.00,174,,56
2660,2660,2026-07-02,,0,,151
2661,2661,2026-07-03,357.74,90,,90
2662,2662,2026-06-24,217.00,300,,233
2663,2663,2026-07-03,,0,,61
2664,2664,2026-06-25,192.43,257,,161
2665,2665,2026-07-03,,0,,9
2666,2666,2026-07-03,,0,,0
2667,2667,2026-06-25,251.33,303,,226
2668,2668,2026-06-25,1409.33,285,,38
2669,2669,2026-06-25,299.00,127,,242
2670,2670,2026-06-25,237.00,131,,400
2671,2671,2026-06-25,325.00,76,,333
2672,2672,2026-06-25,255.00,105,,159
2673,2673,2026-07-03,,0,,0
2674,2674,2026-07-03,,0,,0
2675,2675,2026-07-03,,0,,8
2676,2676,2026-06-25,68.81,287,,18
2677,2677,2026-07-03,,0,,0
2678,2678,2026-06-25,93.52,336,,18
2679,2679,2026-06-25,288.50,66,,75
2680,2680,2026-06-25,283.28,332,,304
2681,2681,2026-06-25,84.34,175,,26
2682,2682,2026-07-03,,0,,0
2683,2683,2026-06-25,347.50,163,,427
2684,2684,2026-07-03,,0,,32
2685,2685,2026-07-03,,0,,29
2686,2686,2026-07-03,,0,,0
2687,2687,2026-07-03,,0,,2
2688,2688,2026-06-25,375.00,80,,392
2689,2689,2026-06-24,155.00,146,,218
2690,2690,2026-06-24,31.31,325,,3
2691,2691,2026-07-03,,0,,0
2692,2692,2026-06-25,247.00,302,,529
2693,2693,2026-07-03,,0,,0
2694,2694,2026-06-25,30.29,145,,4
2695,2695,2026-07-03,,0,,38
2696,2696,2026-06-25,354.50,307,,170
2697,2697,2026-07-03,,0,,9
2698,2698,2026-07-03,,0,,122
2699,2699,2026-07-03,,0,,1
2700,2700,2026-06-24,177.19,28,,231
2701,2701,2026-07-03,,0,,72
2702,2702,2026-07-03,,0,,1
2703,2703,2026-07-03,,0,,12
2704,2704,2026-06-25,205.41,269,,629
2705,2705,2026-07-03,,0,,67
2706,2706,2026-07-03,,0,,0
2707,2707,2026-07-03,,0,,0
2708,2708,2026-06-25,980.00,280,,48
2709,2709,2026-06-25,29.52,287,,10
2710,2710,2026-06-25,39.25,207,,81
2711,2711,2026-06-25,47.50,180,,15
2712,2712,2026-07-03,,29,,23
2713,2713,2026-07-03,,0,,161
2714,2714,2026-06-25,200.00,200,,263
2715,2715,2026-07-03,,0,,29
2716,2716,2026-06-25,217.00,247,,186
2717,2717,2026-07-03,,0,,102
2718,2718,2026-07-03,,0,,1
2719,2719,2026-07-03,,0,,110
2720,2720,2026-06-25,302.54,207,,480
2721,2721,2026-07-03,352.99,90,,37
2722,2722,2026-07-03,352.99,90,,43
2723,2723,2026-06-25,465.60,177,,335
2724,2724,2026-06-24,151.86,358,,113
2725,2725,2026-07-03,,0,,0
2726,2726,2026-06-25,135.00,179,,3
2727,2727,2026-07-03,352.99,90,,7
2728,2728,2026-06-25,262.00,331,,207
2729,2729,2026-06-25,242.50,298,,264
2730,2730,2026-07-03,,0,,0
2731,2731,2026-06-25,42.88,267,,81
2732,2732,2026-06-25,339.00,255,,202
2733,2733,2026-07-03,,0,,0
2734,2734,2026-07-03,,0,,0
2735,2735,2026-06-24,537.00,294,,112
2736,2736,2026-07-03,,0,,13
2737,2737,2026-07-03,,0,,14
2738,2738,2026-07-03,,0,,1
2739,2739,2026-07-03,,0,,7
2740,2740,2026-06-25,132.16,311,,12
2741,2741,2026-06-25,230.33,320,,146
2742,2742,2026-07-03,,0,,11
2743,2743,2026-06-25,120.00,178,,137
2744,2744,2026-06-25,84.45,342,,0
2745,2745,2026-06-25,143.20,180,,0
2746,2746,2026-06-25,159.00,180,,108
2747,2747,2026-07-03,,0,,6
2748,2748,2026-06-25,152.16,30,,368
2749,2749,2026-06-25,25.77,271,,15
2750,2750,2026-06-25,357.57,194,,90
2751,2751,2026-06-25,267.00,240,,124
2752,2752,2026-06-24,286.00,267,,2
2753,2753,2026-06-25,263.00,361,,7
2754,2754,2026-07-03,,0,,0
2755,2755,2026-06-25,490.54,332,,238
2756,2756,2026-07-03,,0,,32
2757,2757,2026-07-03,,0,,12
2758,2758,2026-06-25,224.67,227,,317
2759,2759,2026-06-25,349.25,332,,319
2760,2760,2026-06-25,77.69,245,,45
2761,2761,2026-06-24,269.50,341,,150
2762,2762,2026-06-25,470.00,122,,212
2763,2763,2026-06-25,263.00,139,,193
2764,2764,2026-06-25,299.00,136,,303
2765,2765,2026-06-24,425.00,97,,383
2766,2766,2026-06-25,237.00,132,,381
2767,2767,2026-06-24,723.00,100,,385
2768,2768,2026-06-25,372.00,116,,444
2769,2769,2026-06-25,372.00,115,,365
2770,2770,2026-06-25,300.00,117,,332
2771,2771,2026-06-25,325.00,88,,385
2772,2772,2026-06-25,310.00,89,,159
2773,2773,2026-06-25,310.00,89,,299
2774,2774,2026-06-24,374.00,335,,173
2775,2775,2026-06-25,630.00,152,,153
2776,2776,2026-06-24,325.00,180,,161
2777,2777,2026-06-25,68.51,212,,30
2778,2778,2026-07-03,,0,,2
2779,2779,2026-06-25,304.00,316,,136
2780,2780,2026-06-25,53.25,200,,29
2781,2781,2026-06-24,295.00,179,,115
2782,2782,2026-06-24,115.00,159,,247
2783,2783,2026-06-24,575.00,124,,325
2784,2784,2026-06-25,113.47,178,,280
2785,2785,2026-07-03,,0,,0
2786,2786,2026-06-25,312.40,264,,148
2787,2787,2026-06-25,71.21,145,,12
2788,2788,2026-06-25,59.57,115,,43
2789,2789,2026-07-03,,0,,38
2790,2790,2026-06-25,211.67,117,,61
2791,2791,2026-07-03,,6,,29
2792,2792,2026-07-03,270.00,164,,128
2793,2793,2026-06-25,228.33,166,,156
2794,2794,2026-07-03,23.79,268,,9
2795,2795,2026-07-03,,0,,19
2796,2796,2026-07-03,,0,,0
2797,2797,2026-07-03,,41,,11
2798,2798,2026-07-03,61.02,86,,2
2799,2799,2026-06-25,28.39,180,,36
2800,2800,2026-06-25,192.58,268,,3
2801,2801,2026-06-25,75.91,119,,11
2802,2802,2026-06-25,84.85,121,,23
2803,2803,2026-06-25,84.85,87,,6
2804,2804,2026-06-25,305.00,209,,456
2805,2805,2026-06-25,498.00,129,,369
2806,2806,2026-06-25,30.03,57,,1
2807,2807,2026-07-03,,0,,52
2808,2808,2026-06-24,205.41,257,,342
2809,2809,2026-06-25,297.00,72,,5
2810,2810,2026-07-03,,0,,1
2811,2811,2026-07-03,,0,,42
2812,2812,2026-06-25,465.50,27,,224
2813,2813,2026-06-25,458.00,59,,112
2814,2814,2026-07-03,,0,,120
2815,2815,2026-06-25,551.75,57,,164
2816,2816,2026-06-25,,59,,189
2817,2817,2026-06-25,434.00,54,,127
2818,2818,2026-07-03,,0,,0
2819,2819,2026-06-25,79.57,340,,12
2820,2820,2026-06-24,475.00,151,,289
2821,2821,2026-06-24,371.00,154,,200
2822,2822,2026-06-24,346.00,160,,222
2823,2823,2026-06-24,346.00,149,,302
2824,2824,2026-06-24,125.00,172,,159
2825,2825,2026-06-24,345.00,167,,203
2826,2826,2026-06-24,345.00,172,,147
2827,2827,2026-06-25,299.00,228,,107
2828,2828,2026-06-25,262.50,232,,4
2829,2829,2026-07-03,,0,,38
2830,2830,2026-06-24,267.20,31,,3
2831,2831,2026-06-25,51.58,81,,39
2832,2832,2026-06-25,76.53,327,,9
2833,2833,2026-06-25,244.60,326,,95
2834,2834,2026-06-25,242.74,359,,17
2835,2835,2026-06-25,154.86,242,,402
2836,2836,2026-07-03,201.33,289,,103
2837,2837,2026-06-25,237.50,295,,50
2838,2838,2026-07-03,286.00,316,,147
2839,2839,2026-06-25,415.33,345,,127
2840,2840,2026-06-25,177.00,315,,92
2841,2841,2026-06-25,215.50,348,,82
2842,2842,2026-06-25,252.50,344,,79
2843,2843,2026-06-25,652.67,320,,202
2844,2844,2026-06-25,299.50,312,,209
2845,2845,2026-06-25,330.50,335,,203
2846,2846,2026-06-25,175.67,326,,129
2847,2847,2026-06-25,157.50,317,,95
2848,2848,2026-06-25,311.00,314,,150
2849,2849,2026-07-03,216.50,295,,53
2850,2850,2026-06-25,220.50,321,,212
2851,2851,2026-06-25,206.55,339,,118
2852,2852,2026-06-25,335.00,327,,140
2853,2853,2026-06-25,439.00,307,,163
2854,2854,2026-06-25,281.00,346,,141
2855,2855,2026-06-25,230.50,324,,230
2856,2856,2026-06-25,273.00,335,,97
2857,2857,2026-07-03,258.00,312,,188
2858,2858,2026-06-25,221.50,309,,140
2859,2859,2026-06-25,240.50,331,,120
2860,2860,2026-06-25,548.00,336,,78
2861,2861,2026-06-25,253.50,303,,44
2862,2862,2026-06-25,247.00,297,,157
2863,2863,2026-06-25,154.50,351,,45
2864,2864,2026-06-25,241.50,301,,195
2865,2865,2026-06-25,270.50,327,,166
2866,2866,2026-07-03,245.40,313,,138
2867,2867,2026-06-25,231.00,310,,59
2868,2868,2026-06-25,317.50,324,,73
2869,2869,2026-06-25,252.00,327,,174
2870,2870,2026-06-25,257.40,308,,164
2871,2871,2026-06-25,269.50,339,,200
2872,2872,2026-06-25,440.00,318,,120
2873,2873,2026-07-03,269.00,309,,203
2874,2874,2026-07-03,279.00,316,,216
2875,2875,2026-06-25,192.00,345,,115
2876,2876,2026-06-25,324.00,348,,198
2877,2877,2026-06-25,276.60,331,,135
2878,2878,2026-07-03,227.50,338,,184
2879,2879,2026-06-25,183.50,326,,128
2880,2880,2026-06-25,240.50,297,,150
2881,2881,2026-07-03,223.00,317,,86
2882,2882,2026-06-25,374.33,341,,101
2883,2883,2026-06-25,291.00,282,,74
2884,2884,2026-06-25,514.00,300,,95
2885,2885,2026-06-25,403.00,297,,72
2886,2886,2026-06-25,234.00,103,,118
2887,2887,2026-06-25,243.00,318,,17
2888,2888,2026-06-24,171.50,297,,188
2889,2889,2026-07-03,,0,,0
2890,2890,2026-06-24,262.00,300,,240
2891,2891,2026-07-03,,0,,0
2892,2892,2026-06-25,38.38,365,,0
2893,2893,2026-07-03,,0,,0
2894,2894,2026-06-25,390.00,96,,66
2895,2895,2026-06-25,32.15,241,,31
2896,2896,2026-06-25,248.25,150,,256
2897,2897,2026-07-03,,0,,1
2898,2898,2026-06-25,386.86,301,,153
2899,2899,2026-06-25,224.50,291,,98
2900,2900,2026-06-24,350.00,130,,13
2901,2901,2026-06-25,312.00,86,,23
2902,2902,2026-06-25,312.00,82,,7
2903,2903,2026-06-25,161.00,70,,389
2904,2904,2026-06-25,169.50,324,,182
2905,2905,2026-06-25,211.50,297,,130
2906,2906,2026-06-25,,173,,206
2907,2907,2026-07-03,,0,,0
2908,2908,2026-07-03,,0,,4
2909,2909,2026-07-03,,0,,17
2910,2910,2026-06-25,68.61,100,,24
2911,2911,2026-07-03,,0,,1
2912,2912,2026-06-25,179.00,314,,271
2913,2913,2026-06-25,303.00,89,,179
2914,2914,2026-07-03,,0,,1
2915,2915,2026-06-25,115.97,226,,34
2916,2916,2026-06-24,368.67,53,,248
2917,2917,2026-07-03,,0,,143
2918,2918,2026-06-25,118.34,225,,40
2919,2919,2026-07-03,,0,,18
2920,2920,2026-06-25,118.32,230,,31
2921,2921,2026-06-25,124.79,336,,3
2922,2922,2026-06-25,238.51,121,,388
2923,2923,2026-07-03,,0,,0
2924,2924,2026-06-25,57.11,228,,16
2925,2925,2026-07-03,,0,,0
2926,2926,2026-06-25,179.00,300,,101
2927,2927,2026-06-25,238.00,279,,127
2928,2928,2026-06-25,316.50,306,,52
2929,2929,2026-06-25,219.33,264,,95
2930,2930,2026-06-25,220.50,311,,73
2931,2931,2026-06-25,188.67,274,,136
2932,2932,2026-06-25,220.67,267,,31
2933,2933,2026-06-25,276.50,310,,88
2934,2934,2026-06-24,238.50,258,,115
2935,2935,2026-06-25,50.33,278,,18
2936,2936,2026-07-03,,2,,25
2937,2937,2026-07-03,,0,,30
2938,2938,2026-06-25,189.00,328,,215
2939,2939,2026-07-03,,0,,4
2940,2940,2026-06-25,717.00,287,,81
2941,2941,2026-06-25,406.00,147,,267
2942,2942,2026-07-03,,0,,0
2943,2943,2026-06-25,87.87,298,,7
2944,2944,2026-06-25,284.50,68,,108
2945,2945,2026-07-03,,0,,15
2946,2946,2026-06-25,201.00,132,,194
2947,2947,2026-06-25,125.00,140,,112
2948,2948,2026-06-25,190.00,145,,135
2949,2949,2026-06-25,181.00,151,,185
2950,2950,2026-07-03,,0,,3
2951,2951,2026-06-25,113.00,111,,190
2952,2952,2026-07-03,,0,,8
2953,2953,2026-06-25,294.33,90,,242
2954,2954,2026-06-25,279.00,97,,147
2955,2955,2026-07-03,,25,,377
2956,2956,2026-06-25,60.72,231,,31
2957,2957,2026-06-25,180.25,152,,283
2958,2958,2026-06-25,95.52,228,,37
2959,2959,2026-06-25,235.00,151,,25
2960,2960,2026-06-25,394.00,127,,56
2961,2961,2026-06-25,356.00,131,,17
2962,2962,2026-06-25,323.80,146,,102
2963,2963,2026-06-25,347.00,159,,56
2964,2964,2026-06-25,772.00,172,,152
2965,2965,2026-06-25,365.00,125,,1125
2966,2966,2026-06-25,287.33,273,,15
2967,2967,2026-06-25,239.65,122,,299
2968,2968,2026-06-24,400.00,105,,155
2969,2969,2026-06-25,328.60,87,,55
2970,2970,2026-07-03,,0,,7
2971,2971,2026-06-25,233.94,321,,562
2972,2972,2026-07-03,,0,,0
2973,2973,2026-06-25,33.90,196,,178
2974,2974,2026-06-25,22.12,243,,112
2975,2975,2026-06-25,212.14,273,,44
2976,2976,2026-07-03,,0,,19
2977,2977,2026-06-25,295.00,136,,246
2978,2978,2026-06-25,268.25,245,,48
2979,2979,2026-07-03,20.02,270,,0
2980,2980,2026-06-24,202.50,281,,304
2981,2981,2026-07-03,,0,,101
2982,2982,2026-07-03,,0,,6
2983,2983,2026-07-03,,0,,0
2984,2984,2026-07-03,,0,,62
2985,2985,2026-07-03,,0,,0
2986,2986,2026-07-03,,11,,11
2987,2987,2026-06-25,,236,,21
2988,2988,2026-06-25,155.25,330,,29
2989,2989,2026-06-25,111.68,166,,27
2990,2990,2026-06-25,73.03,200,,25
2991,2991,2026-06-25,391.00,260,,47
2992,2992,2026-06-25,258.67,242,,66
2993,2993,2026-07-03,,0,,0
2994,2994,2026-07-03,,0,,14
2995,2995,2026-06-25,358.00,124,,381
2996,2996,2026-06-24,196.33,105,,81
2997,2997,2026-06-24,,294,,128
2998,2998,2026-06-25,53.25,260,,17
2999,2999,2026-06-25,312.00,335,,6
3000,3000,2026-06-25,175.00,132,,194
3001,3001,2026-06-24,280.00,345,,353
3002,3002,2026-06-24,322.50,339,,645
3003,3003,2026-06-25,182.50,342,,91
3004,3004,2026-06-25,372.83,350,,309
3005,3005,2026-06-25,220.67,241,,332
3006,3006,2026-06-25,700.00,324,,165
3007,3007,2026-06-25,225.00,197,,367
3008,3008,2026-06-24,255.00,355,,368
3009,3009,2026-06-25,200.00,139,,165
3010,3010,2026-06-25,339.00,337,,74
3011,3011,2026-06-25,575.00,46,,81
3012,3012,2026-07-03,,0,,3
3013,3013,2026-06-25,92.06,270,,15
3014,3014,2026-07-03,,0,,2
3015,3015,2026-06-25,230.00,187,,515
3016,3016,2026-06-25,265.00,38,,82
3017,3017,2026-07-03,54.39,330,,9
3018,3018,2026-06-25,248.33,322,,162
3019,3019,2026-06-25,175.00,326,,128
3020,3020,2026-06-25,260.40,315,,235
3021,3021,2026-06-25,245.00,336,,246
3022,3022,2026-07-03,,10,,8
3023,3023,2026-07-03,,0,,89
3024,3024,2026-07-03,,0,,0
3025,3025,2026-07-03,,0,,0
3026,3026,2026-06-24,437.08,270,,14
3027,3027,2026-06-25,47.19,116,,5
3028,3028,2026-06-25,231.33,38,,79
3029,3029,2026-06-25,225.00,81,,121
3030,3030,2026-06-25,,124,,266
3031,3031,2026-06-25,191.50,311,,178
3032,3032,2026-06-25,202.75,105,,132
3033,3033,2026-06-25,217.50,348,,708
3034,3034,2026-06-25,217.50,356,,534
3035,3035,2026-06-25,254.86,154,,318
3036,3036,2026-06-25,259.62,172,,255
3037,3037,2026-06-25,293.86,162,,320
3038,3038,2026-06-25,288.00,329,,132
3039,3039,2026-06-25,230.00,16,,109
3040,3040,2026-06-25,171.18,297,,317
3041,3041,2026-07-03,,0,,10
3042,3042,2026-07-03,,0,,3
3043,3043,2026-06-25,484.67,269,,355
3044,3044,2026-07-03,,0,,0
3045,3045,2026-07-03,,0,,96
3046,3046,2026-06-25,87.50,159,,292
3047,3047,2026-06-25,,112,,242
3048,3048,2026-07-03,,0,,38
3049,3049,2026-07-03,,0,,1
3050,3050,2026-07-03,,0,,0
3051,3051,2026-07-03,,0,,0
3052,3052,2026-06-25,353.00,137,,142
3053,3053,2026-07-03,,0,,20
3054,3054,2026-06-25,276.33,193,,139
3055,3055,2026-06-25,152.00,72,,366
3056,3056,2026-06-25,161.00,44,,153
3057,3057,2026-07-03,,0,,0
3058,3058,2026-07-03,13.83,132,,16
3059,3059,2026-06-24,434.33,146,,210
3060,3060,2026-06-25,66.46,87,,1
3061,3061,2026-06-25,172.75,261,,191
3062,3062,2026-06-24,371.00,89,,228
3063,3063,2026-06-25,363.00,327,,28
3064,3064,2026-06-25,229.00,312,,126
3065,3065,2026-06-25,189.84,338,,138
3066,3066,2026-06-24,75.12,269,,30
3067,3067,2026-07-03,,0,,17
3068,3068,2026-06-25,234.00,166,,255
3069,3069,2026-06-25,160.00,86,,157
3070,3070,2026-06-25,274.00,168,,326
3071,3071,2026-06-24,518.12,272,,147
3072,3072,2026-07-03,,0,,8
3073,3073,2026-06-25,254.86,100,,239
3074,3074,2026-07-03,,0,,0
3075,3075,2026-06-25,206.00,288,,319
3076,3076,2026-06-25,263.67,160,,264
3077,3077,2026-06-25,91.98,107,,16
3078,3078,2026-07-03,,0,,0
3079,3079,2026-06-25,267.50,129,,213
3080,3080,2026-07-03,,0,,74
3081,3081,2026-06-24,291.00,132,,89
3082,3082,2026-06-24,541.50,120,,65
3083,3083,2026-06-24,97.00,30,,209
3084,3084,2026-06-25,337.00,301,,192
3085,3085,2026-06-25,429.00,126,,146
3086,3086,2026-06-25,1016.00,151,,118
3087,3087,2026-07-03,,0,,14
3088,3088,2026-06-25,175.00,300,,140
3089,3089,2026-06-25,253.00,297,,134
3090,3090,2026-07-03,,0,,26
3091,3091,2026-06-25,108.29,223,,29
3092,3092,2026-07-03,,0,,15
3093,3093,2026-06-25,265.08,310,,168
3094,3094,2026-07-03,,0,,0
3095,3095,2026-06-25,98.47,329,,1
3096,3096,2026-06-25,183.75,322,,212
3097,3097,2026-06-25,204.27,343,,181
3098,3098,2026-06-25,75.67,252,,28
3099,3099,2026-06-25,81.14,337,,18
3100,3100,2026-06-25,273.00,145,,278
3101,3101,2026-06-25,375.00,81,,248
3102,3102,2026-07-03,,0,,3
3103,3103,2026-06-25,310.50,307,,3
3104,3104,2026-06-25,179.00,225,,4
3105,3105,2026-06-24,306.00,307,,9
3106,3106,2026-06-25,176.00,328,,1
3107,3107,2026-06-25,239.50,308,,0
3108,3108,2026-06-25,270.50,317,,1
3109,3109,2026-06-25,263.50,306,,0
3110,3110,2026-06-25,174.00,331,,0
3111,3111,2026-06-25,315.50,312,,3
3112,3112,2026-06-25,209.00,309,,2
3113,3113,2026-06-24,169.00,321,,2
3114,3114,2026-06-25,258.50,305,,6
3115,3115,2026-07-03,,0,,14
3116,3116,2026-06-25,303.33,152,,347
3117,3117,2026-06-25,239.50,347,,326
3118,3118,2026-07-03,,0,,0
3119,3119,2026-07-03,,0,,20
3120,3120,2026-07-03,,0,,2
3121,3121,2026-07-03,,0,,10
3122,3122,2026-07-03,,0,,1
3123,3123,2026-06-25,216.00,197,,498
3124,3124,2026-06-25,222.00,186,,605
3125,3125,2026-06-24,171.32,234,,254
3126,3126,2026-06-25,210.50,321,,179
3127,3127,2026-06-25,330.94,227,,512
3128,3128,2026-06-25,196.00,162,,396
3129,3129,2026-07-03,,0,,1
3130,3130,2026-06-25,86.97,250,,17
3131,3131,2026-06-25,77.92,182,,31
3132,3132,2026-06-25,77.13,319,,20
3133,3133,2026-06-25,196.00,172,,450
3134,3134,2026-07-03,,0,,21
3135,3135,2026-07-03,,0,,0
3136,3136,2026-06-25,261.00,147,,246
3137,3137,2026-07-03,,0,,30
3138,3138,2026-07-03,61.91,306,,0
3139,3139,2026-06-25,138.29,183,,28
3140,3140,2026-06-25,2104.00,330,,20
3141,3141,2026-07-03,77.37,365,,0
3142,3142,2026-07-03,,0,,5
3143,3143,2026-07-03,,0,,3
3144,3144,2026-06-24,288.93,344,,184
3145,3145,2026-06-25,503.26,338,,184
3146,3146,2026-06-25,,276,,154
3147,3147,2026-07-03,,0,,7
3148,3148,2026-06-24,251.00,149,,98
3149,3149,2026-06-24,141.00,181,,612
3150,3150,2026-06-25,283.00,180,,377
3151,3151,2026-06-25,95.38,45,,17
3152,3152,2026-06-25,71.23,121,,35
3153,3153,2026-07-03,,0,,19
3154,3154,2026-07-03,,71,,25
3155,3155,2026-06-25,46.04,364,,98
3156,3156,2026-06-25,137.75,55,,47
3157,3157,2026-06-25,,279,,265
3158,3158,2026-06-25,57.55,88,,14
3159,3159,2026-06-25,252.67,303,,143
3160,3160,2026-06-25,266.00,99,,269
3161,3161,2026-06-25,163.00,184,,1593
3162,3162,2026-06-25,174.00,179,,399
3163,3163,2026-06-25,322.00,129,,22
3164,3164,2026-07-03,221.40,21,,3
3165,3165,2026-07-03,,0,,31
3166,3166,2026-07-03,,0,,5
3167,3167,2026-07-03,,0,,3
3168,3168,2026-06-25,980.50,69,,142
3169,3169,2026-06-25,288.00,256,,226
3170,3170,2026-07-03,,0,,1
3171,3171,2026-06-25,242.33,148,,98
3172,3172,2026-07-03,,0,,23
3173,3173,2026-06-25,,277,,59
3174,3174,2026-07-03,180.33,335,,59
3175,3175,2026-06-25,497.00,216,,134
3176,3176,2026-06-25,,248,,16
3177,3177,2026-06-25,,237,,59
3178,3178,2026-06-25,390.67,310,,37
3179,3179,2026-06-25,,282,,82
3180,3180,2026-06-24,389.00,341,,26
3181,3181,2026-06-25,365.00,361,,23
3182,3182,2026-06-25,271.00,189,,35
3183,3183,2026-06-25,,267,,23
3184,3184,2026-06-24,216.33,221,,102
3185,3185,2026-06-25,,261,,84
3186,3186,2026-07-03,,0,,34
3187,3187,2026-06-25,84.13,168,,30
3188,3188,2026-06-25,76.99,230,,29
3189,3189,2026-06-25,86.94,242,,26
3190,3190,2026-06-25,77.16,233,,27
3191,3191,2026-06-25,69.48,128,,24
3192,3192,2026-06-25,238.89,326,,240
3193,3193,2026-06-25,,83,,19
3194,3194,2026-06-25,465.33,136,,49
3195,3195,2026-06-25,235.00,136,,11
3196,3196,2026-07-03,,0,,15
3197,3197,2026-06-25,101.94,88,,7
3198,3198,2026-06-25,369.50,313,,238
3199,3199,2026-06-25,222.90,270,,1
3200,3200,2026-06-25,100.88,238,,1
3201,3201,2026-07-03,,101,,77
3202,3202,2026-06-25,325.00,129,,18
3203,3203,2026-07-03,,0,,1
3204,3204,2026-06-25,203.00,339,,185
3205,3205,2026-06-25,158.00,105,,112
3206,3206,2026-06-25,171.00,326,,168
3207,3207,2026-06-25,164.00,320,,113
3208,3208,2026-06-25,164.00,326,,271
3209,3209,2026-07-03,,0,,0
3210,3210,2026-06-25,51.78,269,,39
3211,3211,2026-07-03,,0,,0
3212,3212,2026-07-03,75.00,57,,99
3213,3213,2026-07-03,,0,,52
3214,3214,2026-06-25,234.00,206,,86
3215,3215,2026-06-25,251.06,244,,422
3216,3216,2026-06-25,356.96,303,,220
3217,3217,2026-07-03,,0,,4
3218,3218,2026-06-25,236.80,47,,231
3219,3219,2026-06-24,174.03,37,,149
3220,3220,2026-07-03,,0,,6
3221,3221,2026-07-03,,0,,0
3222,3222,2026-06-25,224.80,264,,17
3223,3223,2026-06-25,277.10,244,,43
3224,3224,2026-06-24,288.15,164,,111
3225,3225,2026-06-25,409.00,243,,465
3226,3226,2026-07-03,,0,,2
3227,3227,2026-06-25,87.74,153,,22
3228,3228,2026-06-25,86.97,141,,23
3229,3229,2026-06-25,275.56,352,,230
3230,3230,2026-06-24,299.50,48,,40
3231,3231,2026-06-24,,40,,72
3232,3232,2026-06-25,163.00,167,,511
3233,3233,2026-06-25,223.00,173,,366
3234,3234,2026-06-25,192.00,166,,541
3235,3235,2026-07-03,,0,,11
3236,3236,2026-06-25,193.00,127,,96
3237,3237,2026-06-24,289.00,263,,93
3238,3238,2026-06-24,51.40,364,,10
3239,3239,2026-06-24,73.01,269,,5
3240,3240,2026-06-25,200.00,144,,316
3241,3241,2026-06-25,812.50,128,,172
3242,3242,2026-06-25,124.81,162,,8
3243,3243,2026-06-25,182.00,227,,749
3244,3244,2026-07-03,,0,,1
3245,3245,2026-06-25,235.84,93,,303
3246,3246,2026-06-25,174.16,365,,0
3247,3247,2026-06-25,77.39,231,,23
3248,3248,2026-06-25,436.67,336,,251
3249,3249,2026-07-03,,0,,30
3250,3250,2026-06-25,160.00,33,,52
3251,3251,2026-06-24,395.67,286,,58
3252,3252,2026-06-24,39.50,260,,99
3253,3253,2026-06-25,84.60,180,,1
3254,3254,2026-06-25,328.50,156,,330
3255,3255,2026-06-25,294.00,196,,223
3256,3256,2026-07-03,,0,,15
3257,3257,2026-07-03,,0,,77
3258,3258,2026-07-03,,0,,4
3259,3259,2026-07-03,,0,,51
3260,3260,2026-06-25,75.21,244,,16
3261,3261,2026-06-25,342.35,192,,37
3262,3262,2026-07-03,26.69,45,,11
3263,3263,2026-06-25,202.50,359,,365
3264,3264,2026-06-24,202.50,352,,644
3265,3265,2026-06-25,,124,,275
3266,3266,2026-07-03,,0,,33
3267,3267,2026-06-25,320.00,89,,189
3268,3268,2026-06-25,320.00,23,,9
3269,3269,2026-07-03,,0,,0
3270,3270,2026-07-03,,0,,13
3271,3271,2026-06-25,231.00,9,,155
3272,3272,2026-06-25,138.09,206,,5
3273,3273,2026-06-25,266.00,142,,249
3274,3274,2026-06-25,55.73,294,,19
3275,3275,2026-06-24,187.72,355,,154
3276,3276,2026-06-25,87.74,148,,13
3277,3277,2026-06-25,84.48,183,,16
3278,3278,2026-07-03,,0,,11
3279,3279,2026-07-03,64.40,365,,4
3280,3280,2026-06-24,172.00,69,,344
3281,3281,2026-06-24,280.00,340,,577
3282,3282,2026-06-25,196.00,82,,569
3283,3283,2026-06-25,87.74,142,,14
3284,3284,2026-06-25,79.58,357,,32
3285,3285,2026-06-25,89.18,130,,20
3286,3286,2026-06-25,89.18,183,,14
3287,3287,2026-06-25,89.18,170,,17
3288,3288,2026-06-25,89.18,180,,22
3289,3289,2026-06-25,410.00,336,,144
3290,3290,2026-06-25,69.81,304,,13
3291,3291,2026-06-25,231.67,19,,105
3292,3292,2026-07-03,,0,,2
3293,3293,2026-06-25,76.18,154,,10
3294,3294,2026-07-03,,0,,11
3295,3295,2026-06-25,588.00,299,,448
3296,3296,2026-06-24,37.19,160,,34
3297,3297,2026-06-24,265.00,347,,378
3298,3298,2026-06-25,171.00,303,,170
3299,3299,2026-06-24,145.27,143,,13
3300,3300,2026-06-25,260.50,307,,173
3301,3301,2026-07-03,,0,,2
3302,3302,2026-06-25,,6,,9
3303,3303,2026-07-03,,0,,39
3304,3304,2026-07-03,,0,,3
3305,3305,2026-07-03,,0,,23
3306,3306,2026-06-25,109.84,334,,6
3307,3307,2026-06-25,69.61,115,,28
3308,3308,2026-07-03,,0,,61
3309,3309,2026-06-25,138.00,356,,567
3310,3310,2026-06-25,112.00,342,,56
3311,3311,2026-06-25,197.10,329,,219
3312,3312,2026-07-03,,0,,1
3313,3313,2026-06-25,,239,,142
3314,3314,2026-06-25,44.42,306,,124
3315,3315,2026-06-25,274.00,117,,199
3316,3316,2026-07-03,,0,,2
3317,3317,2026-06-25,279.00,47,,92
3318,3318,2026-07-03,,0,,0
3319,3319,2026-06-25,160.00,356,,276
3320,3320,2026-06-25,154.00,352,,649
3321,3321,2026-06-25,224.00,289,,216
3322,3322,2026-07-03,,0,,1
3323,3323,2026-07-03,,0,,0
3324,3324,2026-06-25,87.45,360,,23
3325,3325,2026-06-25,189.00,315,,83
3326,3326,2026-06-25,50.05,276,,13
3327,3327,2026-06-25,61.91,301,,15
3328,3328,2026-07-03,,0,,0
3329,3329,2026-06-25,228.24,107,,265
3330,3330,2026-06-25,311.00,122,,239
3331,3331,2026-06-25,512.00,102,,310
3332,3332,2026-07-03,,0,,2
3333,3333,2026-06-24,217.00,153,,360
3334,3334,2026-06-24,287.60,327,,9
3335,3335,2026-07-03,,0,,6
3336,3336,2026-06-24,221.10,152,,240
3337,3337,2026-06-25,78.22,276,,11
3338,3338,2026-06-25,35.07,297,,86
3339,3339,2026-07-03,,0,,0
3340,3340,2026-06-25,25.01,286,,35
3341,3341,2026-06-25,405.00,19,,153
3342,3342,2026-06-25,143.67,272,,5
3343,3343,2026-06-24,148.23,206,,3
3344,3344,2026-06-24,205.50,10,,23
3345,3345,2026-06-25,143.67,241,,5
3346,3346,2026-06-25,80.79,235,,18
3347,3347,2026-06-24,143.67,269,,8
3348,3348,2026-06-24,143.67,248,,3
3349,3349,2026-06-24,245.50,287,,194
3350,3350,2026-07-03,58.83,349,,7
3351,3351,2026-06-25,183.33,119,,11
3352,3352,2026-06-25,48.44,179,,105
3353,3353,2026-06-24,548.00,76,,71
3354,3354,2026-06-25,396.00,182,,243
3355,3355,2026-06-25,351.00,135,,189
3356,3356,2026-06-25,35.06,335,,75
3357,3357,2026-06-25,59.57,285,,14
3358,3358,2026-06-25,44.68,215,,6
3359,3359,2026-07-03,,0,,3
3360,3360,2026-07-03,,0,,2
3361,3361,2026-07-03,,0,,7
3362,3362,2026-06-25,55.09,265,,14
3363,3363,2026-07-03,,0,,22
3364,3364,2026-06-25,63.00,11,,45
3365,3365,2026-06-25,342.50,332,,173
3366,3366,2026-06-24,279.59,159,,209
3367,3367,2026-07-03,,0,,5
3368,3368,2026-06-25,752.21,365,,0
3369,3369,2026-06-25,248.00,210,,468
3370,3370,2026-06-25,108.30,189,,16
3371,3371,2026-06-25,241.00,130,,218
3372,3372,2026-07-03,,0,,6
3373,3373,2026-06-24,188.33,307,,202
3374,3374,2026-06-25,256.00,110,,207
3375,3375,2026-06-25,347.00,71,,212
3376,3376,2026-07-03,,0,,43
3377,3377,2026-06-25,95.32,242,,11
3378,3378,2026-07-03,202.56,21,,33
3379,3379,2026-06-25,250.00,136,,0
3380,3380,2026-06-25,248.00,129,,446
3381,3381,2026-07-03,,3,,71
3382,3382,2026-07-03,,0,,0
3383,3383,2026-06-24,129.00,354,,262
3384,3384,2026-06-25,180.00,277,,188
3385,3385,2026-06-25,248.00,200,,425
3386,3386,2026-06-25,235.00,347,,1465
3387,3387,2026-06-25,218.00,318,,8
3388,3388,2026-06-24,81.50,250,,39
3389,3389,2026-06-25,390.50,103,,143
3390,3390,2026-06-25,248.00,158,,373
3391,3391,2026-06-25,300.00,146,,392
3392,3392,2026-06-25,139.50,335,,53
3393,3393,2026-06-25,139.50,336,,68
3394,3394,2026-06-25,245.70,342,,58
3395,3395,2026-06-24,444.00,143,,93
3396,3396,2026-06-25,336.00,170,,8
3397,3397,2026-06-25,377.00,84,,435
3398,3398,2026-06-25,266.00,110,,254
3399,3399,2026-06-25,35.24,364,,9
3400,3400,2026-07-03,,0,,9
3401,3401,2026-06-25,67.75,327,,12
3402,3402,2026-06-24,271.50,303,,95
3403,3403,2026-06-25,257.50,211,,106
3404,3404,2026-06-25,237.00,174,,390
3405,3405,2026-06-25,60.97,354,,15
3406,3406,2026-07-03,,0,,1
3407,3407,2026-06-24,514.00,226,,355
3408,3408,2026-06-25,248.00,165,,435
3409,3409,2026-06-24,85.67,255,,148
3410,3410,2026-06-25,410.00,341,,342
3411,3411,2026-06-25,189.00,62,,148
3412,3412,2026-07-03,,0,,22
3413,3413,2026-06-25,76.34,354,,22
3414,3414,2026-06-25,288.00,98,,100
3415,3415,2026-06-25,265.00,172,,56
3416,3416,2026-06-24,70.65,174,,22
3417,3417,2026-07-03,,0,,53
3418,3418,2026-06-24,176.00,143,,14
3419,3419,2026-06-25,300.00,74,,67
3420,3420,2026-06-25,319.53,282,,15
3421,3421,2026-07-03,,0,,4
3422,3422,2026-07-03,,0,,3
3423,3423,2026-07-03,,0,,0
3424,3424,2026-06-25,88.09,225,,13
3425,3425,2026-06-25,80.29,274,,29
3426,3426,2026-06-24,50.69,364,,132
3427,3427,2026-07-03,,0,,3
3428,3428,2026-07-03,,0,,0
3429,3429,2026-06-25,67.00,234,,5
3430,3430,2026-06-25,38.56,364,,0
3431,3431,2026-06-25,585.50,198,,134
3432,3432,2026-07-03,,0,,0
3433,3433,2026-07-03,,0,,1
3434,3434,2026-07-03,,0,,0
3435,3435,2026-06-25,385.00,303,,520
3436,3436,2026-06-25,394.00,204,,75
3437,3437,2026-06-25,637.00,236,,64
3438,3438,2026-06-25,510.00,169,,177
3439,3439,2026-06-25,368.00,347,,422
3440,3440,2026-06-25,268.00,257,,39
3441,3441,2026-06-25,264.00,219,,135
3442,3442,2026-06-25,272.00,248,,110
3443,3443,2026-06-24,247.00,269,,35
3444,3444,2026-06-25,311.00,234,,116
3445,3445,2026-07-03,,0,,22
3446,3446,2026-06-25,38.38,365,,0
3447,3447,2026-06-25,33.20,206,,232
3448,3448,2026-06-25,26.87,215,,15
3449,3449,2026-06-25,500.00,242,,121
3450,3450,2026-06-25,190.20,153,,233
3451,3451,2026-06-25,242.00,282,,35
3452,3452,2026-06-25,283.80,120,,34
3453,3453,2026-06-24,520.00,60,,8
3454,3454,2026-06-25,349.49,156,,234
3455,3455,2026-06-25,325.00,97,,17
3456,3456,2026-06-25,213.40,32,,241
3457,3457,2026-06-25,247.00,146,,192
3458,3458,2026-07-03,,0,,10
3459,3459,2026-07-03,,0,,3
3460,3460,2026-07-03,,0,,157
3461,3461,2026-06-25,317.33,258,,314
3462,3462,2026-06-25,75.97,125,,98
3463,3463,2026-06-25,260.50,203,,250
3464,3464,2026-06-25,319.00,208,,60
3465,3465,2026-07-03,,0,,53
3466,3466,2026-07-03,,0,,0
3467,3467,2026-06-25,255.00,336,,350
3468,3468,2026-07-03,,0,,15
3469,3469,2026-06-25,19.20,107,,4
3470,3470,2026-06-24,119.19,140,,22
3471,3471,2026-07-03,,0,,5
3472,3472,2026-06-25,28.61,297,,13
3473,3473,2026-06-24,1826.00,363,,4
3474,3474,2026-07-03,,0,,108
3475,3475,2026-06-25,285.30,163,,125
3476,3476,2026-06-25,139.06,326,,17
3477,3477,2026-06-25,31.74,212,,10
3478,3478,2026-06-25,53.16,194,,6
3479,3479,2026-06-25,258.19,180,,141
3480,3480,2026-07-03,25.74,141,,25
3481,3481,2026-06-25,396.50,122,,29
3482,3482,2026-06-25,306.00,273,,69
3483,3483,2026-06-25,341.25,97,,234
3484,3484,2026-06-25,249.00,224,,223
3485,3485,2026-06-25,323.10,236,,258
3486,3486,2026-06-25,87.66,116,,14
3487,3487,2026-07-03,,0,,3
3488,3488,2026-06-24,237.15,198,,500
3489,3489,2026-06-24,340.00,122,,39
3490,3490,2026-06-25,310.50,149,,66
3491,3491,2026-06-25,252.50,173,,39
3492,3492,2026-06-25,43.55,365,,0
3493,3493,2026-06-24,227.10,232,,295
3494,3494,2026-06-25,26.20,227,,15
3495,3495,2026-07-03,51.07,363,,0
3496,3496,2026-06-25,200.00,164,,160
3497,3497,2026-06-25,331.00,278,,0
3498,3498,2026-06-25,282.67,48,,224
3499,3499,2026-07-03,20.57,70,,27
3500,3500,2026-06-25,411.00,34,,388
3501,3501,2026-07-03,,0,,0
3502,3502,2026-06-25,110.45,326,,15
3503,3503,2026-07-03,,0,,20
3504,3504,2026-06-25,79.77,61,,3
3505,3505,2026-06-25,205.00,230,,234
3506,3506,2026-07-03,59.49,84,,22
3507,3507,2026-06-25,45.02,296,,24
3508,3508,2026-06-25,211.33,196,,51
3509,3509,2026-06-25,302.67,183,,62
3510,3510,2026-07-03,,7,,1
3511,3511,2026-07-03,,0,,105
3512,3512,2026-06-24,207.33,214,,69
3513,3513,2026-06-25,172.33,169,,63
3514,3514,2026-07-03,,0,,109
3515,3515,2026-07-03,,0,,111
3516,3516,2026-06-25,38.38,365,,0
3517,3517,2026-06-25,61.69,310,,5
3518,3518,2026-06-25,73.63,268,,0
3519,3519,2026-06-25,655.60,292,,68
3520,3520,2026-06-25,260.50,331,,70
3521,3521,2026-07-03,559.50,0,,215
3522,3522,2026-06-25,260.50,320,,113
3523,3523,2026-06-25,243.33,306,,112
3524,3524,2026-06-25,273.00,340,,137
3525,3525,2026-06-25,284.00,338,,82
3526,3526,2026-06-25,399.00,322,,134
3527,3527,2026-07-03,,0,,2
3528,3528,2026-06-25,25.16,205,,43
3529,3529,2026-06-24,666.00,336,,131
3530,3530,2026-06-25,263.00,330,,2
3531,3531,2026-06-25,85.75,149,,63
3532,3532,2026-06-25,221.10,177,,251
3533,3533,2026-06-25,434.00,318,,0
3534,3534,2026-06-25,460.00,326,,0
3535,3535,2026-06-25,575.00,295,,0
3536,3536,2026-06-25,445.00,321,,0
3537,3537,2026-06-25,490.00,271,,0
3538,3538,2026-06-25,545.00,262,,0
3539,3539,2026-06-25,710.00,278,,0
3540,3540,2026-06-25,915.00,247,,0
3541,3541,2026-06-25,361.00,244,,3
3542,3542,2026-06-25,370.00,236,,4
3543,3543,2026-06-25,262.00,321,,88
3544,3544,2026-06-25,172.00,91,,363
3545,3545,2026-06-25,444.70,233,,4
3546,3546,2026-06-25,370.00,122,,352
3547,3547,2026-07-03,,0,,1
3548,3548,2026-06-25,262.00,104,,105
3549,3549,2026-06-25,273.00,338,,159
3550,3550,2026-06-25,483.00,341,,127
3551,3551,2026-06-25,260.50,337,,105
3552,3552,2026-06-25,366.00,217,,2
3553,3553,2026-06-25,222.67,252,,314
3554,3554,2026-06-25,68.80,177,,19
3555,3555,2026-06-25,55.84,261,,7
3556,3556,2026-07-03,,0,,1
3557,3557,2026-06-25,297.00,312,,374
3558,3558,2026-06-25,149.75,256,,24
3559,3559,2026-06-24,63.29,228,,69
3560,3560,2026-07-03,,0,,4
3561,3561,2026-06-25,42.22,175,,17
3562,3562,2026-06-25,230.00,60,,341
3563,3563,2026-06-25,417.50,235,,4
3564,3564,2026-06-25,50.44,328,,0
3565,3565,2026-06-25,36.35,364,,79
3566,3566,2026-06-25,53.35,365,,66
3567,3567,2026-06-25,38.38,365,,0
3568,3568,2026-06-25,38.56,364,,0
3569,3569,2026-07-03,,0,,7
3570,3570,2026-06-25,224.43,188,,116
3571,3571,2026-07-03,,0,,167
3572,3572,2026-07-03,,0,,304
3573,3573,2026-07-03,,0,,0
3574,3574,2026-06-25,54.38,192,,30
3575,3575,2026-06-25,28.16,346,,12
3576,3576,2026-06-25,180.00,344,,117
3577,3577,2026-06-25,250.00,339,,201
3578,3578,2026-06-25,431.50,337,,117
3579,3579,2026-06-25,105.23,326,,33
3580,3580,2026-06-25,85.57,342,,6
3581,3581,2026-06-25,424.00,291,,65
3582,3582,2026-06-25,207.24,159,,244
3583,3583,2026-06-25,235.84,241,,94
3584,3584,2026-07-03,,0,,12
3585,3585,2026-07-02,,0,,2
3586,3586,2026-07-03,,0,,10
3587,3587,2026-07-03,,0,,1
3588,3588,2026-07-03,,0,,6
3589,3589,2026-07-03,,0,,2
3590,3590,2026-06-25,280.33,204,,314
3591,3591,2026-06-25,83.27,365,,0
3592,3592,2026-07-03,,0,,1
3593,3593,2026-07-03,213.33,62,,10
3594,3594,2026-06-25,411.50,290,,154
3595,3595,2026-06-25,423.00,324,,2
3596,3596,2026-07-03,,0,,104
3597,3597,2026-06-25,480.00,314,,131
3598,3598,2026-06-24,177.00,232,,494
3599,3599,2026-07-03,368.50,236,,116
3600,3600,2026-07-03,,0,,143
3601,3601,2026-06-25,341.25,125,,42
3602,3602,2026-06-25,1100.00,227,,107
3603,3603,2026-06-25,249.25,122,,31
3604,3604,2026-07-03,,0,,0
3605,3605,2026-06-25,38.56,364,,0
3606,3606,2026-06-24,451.00,135,,145
3607,3607,2026-07-03,,0,,5
3608,3608,2026-06-25,54.63,190,,11
3609,3609,2026-06-24,,36,,202
3610,3610,2026-06-25,215.00,53,,312
3611,3611,2026-06-25,215.00,158,,255
3612,3612,2026-06-25,61.09,179,,44
3613,3613,2026-06-24,239.65,40,,190
3614,3614,2026-06-25,436.47,299,,130
3615,3615,2026-06-25,255.62,214,,441
3616,3616,2026-06-25,97.56,344,,1
3617,3617,2026-06-25,235.33,344,,105
3618,3618,2026-06-25,53.35,244,,22
3619,3619,2026-06-25,198.45,175,,40
3620,3620,2026-06-25,34.09,83,,80
3621,3621,2026-06-25,434.00,365,,0
3622,3622,2026-06-24,286.00,326,,5
3623,3623,2026-07-03,,0,,0
3624,3624,2026-06-25,394.00,307,,8
3625,3625,2026-06-25,75.34,292,,10
3626,3626,2026-06-25,325.50,310,,3
3627,3627,2026-06-25,286.00,325,,4
3628,3628,2026-06-25,222.75,86,,24
3629,3629,2026-06-25,359.00,99,,35
3630,3630,2026-06-25,82.97,89,,0
3631,3631,2026-07-03,,0,,4
3632,3632,2026-06-24,313.83,68,,160
3633,3633,2026-06-25,75.81,121,,16
3634,3634,2026-06-24,372.88,199,,123
3635,3635,2026-06-25,251.17,348,,20
3636,3636,2026-07-03,27.70,270,,0
3637,3637,2026-07-03,,0,,0
3638,3638,2026-07-03,,0,,13
3639,3639,2026-06-25,66.56,116,,12
3640,3640,2026-06-25,65.50,301,,9
3641,3641,2026-06-24,319.67,265,,96
3642,3642,2026-06-24,251.50,288,,133
3643,3643,2026-07-03,,0,,0
3644,3644,2026-06-25,111.64,190,,69
3645,3645,2026-06-25,67.25,246,,37
3646,3646,2026-06-25,58.07,260,,8
3647,3647,2026-06-25,1187.00,290,,4
3648,3648,2026-06-25,394.00,349,,37
3649,3649,2026-06-25,305.50,174,,279
3650,3650,2026-06-25,351.00,158,,82
3651,3651,2026-06-25,403.10,324,,127
3652,3652,2026-07-03,,0,,6
3653,3653,2026-06-25,69.59,292,,11
3654,3654,2026-07-03,,0,,1
3655,3655,2026-07-03,,88,,2
3656,3656,2026-06-24,311.00,331,,298
3657,3657,2026-06-25,72.56,324,,8
3658,3658,2026-07-03,,0,,0
3659,3659,2026-07-03,,0,,1
3660,3660,2026-07-03,,0,,1
3661,3661,2026-07-03,,0,,17
3662,3662,2026-06-25,368.60,84,,378
3663,3663,2026-07-03,,0,,0
3664,3664,2026-06-25,82.53,288,,14
3665,3665,2026-06-25,140.75,252,,350
3666,3666,2026-07-03,,0,,19
3667,3667,2026-06-24,246.95,172,,160
3668,3668,2026-06-25,53.30,133,,4
3669,3669,2026-06-25,38.56,364,,0
3670,3670,2026-06-25,267.50,292,,98
3671,3671,2026-06-25,268.00,352,,791
3672,3672,2026-06-25,276.00,350,,1276
3673,3673,2026-06-25,276.00,329,,348
3674,3674,2026-06-25,446.00,342,,2010
3675,3675,2026-06-25,323.04,328,,170
3676,3676,2026-06-25,77.70,363,,0
3677,3677,2026-06-25,458.40,304,,229
3678,3678,2026-06-25,255.00,103,,253
3679,3679,2026-06-25,304.67,262,,222
3680,3680,2026-06-25,434.00,365,,3
3681,3681,2026-07-03,,0,,1
3682,3682,2026-06-25,501.00,248,,156
3683,3683,2026-06-25,434.00,350,,14
3684,3684,2026-06-25,262.47,365,,13
3685,3685,2026-06-25,93.74,178,,68
3686,3686,2026-06-25,62.04,86,,6
3687,3687,2026-07-03,,0,,6
3688,3688,2026-06-25,77.00,326,,23
3689,3689,2026-07-03,,0,,0
3690,3690,2026-06-25,87.97,336,,33
3691,3691,2026-06-24,254.00,24,,36
3692,3692,2026-06-24,514.00,264,,1
3693,3693,2026-07-03,,0,,56
3694,3694,2026-06-25,236.00,358,,53
3695,3695,2026-06-25,290.00,300,,150
3696,3696,2026-06-25,382.30,125,,151
3697,3697,2026-06-25,336.50,308,,126
3698,3698,2026-06-25,314.00,317,,136
3699,3699,2026-06-25,322.00,303,,169
3700,3700,2026-06-25,38.38,365,,0
3701,3701,2026-06-25,59.66,143,,3
3702,3702,2026-06-25,55.33,365,,0
3703,3703,2026-07-03,15.67,183,,0
3704,3704,2026-07-03,21.23,183,,0
3705,3705,2026-07-03,11.85,183,,2
3706,3706,2026-07-03,14.07,183,,0
3707,3707,2026-07-03,21.88,306,,0
3708,3708,2026-07-03,,0,,1
3709,3709,2026-06-25,44.67,175,,21
3710,3710,2026-07-03,9.07,164,,2
3711,3711,2026-06-25,77.57,330,,19
3712,3712,2026-06-24,91.00,139,,823
3713,3713,2026-06-25,279.67,211,,28
3714,3714,2026-06-24,312.33,144,,124
3715,3715,2026-06-25,338.00,127,,103
3716,3716,2026-06-25,488.00,104,,165
3717,3717,2026-06-24,323.75,146,,156
3718,3718,2026-06-25,197.33,304,,48
3719,3719,2026-06-25,201.00,298,,43
3720,3720,2026-06-24,232.33,275,,80
3721,3721,2026-06-25,230.00,286,,79
3722,3722,2026-06-25,160.67,288,,72
3723,3723,2026-06-24,302.50,336,,155
3724,3724,2026-06-25,215.50,312,,38
3725,3725,2026-06-25,269.00,264,,65
3726,3726,2026-06-25,215.00,291,,80
3727,3727,2026-06-25,,314,,62
3728,3728,2026-06-25,215.67,327,,65
3729,3729,2026-06-25,434.00,362,,3
3730,3730,2026-06-25,66.31,342,,9
3731,3731,2026-06-25,235.00,82,,150
3732,3732,2026-06-25,87.13,78,,7
3733,3733,2026-06-25,53.65,194,,2
3734,3734,2026-06-25,79.38,282,,29
3735,3735,2026-06-25,226.80,158,,255
3736,3736,2026-06-24,76.59,192,,21
3737,3737,2026-06-25,194.00,125,,268
3738,3738,2026-06-25,338.00,133,,215
3739,3739,2026-06-25,79.03,106,,28
3740,3740,2026-06-25,38.56,364,,0
3741,3741,2026-06-24,38.38,364,,0
3742,3742,2026-06-25,38.38,365,,1
3743,3743,2026-06-25,38.38,365,,1
3744,3744,2026-06-25,38.56,364,,0
3745,3745,2026-07-03,24.14,46,,14
3746,3746,2026-06-25,167.33,279,,82
3747,3747,2026-06-25,235.67,283,,79
3748,3748,2026-06-24,337.00,287,,127
3749,3749,2026-06-25,200.50,266,,87
3750,3750,2026-06-25,231.33,306,,72
3751,3751,2026-06-25,276.00,278,,47
3752,3752,2026-07-03,,0,,5
3753,3753,2026-06-25,93.02,179,,6
3754,3754,2026-06-25,38.56,364,,0
3755,3755,2026-06-25,262.50,294,,87
3756,3756,2026-06-25,38.56,364,,0
3757,3757,2026-06-24,228.33,273,,107
3758,3758,2026-06-25,38.56,364,,0
3759,3759,2026-06-25,38.56,364,,0
3760,3760,2026-06-25,38.38,365,,0
3761,3761,2026-06-25,38.38,365,,0
3762,3762,2026-06-25,38.38,365,,0
3763,3763,2026-06-25,194.00,270,,188
3764,3764,2026-06-25,38.38,365,,1
3765,3765,2026-06-25,38.38,365,,0
3766,3766,2026-06-25,38.56,364,,0
3767,3767,2026-06-25,38.38,365,,0
3768,3768,2026-06-25,38.38,365,,0
3769,3769,2026-06-25,38.38,365,,0
3770,3770,2026-06-25,38.38,365,,0
3771,3771,2026-06-25,148.35,104,,264
3772,3772,2026-06-24,85.13,262,,0
3773,3773,2026-06-25,59.05,197,,11
3774,3774,2026-06-25,22.26,144,,2
3775,3775,2026-07-03,,0,,26
3776,3776,2026-06-25,220.00,26,,333
3777,3777,2026-07-03,,42,,12
3778,3778,2026-07-03,,0,,71
3779,3779,2026-07-03,,0,,59
3780,3780,2026-06-25,69.61,210,,14
3781,3781,2026-06-25,263.00,330,,1
3782,3782,2026-06-25,197.00,45,,430
3783,3783,2026-07-03,,0,,0
3784,3784,2026-06-25,214.00,306,,115
3785,3785,2026-06-25,80.94,236,,1
3786,3786,2026-06-25,459.50,260,,222
3787,3787,2026-06-24,206.00,266,,27
3788,3788,2026-06-25,295.28,154,,266
3789,3789,2026-06-25,345.78,332,,167
3790,3790,2026-07-03,,0,,0
3791,3791,2026-06-25,342.59,339,,231
3792,3792,2026-07-03,,0,,0
3793,3793,2026-06-25,205.33,57,,60
3794,3794,2026-06-24,446.00,296,,87
3795,3795,2026-06-25,193.50,107,,39
3796,3796,2026-06-24,148.35,364,,4
3797,3797,2026-07-03,,0,,6
3798,3798,2026-06-25,275.00,73,,3
3799,3799,2026-06-24,181.00,142,,49
3800,3800,2026-07-03,,0,,0
3801,3801,2026-06-25,257.00,125,,27
3802,3802,2026-06-25,186.20,135,,44
3803,3803,2026-06-25,203.00,147,,36
3804,3804,2026-06-24,350.00,108,,71
3805,3805,2026-06-25,241.00,91,,82
3806,3806,2026-06-25,209.00,153,,40
3807,3807,2026-07-03,,0,,1
3808,3808,2026-06-25,58.94,263,,14
3809,3809,2026-06-25,3053.00,88,,9
3810,3810,2026-06-25,81.79,279,,35
3811,3811,2026-06-25,67.06,87,,0
3812,3812,2026-06-24,219.00,290,,103
3813,3813,2026-06-24,468.00,60,,41
3814,3814,2026-07-03,54.67,214,,23
3815,3815,2026-06-25,94.65,95,,22
3816,3816,2026-06-24,96.00,301,,78
3817,3817,2026-06-25,72.05,330,,4
3818,3818,2026-07-03,,0,,1
3819,3819,2026-06-25,341.00,130,,275
3820,3820,2026-07-03,298.00,228,,128
3821,3821,2026-06-25,396.40,165,,595
3822,3822,2026-06-25,520.00,326,,63
3823,3823,2026-06-25,496.00,324,,43
3824,3824,2026-07-03,45.14,116,,5
3825,3825,2026-07-03,,0,,5
3826,3826,2026-06-25,237.00,322,,3
3827,3827,2026-06-25,51.69,142,,17
3828,3828,2026-06-25,182.00,294,,205
3829,3829,2026-06-25,123.16,269,,563
3830,3830,2026-06-25,84.00,53,,14
3831,3831,2026-06-25,324.00,278,,295
3832,3832,2026-06-25,422.00,340,,237
3833,3833,2026-07-03,,0,,1
3834,3834,2026-07-03,247.00,263,,80
3835,3835,2026-06-25,38.62,71,,3
3836,3836,2026-06-25,,349,,86
3837,3837,2026-06-25,221.96,155,,130
3838,3838,2026-07-03,,0,,32
3839,3839,2026-06-25,207.00,320,,204
3840,3840,2026-06-25,133.99,364,,0
3841,3841,2026-07-03,,0,,0
3842,3842,2026-06-25,284.33,323,,168
3843,3843,2026-06-24,204.67,48,,75
3844,3844,2026-06-25,193.00,219,,131
3845,3845,2026-06-25,165.50,201,,131
3846,3846,2026-07-03,,0,,1
3847,3847,2026-06-25,283.00,245,,44
3848,3848,2026-06-25,219.45,304,,22
3849,3849,2026-06-25,38.56,364,,0
3850,3850,2026-06-25,173.33,40,,146
3851,3851,2026-06-25,38.56,364,,0
3852,3852,2026-06-25,38.56,364,,0
3853,3853,2026-06-25,38.56,364,,0
3854,3854,2026-06-25,38.56,364,,0
3855,3855,2026-06-25,199.00,301,,511
3856,3856,2026-06-25,171.00,345,,530
3857,3857,2026-06-25,80.64,209,,11
3858,3858,2026-06-25,368.60,294,,111
3859,3859,2026-06-25,140.00,21,,29
3860,3860,2026-06-24,173.00,234,,89
3861,3861,2026-07-03,,0,,9
3862,3862,2026-06-25,86.94,152,,34
3863,3863,2026-06-25,226.80,94,,50
3864,3864,2026-06-25,194.00,90,,13
3865,3865,2026-06-25,204.50,110,,8
3866,3866,2026-06-25,196.20,124,,36
3867,3867,2026-06-25,226.80,107,,60
3868,3868,2026-06-25,180.90,125,,18
3869,3869,2026-06-25,180.90,127,,35
3870,3870,2026-06-25,220.50,120,,36
3871,3871,2026-06-24,205.00,197,,206
3872,3872,2026-06-24,255.00,191,,211
3873,3873,2026-06-25,151.00,307,,32
3874,3874,2026-07-03,,0,,0
3875,3875,2026-06-24,194.50,41,,192
3876,3876,2026-06-25,49.09,188,,34
3877,3877,2026-06-25,126.62,363,,0
3878,3878,2026-07-03,,0,,2
3879,3879,2026-07-03,,0,,9
3880,3880,2026-06-25,317.00,342,,149
3881,3881,2026-06-24,116.05,316,,18
3882,3882,2026-06-25,202.00,332,,416
3883,3883,2026-06-24,287.50,340,,119
3884,3884,2026-06-24,250.00,325,,44
3885,3885,2026-07-03,165.00,6,,266
3886,3886,2026-06-25,220.00,347,,358
3887,3887,2026-06-25,171.00,325,,43
3888,3888,2026-07-03,,0,,8
3889,3889,2026-07-03,,0,,2
3890,3890,2026-06-25,99.69,168,,16
3891,3891,2026-06-25,48.92,51,,0
3892,3892,2026-07-03,,0,,26
3893,3893,2026-06-25,378.00,76,,392
3894,3894,2026-06-25,389.50,71,,190
3895,3895,2026-06-25,293.00,121,,170
3896,3896,2026-07-03,,0,,4
3897,3897,2026-06-25,235.03,277,,28
3898,3898,2026-06-24,86.89,270,,5
3899,3899,2026-06-25,188.43,280,,105
3900,3900,2026-06-24,528.00,326,,63
3901,3901,2026-06-25,188.00,153,,141
3902,3902,2026-06-24,130.00,191,,297
3903,3903,2026-06-25,383.00,325,,314
3904,3904,2026-06-25,426.00,343,,222
3905,3905,2026-06-25,1273.00,309,,294
3906,3906,2026-06-24,83.00,175,,2
3907,3907,2026-06-25,201.61,314,,257
3908,3908,2026-07-03,,0,,3
3909,3909,2026-06-25,578.00,310,,264
3910,3910,2026-06-25,456.50,327,,239
3911,3911,2026-06-25,335.00,322,,296
3912,3912,2026-07-03,,0,,21
3913,3913,2026-06-25,281.00,149,,280
3914,3914,2026-06-25,92.36,147,,16
3915,3915,2026-06-25,88.94,254,,22
3916,3916,2026-06-25,34.11,181,,156
3917,3917,2026-06-24,320.67,337,,97
3918,3918,2026-07-03,,0,,32
3919,3919,2026-06-25,45.13,362,,26
3920,3920,2026-06-25,310.33,217,,223
3921,3921,2026-06-25,34.38,363,,13
3922,3922,2026-06-25,122.00,253,,223
3923,3923,2026-07-03,188.00,203,,89
3924,3924,2026-06-25,150.00,196,,96
3925,3925,2026-06-25,155.00,225,,377
3926,3926,2026-06-24,300.20,332,,30
3927,3927,2026-06-25,399.50,172,,100
3928,3928,2026-06-25,198.33,102,,231
3929,3929,2026-06-25,42.36,73,,12
3930,3930,2026-07-03,,0,,14
3931,3931,2026-07-03,,0,,3
3932,3932,2026-06-24,131.41,88,,1
3933,3933,2026-06-25,484.00,302,,126
3934,3934,2026-07-03,,0,,1
3935,3935,2026-06-24,186.07,365,,23
3936,3936,2026-06-24,349.00,310,,164
3937,3937,2026-07-03,,0,,50
3938,3938,2026-06-25,231.45,156,,164
3939,3939,2026-06-25,190.58,125,,244
3940,3940,2026-06-24,31.16,193,,56
3941,3941,2026-06-25,535.33,328,,136
3942,3942,2026-06-25,568.47,325,,102
3943,3943,2026-06-25,217.00,48,,170
3944,3944,2026-06-24,193.24,53,,49
3945,3945,2026-06-24,599.00,279,,281
3946,3946,2026-06-24,23.85,145,,4
3947,3947,2026-06-25,433.75,171,,77
3948,3948,2026-07-03,,0,,39
3949,3949,2026-06-25,388.00,96,,77
3950,3950,2026-06-25,80.73,183,,8
3951,3951,2026-06-25,32.48,212,,8
3952,3952,2026-06-25,93.87,108,,13
3953,3953,2026-06-25,202.56,303,,222
3954,3954,2026-06-25,75.22,88,,0
3955,3955,2026-06-25,25.81,224,,41
3956,3956,2026-06-25,468.00,173,,71
3957,3957,2026-06-25,265.00,359,,1565
3958,3958,2026-06-25,215.50,155,,150
3959,3959,2026-06-25,72.54,203,,9
3960,3960,2026-06-25,500.00,113,,44
3961,3961,2026-07-03,,10,,4
3962,3962,2026-06-25,183.00,207,,1200
3963,3963,2026-06-25,340.00,185,,109
3964,3964,2026-06-25,38.56,364,,0
3965,3965,2026-06-25,38.56,364,,0
3966,3966,2026-06-25,38.56,364,,0
3967,3967,2026-06-25,38.56,364,,0
3968,3968,2026-06-25,38.56,364,,0
3969,3969,2026-06-25,92.36,114,,14
3970,3970,2026-06-25,41.07,350,,26
3971,3971,2026-07-03,,0,,6
3972,3972,2026-06-25,92.36,127,,28
3973,3973,2026-06-25,92.36,107,,15
3974,3974,2026-06-25,93.87,183,,16
3975,3975,2026-06-25,86.76,304,,22
3976,3976,2026-06-25,123.47,268,,2
3977,3977,2026-06-25,93.87,160,,16
3978,3978,2026-06-24,29.79,364,,0
3979,3979,2026-07-03,,0,,51
3980,3980,2026-06-25,496.50,312,,39
3981,3981,2026-06-25,292.00,336,,103
3982,3982,2026-06-25,60.91,364,,12
3983,3983,2026-07-03,70.15,99,,4
3984,3984,2026-07-03,,0,,12
3985,3985,2026-06-25,289.50,325,,130
3986,3986,2026-06-25,144.50,338,,128
3987,3987,2026-06-25,231.50,327,,156
3988,3988,2026-06-25,324.00,344,,91
3989,3989,2026-06-25,380.00,319,,139
3990,3990,2026-06-25,502.00,297,,34
3991,3991,2026-06-25,542.00,321,,4
3992,3992,2026-06-24,65.00,174,,126
3993,3993,2026-06-25,33.00,184,,210
3994,3994,2026-07-03,,0,,1
3995,3995,2026-06-25,57.00,162,,114
3996,3996,2026-06-25,29.00,179,,117
3997,3997,2026-06-25,315.67,305,,141
3998,3998,2026-06-25,20.84,236,,9
3999,3999,2026-06-25,228.00,226,,345
4000,4000,2026-06-24,92.20,116,,34
4001,4001,2026-07-03,33.19,215,,2
4002,4002,2026-06-25,396.00,175,,36
4003,4003,2026-06-25,221.00,210,,17
4004,4004,2026-07-03,,0,,17
4005,4005,2026-06-25,211.32,117,,0
4006,4006,2026-06-24,809.13,68,,1
4007,4007,2026-06-25,244.00,304,,289
4008,4008,2026-06-24,285.00,226,,2
4009,4009,2026-06-25,289.00,212,,20
4010,4010,2026-06-25,455.00,181,,739
4011,4011,2026-06-25,355.00,197,,305
4012,4012,2026-06-25,416.00,197,,3
4013,4013,2026-06-24,211.00,231,,396
4014,4014,2026-06-25,71.90,164,,20
4015,4015,2026-07-03,,0,,36
4016,4016,2026-06-25,1140.00,169,,156
4017,4017,2026-06-25,337.00,129,,31
4018,4018,2026-06-25,443.00,195,,1
4019,4019,2026-06-24,337.00,196,,302
4020,4020,2026-06-25,337.00,152,,45
4021,4021,2026-06-25,579.00,181,,3
4022,4022,2026-06-24,550.00,190,,223
4023,4023,2026-06-25,668.00,190,,5
4024,4024,2026-06-25,492.00,179,,405
4025,4025,2026-06-25,583.00,179,,3
4026,4026,2026-06-25,212.02,166,,1
4027,4027,2026-06-25,168.61,266,,0
4028,4028,2026-06-25,187.08,193,,3
4029,4029,2026-06-25,172.31,259,,0
4030,4030,2026-06-25,925.00,186,,13
4031,4031,2026-06-25,482.00,174,,217
4032,4032,2026-07-03,,0,,3
4033,4033,2026-06-25,59.16,206,,18
4034,4034,2026-07-03,,0,,0
4035,4035,2026-06-25,70.64,365,,0
4036,4036,2026-06-25,250.00,129,,70
4037,4037,2026-06-25,625.00,315,,108
4038,4038,2026-06-25,253.50,136,,102
4039,4039,2026-07-03,,13,,16
4040,4040,2026-06-25,308.00,318,,268
4041,4041,2026-07-03,,0,,12
4042,4042,2026-07-03,,0,,42
4043,4043,2026-06-25,663.00,172,,71
4044,4044,2026-06-25,45.03,123,,0
4045,4045,2026-06-25,394.00,26,,63
4046,4046,2026-06-25,230.00,99,,28
4047,4047,2026-06-25,284.00,117,,51
4048,4048,2026-06-25,312.00,317,,262
4049,4049,2026-07-03,,0,,0
4050,4050,2026-06-25,148.35,321,,441
4051,4051,2026-06-25,275.00,126,,139
4052,4052,2026-06-24,797.00,145,,60
4053,4053,2026-07-03,,0,,12
4054,4054,2026-07-03,,0,,2
4055,4055,2026-06-24,371.00,178,,63
4056,4056,2026-06-25,55.03,69,,2
4057,4057,2026-06-25,320.00,145,,236
4058,4058,2026-06-25,2773.50,365,,0
4059,4059,2026-06-25,177.00,96,,54
4060,4060,2026-06-25,243.50,74,,155
4061,4061,2026-07-03,,0,,25
4062,4062,2026-07-03,,0,,8
4063,4063,2026-07-03,,0,,4
4064,4064,2026-07-03,82.22,178,,0
4065,4065,2026-06-25,112.40,241,,8
4066,4066,2026-06-25,419.00,285,,75
4067,4067,2026-06-24,115.75,29,,27
4068,4068,2026-06-25,215.00,191,,66
4069,4069,2026-06-25,152.69,173,,7
4070,4070,2026-06-25,913.00,205,,7
4071,4071,2026-06-25,310.50,133,,242
4072,4072,2026-06-25,369.00,104,,109
4073,4073,2026-06-24,257.00,107,,116
4074,4074,2026-06-25,305.50,138,,126
4075,4075,2026-07-03,,44,,5
4076,4076,2026-07-03,,0,,3
4077,4077,2026-07-03,,0,,3
4078,4078,2026-07-03,,0,,15
4079,4079,2026-07-03,,29,,11
4080,4080,2026-07-03,,0,,19
4081,4081,2026-06-25,210.20,292,,376
4082,4082,2026-06-25,263.00,330,,0
4083,4083,2026-06-25,251.82,346,,190
4084,4084,2026-07-03,,0,,17
4085,4085,2026-07-03,,0,,53
4086,4086,2026-07-03,,6,,5
4087,4087,2026-06-25,463.00,117,,303
4088,4088,2026-07-03,,26,,1
4089,4089,2026-06-25,373.00,40,,181
4090,4090,2026-07-03,,0,,8
4091,4091,2026-06-25,382.00,110,,253
4092,4092,2026-06-25,461.00,89,,328
4093,4093,2026-06-25,365.00,123,,350
4094,4094,2026-06-25,254.00,127,,51
4095,4095,2026-06-25,78.65,109,,31
4096,4096,2026-06-25,228.33,31,,162
4097,4097,2026-06-25,235.00,24,,29
4098,4098,2026-06-25,217.50,47,,24
4099,4099,2026-06-24,174.13,360,,0
4100,4100,2026-06-25,47.20,364,,7
4101,4101,2026-06-25,71.84,44,,5
4102,4102,2026-06-25,217.00,262,,384
4103,4103,2026-06-25,836.83,342,,239
4104,4104,2026-07-03,,0,,9
4105,4105,2026-07-03,,0,,1
4106,4106,2026-07-03,,0,,4
4107,4107,2026-06-25,121.41,329,,20
4108,4108,2026-06-25,37.00,300,,122
4109,4109,2026-06-25,79.09,188,,14
4110,4110,2026-07-03,,0,,30
4111,4111,2026-07-03,,0,,20
4112,4112,2026-07-03,,0,,35
4113,4113,2026-06-25,132.94,326,,24
4114,4114,2026-06-25,54.38,322,,18
4115,4115,2026-06-25,48.00,301,,25
4116,4116,2026-06-25,523.00,325,,110
4117,4117,2026-06-25,21.16,317,,4
4118,4118,2026-07-03,,0,,0
4119,4119,2026-06-25,255.95,198,,96
4120,4120,2026-06-25,312.00,173,,2
4121,4121,2026-06-25,290.00,340,,505
4122,4122,2026-06-25,587.00,122,,118
4123,4123,2026-06-25,95.61,269,,20
4124,4124,2026-06-25,456.00,149,,1
4125,4125,2026-06-25,473.50,121,,28
4126,4126,2026-06-25,121.77,284,,21
4127,4127,2026-06-25,315.50,173,,4
4128,4128,2026-06-25,258.82,198,,66
4129,4129,2026-07-03,,4,,9
4130,4130,2026-07-03,,0,,147
4131,4131,2026-07-03,,0,,0
4132,4132,2026-06-25,20.84,208,,8
4133,4133,2026-07-03,,0,,9
4134,4134,2026-07-03,,0,,1
4135,4135,2026-06-24,271.00,350,,181
4136,4136,2026-07-03,,0,,32
4137,4137,2026-06-25,77.81,112,,3
4138,4138,2026-06-25,208.92,329,,0
4139,4139,2026-06-25,74.06,98,,5
4140,4140,2026-06-25,325.24,316,,311
4141,4141,2026-06-25,205.55,309,,1
4142,4142,2026-06-25,325.00,120,,147
4143,4143,2026-06-25,260.97,244,,2
4144,4144,2026-06-25,212.02,287,,1
4145,4145,2026-06-25,388.00,96,,152
4146,4146,2026-06-25,267.00,65,,1
4147,4147,2026-06-25,239.00,93,,3
4148,4148,2026-06-24,165.00,154,,19
4149,4149,2026-06-25,235.00,146,,12
4150,4150,2026-06-25,156.00,126,,207
4151,4151,2026-06-25,224.03,282,,1
4152,4152,2026-06-25,115.00,143,,42
4153,4153,2026-06-25,396.33,314,,171
4154,4154,2026-06-25,19.00,268,,7
4155,4155,2026-07-03,,0,,19
4156,4156,2026-07-03,,0,,4
4157,4157,2026-06-25,216.00,348,,25
4158,4158,2026-06-25,37.96,98,,18
4159,4159,2026-07-03,,0,,5
4160,4160,2026-06-25,124.88,191,,36
4161,4161,2026-07-03,,0,,0
4162,4162,2026-06-25,264.50,277,,67
4163,4163,2026-06-25,228.66,315,,170
4164,4164,2026-06-25,235.00,304,,115
4165,4165,2026-06-25,220.00,276,,410
4166,4166,2026-07-03,25.86,37,,8
4167,4167,2026-07-03,27.22,35,,9
4168,4168,2026-07-03,26.28,41,,16
4169,4169,2026-06-25,239.20,332,,244
4170,4170,2026-06-25,145.00,313,,11
4171,4171,2026-06-25,131.00,71,,454
4172,4172,2026-06-25,269.40,350,,1
4173,4173,2026-06-25,297.85,324,,1
4174,4174,2026-06-25,104.98,11,,72
4175,4175,2026-07-03,,0,,12
4176,4176,2026-06-25,673.40,288,,146
4177,4177,2026-06-25,80.13,137,,33
4178,4178,2026-06-25,245.00,71,,134
4179,4179,2026-06-25,67.75,268,,0
4180,4180,2026-06-25,67.06,268,,0
4181,4181,2026-06-25,248.00,255,,287
4182,4182,2026-06-25,77.44,268,,2
4183,4183,2026-06-25,210.00,326,,13
4184,4184,2026-06-25,210.00,334,,28
4185,4185,2026-06-25,138.00,307,,35
4186,4186,2026-06-25,283.00,293,,3
4187,4187,2026-06-25,68.65,128,,29
4188,4188,2026-06-25,179.00,94,,97
4189,4189,2026-06-25,138.00,335,,24
4190,4190,2026-07-03,,0,,17
4191,4191,2026-07-03,,0,,0
4192,4192,2026-06-25,78.39,173,,58
4193,4193,2026-06-25,155.68,89,,3
4194,4194,2026-06-25,155.68,90,,5
4195,4195,2026-06-25,149.22,186,,6
4196,4196,2026-06-25,149.22,205,,1
4197,4197,2026-06-25,84.26,362,,0
4198,4198,2026-06-24,263.11,346,,170
4199,4199,2026-07-03,,0,,5
4200,4200,2026-06-25,225.00,364,,20
4201,4201,2026-07-03,,0,,1
4202,4202,2026-06-24,365.50,316,,151
4203,4203,2026-06-25,56.03,330,,11
4204,4204,2026-07-03,,0,,15
4205,4205,2026-06-24,148.50,281,,59
4206,4206,2026-07-03,,0,,38
4207,4207,2026-06-25,394.00,365,,3
4208,4208,2026-06-25,319.53,364,,2
4209,4209,2026-07-03,,0,,100
4210,4210,2026-07-03,,0,,54
4211,4211,2026-07-03,,0,,170
4212,4212,2026-07-03,,0,,162
4213,4213,2026-07-03,,0,,171
4214,4214,2026-07-03,,0,,373
4215,4215,2026-06-24,88.49,364,,1
4216,4216,2026-06-25,51.25,289,,7
4217,4217,2026-06-25,306.00,331,,285
4218,4218,2026-06-24,243.00,209,,69
4219,4219,2026-06-24,72.15,231,,4
4220,4220,2026-06-25,38.56,364,,0
4221,4221,2026-06-25,38.38,365,,0
4222,4222,2026-06-25,106.50,83,,5
4223,4223,2026-06-24,,155,,49
4224,4224,2026-06-25,38.38,365,,0
4225,4225,2026-06-25,38.38,365,,0
4226,4226,2026-06-25,38.38,365,,0
4227,4227,2026-06-25,38.38,365,,0
4228,4228,2026-06-25,38.38,365,,0
4229,4229,2026-06-25,38.38,365,,0
4230,4230,2026-06-25,38.38,365,,0
4231,4231,2026-06-25,45.88,119,,0
4232,4232,2026-06-25,377.00,148,,100
4233,4233,2026-07-03,,0,,10
4234,4234,2026-06-24,217.50,100,,110
4235,4235,2026-07-03,,0,,4
4236,4236,2026-06-25,215.68,56,,188
4237,4237,2026-06-24,169.00,234,,365
4238,4238,2026-07-03,,0,,7
4239,4239,2026-06-24,23.43,183,,14
4240,4240,2026-06-25,100.00,37,,30
4241,4241,2026-07-03,,0,,105
4242,4242,2026-06-24,271.00,342,,15
4243,4243,2026-06-25,282.50,302,,76
4244,4244,2026-07-03,,0,,3
4245,4245,2026-06-25,128.82,319,,5
4246,4246,2026-06-25,394.00,312,,2
4247,4247,2026-07-03,,0,,1
4248,4248,2026-06-25,428.00,292,,146
4249,4249,2026-07-03,,0,,2
4250,4250,2026-07-03,,0,,1
4251,4251,2026-07-03,,0,,1
4252,4252,2026-07-03,,0,,0
4253,4253,2026-07-03,,0,,0
4254,4254,2026-07-03,,0,,1
4255,4255,2026-07-03,,0,,45
4256,4256,2026-07-03,,0,,8
4257,4257,2026-06-25,651.00,120,,246
4258,4258,2026-06-25,227.09,320,,196
4259,4259,2026-06-24,177.67,135,,37
4260,4260,2026-06-24,237.00,144,,73
4261,4261,2026-06-25,60.76,364,,1
4262,4262,2026-07-03,,0,,1
4263,4263,2026-06-25,165.00,334,,150
4264,4264,2026-06-24,230.00,325,,3
4265,4265,2026-06-24,225.00,329,,2
4266,4266,2026-06-25,20.10,175,,5
4267,4267,2026-07-03,,0,,29
4268,4268,2026-06-25,162.15,55,,8
4269,4269,2026-07-03,,0,,9
4270,4270,2026-06-25,35.62,273,,14
4271,4271,2026-06-25,35.62,235,,10
4272,4272,2026-06-25,35.62,300,,10
4273,4273,2026-06-25,74.52,317,,15
4274,4274,2026-06-25,319.67,363,,50
4275,4275,2026-06-25,57.22,333,,53
4276,4276,2026-07-03,,0,,0
4277,4277,2026-07-03,,0,,12
4278,4278,2026-07-03,,0,,0
4279,4279,2026-07-03,,0,,11
4280,4280,2026-07-03,,0,,13
4281,4281,2026-06-25,84.38,268,,24
4282,4282,2026-06-25,68.16,256,,22
4283,4283,2026-06-25,318.00,268,,441
4284,4284,2026-06-25,73.22,70,,26
4285,4285,2026-06-25,55.65,160,,26
4286,4286,2026-07-03,,0,,2
4287,4287,2026-07-03,348.38,90,,0
4288,4288,2026-07-03,,0,,6
4289,4289,2026-06-25,34.04,85,,29
4290,4290,2026-07-03,,23,,0
4291,4291,2026-06-25,351.50,350,,172
4292,4292,2026-06-25,297.50,324,,4
4293,4293,2026-06-25,60.88,305,,7
4294,4294,2026-06-25,79.38,358,,9
4295,4295,2026-06-25,76.56,351,,7
4296,4296,2026-07-03,,0,,28
4297,4297,2026-06-25,77.43,365,,0
4298,4298,2026-06-25,228.33,282,,128
4299,4299,2026-07-03,,0,,15
4300,4300,2026-07-03,,0,,0
4301,4301,2026-06-25,382.00,161,,262
4302,4302,2026-07-03,,0,,2
4303,4303,2026-07-03,,0,,32
4304,4304,2026-07-03,,0,,20
4305,4305,2026-06-25,365.00,98,,273
4306,4306,2026-07-02,18.85,187,,17
4307,4307,2026-06-24,153.50,317,,172
4308,4308,2026-06-25,133.77,87,,0
4309,4309,2026-07-03,,0,,4
4310,4310,2026-07-03,,0,,98
4311,4311,2026-06-25,73.81,312,,20
4312,4312,2026-07-03,,0,,6
4313,4313,2026-06-25,201.00,175,,117
4314,4314,2026-06-25,287.50,190,,186
4315,4315,2026-06-24,451.03,238,,8
4316,4316,2026-06-24,229.50,134,,55
4317,4317,2026-06-24,353.58,241,,16
4318,4318,2026-06-24,290.50,332,,29
4319,4319,2026-06-25,315.00,305,,179
4320,4320,2026-06-25,246.42,336,,163
4321,4321,2026-07-03,,0,,5
4322,4322,2026-06-25,71.17,231,,8
4323,4323,2026-06-25,63.61,63,,5
4324,4324,2026-06-25,47.91,74,,2
4325,4325,2026-07-03,,0,,21
4326,4326,2026-07-03,,238,,16
4327,4327,2026-06-24,24.84,312,,32
4328,4328,2026-06-25,239.00,298,,234
4329,4329,2026-06-24,81.05,83,,10
4330,4330,2026-06-25,234.21,361,,163
4331,4331,2026-07-03,,0,,5
4332,4332,2026-07-03,,0,,3
4333,4333,2026-06-25,510.00,297,,143
4334,4334,2026-07-03,,0,,0
4335,4335,2026-06-25,248.80,23,,138
4336,4336,2026-07-03,,0,,35
4337,4337,2026-06-25,110.97,306,,10
4338,4338,2026-06-25,,151,,165
4339,4339,2026-07-03,,155,,157
4340,4340,2026-06-25,162.00,95,,106
4341,4341,2026-06-25,255.00,116,,192
4342,4342,2026-06-25,298.00,71,,205
4343,4343,2026-06-25,299.50,104,,210
4344,4344,2026-06-25,198.00,129,,201
4345,4345,2026-06-25,459.00,114,,206
4346,4346,2026-06-25,77.99,322,,19
4347,4347,2026-06-25,59.19,89,,12
4348,4348,2026-06-25,87.27,294,,7
4349,4349,2026-06-25,372.00,129,,28
4350,4350,2026-07-03,,0,,0
4351,4351,2026-07-03,,25,,10
4352,4352,2026-07-03,,0,,28
4353,4353,2026-07-03,,0,,25
4354,4354,2026-06-25,312.75,103,,229
4355,4355,2026-06-25,305.27,211,,166
4356,4356,2026-06-25,,354,,88
4357,4357,2026-06-25,315.00,332,,7
4358,4358,2026-06-25,333.00,351,,23
4359,4359,2026-06-25,234.00,26,,212
4360,4360,2026-07-03,,0,,29
4361,4361,2026-06-25,50.68,270,,42
4362,4362,2026-07-03,,10,,64
4363,4363,2026-06-25,70.43,243,,7
4364,4364,2026-06-24,73.90,142,,3
4365,4365,2026-07-03,,0,,0
4366,4366,2026-07-03,,0,,0
4367,4367,2026-07-03,,0,,240
4368,4368,2026-07-03,,0,,3
4369,4369,2026-06-25,346.00,310,,214
4370,4370,2026-07-03,,0,,1
4371,4371,2026-07-03,,0,,10
4372,4372,2026-07-03,,0,,4
4373,4373,2026-06-25,563.50,331,,31
4374,4374,2026-07-03,70.48,265,,5
4375,4375,2026-07-03,71.90,286,,13
4376,4376,2026-07-03,,0,,1
4377,4377,2026-07-03,,4,,22
4378,4378,2026-07-03,,0,,2
4379,4379,2026-06-25,320.00,119,,403
4380,4380,2026-07-03,,0,,1
4381,4381,2026-06-25,,132,,241
4382,4382,2026-06-25,84.57,251,,27
4383,4383,2026-06-25,99.87,341,,11
4384,4384,2026-06-25,330.50,258,,176
4385,4385,2026-06-25,156.00,248,,1
4386,4386,2026-06-24,151.00,275,,5
4387,4387,2026-06-25,317.00,250,,1
4388,4388,2026-06-25,65.25,227,,19
4389,4389,2026-06-25,333.00,312,,275
4390,4390,2026-06-25,95.46,259,,26
4391,4391,2026-06-24,65.68,322,,25
4392,4392,2026-07-03,46.95,264,,23
4393,4393,2026-07-03,,214,,31
4394,4394,2026-06-25,180.69,187,,16
4395,4395,2026-06-25,245.67,187,,1
4396,4396,2026-07-03,,0,,6
4397,4397,2026-06-25,253.07,13,,13
4398,4398,2026-07-03,,0,,0
4399,4399,2026-07-03,,0,,13
4400,4400,2026-07-03,,0,,42
4401,4401,2026-06-25,94.49,247,,5
4402,4402,2026-07-03,,0,,0
4403,4403,2026-06-25,32.10,185,,21
4404,4404,2026-07-03,3.50,269,,0
4405,4405,2026-07-03,,0,,0
4406,4406,2026-07-03,310.00,286,,2
4407,4407,2026-06-25,200.00,339,,16
4408,4408,2026-07-03,,0,,2
4409,4409,2026-06-25,333.25,182,,71
4410,4410,2026-07-03,,0,,12
4411,4411,2026-06-25,324.00,335,,15
4412,4412,2026-07-03,,0,,1
4413,4413,2026-06-24,37.83,327,,8
4414,4414,2026-06-25,424.00,102,,65
4415,4415,2026-07-03,,0,,18
4416,4416,2026-07-03,,0,,22
4417,4417,2026-06-25,241.00,289,,223
4418,4418,2026-06-25,101.80,317,,21
4419,4419,2026-06-25,680.50,301,,123
4420,4420,2026-07-03,67.94,110,,16
4421,4421,2026-07-03,,0,,11
4422,4422,2026-07-03,42.60,251,,9
4423,4423,2026-06-24,241.93,249,,308
4424,4424,2026-06-25,60.47,228,,26
4425,4425,2026-07-03,,0,,6
4426,4426,2026-06-24,201.99,230,,347
4427,4427,2026-07-03,21.30,204,,31
4428,4428,2026-06-24,335.50,330,,81
4429,4429,2026-06-25,108.92,220,,23
4430,4430,2026-06-25,352.50,297,,207
4431,4431,2026-06-24,253.34,219,,298
4432,4432,2026-06-25,370.50,85,,13
4433,4433,2026-06-25,90.80,173,,0
4434,4434,2026-06-25,99.46,251,,27
4435,4435,2026-06-25,126.87,128,,2
4436,4436,2026-06-24,146.69,248,,15
4437,4437,2026-06-25,149.25,363,,2
4438,4438,2026-06-24,217.50,331,,109
4439,4439,2026-06-25,243.00,284,,37
4440,4440,2026-06-25,404.00,313,,252
4441,4441,2026-06-25,45.07,356,,93
4442,4442,2026-06-25,288.00,280,,79
4443,4443,2026-06-25,189.00,332,,86
4444,4444,2026-06-25,199.00,360,,84
4445,4445,2026-07-03,,0,,17
4446,4446,2026-06-25,252.00,327,,286
4447,4447,2026-06-25,422.00,329,,259
4448,4448,2026-06-25,315.00,304,,290
4449,4449,2026-07-03,,0,,22
4450,4450,2026-07-03,,0,,1
4451,4451,2026-07-03,338.00,356,,9
4452,4452,2026-07-03,500.00,341,,39
4453,4453,2026-06-25,31.73,286,,24
4454,4454,2026-06-24,81.23,141,,1
4455,4455,2026-06-25,60.74,89,,6
4456,4456,2026-06-25,22.33,296,,10
4457,4457,2026-07-03,,0,,1
4458,4458,2026-06-25,48.25,150,,10
4459,4459,2026-07-03,,0,,8
4460,4460,2026-06-25,371.00,332,,160
4461,4461,2026-06-25,118.18,317,,76
4462,4462,2026-07-03,,0,,24
4463,4463,2026-07-03,,0,,9
4464,4464,2026-07-03,93.44,60,,13
4465,4465,2026-06-25,611.00,196,,5
4466,4466,2026-06-25,48.40,309,,8
4467,4467,2026-06-24,227.31,76,,23
4468,4468,2026-06-24,176.00,82,,18
4469,4469,2026-06-24,58.00,72,,31
4470,4470,2026-06-24,52.00,71,,143
4471,4471,2026-06-25,154.00,88,,71
4472,4472,2026-07-03,,0,,39
4473,4473,2026-06-24,419.42,319,,154
4474,4474,2026-06-25,22.38,38,,13
4475,4475,2026-06-25,253.00,85,,40
4476,4476,2026-06-25,158.00,56,,126
4477,4477,2026-06-24,380.04,340,,146
4478,4478,2026-06-24,337.00,349,,156
4479,4479,2026-06-25,74.74,237,,7
4480,4480,2026-07-03,75.74,306,,9
4481,4481,2026-07-03,,0,,77
4482,4482,2026-07-03,131.00,4,,282
4483,4483,2026-06-25,,364,,0
4484,4484,2026-07-03,,0,,0
4485,4485,2026-07-03,,0,,9
4486,4486,2026-07-03,80.32,339,,12
4487,4487,2026-06-25,275.00,331,,353
4488,4488,2026-06-25,71.64,291,,8
4489,4489,2026-06-25,,336,,642
4490,4490,2026-06-25,121.48,189,,15
4491,4491,2026-06-24,24.66,100,,34
4492,4492,2026-06-25,320.00,312,,1
4493,4493,2026-06-24,126.94,364,,38
4494,4494,2026-06-25,969.00,362,,0
4495,4495,2026-06-25,344.00,315,,165
4496,4496,2026-06-24,293.39,350,,171
4497,4497,2026-07-03,,0,,3
4498,4498,2026-06-25,79.02,331,,3
4499,4499,2026-07-03,,0,,19
4500,4500,2026-07-03,,0,,9
4501,4501,2026-06-25,161.75,348,,5
4502,4502,2026-06-25,441.50,229,,229
4503,4503,2026-06-25,220.25,232,,204
4504,4504,2026-06-25,107.61,361,,2
4505,4505,2026-07-03,27.15,82,,18
4506,4506,2026-06-25,78.10,308,,10
4507,4507,2026-06-25,78.10,311,,7
4508,4508,2026-07-03,,0,,30
4509,4509,2026-06-25,81.16,328,,0
4510,4510,2026-06-25,416.75,28,,175
4511,4511,2026-06-24,204.00,27,,265
4512,4512,2026-07-03,,0,,1
4513,4513,2026-06-25,220.50,34,,259
4514,4514,2026-06-24,263.67,344,,36
4515,4515,2026-06-25,236.43,120,,184
4516,4516,2026-06-25,38.38,365,,0
4517,4517,2026-06-25,38.38,365,,0
4518,4518,2026-06-25,38.38,365,,0
4519,4519,2026-07-03,,0,,20
4520,4520,2026-06-24,148.50,277,,129
4521,4521,2026-07-03,,0,,10
4522,4522,2026-06-25,174.87,317,,21
4523,4523,2026-06-25,343.00,309,,247
4524,4524,2026-06-25,375.00,119,,188
4525,4525,2026-06-25,409.00,151,,170
4526,4526,2026-06-25,55.94,218,,11
4527,4527,2026-06-25,407.67,334,,154
4528,4528,2026-06-25,38.38,365,,0
4529,4529,2026-06-25,38.56,364,,0
4530,4530,2026-06-25,38.56,364,,0
4531,4531,2026-06-25,38.56,364,,0
4532,4532,2026-06-25,224.47,181,,1
4533,4533,2026-06-25,76.56,329,,8
4534,4534,2026-06-25,76.56,355,,6
4535,4535,2026-06-24,173.03,334,,1663
4536,4536,2026-07-03,,0,,0
4537,4537,2026-07-03,76.06,179,,0
4538,4538,2026-07-03,,0,,0
4539,4539,2026-06-25,410.00,108,,184
4540,4540,2026-06-25,397.14,112,,170
4541,4541,2026-06-25,430.00,129,,166
4542,4542,2026-06-25,380.00,81,,192
4543,4543,2026-06-25,367.14,98,,200
4544,4544,2026-06-25,456.50,172,,58
4545,4545,2026-06-25,75.33,310,,6
4546,4546,2026-06-24,207.67,125,,237
4547,4547,2026-07-03,,0,,2
4548,4548,2026-06-25,75.54,175,,3
4549,4549,2026-06-25,75.33,328,,6
4550,4550,2026-06-25,320.00,362,,2
4551,4551,2026-06-25,421.00,121,,20
4552,4552,2026-07-03,,0,,71
4553,4553,2026-07-03,,0,,0
4554,4554,2026-06-24,251.67,325,,821
4555,4555,2026-06-24,199.00,113,,225
4556,4556,2026-06-25,242.00,315,,286
4557,4557,2026-06-25,72.81,349,,11
4558,4558,2026-06-25,44.71,269,,22
4559,4559,2026-07-03,,0,,1
4560,4560,2026-07-03,64.84,362,,3
4561,4561,2026-07-03,,0,,0
4562,4562,2026-07-03,,0,,2
4563,4563,2026-06-25,261.00,357,,403
4564,4564,2026-06-25,169.20,345,,511
4565,4565,2026-06-25,235.00,346,,764
4566,4566,2026-06-25,111.29,260,,28
4567,4567,2026-06-24,106.09,179,,52
4568,4568,2026-06-25,63.73,313,,15
4569,4569,2026-06-25,49.47,262,,10
4570,4570,2026-06-24,158.00,241,,0
4571,4571,2026-06-25,46.00,353,,61
4572,4572,2026-06-24,242.67,343,,295
4573,4573,2026-06-25,76.74,329,,1
4574,4574,2026-06-25,69.99,329,,13
4575,4575,2026-07-03,69.99,362,,9
4576,4576,2026-06-25,370.50,59,,17
4577,4577,2026-06-25,217.96,269,,454
4578,4578,2026-06-25,884.50,205,,1
4579,4579,2026-06-25,434.00,363,,6
4580,4580,2026-07-03,,0,,0
4581,4581,2026-06-25,136.00,206,,2
4582,4582,2026-06-24,49.91,203,,109
4583,4583,2026-06-25,76.42,157,,22
4584,4584,2026-06-24,496.26,225,,195
4585,4585,2026-06-25,306.00,281,,89
4586,4586,2026-06-24,446.00,246,,4
4587,4587,2026-06-25,446.00,365,,0
4588,4588,2026-06-25,434.00,361,,12
4589,4589,2026-06-25,369.00,58,,198
4590,4590,2026-07-03,,0,,1
4591,4591,2026-06-24,242.00,310,,126
4592,4592,2026-06-24,189.00,304,,136
4593,4593,2026-06-24,160.00,299,,119
4594,4594,2026-06-24,314.00,343,,150
4595,4595,2026-06-24,220.00,311,,141
4596,4596,2026-06-24,169.00,299,,123
4597,4597,2026-06-25,263.00,330,,0
4598,4598,2026-07-03,,0,,10
4599,4599,2026-06-25,145.19,47,,0
4600,4600,2026-07-03,,0,,9
4601,4601,2026-06-25,313.65,180,,217
4602,4602,2026-07-03,,0,,3
4603,4603,2026-06-25,434.00,363,,8
4604,4604,2026-06-25,20.10,235,,9
4605,4605,2026-07-03,,0,,1
4606,4606,2026-06-25,230.33,350,,28
4607,4607,2026-06-25,340.00,304,,65
4608,4608,2026-06-24,240.20,171,,79
4609,4609,2026-06-25,262.47,365,,11
4610,4610,2026-06-24,83.81,363,,14
4611,4611,2026-06-25,423.00,324,,0
4612,4612,2026-07-03,,0,,0
4613,4613,2026-07-03,,0,,0
4614,4614,2026-06-25,1427.00,266,,1
4615,4615,2026-06-25,1255.50,138,,0
4616,4616,2026-06-25,1735.00,320,,1
4617,4617,2026-06-25,77.22,145,,4
4618,4618,2026-06-25,71.35,323,,14
4619,4619,2026-06-25,34.50,30,,78
4620,4620,2026-06-25,189.00,274,,50
4621,4621,2026-07-03,,0,,3
4622,4622,2026-06-25,959.00,205,,11
4623,4623,2026-07-03,,0,,1
4624,4624,2026-07-03,13.37,120,,5
4625,4625,2026-07-03,,0,,0
4626,4626,2026-07-03,,0,,0
4627,4627,2026-07-03,,0,,0
4628,4628,2026-06-25,1689.00,320,,0
4629,4629,2026-06-24,177.00,197,,13
4630,4630,2026-06-25,354.00,303,,3
4631,4631,2026-06-25,262.47,252,,309
4632,4632,2026-06-25,400.00,97,,84
4633,4633,2026-06-25,297.50,271,,67
4634,4634,2026-06-24,268.67,149,,142
4635,4635,2026-07-03,,0,,0
4636,4636,2026-06-25,266.67,235,,6
4637,4637,2026-06-25,406.00,296,,122
4638,4638,2026-06-25,366.00,333,,321
4639,4639,2026-06-25,550.00,184,,138
4640,4640,2026-07-03,178.67,354,,5
4641,4641,2026-07-03,,0,,1
4642,4642,2026-06-24,143.00,263,,6
4643,4643,2026-06-24,253.00,267,,13
4644,4644,2026-06-24,173.00,248,,1
4645,4645,2026-06-24,228.00,249,,2
4646,4646,2026-06-25,312.00,146,,79
4647,4647,2026-06-25,24.11,207,,27
4648,4648,2026-06-25,323.40,344,,72
4649,4649,2026-07-03,,0,,0
4650,4650,2026-06-25,276.50,185,,27
4651,4651,2026-06-25,140.75,186,,17
4652,4652,2026-06-25,309.00,319,,113
4653,4653,2026-06-25,98.98,358,,0
4654,4654,2026-06-25,98.98,358,,4
4655,4655,2026-06-25,158.23,112,,1
4656,4656,2026-06-25,434.00,365,,0
4657,4657,2026-06-25,394.00,365,,0
4658,4658,2026-06-25,135.51,270,,0
4659,4659,2026-06-25,1267.00,365,,1
4660,4660,2026-07-03,,0,,0
4661,4661,2026-06-25,2253.82,170,,2
4662,4662,2026-06-25,73.34,208,,10
4663,4663,2026-06-24,108.34,179,,29
4664,4664,2026-06-25,59.00,341,,6
4665,4665,2026-06-25,59.00,352,,20
4666,4666,2026-06-25,57.00,355,,48
4667,4667,2026-06-25,155.70,229,,229
4668,4668,2026-06-25,868.00,304,,0
4669,4669,2026-07-03,,0,,0
4670,4670,2026-06-24,70.83,210,,5
4671,4671,2026-06-25,205.67,95,,201
4672,4672,2026-06-25,261.00,288,,38
4673,4673,2026-06-25,304.00,298,,35
4674,4674,2026-06-24,264.00,289,,85
4675,4675,2026-06-25,310.00,306,,68
4676,4676,2026-06-25,243.00,286,,101
4677,4677,2026-06-25,322.50,123,,174
4678,4678,2026-06-25,309.00,164,,167
4679,4679,2026-06-25,326.25,137,,39
4680,4680,2026-06-25,396.50,156,,169
4681,4681,2026-06-25,405.45,19,,27
4682,4682,2026-06-25,50.16,69,,10
4683,4683,2026-06-25,152.00,260,,164
4684,4684,2026-06-24,250.00,287,,231
4685,4685,2026-06-25,206.67,207,,40
4686,4686,2026-07-03,,0,,2
4687,4687,2026-06-25,93.86,132,,92
4688,4688,2026-07-03,,0,,0
4689,4689,2026-07-03,,0,,0
4690,4690,2026-06-25,845.00,310,,1
4691,4691,2026-06-25,248.50,305,,235
4692,4692,2026-06-25,119.66,203,,0
4693,4693,2026-06-25,108.00,268,,172
4694,4694,2026-06-25,163.00,299,,168
4695,4695,2026-06-25,150.00,283,,170
4696,4696,2026-06-24,144.00,163,,9
4697,4697,2026-06-25,190.00,278,,195
4698,4698,2026-06-24,300.00,233,,40
4699,4699,2026-07-03,,0,,1
4700,4700,2026-06-25,53.97,203,,11
4701,4701,2026-07-03,516.67,321,,5
4702,4702,2026-06-25,67.42,241,,0
4703,4703,2026-06-25,328.00,348,,72
4704,4704,2026-06-25,907.50,205,,1
4705,4705,2026-06-25,1301.00,365,,0
4706,4706,2026-07-03,,0,,0
4707,4707,2026-06-25,24.35,69,,0
4708,4708,2026-07-03,376.00,305,,103
4709,4709,2026-06-25,319.00,268,,134
4710,4710,2026-06-25,315.00,289,,106
4711,4711,2026-06-25,291.00,302,,78
4712,4712,2026-06-25,151.66,123,,7
4713,4713,2026-06-25,240.00,77,,204
4714,4714,2026-07-03,,0,,1
4715,4715,2026-06-25,320.00,312,,0
4716,4716,2026-07-03,,0,,0
4717,4717,2026-07-03,,0,,43
4718,4718,2026-06-25,868.00,310,,0
4719,4719,2026-06-25,320.00,250,,5
4720,4720,2026-06-25,286.00,267,,1
4721,4721,2026-06-25,68.46,365,,17
4722,4722,2026-07-03,,0,,3
4723,4723,2026-07-03,,0,,12
4724,4724,2026-06-25,1141.33,365,,3
4725,4725,2026-06-25,1301.00,365,,0
4726,4726,2026-06-25,230.00,257,,113
4727,4727,2026-06-25,248.70,321,,176
4728,4728,2026-06-24,285.50,62,,228
4729,4729,2026-06-25,936.00,224,,0
4730,4730,2026-07-03,,0,,8
4731,4731,2026-06-25,400.17,318,,129
4732,4732,2026-06-25,290.00,273,,127
4733,4733,2026-06-25,303.00,292,,76
4734,4734,2026-06-25,310.00,311,,100
4735,4735,2026-06-25,397.00,293,,82
4736,4736,2026-06-24,269.00,259,,273
4737,4737,2026-06-25,50.05,261,,20
4738,4738,2026-06-25,228.24,109,,166
4739,4739,2026-06-25,29.71,303,,6
4740,4740,2026-06-25,308.50,193,,7
4741,4741,2026-07-03,,0,,1
4742,4742,2026-06-25,249.00,155,,173
4743,4743,2026-06-25,294.00,357,,78
4744,4744,2026-06-25,449.00,355,,42
4745,4745,2026-06-25,67.56,186,,19
4746,4746,2026-06-25,570.50,332,,221
4747,4747,2026-06-25,106.93,364,,1
4748,4748,2026-07-03,,0,,0
4749,4749,2026-06-25,33.19,85,,0
4750,4750,2026-06-25,,106,,125
4751,4751,2026-06-25,102.77,264,,11
4752,4752,2026-07-03,,300,,5
4753,4753,2026-06-25,423.00,324,,0
4754,4754,2026-06-24,180.00,120,,150
4755,4755,2026-07-03,,0,,4
4756,4756,2026-06-25,1061.50,310,,1
4757,4757,2026-06-25,76.60,288,,0
4758,4758,2026-06-25,294.00,322,,53
4759,4759,2026-07-03,,0,,84
4760,4760,2026-06-25,70.65,358,,16
4761,4761,2026-06-25,691.50,161,,71
4762,4762,2026-07-03,53.29,363,,19
4763,4763,2026-06-25,494.00,173,,220
4764,4764,2026-07-03,,81,,6
4765,4765,2026-06-25,94.44,210,,14
4766,4766,2026-06-25,320.00,311,,2
4767,4767,2026-06-25,320.00,312,,1
4768,4768,2026-06-25,326.50,338,,78
4769,4769,2026-06-25,64.84,311,,3
4770,4770,2026-06-25,152.50,351,,66
4771,4771,2026-07-03,,0,,2
4772,4772,2026-07-03,,1,,10
4773,4773,2026-06-25,68.81,202,,21
4774,4774,2026-06-25,326.33,359,,6
4775,4775,2026-06-25,243.81,67,,0
4776,4776,2026-07-03,,0,,3
4777,4777,2026-06-25,380.47,305,,1
4778,4778,2026-07-03,,0,,2
4779,4779,2026-06-25,575.50,319,,260
4780,4780,2026-07-03,,0,,0
4781,4781,2026-06-24,153.22,205,,3
4782,4782,2026-06-25,485.50,235,,192
4783,4783,2026-06-25,262.47,99,,249
4784,4784,2026-06-25,304.00,246,,381
4785,4785,2026-07-03,,0,,0
4786,4786,2026-06-25,54.05,185,,89
4787,4787,2026-07-03,,0,,0
4788,4788,2026-06-24,349.00,267,,38
4789,4789,2026-06-25,255.50,352,,83
4790,4790,2026-07-03,,0,,17
4791,4791,2026-06-25,229.50,19,,203
4792,4792,2026-06-25,227.00,87,,178
4793,4793,2026-06-25,142.69,328,,9
4794,4794,2026-07-03,,0,,5
4795,4795,2026-06-25,98.34,215,,9
4796,4796,2026-07-03,,0,,0
4797,4797,2026-06-25,406.00,207,,162
4798,4798,2026-06-25,352.00,251,,20
4799,4799,2026-06-25,285.00,236,,66
4800,4800,2026-06-25,347.00,215,,139
4801,4801,2026-06-25,356.50,201,,53
4802,4802,2026-06-25,407.00,298,,289
4803,4803,2026-06-25,215.00,297,,26
4804,4804,2026-07-03,,0,,3
4805,4805,2026-06-25,215.10,142,,162
4806,4806,2026-06-25,148.77,309,,402
4807,4807,2026-06-25,514.00,196,,1
4808,4808,2026-06-24,433.00,262,,39
4809,4809,2026-06-24,210.00,310,,1
4810,4810,2026-06-25,227.00,364,,64
4811,4811,2026-06-25,471.67,172,,118
4812,4812,2026-06-25,121.44,125,,14
4813,4813,2026-07-03,,0,,0
4814,4814,2026-07-03,,0,,0
4815,4815,2026-07-03,,0,,0
4816,4816,2026-06-25,567.00,327,,106
4817,4817,2026-06-25,248.50,302,,68
4818,4818,2026-06-25,609.30,321,,108
4819,4819,2026-06-25,697.50,96,,168
4820,4820,2026-06-25,262.10,163,,228
4821,4821,2026-06-24,188.50,64,,7
4822,4822,2026-07-03,,0,,0
4823,4823,2026-06-25,70.40,158,,18
4824,4824,2026-06-25,308.83,313,,132
4825,4825,2026-06-25,69.27,150,,13
4826,4826,2026-06-25,69.27,122,,19
4827,4827,2026-06-25,452.50,314,,67
4828,4828,2026-07-03,,0,,0
4829,4829,2026-06-25,330.00,141,,242
4830,4830,2026-06-25,182.02,99,,128
4831,4831,2026-06-25,207.31,63,,146
4832,4832,2026-06-25,384.00,309,,357
4833,4833,2026-06-25,285.00,267,,174
4834,4834,2026-07-03,,0,,0
4835,4835,2026-06-25,307.00,189,,137
4836,4836,2026-06-25,56.08,236,,1
4837,4837,2026-06-24,103.00,26,,37
4838,4838,2026-06-25,285.74,327,,88
4839,4839,2026-06-25,346.00,267,,195
4840,4840,2026-07-03,,14,,4
4841,4841,2026-06-25,215.00,295,,113
4842,4842,2026-07-03,,0,,9
4843,4843,2026-07-03,21.80,165,,2
4844,4844,2026-06-25,97.94,38,,4
4845,4845,2026-06-24,1222.00,200,,0
4846,4846,2026-06-25,216.00,353,,29
4847,4847,2026-06-25,456.47,228,,247
4848,4848,2026-06-25,166.00,119,,135
4849,4849,2026-06-25,156.00,131,,81
4850,4850,2026-06-25,156.00,132,,61
4851,4851,2026-06-25,276.00,146,,49
4852,4852,2026-06-25,156.00,143,,64
4853,4853,2026-06-25,156.00,146,,17
4854,4854,2026-06-25,493.00,310,,105
4855,4855,2026-06-24,290.00,179,,157
4856,4856,2026-06-25,232.00,257,,127
4857,4857,2026-06-25,143.26,314,,430
4858,4858,2026-06-25,241.00,115,,254
4859,4859,2026-06-25,180.00,297,,7
4860,4860,2026-06-25,221.25,136,,37
4861,4861,2026-06-25,221.40,152,,194
4862,4862,2026-06-25,285.30,96,,147
4863,4863,2026-06-25,410.87,333,,87
4864,4864,2026-06-25,335.30,89,,117
4865,4865,2026-06-25,255.00,172,,109
4866,4866,2026-06-24,28.87,110,,83
4867,4867,2026-06-25,430.00,151,,48
4868,4868,2026-06-25,335.50,251,,168
4869,4869,2026-06-25,260.00,64,,141
4870,4870,2026-06-25,3858.00,224,,0
4871,4871,2026-06-25,92.09,274,,3
4872,4872,2026-06-25,150.61,267,,12
4873,4873,2026-06-25,134.47,176,,2
4874,4874,2026-06-25,54.42,270,,25
4875,4875,2026-07-03,30.33,140,,90
4876,4876,2026-06-25,44.98,183,,5
4877,4877,2026-06-24,388.00,135,,109
4878,4878,2026-06-25,130.57,259,,6
4879,4879,2026-06-25,212.00,259,,183
4880,4880,2026-07-03,,1,,4
4881,4881,2026-06-25,164.79,227,,24
4882,4882,2026-07-03,,0,,1
4883,4883,2026-06-24,281.30,337,,117
4884,4884,2026-06-24,124.50,165,,143
4885,4885,2026-06-24,175.00,166,,118
4886,4886,2026-06-24,142.00,180,,144
4887,4887,2026-06-25,210.50,97,,129
4888,4888,2026-06-25,181.00,163,,118
4889,4889,2026-06-25,175.00,163,,112
4890,4890,2026-06-25,247.60,363,,165
4891,4891,2026-06-25,205.90,153,,151
4892,4892,2026-06-25,175.00,151,,143
4893,4893,2026-06-25,198.00,125,,144
4894,4894,2026-06-25,211.00,248,,192
4895,4895,2026-06-25,167.00,158,,116
4896,4896,2026-06-25,279.65,108,,131
4897,4897,2026-06-25,238.90,160,,47
4898,4898,2026-07-03,,78,,12
4899,4899,2026-06-25,265.00,126,,56
4900,4900,2026-07-03,,0,,1
4901,4901,2026-06-24,262.40,332,,28
4902,4902,2026-06-25,287.00,211,,80
4903,4903,2026-06-24,97.00,255,,78
4904,4904,2026-07-03,,0,,0
4905,4905,2026-07-03,87.69,362,,5
4906,4906,2026-07-03,,0,,2
4907,4907,2026-07-03,24.57,131,,13
4908,4908,2026-06-25,257.16,327,,80
4909,4909,2026-06-24,187.00,235,,74
4910,4910,2026-06-25,144.00,261,,162
4911,4911,2026-06-25,34.16,96,,24
4912,4912,2026-06-25,35.06,187,,21
4913,4913,2026-07-03,,0,,0
4914,4914,2026-06-25,38.03,269,,23
4915,4915,2026-06-25,397.00,185,,14
4916,4916,2026-06-25,397.00,184,,0
4917,4917,2026-07-03,,0,,0
4918,4918,2026-07-03,,0,,0
4919,4919,2026-07-03,,0,,1
4920,4920,2026-07-03,,0,,0
4921,4921,2026-06-25,251.00,252,,126
4922,4922,2026-06-25,230.00,202,,138
4923,4923,2026-06-25,204.27,58,,125
4924,4924,2026-06-24,497.50,332,,69
4925,4925,2026-06-25,281.74,312,,3
4926,4926,2026-07-03,60.61,362,,7
4927,4927,2026-06-24,52.31,229,,4
4928,4928,2026-07-03,71.64,289,,4
4929,4929,2026-06-24,497.50,336,,49
4930,4930,2026-06-25,255.00,261,,42
4931,4931,2026-06-25,620.00,292,,228
4932,4932,2026-06-25,,74,,135
4933,4933,2026-06-25,306.90,79,,165
4934,4934,2026-06-25,335.50,262,,81
4935,4935,2026-06-25,197.00,240,,94
4936,4936,2026-06-25,277.00,72,,150
4937,4937,2026-07-03,,365,,0
4938,4938,2026-06-24,95.00,17,,57
4939,4939,2026-06-25,210.00,302,,3
4940,4940,2026-06-24,105.44,359,,3
4941,4941,2026-06-25,261.50,121,,80
4942,4942,2026-06-25,147.50,114,,32
4943,4943,2026-06-25,307.50,163,,67
4944,4944,2026-06-25,209.10,114,,92
4945,4945,2026-06-25,326.67,180,,18
4946,4946,2026-06-25,542.00,196,,116
4947,4947,2026-06-25,81.11,292,,29
4948,4948,2026-06-24,80.00,268,,40
4949,4949,2026-06-25,90.00,318,,93
4950,4950,2026-06-24,115.00,277,,132
4951,4951,2026-06-25,999.00,263,,5
4952,4952,2026-06-25,99.00,309,,40
4953,4953,2026-06-25,264.00,120,,38
4954,4954,2026-07-03,,0,,0
4955,4955,2026-06-25,15.77,239,,13
4956,4956,2026-06-25,544.00,290,,136
4957,4957,2026-07-03,,0,,4
4958,4958,2026-06-25,331.67,222,,12
4959,4959,2026-06-25,370.80,81,,111
4960,4960,2026-06-25,249.30,62,,147
4961,4961,2026-06-25,273.60,84,,134
4962,4962,2026-06-25,475.00,343,,61
4963,4963,2026-06-25,340.00,335,,32
4964,4964,2026-06-25,56.32,183,,14
4965,4965,2026-06-25,251.20,219,,12
4966,4966,2026-06-24,502.50,222,,144
4967,4967,2026-06-25,64.65,146,,14
4968,4968,2026-06-24,336.00,148,,73
4969,4969,2026-06-25,69.27,151,,15
4970,4970,2026-06-24,221.50,87,,46
4971,4971,2026-06-25,461.70,74,,111
4972,4972,2026-06-25,283.67,52,,155
4973,4973,2026-06-25,341.50,157,,328
4974,4974,2026-06-25,155.68,98,,3
4975,4975,2026-06-25,155.68,92,,6
4976,4976,2026-06-24,129.33,44,,201
4977,4977,2026-06-25,65.71,179,,6
4978,4978,2026-06-25,95.98,83,,0
4979,4979,2026-06-25,49.78,209,,20
4980,4980,2026-06-25,191.00,184,,938
4981,4981,2026-06-24,202.60,131,,244
4982,4982,2026-06-25,181.00,175,,1228
4983,4983,2026-06-25,,180,,570
4984,4984,2026-06-25,,150,,186
4985,4985,2026-06-25,70.32,89,,6
4986,4986,2026-06-25,56.17,107,,9
4987,4987,2026-06-25,324.50,202,,34
4988,4988,2026-06-25,62.94,327,,1
4989,4989,2026-06-25,98.77,85,,57
4990,4990,2026-06-25,94.00,166,,123
4991,4991,2026-07-03,117.00,161,,47
4992,4992,2026-06-25,198.00,186,,104
4993,4993,2026-06-25,217.00,173,,160
4994,4994,2026-06-25,179.00,185,,71
4995,4995,2026-06-25,165.00,231,,161
4996,4996,2026-06-25,165.00,217,,133
4997,4997,2026-06-25,177.12,305,,14
4998,4998,2026-06-25,270.83,90,,0
4999,4999,2026-06-25,317.02,294,,205
5000,5000,2026-07-03,,0,,0
5001,5001,2026-07-03,,0,,0
5002,5002,2026-06-25,,365,,0
5003,5003,2026-06-25,311.85,64,,143
5004,5004,2026-06-25,260.00,345,,36
5005,5005,2026-07-03,50.44,165,,20
5006,5006,2026-06-25,231.00,303,,24
5007,5007,2026-06-25,31.19,175,,99
5008,5008,2026-06-25,28.00,108,,3
5009,5009,2026-06-25,87.74,148,,14
5010,5010,2026-06-25,173.66,147,,2
5011,5011,2026-06-25,187.00,62,,160
5012,5012,2026-07-03,,0,,0
5013,5013,2026-06-25,90.78,193,,20
5014,5014,2026-06-25,25.13,259,,3
5015,5015,2026-07-03,,0,,30
5016,5016,2026-06-25,351.00,262,,0
5017,5017,2026-06-25,371.00,78,,280
5018,5018,2026-06-25,82.54,116,,15
5019,5019,2026-07-03,,0,,0
5020,5020,2026-07-03,,0,,1
5021,5021,2026-06-25,362.28,363,,11
5022,5022,2026-06-25,82.38,251,,23
5023,5023,2026-06-25,423.00,301,,140
5024,5024,2026-06-25,305.50,306,,136
5025,5025,2026-06-25,397.00,300,,185
5026,5026,2026-07-03,,0,,0
5027,5027,2026-06-25,250.00,288,,250
5028,5028,2026-07-03,30.50,365,,0
5029,5029,2026-06-25,25.77,317,,12
5030,5030,2026-06-25,24.29,194,,14
5031,5031,2026-07-03,,0,,30
5032,5032,2026-07-03,115.68,327,,3
5033,5033,2026-07-03,,0,,0
5034,5034,2026-06-25,77.13,208,,11
5035,5035,2026-06-25,120.97,31,,28
5036,5036,2026-06-25,256.50,291,,68
5037,5037,2026-06-25,265.00,278,,95
5038,5038,2026-06-25,283.00,268,,119
5039,5039,2026-06-25,280.00,301,,111
5040,5040,2026-06-25,275.00,291,,112
5041,5041,2026-06-25,250.00,279,,159
5042,5042,2026-06-25,282.00,299,,120
5043,5043,2026-06-25,276.00,301,,132
5044,5044,2026-06-25,278.00,287,,112
5045,5045,2026-06-25,282.00,303,,130
5046,5046,2026-06-25,48.96,260,,27
5047,5047,2026-07-03,,89,,0
5048,5048,2026-07-03,174.07,358,,0
5049,5049,2026-07-03,,0,,1
5050,5050,2026-07-03,,0,,0
5051,5051,2026-06-25,409.50,56,,98
5052,5052,2026-06-24,367.00,185,,56
5053,5053,2026-06-24,61.63,267,,1
5054,5054,2026-06-25,81.41,38,,4
5055,5055,2026-07-03,,0,,0
5056,5056,2026-06-25,82.03,360,,8
5057,5057,2026-06-25,1108.00,152,,103
5058,5058,2026-06-25,1155.00,169,,49
5059,5059,2026-06-25,1155.00,171,,62
5060,5060,2026-07-03,,0,,0
5061,5061,2026-06-25,174.98,234,,274
5062,5062,2026-06-25,63.10,341,,9
5063,5063,2026-06-25,58.53,113,,14
5064,5064,2026-06-25,268.50,100,,207
5065,5065,2026-06-25,374.00,297,,244
5066,5066,2026-06-25,314.67,151,,212
5067,5067,2026-06-25,389.50,326,,133
5068,5068,2026-07-03,,0,,0
5069,5069,2026-06-25,235.33,337,,79
5070,5070,2026-06-25,171.18,226,,240
5071,5071,2026-06-25,174.00,335,,130
5072,5072,2026-06-25,259.00,358,,336
5073,5073,2026-06-25,396.14,344,,136
5074,5074,2026-06-25,234.00,184,,42
5075,5075,2026-07-03,,0,,4
5076,5076,2026-06-25,282.00,326,,211
5077,5077,2026-06-25,235.67,105,,52
5078,5078,2026-07-03,,0,,0
5079,5079,2026-06-24,398.00,135,,192
5080,5080,2026-06-25,321.30,352,,513
5081,5081,2026-06-25,260.10,334,,332
5082,5082,2026-07-03,,0,,0
5083,5083,2026-06-25,217.00,339,,69
5084,5084,2026-06-24,216.00,355,,341
5085,5085,2026-06-25,296.00,313,,161
5086,5086,2026-06-25,318.00,277,,12
5087,5087,2026-06-25,299.70,286,,74
5088,5088,2026-06-25,285.00,350,,277
5089,5089,2026-06-25,250.50,328,,37
5090,5090,2026-06-25,181.00,99,,179
5091,5091,2026-07-03,,0,,0
5092,5092,2026-06-25,284.40,317,,38
5093,5093,2026-06-25,177.30,333,,20
5094,5094,2026-06-25,194.85,343,,254
5095,5095,2026-06-25,272.70,324,,105
5096,5096,2026-07-03,,0,,0
5097,5097,2026-06-24,147.21,79,,154
5098,5098,2026-06-25,187.20,338,,203
5099,5099,2026-06-25,279.00,329,,44
5100,5100,2026-06-25,346.67,353,,64
5101,5101,2026-06-25,158.00,249,,135
5102,5102,2026-06-25,202.31,179,,0
5103,5103,2026-06-25,64.55,298,,19
5104,5104,2026-06-25,64.16,321,,8
5105,5105,2026-06-25,151.66,218,,6
5106,5106,2026-06-25,60.03,122,,9
5107,5107,2026-06-25,211.50,298,,114
5108,5108,2026-06-24,571.00,198,,3
5109,5109,2026-06-25,238.16,153,,340
5110,5110,2026-06-25,143.00,104,,2
5111,5111,2026-06-25,43.38,364,,0
5112,5112,2026-06-25,381.15,44,,305
5113,5113,2026-07-03,,0,,0
5114,5114,2026-06-24,192.00,115,,251
5115,5115,2026-06-25,328.00,55,,45
5116,5116,2026-07-03,,0,,0
5117,5117,2026-06-25,115.42,160,,9
5118,5118,2026-06-25,342.66,314,,153
5119,5119,2026-06-25,295.55,336,,156
5120,5120,2026-06-25,316.31,365,,4
5121,5121,2026-06-25,200.56,356,,11
5122,5122,2026-06-25,180.53,272,,1
5123,5123,2026-07-03,435.67,194,,60
5124,5124,2026-06-25,307.50,195,,23
5125,5125,2026-07-03,86.00,126,,173
5126,5126,2026-06-25,259.31,333,,134
5127,5127,2026-06-25,68.16,340,,6
5128,5128,2026-06-25,75.04,216,,10
5129,5129,2026-06-25,250.10,333,,126
5130,5130,2026-06-25,89.11,329,,13
5131,5131,2026-06-25,529.33,364,,158
5132,5132,2026-06-25,220.35,351,,187
5133,5133,2026-06-25,84.13,365,,0
5134,5134,2026-06-25,272.00,314,,192
5135,5135,2026-06-25,195.67,119,,119
5136,5136,2026-06-24,177.33,47,,62
5137,5137,2026-06-24,354.00,72,,72
5138,5138,2026-06-25,93.87,182,,14
5139,5139,2026-06-25,188.30,174,,171
5140,5140,2026-06-25,96.88,306,,2
5141,5141,2026-06-25,193.00,129,,145
5142,5142,2026-06-25,48.51,270,,169
5143,5143,2026-06-25,92.36,146,,10
5144,5144,2026-06-25,161.00,345,,102
5145,5145,2026-06-25,374.00,196,,36
5146,5146,2026-06-25,374.00,170,,55
5147,5147,2026-06-25,332.00,149,,100
5148,5148,2026-06-25,343.00,165,,51
5149,5149,2026-06-25,371.00,153,,88
5150,5150,2026-06-25,405.00,159,,22
5151,5151,2026-06-25,413.00,76,,208
5152,5152,2026-06-25,308.00,92,,102
5153,5153,2026-06-25,325.00,101,,106
5154,5154,2026-06-25,410.00,107,,125
5155,5155,2026-06-25,325.00,91,,39
5156,5156,2026-06-25,207.67,166,,209
5157,5157,2026-06-24,298.75,133,,84
5158,5158,2026-06-25,85.55,243,,25
5159,5159,2026-06-24,150.00,273,,0
5160,5160,2026-07-03,,0,,1
5161,5161,2026-06-25,,287,,23
5162,5162,2026-06-25,144.52,83,,5
5163,5163,2026-06-25,30.22,227,,9
5164,5164,2026-06-25,126.00,298,,47
5165,5165,2026-06-25,178.50,311,,47
5166,5166,2026-06-25,306.50,338,,396
5167,5167,2026-06-25,297.00,328,,383
5168,5168,2026-07-03,14.67,179,,0
5169,5169,2026-06-25,134.31,245,,6
5170,5170,2026-07-03,,0,,0
5171,5171,2026-06-25,140.00,116,,3
5172,5172,2026-06-25,265.00,265,,3
5173,5173,2026-07-03,,21,,17
5174,5174,2026-06-24,120.00,237,,2
5175,5175,2026-06-25,239.00,213,,0
5176,5176,2026-06-24,145.00,227,,1
5177,5177,2026-06-24,284.00,123,,0
5178,5178,2026-06-25,203.00,188,,0
5179,5179,2026-06-24,627.14,89,,1
5180,5180,2026-07-03,59.95,330,,5
5181,5181,2026-07-03,55.01,335,,4
5182,5182,2026-06-25,121.00,321,,54
5183,5183,2026-07-03,,0,,0
5184,5184,2026-06-25,105.00,317,,39
5185,5185,2026-06-25,128.00,322,,112
5186,5186,2026-06-25,158.00,299,,245
5187,5187,2026-06-25,188.00,256,,80
5188,5188,2026-06-25,147.00,283,,102
5189,5189,2026-06-25,64.71,166,,12
5190,5190,2026-06-24,681.00,327,,17
5191,5191,2026-07-03,,0,,0
5192,5192,2026-07-03,,0,,0
5193,5193,2026-06-25,87.83,330,,5
5194,5194,2026-06-25,375.00,31,,22
5195,5195,2026-06-25,170.00,51,,39
5196,5196,2026-06-25,319.00,46,,38
5197,5197,2026-06-25,319.00,36,,28
5198,5198,2026-06-25,170.00,32,,25
5199,5199,2026-06-25,187.00,40,,27
5200,5200,2026-07-03,161.00,21,,33
5201,5201,2026-06-25,237.00,42,,15
5202,5202,2026-06-25,237.00,36,,21
5203,5203,2026-07-03,204.00,14,,73
5204,5204,2026-06-25,161.00,39,,17
5205,5205,2026-06-25,188.00,33,,48
5206,5206,2026-07-03,,0,,0
5207,5207,2026-06-25,357.35,339,,147
5208,5208,2026-06-25,475.67,328,,37
5209,5209,2026-06-25,329.53,320,,123
5210,5210,2026-06-25,223.43,351,,169
5211,5211,2026-06-25,508.17,127,,163
5212,5212,2026-06-25,380.19,343,,135
5213,5213,2026-06-25,287.37,323,,93
5214,5214,2026-06-25,288.92,334,,137
5215,5215,2026-06-24,268.57,342,,184
5216,5216,2026-06-25,225.66,354,,159
5217,5217,2026-06-24,171.00,232,,82
5218,5218,2026-06-25,191.00,181,,236
5219,5219,2026-06-25,230.00,341,,107
5220,5220,2026-06-25,82.53,328,,4
5221,5221,2026-06-25,230.00,351,,22
5222,5222,2026-06-25,56.04,241,,6
5223,5223,2026-07-03,214.00,62,,8
5224,5224,2026-06-25,271.00,247,,172
5225,5225,2026-06-25,215.00,295,,30
5226,5226,2026-07-03,11.99,184,,0
5227,5227,2026-06-25,213.00,81,,0
5228,5228,2026-06-25,117.00,325,,12
5229,5229,2026-06-25,201.00,339,,17
5230,5230,2026-06-25,201.00,339,,5
5231,5231,2026-06-25,201.00,336,,112
5232,5232,2026-06-25,117.00,332,,87
5233,5233,2026-06-25,201.00,339,,44
5234,5234,2026-06-25,298.00,81,,7
5235,5235,2026-07-03,244.00,101,,2
5236,5236,2026-06-25,475.00,343,,23
5237,5237,2026-06-25,275.00,354,,43
5238,5238,2026-06-25,144.00,339,,89
5239,5239,2026-06-25,144.00,346,,3
5240,5240,2026-06-25,317.53,345,,146
5241,5241,2026-06-25,437.92,298,,125
5242,5242,2026-06-25,322.96,356,,51
5243,5243,2026-07-03,155.00,193,,100
5244,5244,2026-07-03,141.00,159,,7
5245,5245,2026-06-25,283.38,364,,2
5246,5246,2026-06-24,262.50,281,,154
5247,5247,2026-06-24,522.00,174,,136
5248,5248,2026-06-25,356.80,172,,16
5249,5249,2026-06-25,462.50,244,,54
5250,5250,2026-06-25,243.25,340,,80
5251,5251,2026-06-25,255.00,356,,10
5252,5252,2026-07-03,,0,,14
5253,5253,2026-06-25,97.47,162,,25
5254,5254,2026-06-25,235.00,278,,470
5255,5255,2026-07-03,106.82,228,,14
5256,5256,2026-07-03,,0,,0
5257,5257,2026-06-25,30.22,265,,12
5258,5258,2026-06-25,378.00,330,,1
5259,5259,2026-06-25,378.00,330,,3
5260,5260,2026-06-25,690.00,302,,180
5261,5261,2026-06-25,378.00,330,,1
5262,5262,2026-06-25,378.00,330,,0
5263,5263,2026-06-25,350.00,310,,0
5264,5264,2026-06-25,350.00,310,,1
5265,5265,2026-06-25,49.28,176,,2
5266,5266,2026-06-25,120.00,116,,5
5267,5267,2026-07-03,26.13,122,,23
5268,5268,2026-07-03,224.00,64,,2
5269,5269,2026-07-03,,1,,11
5270,5270,2026-06-24,209.00,291,,26
5271,5271,2026-07-03,,8,,0
5272,5272,2026-06-24,202.50,352,,77
5273,5273,2026-06-24,165.94,226,,7
5274,5274,2026-06-24,202.50,352,,75
5275,5275,2026-06-25,349.00,235,,277
5276,5276,2026-07-03,,0,,0
5277,5277,2026-06-25,725.00,249,,107
5278,5278,2026-06-25,115.77,294,,3
5279,5279,2026-06-24,108.00,124,,250
5280,5280,2026-07-03,,0,,11
5281,5281,2026-06-25,95.00,289,,53
5282,5282,2026-06-25,110.00,280,,28
5283,5283,2026-06-25,160.00,280,,39
5284,5284,2026-06-25,180.00,295,,12
5285,5285,2026-06-25,180.00,293,,221
5286,5286,2026-06-25,144.00,346,,5
5287,5287,2026-06-25,77.10,320,,16
5288,5288,2026-06-25,349.00,331,,253
5289,5289,2026-06-25,375.00,128,,247
5290,5290,2026-06-25,257.00,327,,211
5291,5291,2026-06-25,49.70,96,,3
5292,5292,2026-06-25,375.00,121,,247
5293,5293,2026-07-03,,0,,0
5294,5294,2026-06-25,1426.50,160,,5
5295,5295,2026-06-25,381.00,120,,208
5296,5296,2026-06-25,211.00,157,,1
5297,5297,2026-06-25,531.00,253,,1
5298,5298,2026-06-25,371.00,252,,8
5299,5299,2026-06-25,45.00,334,,7
5300,5300,2026-06-25,50.00,336,,99
5301,5301,2026-06-25,47.00,295,,4
5302,5302,2026-06-25,44.00,325,,5
5303,5303,2026-06-25,136.73,322,,1
5304,5304,2026-06-24,462.50,339,,17
5305,5305,2026-06-25,59.00,340,,91
5306,5306,2026-06-25,393.00,311,,274
5307,5307,2026-06-25,348.00,294,,281
5308,5308,2026-07-03,,0,,1
5309,5309,2026-06-25,59.00,316,,0
5310,5310,2026-06-25,230.33,51,,118
5311,5311,2026-06-25,59.00,310,,18
5312,5312,2026-06-25,53.00,320,,14
5313,5313,2026-06-25,36.00,310,,11
5314,5314,2026-06-25,77.00,295,,0
5315,5315,2026-06-25,69.00,252,,0
5316,5316,2026-06-24,162.62,68,,123
5317,5317,2026-06-25,223.80,9,,138
5318,5318,2026-06-25,320.00,101,,46
5319,5319,2026-06-25,1854.50,277,,134
5320,5320,2026-06-25,230.00,105,,11
5321,5321,2026-06-25,270.00,116,,11
5322,5322,2026-06-25,220.00,143,,13
5323,5323,2026-06-25,200.00,87,,7
5324,5324,2026-06-25,240.00,111,,61
5325,5325,2026-06-25,300.00,142,,17
5326,5326,2026-06-25,285.00,142,,24
5327,5327,2026-06-25,190.00,114,,70
5328,5328,2026-06-25,240.00,87,,23
5329,5329,2026-06-25,210.00,125,,26
5330,5330,2026-06-25,220.00,97,,38
5331,5331,2026-06-24,215.00,151,,52
5332,5332,2026-06-24,,140,,56
5333,5333,2026-06-24,160.00,164,,46
5334,5334,2026-06-24,160.00,160,,42
5335,5335,2026-06-24,160.00,175,,45
5336,5336,2026-06-25,144.00,91,,74
5337,5337,2026-06-24,162.00,89,,55
5338,5338,2026-06-24,148.50,93,,76
5339,5339,2026-06-25,91.75,130,,1
5340,5340,2026-06-25,26.16,235,,4
5341,5341,2026-06-24,150.00,148,,40
5342,5342,2026-06-25,52.08,39,,4
5343,5343,2026-06-25,255.00,232,,131
5344,5344,2026-06-24,611.16,270,,0
5345,5345,2026-06-24,74.81,230,,6
5346,5346,2026-06-25,103.23,354,,1
5347,5347,2026-07-03,10.95,208,,0
5348,5348,2026-07-03,,32,,12
5349,5349,2026-06-25,242.00,121,,18
5350,5350,2026-06-25,260.00,124,,14
5351,5351,2026-06-24,234.00,104,,54
5352,5352,2026-06-25,240.00,102,,30
5353,5353,2026-06-25,230.00,105,,14
5354,5354,2026-06-25,198.00,130,,16
5355,5355,2026-06-24,150.00,153,,50
5356,5356,2026-06-24,210.00,117,,76
5357,5357,2026-06-24,497.50,330,,70
5358,5358,2026-07-03,,0,,0
5359,5359,2026-06-25,555.00,319,,156
5360,5360,2026-07-03,,0,,2
5361,5361,2026-06-25,44.00,290,,2
5362,5362,2026-06-25,45.00,300,,2
5363,5363,2026-06-25,140.47,252,,2
5364,5364,2026-06-25,133.22,309,,1
5365,5365,2026-06-24,202.50,350,,90
5366,5366,2026-06-25,222.67,154,,53
5367,5367,2026-06-25,92.72,132,,11
5368,5368,2026-06-25,378.00,330,,0
5369,5369,2026-07-03,,27,,3
5370,5370,2026-06-25,277.00,322,,5
5371,5371,2026-06-25,277.00,322,,5
5372,5372,2026-06-25,366.00,321,,0
5373,5373,2026-06-25,277.00,322,,1
5374,5374,2026-06-25,307.33,92,,206
5375,5375,2026-07-03,323.67,6,,89
5376,5376,2026-07-03,,7,,1
5377,5377,2026-06-25,169.50,308,,467
5378,5378,2026-06-25,214.63,332,,161
5379,5379,2026-06-25,214.50,336,,233
5380,5380,2026-06-25,258.50,334,,699
5381,5381,2026-06-25,492.50,293,,19
5382,5382,2026-06-25,492.50,293,,17
5383,5383,2026-06-25,361.00,254,,57
5384,5384,2026-06-25,361.00,254,,15
5385,5385,2026-06-25,427.50,254,,19
5386,5386,2026-06-25,427.50,254,,21
5387,5387,2026-06-25,427.50,254,,307
5388,5388,2026-06-25,857.25,236,,294
5389,5389,2026-06-25,634.00,238,,4
5390,5390,2026-06-25,163.50,264,,8
5391,5391,2026-06-25,174.00,272,,5
5392,5392,2026-06-25,129.73,171,,7
5393,5393,2026-06-25,334.00,342,,45
5394,5394,2026-06-25,50.28,171,,6
5395,5395,2026-06-25,51.34,233,,5
5396,5396,2026-06-25,450.00,93,,33
5397,5397,2026-06-25,86.91,90,,13
5398,5398,2026-06-25,152.96,236,,0
5399,5399,2026-06-25,87.89,181,,12
5400,5400,2026-06-24,230.00,327,,154
5401,5401,2026-06-25,183.50,359,,89
5402,5402,2026-06-25,265.50,297,,123
5403,5403,2026-06-25,,322,,18
5404,5404,2026-06-24,58.00,295,,9
5405,5405,2026-06-25,183.50,357,,99
5406,5406,2026-06-25,159.00,195,,14
5407,5407,2026-06-25,307.50,79,,54
5408,5408,2026-06-25,326.67,276,,27
5409,5409,2026-06-25,170.51,108,,0
5410,5410,2026-07-03,109.39,107,,175
5411,5411,2026-06-25,145.49,50,,0
5412,5412,2026-06-25,157.50,325,,51
5413,5413,2026-06-25,292.50,302,,19
5414,5414,2026-06-24,292.50,302,,2
5415,5415,2026-06-25,183.50,359,,45
5416,5416,2026-06-25,411.50,309,,10
5417,5417,2026-06-24,226.00,341,,9
5418,5418,2026-06-25,66.25,201,,12
5419,5419,2026-06-24,497.50,336,,35
5420,5420,2026-06-25,340.00,330,,88
5421,5421,2026-06-25,63.28,329,,27
5422,5422,2026-06-25,300.00,108,,57
5423,5423,2026-07-03,,0,,17
5424,5424,2026-06-25,475.00,244,,40
5425,5425,2026-06-25,290.00,207,,117
5426,5426,2026-07-03,76.56,346,,8
5427,5427,2026-06-25,138.29,262,,4
5428,5428,2026-06-25,153.50,273,,4
5429,5429,2026-06-25,132.00,336,,1704
5430,5430,2026-06-25,100.22,291,,10
5431,5431,2026-06-25,340.00,335,,28
5432,5432,2026-06-25,183.50,358,,63
5433,5433,2026-06-25,59.35,365,,0
5434,5434,2026-06-25,350.00,310,,2
5435,5435,2026-06-25,350.00,310,,2
5436,5436,2026-06-25,350.00,310,,18
5437,5437,2026-06-25,92.36,152,,11
5438,5438,2026-07-03,,0,,1
5439,5439,2026-06-25,93.87,160,,11
5440,5440,2026-07-03,,0,,0
5441,5441,2026-06-25,,364,,0
5442,5442,2026-06-25,305.00,320,,0
5443,5443,2026-07-03,,0,,0
5444,5444,2026-07-03,53.00,51,,60
5445,5445,2026-07-03,37.63,82,,13
5446,5446,2026-06-25,98.59,306,,10
5447,5447,2026-06-25,69.79,226,,19
5448,5448,2026-07-03,,0,,5
5449,5449,2026-06-25,156.59,199,,0
5450,5450,2026-06-25,230.00,184,,33
5451,5451,2026-06-24,420.00,268,,116
5452,5452,2026-07-03,,17,,4
5453,5453,2026-06-25,403.00,274,,145
5454,5454,2026-06-25,343.87,252,,141
5455,5455,2026-06-25,138.79,347,,14
5456,5456,2026-06-25,129.19,92,,9
5457,5457,2026-06-24,260.00,217,,437
5458,5458,2026-06-25,223.00,146,,40
5459,5459,2026-07-03,,0,,8
5460,5460,2026-06-25,191.00,147,,15
5461,5461,2026-06-25,126.00,248,,875
5462,5462,2026-06-25,162.92,288,,1
5463,5463,2026-06-25,424.00,165,,22
5464,5464,2026-07-03,301.67,234,,8
5465,5465,2026-06-24,180.00,137,,91
5466,5466,2026-06-25,64.78,299,,4
5467,5467,2026-06-25,157.50,319,,291
5468,5468,2026-06-25,52.61,239,,0
5469,5469,2026-06-25,253.33,66,,61
5470,5470,2026-06-25,73.25,330,,6
5471,5471,2026-07-03,,233,,2
5472,5472,2026-06-25,74.69,323,,8
5473,5473,2026-07-03,,0,,22
5474,5474,2026-06-25,198.00,60,,30
5475,5475,2026-06-25,223.20,243,,60
5476,5476,2026-06-25,260.00,345,,83
5477,5477,2026-06-25,70.19,309,,19
5478,5478,2026-06-25,20.16,137,,3
5479,5479,2026-06-25,473.75,101,,213
5480,5480,2026-06-25,70.40,310,,23
5481,5481,2026-06-24,152.00,351,,13
5482,5482,2026-06-25,275.75,163,,217
5483,5483,2026-07-03,,2,,11
5484,5484,2026-06-24,277.33,357,,47
5485,5485,2026-06-25,96.90,329,,5
5486,5486,2026-06-25,98.26,337,,10
5487,5487,2026-06-25,80.04,219,,18
5488,5488,2026-07-03,,0,,28
5489,5489,2026-06-25,128.32,158,,0
5490,5490,2026-07-03,158.00,3,,127
5491,5491,2026-06-24,210.00,253,,206
5492,5492,2026-06-25,182.77,42,,0
5493,5493,2026-06-25,223.80,365,,20
5494,5494,2026-06-25,247.00,167,,172
5495,5495,2026-06-25,260.00,164,,97
5496,5496,2026-06-25,136.23,221,,1
5497,5497,2026-06-25,126.52,215,,2
5498,5498,2026-06-24,270.48,316,,207
5499,5499,2026-07-03,,0,,32
5500,5500,2026-06-24,284.00,107,,109
5501,5501,2026-06-25,245.50,73,,58
5502,5502,2026-06-24,156.00,320,,114
5503,5503,2026-06-24,157.00,350,,1
5504,5504,2026-06-25,182.50,317,,122
5505,5505,2026-06-24,161.00,147,,9
5506,5506,2026-06-25,116.00,159,,37
5507,5507,2026-06-25,140.00,165,,107
5508,5508,2026-06-24,28.90,186,,6
5509,5509,2026-06-25,43.00,240,,18
5510,5510,2026-07-03,,4,,4
5511,5511,2026-06-25,185.50,160,,251
5512,5512,2026-06-25,149.94,291,,4
5513,5513,2026-06-25,134.33,347,,0
5514,5514,2026-06-25,172.10,277,,10
5515,5515,2026-07-03,105.00,147,,163
5516,5516,2026-07-03,,0,,56
5517,5517,2026-07-03,71.38,100,,2
5518,5518,2026-06-25,94.91,320,,13
5519,5519,2026-06-25,97.26,365,,2
5520,5520,2026-07-03,88.00,253,,155
5521,5521,2026-07-03,,2,,4
5522,5522,2026-06-25,173.00,299,,152
5523,5523,2026-06-25,422.00,248,,341
5524,5524,2026-06-25,91.85,46,,10
5525,5525,2026-06-25,123.74,70,,0
5526,5526,2026-06-25,122.47,315,,1
5527,5527,2026-06-25,164.40,291,,1
5528,5528,2026-07-03,,0,,26
5529,5529,2026-06-24,366.04,352,,117
5530,5530,2026-06-24,35.70,364,,0
5531,5531,2026-06-25,1121.00,174,,126
5532,5532,2026-06-25,269.00,342,,174
5533,5533,2026-06-25,198.50,167,,216
5534,5534,2026-06-25,160.95,320,,0
5535,5535,2026-06-25,242.42,338,,155
5536,5536,2026-07-03,32.94,363,,8
5537,5537,2026-07-03,,0,,0
5538,5538,2026-06-25,29.71,250,,15
5539,5539,2026-06-25,708.00,263,,192
5540,5540,2026-06-25,36.18,365,,23
5541,5541,2026-06-25,660.60,238,,56
5542,5542,2026-06-25,141.00,269,,230
5543,5543,2026-06-25,256.00,281,,196
5544,5544,2026-06-25,292.00,274,,32
5545,5545,2026-06-25,226.00,84,,172
5546,5546,2026-06-25,76.35,32,,31
5547,5547,2026-06-24,262.46,179,,94
5548,5548,2026-07-03,,0,,0
5549,5549,2026-06-25,120.94,252,,1
5550,5550,2026-07-03,,0,,8
5551,5551,2026-07-03,117.00,139,,18
5552,5552,2026-07-03,,0,,0
5553,5553,2026-06-25,117.00,325,,24
5554,5554,2026-06-25,251.06,81,,101
5555,5555,2026-06-25,141.03,245,,18
5556,5556,2026-06-25,348.25,166,,207
5557,5557,2026-06-25,178.91,319,,15
5558,5558,2026-06-25,348.06,142,,222
5559,5559,2026-06-24,218.00,92,,58
5560,5560,2026-06-25,348.43,155,,214
5561,5561,2026-06-25,96.90,328,,4
5562,5562,2026-06-25,96.16,312,,3
5563,5563,2026-06-25,95.35,348,,3
5564,5564,2026-06-25,524.18,333,,113
5565,5565,2026-06-25,401.70,216,,122
5566,5566,2026-06-25,245.50,180,,298
5567,5567,2026-06-24,56.32,167,,11
5568,5568,2026-06-25,186.50,312,,66
5569,5569,2026-06-25,220.00,316,,197
5570,5570,2026-06-25,289.00,65,,68
5571,5571,2026-06-25,1155.00,179,,72
5572,5572,2026-07-03,,0,,20
5573,5573,2026-06-25,,309,,33
5574,5574,2026-06-25,340.00,247,,150
5575,5575,2026-06-25,245.50,73,,13
5576,5576,2026-06-25,229.00,107,,12
5577,5577,2026-06-24,289.50,73,,5
5578,5578,2026-06-25,245.50,73,,49
5579,5579,2026-06-25,229.00,107,,8
5580,5580,2026-06-25,245.50,73,,67
5581,5581,2026-06-25,190.00,140,,64
5582,5582,2026-06-25,430.67,131,,51
5583,5583,2026-07-03,227.50,309,,124
5584,5584,2026-07-03,,30,,1
5585,5585,2026-07-03,,179,,14
5586,5586,2026-06-25,75.10,182,,17
5587,5587,2026-06-25,287.50,158,,84
5588,5588,2026-07-03,126.00,313,,49
5589,5589,2026-06-25,617.50,236,,7
5590,5590,2026-06-25,544.67,235,,66
5591,5591,2026-06-25,292.50,302,,36
5592,5592,2026-06-24,261.33,218,,187
5593,5593,2026-06-25,81.66,235,,2
5594,5594,2026-06-25,73.22,111,,0
5595,5595,2026-07-03,,29,,0
5596,5596,2026-06-25,309.00,272,,109
5597,5597,2026-06-24,142.00,320,,150
5598,5598,2026-06-25,229.00,324,,174
5599,5599,2026-06-25,203.00,307,,43
5600,5600,2026-06-25,82.94,66,,3
5601,5601,2026-06-25,137.00,279,,141
5602,5602,2026-06-25,162.00,338,,74
5603,5603,2026-06-25,211.00,347,,282
5604,5604,2026-06-25,171.00,345,,81
5605,5605,2026-06-25,243.00,313,,97
5606,5606,2026-06-25,234.00,332,,53
5607,5607,2026-06-25,280.00,353,,77
5608,5608,2026-06-25,779.00,340,,61
5609,5609,2026-06-25,567.00,337,,116
5610,5610,2026-06-24,207.31,238,,259
5611,5611,2026-06-25,292.90,228,,225
5612,5612,2026-06-25,,37,,8
5613,5613,2026-06-25,325.50,19,,138
5614,5614,2026-06-25,410.00,128,,143
5615,5615,2026-06-24,188.62,223,,0
5616,5616,2026-06-25,63.03,246,,32
5617,5617,2026-06-25,263.40,320,,36
5618,5618,2026-06-25,240.00,65,,147
5619,5619,2026-07-03,,0,,104
5620,5620,2026-06-25,335.00,27,,140
5621,5621,2026-06-25,617.50,236,,34
5622,5622,2026-06-25,78.36,357,,7
5623,5623,2026-06-25,153.07,253,,3
5624,5624,2026-06-25,119.35,170,,2
5625,5625,2026-06-25,348.00,339,,62
5626,5626,2026-06-25,318.00,327,,100
5627,5627,2026-06-25,281.00,307,,95
5628,5628,2026-06-25,372.00,335,,106
5629,5629,2026-06-25,52.39,176,,7
5630,5630,2026-06-25,168.61,329,,8
5631,5631,2026-06-25,80.00,330,,234
5632,5632,2026-06-25,137.00,298,,107
5633,5633,2026-06-25,157.00,328,,536
5634,5634,2026-06-25,209.00,309,,338
5635,5635,2026-06-25,312.00,328,,178
5636,5636,2026-06-25,230.00,339,,155
5637,5637,2026-06-25,224.98,346,,180
5638,5638,2026-06-25,271.00,196,,12
5639,5639,2026-06-25,314.00,301,,11
5640,5640,2026-06-25,313.33,119,,48
5641,5641,2026-06-24,317.00,279,,135
5642,5642,2026-06-25,272.33,111,,224
5643,5643,2026-07-03,,16,,13
5644,5644,2026-06-25,208.63,358,,1
5645,5645,2026-06-25,253.04,365,,0
5646,5646,2026-06-25,217.00,365,,1
5647,5647,2026-06-25,221.26,358,,0
5648,5648,2026-07-03,,35,,2
5649,5649,2026-06-25,333.90,266,,104
5650,5650,2026-06-25,73.81,327,,12
5651,5651,2026-06-25,266.00,308,,55
5652,5652,2026-06-25,29.45,263,,1
5653,5653,2026-06-25,285.33,151,,119
5654,5654,2026-07-03,92.67,38,,7
5655,5655,2026-07-03,,0,,0
5656,5656,2026-07-03,,23,,35
5657,5657,2026-06-25,264.00,116,,248
5658,5658,2026-06-24,336.65,193,,92
5659,5659,2026-06-25,49.34,72,,22
5660,5660,2026-06-25,40.31,65,,22
5661,5661,2026-06-24,75.10,154,,9
5662,5662,2026-06-25,73.89,101,,15
5663,5663,2026-06-25,64.65,147,,14
5664,5664,2026-06-25,84.42,351,,16
5665,5665,2026-06-25,138.00,329,,76
5666,5666,2026-06-25,181.00,321,,106
5667,5667,2026-06-25,148.00,360,,122
5668,5668,2026-06-25,136.00,334,,404
5669,5669,2026-06-25,127.00,338,,526
5670,5670,2026-07-03,134.50,8,,137
5671,5671,2026-06-25,151.32,271,,184
5672,5672,2026-06-25,40.35,62,,21
5673,5673,2026-06-25,382.30,222,,163
5674,5674,2026-06-25,282.50,167,,287
5675,5675,2026-06-24,236.00,82,,123
5676,5676,2026-06-25,379.67,281,,135
5677,5677,2026-06-25,73.81,296,,19
5678,5678,2026-06-25,165.00,326,,39
5679,5679,2026-06-25,194.00,283,,15
5680,5680,2026-06-25,155.00,306,,16
5681,5681,2026-06-25,257.50,216,,95
5682,5682,2026-06-25,506.68,315,,168
5683,5683,2026-06-25,139.00,332,,9
5684,5684,2026-06-25,176.00,350,,73
5685,5685,2026-06-25,190.00,243,,8
5686,5686,2026-06-25,205.00,299,,12
5687,5687,2026-06-25,369.00,156,,9
5688,5688,2026-06-24,195.67,292,,191
5689,5689,2026-06-25,149.00,246,,42
5690,5690,2026-06-25,49.58,267,,8
5691,5691,2026-06-25,189.00,175,,8
5692,5692,2026-06-24,180.00,77,,318
5693,5693,2026-06-25,182.59,234,,119
5694,5694,2026-06-25,280.00,263,,26
5695,5695,2026-06-25,279.00,260,,38
5696,5696,2026-06-25,,260,,3
5697,5697,2026-06-25,199.00,300,,50
5698,5698,2026-06-25,187.50,55,,204
5699,5699,2026-06-25,465.50,180,,11
5700,5700,2026-06-25,220.00,29,,10
5701,5701,2026-06-25,1027.33,45,,10
5702,5702,2026-06-25,201.50,171,,61
5703,5703,2026-06-24,67.06,363,,11
5704,5704,2026-06-25,141.60,317,,2
5705,5705,2026-06-25,64.95,235,,22
5706,5706,2026-06-25,215.10,169,,180
5707,5707,2026-06-25,97.55,54,,2
5708,5708,2026-06-24,366.04,281,,121
5709,5709,2026-06-25,453.50,242,,62
5710,5710,2026-07-03,,0,,11
5711,5711,2026-06-25,221.00,281,,195
5712,5712,2026-06-25,214.00,206,,183
5713,5713,2026-06-25,313.00,189,,0
5714,5714,2026-06-25,122.41,304,,2
5715,5715,2026-07-03,,0,,0
5716,5716,2026-06-25,563.00,325,,270
5717,5717,2026-06-25,235.38,324,,111
5718,5718,2026-06-25,132.67,96,,215
5719,5719,2026-06-25,353.00,316,,143
5720,5720,2026-07-03,,0,,1
5721,5721,2026-06-25,79.23,359,,15
5722,5722,2026-06-25,239.65,67,,92
5723,5723,2026-06-25,80.29,273,,4
5724,5724,2026-06-24,80.33,333,,126
5725,5725,2026-06-25,545.50,306,,82
5726,5726,2026-06-24,273.50,323,,149
5727,5727,2026-06-25,123.62,140,,2
5728,5728,2026-06-25,115.55,288,,2
5729,5729,2026-06-25,525.00,134,,70
5730,5730,2026-06-25,167.00,339,,55
5731,5731,2026-06-25,219.00,29,,229
5732,5732,2026-06-25,177.00,309,,119
5733,5733,2026-06-25,36.84,84,,5
5734,5734,2026-06-25,431.00,321,,6
5735,5735,2026-06-25,865.33,220,,130
5736,5736,2026-06-25,291.00,240,,348
5737,5737,2026-06-25,316.00,336,,71
5738,5738,2026-06-25,225.00,330,,174
5739,5739,2026-06-24,186.00,333,,112
5740,5740,2026-06-25,161.00,99,,371
5741,5741,2026-07-03,,0,,0
5742,5742,2026-06-25,104.91,192,,1
5743,5743,2026-06-25,327.80,202,,228
5744,5744,2026-07-03,,316,,178
5745,5745,2026-06-24,136.35,296,,2
5746,5746,2026-06-25,165.95,323,,0
5747,5747,2026-06-25,178.76,80,,1
5748,5748,2026-06-24,158.11,286,,1
5749,5749,2026-06-25,287.50,254,,115
5750,5750,2026-06-25,396.50,312,,66
5751,5751,2026-06-25,393.00,289,,83
5752,5752,2026-06-25,397.00,272,,61
5753,5753,2026-06-25,378.00,271,,71
5754,5754,2026-06-25,320.00,266,,342
5755,5755,2026-06-25,243.00,275,,232
5756,5756,2026-06-24,113.79,335,,14
5757,5757,2026-06-25,45.65,260,,43
5758,5758,2026-06-25,137.90,87,,0
5759,5759,2026-06-25,64.72,65,,16
5760,5760,2026-06-25,134.73,141,,19
5761,5761,2026-06-25,179.00,252,,334
5762,5762,2026-06-25,74.77,273,,11
5763,5763,2026-07-03,,0,,0
5764,5764,2026-06-25,57.94,204,,0
5765,5765,2026-06-25,304.00,174,,21
5766,5766,2026-06-25,355.00,114,,28
5767,5767,2026-06-25,575.67,313,,214
5768,5768,2026-06-24,377.00,83,,295
5769,5769,2026-07-03,,0,,0
5770,5770,2026-06-25,269.38,298,,111
5771,5771,2026-06-25,164.99,228,,0
5772,5772,2026-06-25,155.13,310,,1
5773,5773,2026-06-25,68.53,333,,12
5774,5774,2026-07-03,,0,,0
5775,5775,2026-06-25,871.00,312,,232
5776,5776,2026-06-25,239.00,317,,196
5777,5777,2026-06-25,324.00,120,,553
5778,5778,2026-06-25,485.00,137,,183
5779,5779,2026-06-25,132.94,164,,7
5780,5780,2026-06-25,135.44,241,,1
5781,5781,2026-06-24,678.00,339,,121
5782,5782,2026-06-25,197.34,186,,4
5783,5783,2026-06-25,226.80,151,,96
5784,5784,2026-06-24,236.00,105,,157
5785,5785,2026-06-24,150.42,289,,0
5786,5786,2026-06-25,61.62,263,,6
5787,5787,2026-06-25,59.72,264,,7
5788,5788,2026-06-25,52.25,340,,16
5789,5789,2026-06-24,221.96,212,,224
5790,5790,2026-06-25,44.80,84,,1
5791,5791,2026-07-03,79.02,236,,7
5792,5792,2026-06-25,176.61,364,,4
5793,5793,2026-06-24,264.00,255,,178
5794,5794,2026-06-25,214.00,152,,111
5795,5795,2026-06-24,33.25,90,,40
5796,5796,2026-06-25,1150.40,264,,110
5797,5797,2026-07-03,,23,,15
5798,5798,2026-06-24,246.50,362,,73
5799,5799,2026-06-25,301.38,328,,164
5800,5800,2026-06-25,53.77,196,,21
5801,5801,2026-06-25,198.00,74,,148
5802,5802,2026-06-25,82.22,365,,7
5803,5803,2026-07-03,,0,,3
5804,5804,2026-06-25,109.48,241,,24
5805,5805,2026-06-25,138.86,291,,0
5806,5806,2026-06-25,242.50,279,,82
5807,5807,2026-07-03,,0,,518
5808,5808,2026-07-03,,0,,4
5809,5809,2026-07-03,,0,,20
5810,5810,2026-07-03,,0,,3
5811,5811,2026-06-25,515.33,307,,155
5812,5812,2026-06-25,201.00,334,,15
5813,5813,2026-06-25,131.00,320,,77
5814,5814,2026-06-25,755.00,300,,4
5815,5815,2026-06-25,399.00,330,,176
5816,5816,2026-06-25,503.00,285,,0
5817,5817,2026-06-25,272.00,337,,23
5818,5818,2026-06-25,764.50,216,,1
5819,5819,2026-06-25,114.03,171,,1
5820,5820,2026-07-03,,0,,260
5821,5821,2026-07-03,,0,,1
5822,5822,2026-07-03,,0,,27
5823,5823,2026-07-03,,0,,0
5824,5824,2026-06-25,164.00,312,,9
5825,5825,2026-06-25,239.50,291,,13
5826,5826,2026-07-03,,0,,31
5827,5827,2026-06-25,153.50,332,,58
5828,5828,2026-06-25,239.50,293,,163
5829,5829,2026-06-25,223.00,338,,3
5830,5830,2026-06-25,55.72,183,,12
5831,5831,2026-06-25,94.52,157,,9
5832,5832,2026-06-25,442.78,148,,183
5833,5833,2026-07-03,,0,,486
5834,5834,2026-07-03,,0,,96
5835,5835,2026-07-03,,0,,18
5836,5836,2026-06-25,206.00,264,,4
5837,5837,2026-06-25,362.00,332,,8
5838,5838,2026-06-25,307.00,206,,2
5839,5839,2026-07-03,,0,,1774
5840,5840,2026-06-25,176.56,107,,1
5841,5841,2026-07-03,,0,,356
5842,5842,2026-07-03,,0,,93
5843,5843,2026-07-03,,0,,1
5844,5844,2026-07-03,,0,,33
5845,5845,2026-07-03,,0,,0
5846,5846,2026-07-03,,0,,1
5847,5847,2026-07-03,,0,,0
5848,5848,2026-07-03,,0,,4
5849,5849,2026-06-25,320.00,323,,368
5850,5850,2026-07-03,,0,,0
5851,5851,2026-07-03,,0,,0
5852,5852,2026-07-03,,0,,0
5853,5853,2026-06-25,554.00,364,,21
5854,5854,2026-07-03,,0,,0
5855,5855,2026-07-03,,0,,2
5856,5856,2026-06-25,369.03,330,,4
5857,5857,2026-07-03,,0,,0
5858,5858,2026-06-24,101.00,335,,598
5859,5859,2026-06-25,121.00,335,,72
5860,5860,2026-07-03,,0,,47
5861,5861,2026-06-25,258.00,285,,6
5862,5862,2026-07-03,,0,,1085
5863,5863,2026-07-03,,0,,228
5864,5864,2026-06-25,141.00,301,,66
5865,5865,2026-06-25,216.00,321,,13
5866,5866,2026-06-25,443.00,238,,0
5867,5867,2026-06-25,292.00,323,,0
5868,5868,2026-06-25,136.70,324,,0
5869,5869,2026-07-03,,0,,83
5870,5870,2026-07-03,,0,,3
5871,5871,2026-07-03,,0,,6
5872,5872,2026-07-03,,0,,8
5873,5873,2026-07-03,,0,,5
5874,5874,2026-07-03,,0,,0
5875,5875,2026-07-03,,0,,0
5876,5876,2026-07-03,,0,,0
5877,5877,2026-07-03,,0,,2
5878,5878,2026-06-25,156.00,329,,26
5879,5879,2026-06-25,393.00,274,,68
5880,5880,2026-06-25,440.00,312,,53
5881,5881,2026-06-25,308.00,311,,92
5882,5882,2026-06-25,429.00,284,,107
5883,5883,2026-06-25,345.00,102,,44
5884,5884,2026-06-25,355.00,278,,49
5885,5885,2026-06-24,129.70,332,,20
5886,5886,2026-06-25,171.00,313,,34
5887,5887,2026-06-25,171.00,334,,0
5888,5888,2026-06-25,292.00,339,,0
5889,5889,2026-06-25,262.00,339,,0
5890,5890,2026-06-25,267.00,262,,8
5891,5891,2026-06-25,463.00,290,,2
5892,5892,2026-07-03,,0,,144
5893,5893,2026-07-03,,0,,19
5894,5894,2026-06-24,1754.29,122,,3
5895,5895,2026-06-25,241.85,263,,264
5896,5896,2026-06-25,397.00,325,,69
5897,5897,2026-06-24,196.40,26,,131
5898,5898,2026-07-03,173.00,51,,137
5899,5899,2026-06-25,15.93,363,,19
5900,5900,2026-06-25,614.00,213,,119
5901,5901,2026-06-25,390.00,347,,80
5902,5902,2026-06-25,337.50,304,,72
5903,5903,2026-06-25,170.00,321,,56
5904,5904,2026-07-03,9.85,365,,2
5905,5905,2026-06-25,115.51,246,,1
5906,5906,2026-06-25,391.00,341,,34
5907,5907,2026-06-25,171.00,317,,165
5908,5908,2026-07-03,77.90,359,,0
5909,5909,2026-07-03,152.60,153,,10
5910,5910,2026-06-25,313.00,340,,109
5911,5911,2026-06-25,201.00,351,,106
5912,5912,2026-06-25,464.00,316,,87
5913,5913,2026-06-25,106.97,235,,0
5914,5914,2026-06-25,1040.00,291,,45
5915,5915,2026-06-25,77.26,332,,22
5916,5916,2026-06-25,285.29,343,,279
5917,5917,2026-06-25,134.55,331,,16
5918,5918,2026-06-25,109.94,335,,16
5919,5919,2026-06-25,387.50,211,,37
5920,5920,2026-07-03,,0,,3
5921,5921,2026-06-25,34.44,268,,8
5922,5922,2026-06-25,386.00,323,,143
5923,5923,2026-06-25,91.09,154,,11
5924,5924,2026-06-25,553.00,354,,638
5925,5925,2026-06-25,136.00,273,,52
5926,5926,2026-06-25,72.68,274,,5
5927,5927,2026-06-25,461.00,319,,52
5928,5928,2026-06-25,593.67,324,,105
5929,5929,2026-06-25,455.26,326,,55
5930,5930,2026-06-25,753.00,265,,118
5931,5931,2026-06-25,74.72,152,,9
5932,5932,2026-06-25,44.61,217,,19
5933,5933,2026-06-25,,45,,92
5934,5934,2026-07-03,75.06,118,,3
5935,5935,2026-06-24,286.00,365,,1
5936,5936,2026-07-03,,0,,1
5937,5937,2026-06-24,101.20,240,,71
5938,5938,2026-06-24,143.00,217,,137
5939,5939,2026-07-03,65.78,334,,47
5940,5940,2026-06-25,277.86,362,,4
5941,5941,2026-06-25,95.51,318,,5
5942,5942,2026-06-25,465.50,248,,20
5943,5943,2026-06-25,738.00,265,,93
5944,5944,2026-06-25,125.00,60,,471
5945,5945,2026-06-25,147.50,82,,801
5946,5946,2026-06-25,173.00,36,,240
5947,5947,2026-06-25,99.00,69,,779
5948,5948,2026-06-25,145.00,66,,307
5949,5949,2026-06-25,113.00,53,,156
5950,5950,2026-06-25,103.00,57,,450
5951,5951,2026-07-03,17.98,364,,1
5952,5952,2026-06-25,907.50,79,,218
5953,5953,2026-06-25,287.00,345,,117
5954,5954,2026-06-25,220.07,260,,0
5955,5955,2026-06-25,190.00,357,,1
5956,5956,2026-06-25,124.49,290,,3
5957,5957,2026-06-25,201.00,339,,1
5958,5958,2026-06-24,142.00,308,,290
5959,5959,2026-06-24,162.00,319,,90
5960,5960,2026-06-24,205.00,297,,14
5961,5961,2026-06-24,212.00,298,,1
5962,5962,2026-06-24,170.00,332,,33
5963,5963,2026-06-25,422.00,296,,22
5964,5964,2026-06-25,319.65,109,,248
5965,5965,2026-06-25,315.00,95,,71
5966,5966,2026-06-25,189.08,248,,1
5967,5967,2026-06-25,342.00,48,,83
5968,5968,2026-06-25,162.00,88,,51
5969,5969,2026-06-25,279.00,43,,131
5970,5970,2026-06-25,315.00,81,,55
5971,5971,2026-06-25,342.00,45,,105
5972,5972,2026-06-25,349.00,90,,97
5973,5973,2026-06-25,208.00,105,,12
5974,5974,2026-06-25,200.00,111,,33
5975,5975,2026-06-25,264.00,91,,55
5976,5976,2026-06-25,239.00,59,,79
5977,5977,2026-06-25,169.67,239,,134
5978,5978,2026-06-25,232.00,268,,4
5979,5979,2026-06-25,189.00,249,,0
5980,5980,2026-06-25,253.00,267,,8
5981,5981,2026-06-25,300.00,252,,95
5982,5982,2026-07-03,,0,,122
5983,5983,2026-06-25,142.00,269,,665
5984,5984,2026-06-25,147.00,271,,65
5985,5985,2026-06-25,410.50,196,,0
5986,5986,2026-06-24,126.00,343,,29
5987,5987,2026-06-25,295.00,305,,2
5988,5988,2026-06-25,111.00,272,,116
5989,5989,2026-06-25,147.00,223,,3
5990,5990,2026-06-25,122.00,319,,15
5991,5991,2026-06-25,133.00,335,,247
5992,5992,2026-06-25,178.00,332,,10
5993,5993,2026-06-25,217.00,318,,2
5994,5994,2026-06-25,243.67,156,,157
5995,5995,2026-06-25,274.33,144,,190
5996,5996,2026-06-24,250.00,159,,190
5997,5997,2026-06-24,297.75,154,,200
5998,5998,2026-06-25,358.75,143,,192
5999,5999,2026-06-25,60.30,209,,1
6000,6000,2026-06-25,55.32,217,,0
6001,6001,2026-06-25,33.45,217,,1
6002,6002,2026-06-25,213.28,324,,12
6003,6003,2026-06-25,27.43,206,,17
6004,6004,2026-06-24,150.00,61,,167
6005,6005,2026-06-25,708.00,305,,110
6006,6006,2026-06-25,176.17,54,,0
6007,6007,2026-06-25,37.31,241,,0
6008,6008,2026-06-24,37.31,216,,0
6009,6009,2026-06-25,39.23,244,,0
6010,6010,2026-06-24,55.32,247,,0
6011,6011,2026-06-25,56.05,267,,0
6012,6012,2026-06-25,31.44,236,,0
6013,6013,2026-06-25,37.31,62,,0
6014,6014,2026-06-25,36.71,192,,0
6015,6015,2026-06-25,37.78,299,,0
6016,6016,2026-06-25,37.78,296,,0
6017,6017,2026-06-25,37.31,246,,0
6018,6018,2026-07-03,,0,,52
6019,6019,2026-07-03,,0,,1
6020,6020,2026-06-25,33.88,156,,1
6021,6021,2026-06-25,41.19,236,,0
6022,6022,2026-06-25,39.17,175,,1
6023,6023,2026-06-25,36.42,175,,0
6024,6024,2026-06-25,119.91,279,,0
6025,6025,2026-06-25,41.08,175,,2
6026,6026,2026-06-25,60.12,179,,0
6027,6027,2026-06-25,41.01,175,,0
6028,6028,2026-06-25,41.01,175,,0
6029,6029,2026-06-25,27.44,85,,9
6030,6030,2026-06-25,39.23,359,,1
6031,6031,2026-06-25,37.31,339,,0
6032,6032,2026-06-25,56.33,363,,0
6033,6033,2026-06-25,37.34,144,,2
6034,6034,2026-06-25,39.59,144,,0
6035,6035,2026-06-25,47.14,328,,0
6036,6036,2026-06-25,63.92,363,,0
6037,6037,2026-06-25,39.88,67,,0
6038,6038,2026-06-25,42.13,216,,0
6039,6039,2026-06-25,56.33,328,,2
6040,6040,2026-06-25,36.53,192,,0
6041,6041,2026-06-25,37.78,297,,0
6042,6042,2026-06-24,137.73,316,,0
6043,6043,2026-06-24,114.12,155,,165
6044,6044,2026-06-25,183.67,359,,47
6045,6045,2026-06-24,306.33,336,,51
6046,6046,2026-06-25,304.00,343,,80
6047,6047,2026-06-25,26.81,266,,54
6048,6048,2026-06-24,237.00,340,,58
6049,6049,2026-06-24,370.00,335,,104
6050,6050,2026-06-24,271.00,345,,67
6051,6051,2026-06-25,272.00,341,,0
6052,6052,2026-06-24,318.33,341,,72
6053,6053,2026-06-25,704.00,287,,0
6054,6054,2026-06-25,252.00,336,,0
6055,6055,2026-06-25,372.00,310,,1
6056,6056,2026-06-24,282.33,357,,60
6057,6057,2026-06-25,214.00,246,,171
6058,6058,2026-06-25,280.00,287,,100
6059,6059,2026-06-25,388.50,284,,68
6060,6060,2026-06-25,289.00,341,,52
6061,6061,2026-06-25,225.00,265,,156
6062,6062,2026-06-24,335.33,348,,57
6063,6063,2026-06-25,232.00,240,,268
6064,6064,2026-06-24,275.00,354,,41
6065,6065,2026-06-24,252.00,361,,67
6066,6066,2026-06-25,208.00,322,,101
6067,6067,2026-06-25,232.00,281,,158
6068,6068,2026-06-25,237.00,279,,139
6069,6069,2026-06-25,73.94,234,,25
6070,6070,2026-06-25,383.67,331,,63
6071,6071,2026-06-25,501.50,321,,41
6072,6072,2026-06-25,42.69,264,,0
6073,6073,2026-06-24,199.71,363,,89
6074,6074,2026-06-25,38.81,67,,0
6075,6075,2026-06-25,44.09,326,,0
6076,6076,2026-06-25,45.91,217,,0
6077,6077,2026-06-25,34.24,147,,0
6078,6078,2026-06-25,45.16,208,,0
6079,6079,2026-06-25,38.71,46,,0
6080,6080,2026-06-25,584.28,329,,250
6081,6081,2026-07-03,,0,,138
6082,6082,2026-07-03,,25,,0
6083,6083,2026-06-25,134.73,141,,15
6084,6084,2026-06-25,490.50,328,,142
6085,6085,2026-06-25,58.26,267,,9
6086,6086,2026-06-25,43.03,116,,0
6087,6087,2026-06-25,213.02,339,,188
6088,6088,2026-06-25,54.43,328,,0
6089,6089,2026-06-25,203.00,284,,83
6090,6090,2026-06-25,494.00,322,,174
6091,6091,2026-06-25,549.45,362,,0
6092,6092,2026-06-25,,24,,0
6093,6093,2026-06-25,37.65,328,,0
6094,6094,2026-06-25,36.70,363,,0
6095,6095,2026-06-25,68.53,272,,30
6096,6096,2026-06-25,98.35,184,,14
6097,6097,2026-07-03,,0,,19
6098,6098,2026-06-24,188.87,279,,184
6099,6099,2026-06-25,219.00,122,,136
6100,6100,2026-06-25,77.38,55,,4
6101,6101,2026-06-25,84.19,53,,8
6102,6102,2026-06-25,88.70,83,,1
6103,6103,2026-06-25,253.00,49,,69
6104,6104,2026-06-25,300.00,332,,1133
6105,6105,2026-06-25,217.00,235,,26
6106,6106,2026-06-24,75.60,174,,13
6107,6107,2026-06-24,71.90,291,,8
6108,6108,2026-06-25,56.32,122,,8
6109,6109,2026-06-25,37.31,358,,0
6110,6110,2026-06-25,55.41,72,,10
6111,6111,2026-06-25,145.95,255,,14
6112,6112,2026-06-25,36.70,236,,0
6113,6113,2026-06-25,31.52,263,,0
6114,6114,2026-06-25,42.07,328,,0
6115,6115,2026-06-25,55.32,349,,0
6116,6116,2026-06-25,52.53,292,,1
6117,6117,2026-06-25,41.16,220,,0
6118,6118,2026-06-25,315.00,316,,126
6119,6119,2026-06-25,43.07,314,,1
6120,6120,2026-06-25,36.70,282,,2
6121,6121,2026-06-25,37.31,359,,0
6122,6122,2026-06-25,39.09,328,,1
6123,6123,2026-06-25,31.01,330,,0
6124,6124,2026-06-25,40.20,359,,0
6125,6125,2026-06-25,,24,,0
6126,6126,2026-06-24,51.03,174,,1
6127,6127,2026-06-25,48.09,259,,0
6128,6128,2026-06-25,46.72,175,,0
6129,6129,2026-07-03,,0,,0
6130,6130,2026-06-24,296.00,172,,189
6131,6131,2026-06-25,126.47,59,,20
6132,6132,2026-06-25,86.67,58,,1
6133,6133,2026-06-25,280.00,336,,117
6134,6134,2026-07-03,,0,,2
6135,6135,2026-06-25,224.67,38,,140
6136,6136,2026-06-25,207.90,42,,116
6137,6137,2026-06-25,103.13,220,,10
6138,6138,2026-06-25,68.53,320,,7
6139,6139,2026-06-24,370.89,114,,262
6140,6140,2026-06-25,203.33,122,,101
6141,6141,2026-06-24,417.00,77,,158
6142,6142,2026-06-24,237.33,131,,183
6143,6143,2026-06-25,305.23,64,,163
6144,6144,2026-06-25,304.50,291,,187
6145,6145,2026-06-25,75.16,206,,4
6146,6146,2026-07-03,,0,,12
6147,6147,2026-07-03,,0,,43
6148,6148,2026-06-25,423.84,346,,107
6149,6149,2026-06-25,69.88,207,,20
6150,6150,2026-07-03,,0,,4
6151,6151,2026-06-25,151.75,129,,0
6152,6152,2026-06-25,147.00,350,,1
6153,6153,2026-06-25,147.00,360,,0
6154,6154,2026-07-03,,0,,93
6155,6155,2026-06-25,157.70,360,,0
6156,6156,2026-06-25,175.75,346,,23
6157,6157,2026-06-25,219.45,338,,2
6158,6158,2026-06-24,131.00,348,,7
6159,6159,2026-06-24,134.00,354,,0
6160,6160,2026-06-24,208.00,342,,1
6161,6161,2026-06-24,222.00,341,,0
6162,6162,2026-06-25,193.95,332,,307
6163,6163,2026-06-25,465.00,162,,1
6164,6164,2026-06-25,220.00,191,,0
6165,6165,2026-06-25,225.00,209,,0
6166,6166,2026-06-25,307.00,218,,0
6167,6167,2026-06-25,322.00,223,,0
6168,6168,2026-06-25,323.00,216,,0
6169,6169,2026-06-25,178.40,131,,58
6170,6170,2026-06-25,243.25,155,,35
6171,6171,2026-07-03,,0,,216
6172,6172,2026-06-24,99.00,313,,10
6173,6173,2026-06-25,385.50,300,,74
6174,6174,2026-06-25,544.00,340,,81
6175,6175,2026-06-25,78.09,358,,2
6176,6176,2026-06-25,111.30,307,,2
6177,6177,2026-06-25,147.59,224,,2
6178,6178,2026-06-24,293.17,246,,0
6179,6179,2026-06-25,131.91,311,,0
6180,6180,2026-06-24,198.33,236,,1
6181,6181,2026-06-24,103.34,291,,2
6182,6182,2026-06-25,133.27,218,,4
6183,6183,2026-06-25,109.84,126,,1
6184,6184,2026-07-03,,0,,1
6185,6185,2026-06-25,189.15,285,,1
6186,6186,2026-06-25,150.42,230,,0
6187,6187,2026-06-25,151.19,263,,2
6188,6188,2026-06-25,117.94,210,,1
6189,6189,2026-06-25,105.28,311,,0
6190,6190,2026-06-25,113.75,270,,4
6191,6191,2026-06-25,112.00,223,,1
6192,6192,2026-06-25,103.56,243,,1
6193,6193,2026-06-25,150.42,292,,0
6194,6194,2026-06-25,129.60,169,,0
6195,6195,2026-06-24,192.31,328,,0
6196,6196,2026-06-25,175.00,324,,66
6197,6197,2026-07-03,,24,,1
6198,6198,2026-06-25,116.00,258,,129
6199,6199,2026-06-24,146.00,349,,13
6200,6200,2026-06-24,261.00,324,,0
6201,6201,2026-07-03,,0,,110
6202,6202,2026-07-03,,0,,121
6203,6203,2026-07-03,,0,,163
6204,6204,2026-07-03,51.00,157,,0
6205,6205,2026-06-25,148.50,244,,650
6206,6206,2026-06-25,154.80,216,,187
6207,6207,2026-06-25,159.00,253,,38
6208,6208,2026-06-25,130.00,244,,52
6209,6209,2026-06-25,158.00,232,,41
6210,6210,2026-06-25,216.90,215,,60
6211,6211,2026-06-25,147.00,241,,454
6212,6212,2026-06-25,125.00,249,,681
6213,6213,2026-06-25,181.00,240,,5
6214,6214,2026-06-25,196.00,194,,18
6215,6215,2026-06-25,283.00,216,,135
6216,6216,2026-07-03,,0,,189
6217,6217,2026-07-03,,0,,372
6218,6218,2026-07-03,161.67,22,,6
6219,6219,2026-06-25,105.00,46,,175
6220,6220,2026-06-24,179.75,316,,203
6221,6221,2026-07-03,319.52,12,,36
6222,6222,2026-06-25,256.50,150,,72
6223,6223,2026-06-25,284.80,335,,45
6224,6224,2026-06-25,,172,,342
6225,6225,2026-06-25,300.00,178,,724
6226,6226,2026-06-25,324.00,126,,217
6227,6227,2026-06-25,235.50,339,,163
6228,6228,2026-06-25,406.50,322,,173
6229,6229,2026-06-25,322.00,314,,161
6230,6230,2026-07-03,,301,,8
6231,6231,2026-06-25,83.01,364,,7
6232,6232,2026-07-03,,255,,9
6233,6233,2026-06-25,148.50,203,,20
6234,6234,2026-07-03,,150,,20
6235,6235,2026-06-25,164.00,279,,33
6236,6236,2026-07-03,,0,,2
6237,6237,2026-07-03,,0,,195
6238,6238,2026-06-24,271.98,280,,326
6239,6239,2026-06-25,458.00,344,,58
6240,6240,2026-06-25,507.33,346,,40
6241,6241,2026-06-25,125.25,298,,10
6242,6242,2026-06-24,321.00,304,,207
6243,6243,2026-06-25,305.00,290,,97
6244,6244,2026-06-25,389.00,294,,86
6245,6245,2026-06-25,305.00,273,,51
6246,6246,2026-06-25,370.00,280,,54
6247,6247,2026-06-25,303.00,323,,121
6248,6248,2026-06-25,263.59,365,,2
6249,6249,2026-06-25,369.03,365,,4
6250,6250,2026-06-25,316.31,365,,0
6251,6251,2026-06-24,266.00,38,,12
6252,6252,2026-06-25,204.58,197,,2
6253,6253,2026-06-25,160.74,165,,0
6254,6254,2026-06-25,604.00,220,,1
6255,6255,2026-06-25,567.00,220,,21
6256,6256,2026-06-24,628.00,220,,69
6257,6257,2026-06-25,353.00,271,,219
6258,6258,2026-06-25,298.50,316,,16
6259,6259,2026-06-25,109.00,258,,916
6260,6260,2026-06-25,203.00,233,,2
6261,6261,2026-06-24,134.00,34,,67
6262,6262,2026-06-25,67.06,284,,9
6263,6263,2026-06-25,463.33,331,,42
6264,6264,2026-06-25,457.67,338,,62
6265,6265,2026-06-25,599.00,333,,26
6266,6266,2026-07-03,,0,,822
6267,6267,2026-07-03,,0,,44
6268,6268,2026-07-03,,0,,42
6269,6269,2026-07-03,,0,,30
6270,6270,2026-06-25,217.88,260,,3
6271,6271,2026-06-25,330.50,310,,80
6272,6272,2026-07-03,,15,,2
6273,6273,2026-06-25,180.00,80,,370
6274,6274,2026-06-25,134.18,48,,1
6275,6275,2026-06-25,163.84,357,,104
6276,6276,2026-07-03,,0,,28
6277,6277,2026-06-25,190.00,302,,11
6278,6278,2026-06-25,284.00,302,,17
6279,6279,2026-06-25,500.00,297,,5
6280,6280,2026-06-25,105.00,236,,227
6281,6281,2026-06-25,297.00,115,,97
6282,6282,2026-06-25,317.00,279,,2
6283,6283,2026-06-25,168.00,225,,83
6284,6284,2026-06-25,116.00,258,,160
6285,6285,2026-06-25,155.00,216,,191
6286,6286,2026-06-25,279.00,128,,5
6287,6287,2026-06-24,80.84,253,,19
6288,6288,2026-06-25,377.00,181,,1
6289,6289,2026-06-25,453.00,223,,13
6290,6290,2026-06-25,327.00,266,,3
6291,6291,2026-06-25,453.00,210,,2
6292,6292,2026-06-25,83.26,365,,0
6293,6293,2026-07-03,130.09,138,,153
6294,6294,2026-06-24,217.50,27,,14
6295,6295,2026-06-24,32.00,277,,23
6296,6296,2026-06-25,41.00,301,,3
6297,6297,2026-06-24,56.00,293,,1
6298,6298,2026-06-24,37.00,302,,1
6299,6299,2026-06-24,54.00,321,,6
6300,6300,2026-06-24,33.00,338,,2
6301,6301,2026-06-24,43.00,294,,2
6302,6302,2026-06-25,53.00,323,,20
6303,6303,2026-07-03,,0,,0
6304,6304,2026-06-25,33.00,344,,43
6305,6305,2026-06-25,241.00,272,,4
6306,6306,2026-06-25,561.00,309,,18
6307,6307,2026-06-25,379.00,230,,3
6308,6308,2026-06-25,517.00,240,,15
6309,6309,2026-06-25,560.00,190,,1
6310,6310,2026-06-25,349.00,215,,1
6311,6311,2026-06-25,371.00,234,,0
6312,6312,2026-06-25,420.00,224,,0
6313,6313,2026-06-25,74.53,330,,3
6314,6314,2026-06-25,101.59,128,,12
6315,6315,2026-06-25,305.00,330,,108
6316,6316,2026-06-25,175.00,90,,683
6317,6317,2026-06-25,101.59,139,,12
6318,6318,2026-06-25,92.36,137,,12
6319,6319,2026-06-24,62.29,247,,10
6320,6320,2026-06-25,159.00,186,,16
6321,6321,2026-06-25,101.59,150,,13
6322,6322,2026-06-25,175.00,186,,148
6323,6323,2026-06-25,103.26,155,,12
6324,6324,2026-06-25,137.38,354,,0
6325,6325,2026-06-25,69.41,306,,4
6326,6326,2026-06-25,324.00,156,,51
6327,6327,2026-06-25,142.03,365,,12
6328,6328,2026-06-25,291.67,338,,188
6329,6329,2026-06-25,40.03,111,,2
6330,6330,2026-06-25,135.21,228,,0
6331,6331,2026-06-24,259.00,328,,16
6332,6332,2026-06-25,320.00,324,,32
6333,6333,2026-06-24,259.00,207,,30
6334,6334,2026-06-25,252.00,225,,14
6335,6335,2026-06-24,278.00,317,,18
6336,6336,2026-06-24,499.33,163,,17
6337,6337,2026-06-24,64.31,218,,13
6338,6338,2026-06-25,112.17,299,,2
6339,6339,2026-06-25,190.00,312,,121
6340,6340,2026-06-25,306.00,314,,156
6341,6341,2026-06-25,326.50,327,,143
6342,6342,2026-06-25,316.00,329,,57
6343,6343,2026-06-25,285.50,312,,144
6344,6344,2026-06-25,253.00,324,,139
6345,6345,2026-06-25,177.00,87,,58
6346,6346,2026-07-03,,29,,0
6347,6347,2026-06-24,190.50,312,,182
6348,6348,2026-06-24,338.00,324,,149
6349,6349,2026-06-25,38.38,365,,0
6350,6350,2026-06-25,38.38,365,,0
6351,6351,2026-06-25,38.38,365,,0
6352,6352,2026-06-25,38.38,365,,0
6353,6353,2026-06-25,40.00,365,,0
6354,6354,2026-06-25,38.38,365,,0
6355,6355,2026-06-25,219.00,147,,685
6356,6356,2026-06-25,80.38,348,,26
6357,6357,2026-06-25,252.00,69,,34
6358,6358,2026-06-25,56.32,154,,10
6359,6359,2026-06-24,243.00,282,,129
6360,6360,2026-06-25,177.00,66,,43
6361,6361,2026-06-25,160.00,64,,2
6362,6362,2026-07-03,,0,,24
6363,6363,2026-06-25,161.00,101,,4
6364,6364,2026-06-25,174.60,107,,39
6365,6365,2026-06-25,449.00,104,,11
6366,6366,2026-06-25,380.00,282,,128
6367,6367,2026-06-25,162.00,130,,2
6368,6368,2026-06-25,268.48,364,,0
6369,6369,2026-06-25,86.21,93,,8
6370,6370,2026-06-25,56.21,287,,9
6371,6371,2026-06-25,55.12,266,,7
6372,6372,2026-06-25,56.00,294,,5
6373,6373,2026-06-25,165.94,338,,6
6374,6374,2026-06-25,354.79,348,,145
6375,6375,2026-06-25,204.00,202,,175
6376,6376,2026-06-25,394.60,46,,201
6377,6377,2026-06-25,113.47,167,,43
6378,6378,2026-06-25,188.33,133,,113
6379,6379,2026-06-24,261.00,179,,90
6380,6380,2026-06-24,235.00,179,,236
6381,6381,2026-06-24,200.00,167,,2
6382,6382,2026-06-24,200.00,167,,64
6383,6383,2026-06-25,139.32,46,,1
6384,6384,2026-06-25,216.00,242,,146
6385,6385,2026-06-25,320.50,347,,1196
6386,6386,2026-06-25,336.00,341,,1146
6387,6387,2026-06-24,73.94,187,,10
6388,6388,2026-06-25,342.50,294,,111
6389,6389,2026-06-25,74.82,229,,16
6390,6390,2026-07-03,,152,,17
6391,6391,2026-07-03,,60,,10
6392,6392,2026-07-03,,64,,8
6393,6393,2026-06-25,96.14,291,,1
6394,6394,2026-06-25,146.63,317,,1
6395,6395,2026-06-25,136.05,237,,0
6396,6396,2026-06-24,112.65,46,,1
6397,6397,2026-06-25,164.60,264,,0
6398,6398,2026-06-25,161.73,314,,1
6399,6399,2026-06-25,305.00,190,,10
6400,6400,2026-06-25,110.83,61,,22
6401,6401,2026-06-24,153.38,330,,10
6402,6402,2026-06-25,101.59,124,,13
6403,6403,2026-06-25,103.26,173,,16
6404,6404,2026-06-25,110.83,152,,17
6405,6405,2026-06-25,74.77,165,,9
6406,6406,2026-06-25,101.97,109,,1
6407,6407,2026-06-25,65.71,164,,10
6408,6408,2026-07-03,,28,,12
6409,6409,2026-06-25,77.97,56,,11
6410,6410,2026-06-25,60.16,183,,13
6411,6411,2026-06-25,60.03,139,,11
6412,6412,2026-06-25,60.03,151,,11
6413,6413,2026-06-25,60.16,183,,16
6414,6414,2026-06-25,61.02,180,,11
6415,6415,2026-06-25,99.33,74,,7
6416,6416,2026-06-25,272.46,149,,132
6417,6417,2026-06-25,60.03,72,,13
6418,6418,2026-06-25,61.02,183,,5
6419,6419,2026-06-25,61.02,158,,10
6420,6420,2026-06-25,47.16,183,,7
6421,6421,2026-06-25,61.02,170,,12
6422,6422,2026-06-25,326.00,30,,131
6423,6423,2026-06-25,183.00,285,,208
6424,6424,2026-06-25,62.73,226,,14
6425,6425,2026-06-25,309.50,269,,52
6426,6426,2026-06-25,537.50,229,,20
6427,6427,2026-06-25,329.80,260,,207
6428,6428,2026-06-25,180.16,289,,0
6429,6429,2026-06-25,134.30,296,,1
6430,6430,2026-06-25,166.37,291,,0
6431,6431,2026-06-25,197.43,231,,0
6432,6432,2026-06-25,1426.50,160,,2
6433,6433,2026-06-25,503.26,316,,22
6434,6434,2026-06-25,504.55,319,,28
6435,6435,2026-06-25,116.79,300,,2
6436,6436,2026-07-03,,64,,8
6437,6437,2026-07-03,,1,,11
6438,6438,2026-07-03,25.86,37,,4
6439,6439,2026-07-03,,11,,8
6440,6440,2026-06-25,198.33,97,,40
6441,6441,2026-06-25,231.67,97,,135
6442,6442,2026-06-25,373.00,152,,28
6443,6443,2026-06-25,201.40,158,,69
6444,6444,2026-06-25,195.00,117,,68
6445,6445,2026-06-25,279.00,138,,5
6446,6446,2026-06-25,58.55,176,,5
6447,6447,2026-07-03,485.00,5,,29
6448,6448,2026-06-25,166.26,262,,0
6449,6449,2026-06-25,150.50,286,,0
6450,6450,2026-06-25,204.00,100,,105
6451,6451,2026-06-25,282.00,154,,167
6452,6452,2026-06-25,130.63,224,,6
6453,6453,2026-07-03,,0,,1
6454,6454,2026-06-25,185.54,273,,2
6455,6455,2026-06-25,468.00,311,,175
6456,6456,2026-06-25,83.38,365,,5
6457,6457,2026-06-25,112.78,288,,15
6458,6458,2026-06-25,77.00,328,,18
6459,6459,2026-06-25,93.46,316,,4
6460,6460,2026-06-25,106.00,310,,10
6461,6461,2026-06-25,79.88,172,,9
6462,6462,2026-06-24,112.65,46,,2
6463,6463,2026-06-24,320.00,124,,124
6464,6464,2026-06-25,96.37,78,,5
6465,6465,2026-06-25,310.00,307,,170
6466,6466,2026-06-25,289.00,326,,135
6467,6467,2026-06-25,233.50,314,,123
6468,6468,2026-06-25,390.00,314,,126
6469,6469,2026-06-25,248.00,334,,202
6470,6470,2026-06-24,269.00,311,,137
6471,6471,2026-06-24,316.00,319,,163
6472,6472,2026-06-25,61.50,329,,8
6473,6473,2026-06-24,127.20,185,,15
6474,6474,2026-06-25,75.48,334,,11
6475,6475,2026-06-25,163.00,314,,55
6476,6476,2026-06-25,170.00,303,,177
6477,6477,2026-06-24,335.50,190,,18
6478,6478,2026-07-03,341.33,227,,91
6479,6479,2026-06-25,129.00,292,,144
6480,6480,2026-06-25,101.00,290,,31
6481,6481,2026-06-24,224.24,134,,277
6482,6482,2026-06-25,100.00,131,,77
6483,6483,2026-06-24,80.00,175,,75
6484,6484,2026-06-25,113.88,335,,0
6485,6485,2026-06-25,349.00,200,,135
6486,6486,2026-07-03,323.33,6,,9
6487,6487,2026-06-25,252.00,324,,180
6488,6488,2026-06-25,376.00,327,,146
6489,6489,2026-06-25,336.00,307,,209
6490,6490,2026-06-25,374.33,323,,179
6491,6491,2026-06-25,268.00,298,,179
6492,6492,2026-06-25,235.00,328,,147
6493,6493,2026-06-25,105.14,280,,8
6494,6494,2026-06-24,303.00,309,,188
6495,6495,2026-06-25,302.00,308,,201
6496,6496,2026-06-24,275.00,334,,142
6497,6497,2026-06-24,132.74,339,,6
6498,6498,2026-06-25,75.77,324,,0
6499,6499,2026-06-24,393.10,219,,43
6500,6500,2026-07-03,110.83,335,,0
6501,6501,2026-06-25,317.25,346,,137
6502,6502,2026-06-24,345.00,314,,131
6503,6503,2026-07-03,105.29,153,,0
6504,6504,2026-07-03,115.45,56,,0
6505,6505,2026-06-24,307.00,38,,243
6506,6506,2026-06-25,85.69,269,,6
6507,6507,2026-06-25,314.00,218,,167
6508,6508,2026-06-24,60.87,174,,1
6509,6509,2026-06-25,149.00,200,,22
6510,6510,2026-06-25,50.09,43,,3
6511,6511,2026-06-25,277.00,234,,184
6512,6512,2026-06-25,269.67,230,,169
6513,6513,2026-06-25,90.00,333,,16
6514,6514,2026-06-25,120.00,288,,26
6515,6515,2026-06-25,110.00,328,,22
6516,6516,2026-06-25,190.00,324,,29
6517,6517,2026-06-25,180.00,306,,24
6518,6518,2026-06-25,266.90,259,,1
6519,6519,2026-06-25,38.38,365,,0
6520,6520,2026-06-25,40.00,352,,139
6521,6521,2026-07-03,,0,,57
6522,6522,2026-06-25,359.00,275,,189
6523,6523,2026-06-25,40.00,352,,200
6524,6524,2026-06-25,369.00,280,,272
6525,6525,2026-06-24,284.00,107,,29
6526,6526,2026-06-25,229.00,107,,134
6527,6527,2026-06-25,40.00,350,,150
6528,6528,2026-06-25,38.38,365,,0
6529,6529,2026-06-25,38.38,365,,0
6530,6530,2026-06-25,38.38,365,,0
6531,6531,2026-06-25,40.00,349,,460
6532,6532,2026-06-25,38.38,365,,0
6533,6533,2026-06-25,38.38,365,,0
6534,6534,2026-06-25,38.38,365,,0
6535,6535,2026-06-25,38.38,365,,0
6536,6536,2026-06-25,38.38,365,,0
6537,6537,2026-06-25,38.38,365,,0
6538,6538,2026-06-25,241.67,220,,181
6539,6539,2026-06-24,80.00,23,,292
6540,6540,2026-06-25,302.41,290,,256
6541,6541,2026-06-25,262.00,314,,139
6542,6542,2026-07-03,117.34,342,,0
6543,6543,2026-07-03,107.01,208,,0
6544,6544,2026-07-03,117.34,349,,1
6545,6545,2026-06-25,108.75,294,,20
6546,6546,2026-07-03,107.01,158,,2
6547,6547,2026-07-03,127.03,346,,0
6548,6548,2026-07-03,115.45,299,,1
6549,6549,2026-06-24,97.00,142,,8
6550,6550,2026-06-24,243.00,339,,69
6551,6551,2026-06-25,347.33,145,,176
6552,6552,2026-06-25,264.50,211,,189
6553,6553,2026-06-25,260.00,216,,166
6554,6554,2026-06-25,70.48,304,,11
6555,6555,2026-06-25,540.00,325,,157
6556,6556,2026-07-03,207.00,296,,176
6557,6557,2026-06-25,86.24,343,,36
6558,6558,2026-06-25,226.47,359,,101
6559,6559,2026-06-25,90.26,272,,10
6560,6560,2026-06-25,23.76,236,,6
6561,6561,2026-06-25,121.03,235,,1
6562,6562,2026-06-25,273.68,328,,93
6563,6563,2026-06-25,222.13,198,,122
6564,6564,2026-06-25,259.00,146,,19
6565,6565,2026-06-25,258.50,55,,2
6566,6566,2026-06-25,176.24,260,,3
6567,6567,2026-06-25,146.38,309,,14
6568,6568,2026-07-03,,0,,0
6569,6569,2026-06-25,82.16,329,,4
6570,6570,2026-06-25,118.66,119,,17
6571,6571,2026-06-25,225.38,265,,77
6572,6572,2026-06-25,232.33,59,,184
6573,6573,2026-06-25,40.00,181,,184
6574,6574,2026-06-25,208.50,343,,58
6575,6575,2026-06-25,63.00,170,,284
6576,6576,2026-06-24,206.50,306,,49
6577,6577,2026-06-25,184.00,327,,45
6578,6578,2026-06-25,195.50,307,,74
6579,6579,2026-06-25,169.00,327,,12
6580,6580,2026-06-25,152.00,334,,52
6581,6581,2026-06-24,151.19,179,,0
6582,6582,2026-07-03,230.86,8,,100
6583,6583,2026-07-03,49.39,228,,4
6584,6584,2026-06-25,191.55,288,,2
6585,6585,2026-06-25,95.84,168,,2
6586,6586,2026-07-03,,0,,14
6587,6587,2026-07-03,,0,,0
6588,6588,2026-06-24,38.61,345,,11
6589,6589,2026-06-25,26.06,308,,11
6590,6590,2026-06-25,55.04,236,,9
6591,6591,2026-06-25,236.21,361,,126
6592,6592,2026-06-24,202.40,140,,25
6593,6593,2026-06-25,72.30,324,,17
6594,6594,2026-06-25,31.28,118,,7
6595,6595,2026-06-25,116.58,246,,89
6596,6596,2026-06-25,602.00,204,,213
6597,6597,2026-06-25,85.53,335,,3
6598,6598,2026-06-25,79.53,345,,6
6599,6599,2026-06-25,56.32,183,,10
6600,6600,2026-06-25,361.00,112,,138
6601,6601,2026-06-25,54.55,190,,12
6602,6602,2026-06-25,56.32,183,,5
6603,6603,2026-06-25,73.00,178,,104
6604,6604,2026-06-25,73.00,171,,47
6605,6605,2026-06-25,175.76,171,,0
6606,6606,2026-06-25,132.84,355,,0
6607,6607,2026-06-25,147.00,319,,0
6608,6608,2026-06-24,35.25,274,,15
6609,6609,2026-06-25,388.00,336,,106
6610,6610,2026-06-25,1157.00,298,,128
6611,6611,2026-06-25,532.50,317,,129
6612,6612,2026-06-25,528.00,271,,89
6613,6613,2026-06-25,313.00,334,,123
6614,6614,2026-06-25,415.50,317,,152
6615,6615,2026-06-25,200.50,315,,156
6616,6616,2026-06-25,320.50,326,,116
6617,6617,2026-06-25,393.00,331,,117
6618,6618,2026-06-25,35.37,180,,0
6619,6619,2026-06-25,176.92,350,,0
6620,6620,2026-06-25,,313,,0
6621,6621,2026-06-25,170.23,171,,0
6622,6622,2026-06-25,176.68,171,,0
6623,6623,2026-06-25,176.68,171,,0
6624,6624,2026-06-25,144.29,153,,11
6625,6625,2026-06-25,62.80,271,,0
6626,6626,2026-06-25,148.34,295,,0
6627,6627,2026-06-24,222.00,48,,59
6628,6628,2026-06-25,132.84,342,,0
6629,6629,2026-06-25,147.00,365,,0
6630,6630,2026-06-25,103.75,339,,0
6631,6631,2026-06-25,176.68,171,,0
6632,6632,2026-06-25,233.00,336,,156
6633,6633,2026-06-25,176.68,171,,0
6634,6634,2026-06-25,176.68,171,,0
6635,6635,2026-06-25,110.48,298,,1
6636,6636,2026-06-25,176.68,171,,0
6637,6637,2026-06-25,176.68,171,,0
6638,6638,2026-07-03,,0,,9
6639,6639,2026-06-24,330.00,42,,96
6640,6640,2026-06-25,176.68,171,,0
6641,6641,2026-06-25,109.72,265,,8
6642,6642,2026-06-25,119.45,285,,1
6643,6643,2026-06-25,176.68,171,,0
6644,6644,2026-06-25,112.37,358,,0
6645,6645,2026-06-25,217.50,46,,139
6646,6646,2026-06-25,176.68,171,,0
6647,6647,2026-06-25,176.68,171,,0
6648,6648,2026-06-25,176.68,171,,0
6649,6649,2026-06-25,176.68,171,,0
6650,6650,2026-06-25,176.68,171,,0
6651,6651,2026-06-25,176.68,171,,0
6652,6652,2026-06-25,247.50,345,,52
6653,6653,2026-06-25,78.47,264,,0
6654,6654,2026-06-25,244.50,313,,109
6655,6655,2026-06-24,207.50,181,,89
6656,6656,2026-06-25,345.50,252,,230
6657,6657,2026-06-25,105.69,200,,2
6658,6658,2026-07-03,,21,,3
6659,6659,2026-06-25,94.91,278,,13
6660,6660,2026-06-24,90.00,125,,118
6661,6661,2026-06-25,109.98,292,,8
6662,6662,2026-06-25,116.00,129,,15
6663,6663,2026-06-25,640.00,25,,54
6664,6664,2026-06-25,90.05,268,,1
6665,6665,2026-06-24,100.00,164,,87
6666,6666,2026-06-25,100.00,155,,86
6667,6667,2026-06-25,129.64,292,,3
6668,6668,2026-06-24,147.00,364,,0
6669,6669,2026-06-25,260.00,242,,168
6670,6670,2026-06-25,62.75,286,,18
6671,6671,2026-07-03,277.67,178,,3
6672,6672,2026-06-25,136.14,322,,0
6673,6673,2026-06-25,252.60,96,,35
6674,6674,2026-06-25,153.76,258,,0
6675,6675,2026-07-03,,8,,0
6676,6676,2026-07-03,,2,,1
6677,6677,2026-06-25,288.00,112,,164
6678,6678,2026-06-25,269.35,282,,64
6679,6679,2026-06-25,56.94,67,,33
6680,6680,2026-06-25,437.50,313,,183
6681,6681,2026-06-24,247.00,284,,105
6682,6682,2026-06-24,352.50,94,,174
6683,6683,2026-06-24,146.46,328,,2
6684,6684,2026-06-25,162.52,309,,0
6685,6685,2026-06-25,405.00,131,,67
6686,6686,2026-06-25,113.97,298,,2
6687,6687,2026-06-25,177.58,199,,1
6688,6688,2026-06-25,144.54,364,,2
6689,6689,2026-06-25,117.66,253,,1
6690,6690,2026-06-24,184.18,199,,0
6691,6691,2026-07-03,,0,,0
6692,6692,2026-06-25,215.00,293,,192
6693,6693,2026-06-25,323.10,227,,174
6694,6694,2026-06-25,109.00,139,,6
6695,6695,2026-06-25,151.00,95,,1
6696,6696,2026-06-24,87.00,160,,10
6697,6697,2026-06-25,109.00,80,,2
6698,6698,2026-06-25,602.50,270,,0
6699,6699,2026-06-25,60.13,334,,9
6700,6700,2026-06-25,209.98,229,,280
6701,6701,2026-07-03,65.14,365,,0
6702,6702,2026-07-03,62.46,306,,2
6703,6703,2026-07-03,77.80,365,,0
6704,6704,2026-06-25,68.16,265,,12
6705,6705,2026-06-24,71.84,177,,19
6706,6706,2026-06-24,491.00,117,,28
6707,6707,2026-07-03,,0,,1
6708,6708,2026-06-25,194.00,11,,2
6709,6709,2026-06-24,248.50,135,,115
6710,6710,2026-06-25,148.00,149,,63
6711,6711,2026-06-25,131.00,107,,123
6712,6712,2026-06-25,164.00,140,,146
6713,6713,2026-06-25,168.33,81,,133
6714,6714,2026-06-25,136.00,129,,49
6715,6715,2026-06-25,131.40,104,,133
6716,6716,2026-06-25,99.00,141,,19
6717,6717,2026-06-25,182.67,365,,37
6718,6718,2026-06-25,51.63,183,,4
6719,6719,2026-06-25,65.71,157,,12
6720,6720,2026-06-25,61.02,183,,9
6721,6721,2026-06-25,41.56,125,,7
6722,6722,2026-06-25,65.71,116,,11
6723,6723,2026-06-25,60.63,328,,10
6724,6724,2026-06-25,149.00,365,,3
6725,6725,2026-06-25,289.50,73,,433
6726,6726,2026-06-25,56.32,183,,7
6727,6727,2026-06-25,56.32,183,,6
6728,6728,2026-06-25,82.81,172,,15
6729,6729,2026-06-24,233.00,316,,134
6730,6730,2026-06-24,184.00,355,,128
6731,6731,2026-06-24,231.50,325,,85
6732,6732,2026-06-25,306.00,24,,207
6733,6733,2026-06-25,142.69,337,,5
6734,6734,2026-06-25,244.00,343,,148
6735,6735,2026-06-25,351.00,305,,308
6736,6736,2026-06-24,100.39,365,,0
6737,6737,2026-06-25,110.66,184,,14
6738,6738,2026-06-25,153.37,297,,1
6739,6739,2026-06-25,75.10,365,,0
6740,6740,2026-07-03,,0,,0
6741,6741,2026-06-24,571.00,365,,1
6742,6742,2026-06-25,79.22,233,,20
6743,6743,2026-06-24,193.00,79,,48
6744,6744,2026-06-24,42.94,64,,14
6745,6745,2026-06-25,44.75,363,,31
6746,6746,2026-06-25,192.00,144,,139
6747,6747,2026-06-24,88.31,295,,0
6748,6748,2026-06-25,321.22,253,,1
6749,6749,2026-06-25,94.03,182,,7
6750,6750,2026-06-25,104.73,181,,15
6751,6751,2026-07-03,39.68,62,,4
6752,6752,2026-06-25,202.33,128,,138
6753,6753,2026-06-25,252.00,289,,4
6754,6754,2026-06-25,219.64,262,,1
6755,6755,2026-06-25,83.69,71,,3
6756,6756,2026-06-25,67.87,46,,3
6757,6757,2026-06-25,326.20,349,,145
6758,6758,2026-06-25,52.72,55,,3
6759,6759,2026-06-25,99.35,363,,9
6760,6760,2026-06-25,153.33,107,,0
6761,6761,2026-06-25,127.30,181,,2
6762,6762,2026-06-25,121.65,313,,1
6763,6763,2026-06-25,106.18,293,,3
6764,6764,2026-06-24,439.50,328,,106
6765,6765,2026-06-25,303.50,317,,112
6766,6766,2026-06-25,399.50,304,,161
6767,6767,2026-06-25,392.50,316,,137
6768,6768,2026-06-25,203.77,365,,0
6769,6769,2026-06-25,,337,,0
6770,6770,2026-06-25,342.83,258,,1
6771,6771,2026-06-25,217.03,108,,1
6772,6772,2026-06-25,111.67,168,,0
6773,6773,2026-06-25,55.28,350,,13
6774,6774,2026-06-25,195.50,155,,212
6775,6775,2026-06-25,73.03,364,,2
6776,6776,2026-06-24,233.94,72,,129
6777,6777,2026-06-25,139.52,288,,1
6778,6778,2026-06-25,555.00,318,,144
6779,6779,2026-06-25,252.00,276,,178
6780,6780,2026-06-25,387.00,333,,72
6781,6781,2026-06-25,149.22,186,,2
6782,6782,2026-06-25,331.67,240,,0
6783,6783,2026-06-25,165.50,74,,108
6784,6784,2026-06-24,61.22,365,,0
6785,6785,2026-06-25,296.71,295,,230
6786,6786,2026-07-03,,9,,3
6787,6787,2026-06-25,356.00,157,,61
6788,6788,2026-06-25,328.00,145,,43
6789,6789,2026-06-25,55.77,285,,12
6790,6790,2026-06-25,247.09,342,,150
6791,6791,2026-06-25,233.29,342,,135
6792,6792,2026-06-25,88.87,338,,19
6793,6793,2026-06-24,281.00,139,,31
6794,6794,2026-06-25,74.52,38,,16
6795,6795,2026-06-24,55.39,364,,1
6796,6796,2026-06-25,369.00,346,,99
6797,6797,2026-06-25,653.35,365,,1
6798,6798,2026-06-25,684.00,302,,143
6799,6799,2026-06-25,493.00,344,,134
6800,6800,2026-07-03,338.00,350,,120
6801,6801,2026-06-25,47.14,78,,64
6802,6802,2026-06-24,1177.50,308,,133
6803,6803,2026-06-25,598.00,321,,126
6804,6804,2026-06-25,411.50,317,,142
6805,6805,2026-06-25,336.00,330,,135
6806,6806,2026-06-25,383.00,329,,71
6807,6807,2026-06-25,278.00,305,,121
6808,6808,2026-06-25,224.00,254,,58
6809,6809,2026-06-25,91.90,198,,17
6810,6810,2026-06-25,283.50,320,,107
6811,6811,2026-06-25,274.00,72,,244
6812,6812,2026-07-03,13.58,116,,14
6813,6813,2026-07-03,,0,,2
6814,6814,2026-06-25,140.00,301,,1
6815,6815,2026-06-25,138.34,141,,0
6816,6816,2026-07-03,,0,,0
6817,6817,2026-06-25,286.00,26,,222
6818,6818,2026-06-24,214.33,141,,131
6819,6819,2026-06-25,166.00,157,,29
6820,6820,2026-07-03,,37,,20
6821,6821,2026-06-25,112.26,109,,3
6822,6822,2026-07-03,,0,,3
6823,6823,2026-06-24,129.83,362,,2
6824,6824,2026-06-25,80.27,286,,6
6825,6825,2026-06-24,87.97,124,,6
6826,6826,2026-06-25,171.29,175,,20
6827,6827,2026-06-25,235.00,149,,93
6828,6828,2026-06-25,59.25,97,,11
6829,6829,2026-06-25,44.06,196,,7
6830,6830,2026-06-25,144.97,360,,0
6831,6831,2026-06-25,271.00,315,,104
6832,6832,2026-06-25,276.34,339,,74
6833,6833,2026-06-25,138.96,293,,1
6834,6834,2026-06-24,141.00,180,,0
6835,6835,2026-06-25,70.12,150,,4
6836,6836,2026-07-03,,0,,0
6837,6837,2026-06-25,200.00,255,,77
6838,6838,2026-06-25,203.00,183,,58
6839,6839,2026-06-25,162.50,258,,69
6840,6840,2026-06-25,211.50,218,,96
6841,6841,2026-06-25,290.00,203,,59
6842,6842,2026-06-25,198.00,234,,109
6843,6843,2026-06-25,226.00,202,,99
6844,6844,2026-06-25,405.00,341,,183
6845,6845,2026-06-25,300.97,312,,64
6846,6846,2026-06-25,117.17,327,,2
6847,6847,2026-06-25,221.00,352,,73
6848,6848,2026-07-03,,0,,6
6849,6849,2026-06-24,89.33,336,,34
6850,6850,2026-06-25,158.00,288,,6
6851,6851,2026-06-25,179.40,331,,14
6852,6852,2026-06-25,120.67,106,,1
6853,6853,2026-06-25,121.30,289,,0
6854,6854,2026-06-24,33.19,294,,10
6855,6855,2026-06-25,82.97,203,,11
6856,6856,2026-06-25,103.73,309,,4
6857,6857,2026-06-25,252.50,194,,90
6858,6858,2026-06-25,358.00,224,,71
6859,6859,2026-06-25,210.00,231,,142
6860,6860,2026-06-25,343.50,231,,66
6861,6861,2026-06-25,259.00,193,,96
6862,6862,2026-06-25,146.08,207,,29
6863,6863,2026-07-03,,301,,2
6864,6864,2026-07-03,,302,,4
6865,6865,2026-06-25,71.69,349,,16
6866,6866,2026-06-25,103.58,319,,15
6867,6867,2026-06-24,56.21,365,,0
6868,6868,2026-06-25,122.44,175,,0
6869,6869,2026-06-25,103.37,37,,2
6870,6870,2026-06-24,123.33,271,,5
6871,6871,2026-07-03,70.42,189,,15
6872,6872,2026-06-25,20.80,327,,2
6873,6873,2026-06-25,251.00,150,,5
6874,6874,2026-06-25,313.82,25,,125
6875,6875,2026-06-24,166.33,178,,41
6876,6876,2026-07-03,,0,,0
6877,6877,2026-06-25,377.60,317,,101
6878,6878,2026-06-25,267.03,65,,0
6879,6879,2026-07-03,,1,,5
6880,6880,2026-06-25,273.88,293,,29
6881,6881,2026-07-03,,0,,138
6882,6882,2026-07-03,24.84,242,,2
6883,6883,2026-06-24,186.30,145,,11
6884,6884,2026-06-25,174.00,177,,0
6885,6885,2026-06-25,268.00,258,,50
6886,6886,2026-06-25,247.00,203,,81
6887,6887,2026-06-25,209.00,264,,62
6888,6888,2026-06-25,255.00,209,,123
6889,6889,2026-06-25,204.82,365,,0
6890,6890,2026-06-24,211.50,360,,105
6891,6891,2026-06-24,213.50,288,,62
6892,6892,2026-06-25,254.50,350,,89
6893,6893,2026-06-24,256.00,326,,50
6894,6894,2026-06-24,203.00,347,,104
6895,6895,2026-06-24,291.33,272,,190
6896,6896,2026-06-25,336.50,283,,169
6897,6897,2026-06-24,121.25,328,,2
6898,6898,2026-06-25,,269,,0
6899,6899,2026-06-25,22.16,269,,0
6900,6900,2026-06-25,350.94,354,,107
6901,6901,2026-06-25,22.53,269,,0
6902,6902,2026-06-25,413.00,327,,67
6903,6903,2026-06-25,362.00,286,,63
6904,6904,2026-06-25,694.00,120,,108
6905,6905,2026-06-24,480.05,314,,103
6906,6906,2026-06-25,56.32,183,,5
6907,6907,2026-06-25,229.00,26,,352
6908,6908,2026-06-25,72.44,345,,14
6909,6909,2026-06-25,85.22,325,,20
6910,6910,2026-06-25,84.75,329,,2
6911,6911,2026-06-25,79.16,339,,18
6912,6912,2026-06-24,83.13,359,,14
6913,6913,2026-06-25,85.75,102,,59
6914,6914,2026-06-25,240.00,294,,99
6915,6915,2026-06-25,178.78,161,,7
6916,6916,2026-06-25,229.50,184,,152
6917,6917,2026-06-25,75.47,96,,16
6918,6918,2026-06-25,92.00,70,,129
6919,6919,2026-06-25,118.04,71,,2
6920,6920,2026-06-25,182.25,339,,177
6921,6921,2026-06-25,201.60,335,,257
6922,6922,2026-06-25,240.30,274,,56
6923,6923,2026-06-24,304.80,338,,84
6924,6924,2026-06-25,,321,,13
6925,6925,2026-06-25,315.85,319,,192
6926,6926,2026-07-03,,0,,0
6927,6927,2026-06-24,240.00,41,,175
6928,6928,2026-06-24,342.50,355,,0
6929,6929,2026-06-24,200.25,91,,67
6930,6930,2026-07-03,,0,,0
6931,6931,2026-06-25,261.50,236,,140
6932,6932,2026-06-24,424.00,212,,63
6933,6933,2026-06-24,237.50,217,,83
6934,6934,2026-06-25,236.00,215,,142
6935,6935,2026-06-24,39.82,245,,14
6936,6936,2026-06-25,281.50,252,,95
6937,6937,2026-06-25,343.00,265,,148
6938,6938,2026-06-25,276.00,259,,88
6939,6939,2026-06-25,120.74,328,,0
6940,6940,2026-07-03,212.73,265,,2
6941,6941,2026-07-03,334.00,335,,107
6942,6942,2026-06-24,287.63,357,,0
6943,6943,2026-07-03,222.95,317,,109
6944,6944,2026-06-24,424.00,194,,83
6945,6945,2026-06-25,472.50,187,,173
6946,6946,2026-06-25,424.00,196,,129
6947,6947,2026-06-25,82.06,297,,9
6948,6948,2026-06-25,42.24,164,,4
6949,6949,2026-06-25,60.36,77,,9
6950,6950,2026-06-25,104.65,319,,12
6951,6951,2026-06-25,144.00,143,,12
6952,6952,2026-06-25,154.87,80,,0
6953,6953,2026-06-24,371.68,335,,73
6954,6954,2026-06-25,173.50,127,,80
6955,6955,2026-06-25,360.00,322,,109
6956,6956,2026-07-03,,0,,0
6957,6957,2026-06-25,350.50,15,,182
6958,6958,2026-07-03,,34,,2
6959,6959,2026-06-25,219.85,254,,71
6960,6960,2026-06-25,228.50,181,,154
6961,6961,2026-06-25,65.29,365,,0
6962,6962,2026-06-25,57.23,270,,0
6963,6963,2026-06-25,499.00,178,,192
6964,6964,2026-06-25,528.00,341,,95
6965,6965,2026-07-03,45.06,357,,7
6966,6966,2026-07-03,38.26,201,,5
6967,6967,2026-06-25,114.96,287,,1
6968,6968,2026-06-25,423.00,294,,49
6969,6969,2026-06-25,137.05,358,,7
6970,6970,2026-07-03,,5,,5
6971,6971,2026-07-03,122.00,274,,137
6972,6972,2026-06-25,908.00,339,,65
6973,6973,2026-07-03,139.00,295,,132
6974,6974,2026-06-25,62.60,294,,0
6975,6975,2026-06-25,145.71,311,,14
6976,6976,2026-06-25,33.94,71,,163
6977,6977,2026-06-25,46.29,315,,1
6978,6978,2026-06-25,109.91,151,,10
6979,6979,2026-06-25,234.67,105,,71
6980,6980,2026-06-25,368.50,251,,195
6981,6981,2026-06-24,134.00,348,,15
6982,6982,2026-07-03,57.42,68,,8
6983,6983,2026-06-24,363.00,149,,17
6984,6984,2026-06-25,127.48,288,,1
6985,6985,2026-06-25,60.03,136,,12
6986,6986,2026-06-24,110.74,290,,2
6987,6987,2026-06-25,24.25,260,,0
6988,6988,2026-06-25,61.02,154,,6
6989,6989,2026-06-25,61.02,159,,9
6990,6990,2026-06-25,184.06,88,,13
6991,6991,2026-06-25,377.00,198,,196
6992,6992,2026-06-25,341.25,109,,134
6993,6993,2026-06-24,110.65,210,,5
6994,6994,2026-06-25,105.44,54,,1
6995,6995,2026-07-03,,0,,44
6996,6996,2026-06-24,257.50,65,,53
6997,6997,2026-06-25,170.25,320,,0
6998,6998,2026-06-25,,248,,132
6999,6999,2026-06-25,281.15,343,,81
7000,7000,2026-07-03,,0,,11
7001,7001,2026-06-25,94.13,250,,6
7002,7002,2026-06-25,69.59,291,,3
7003,7003,2026-06-25,77.97,269,,14
7004,7004,2026-06-25,161.53,283,,1
7005,7005,2026-06-25,59.61,292,,4
7006,7006,2026-07-03,,0,,1
7007,7007,2026-06-24,103.82,111,,21
7008,7008,2026-07-03,,16,,18
7009,7009,2026-06-24,137.00,364,,78
7010,7010,2026-06-24,150.00,362,,64
7011,7011,2026-06-24,132.00,364,,11
7012,7012,2026-06-24,113.00,286,,4
7013,7013,2026-06-24,144.00,317,,1
7014,7014,2026-06-25,78.00,101,,62
7015,7015,2026-06-24,345.00,317,,171
7016,7016,2026-06-25,239.00,307,,138
7017,7017,2026-06-25,62.98,67,,26
7018,7018,2026-06-25,185.06,234,,0
7019,7019,2026-06-24,82.97,327,,1
7020,7020,2026-07-03,234.85,342,,30
7021,7021,2026-06-25,110.72,189,,13
7022,7022,2026-07-03,234.85,305,,101
7023,7023,2026-06-25,72.45,233,,13
7024,7024,2026-06-25,99.72,360,,3
7025,7025,2026-06-25,149.84,292,,1
7026,7026,2026-06-25,48.31,365,,0
7027,7027,2026-07-03,28.33,334,,6
7028,7028,2026-06-24,305.00,45,,154
7029,7029,2026-06-25,237.00,233,,166
7030,7030,2026-06-25,115.27,297,,2
7031,7031,2026-07-03,224.95,322,,115
7032,7032,2026-06-24,178.00,298,,159
7033,7033,2026-06-25,231.75,41,,138
7034,7034,2026-06-25,24.25,241,,0
7035,7035,2026-06-25,66.58,79,,6
7036,7036,2026-06-25,60.72,141,,0
7037,7037,2026-06-25,68.23,142,,1
7038,7038,2026-06-25,59.74,330,,0
7039,7039,2026-06-25,63.52,263,,0
7040,7040,2026-06-25,246.11,345,,111
7041,7041,2026-06-25,253.00,270,,94
7042,7042,2026-07-03,,0,,6
7043,7043,2026-06-24,660.33,325,,78
7044,7044,2026-06-25,99.63,300,,1
7045,7045,2026-07-03,220.45,322,,108
7046,7046,2026-06-25,453.67,161,,149
7047,7047,2026-06-25,68.87,249,,16
7048,7048,2026-06-25,249.00,293,,30
7049,7049,2026-06-25,69.62,270,,0
7050,7050,2026-07-03,,0,,56
7051,7051,2026-06-25,616.00,123,,215
7052,7052,2026-06-25,38.38,365,,0
7053,7053,2026-07-03,,11,,1
7054,7054,2026-06-25,39.09,365,,0
7055,7055,2026-06-25,38.38,365,,0
7056,7056,2026-07-03,229.00,300,,137
7057,7057,2026-06-25,211.00,330,,232
7058,7058,2026-07-03,,89,,10
7059,7059,2026-06-25,224.67,311,,113
7060,7060,2026-07-03,,0,,17
7061,7061,2026-06-24,301.00,302,,17
7062,7062,2026-06-25,335.00,263,,173
7063,7063,2026-06-25,225.21,361,,226
7064,7064,2026-06-25,38.38,365,,0
7065,7065,2026-06-25,38.38,365,,0
7066,7066,2026-06-25,351.00,321,,91
7067,7067,2026-06-25,318.25,145,,140
7068,7068,2026-06-24,197.00,275,,166
7069,7069,2026-06-25,94.14,63,,7
7070,7070,2026-06-24,186.00,335,,291
7071,7071,2026-06-25,197.00,234,,89
7072,7072,2026-06-25,38.38,365,,0
7073,7073,2026-06-25,38.38,365,,0
7074,7074,2026-06-25,140.66,346,,0
7075,7075,2026-06-25,63.76,263,,8
7076,7076,2026-06-25,60.03,125,,7
7077,7077,2026-06-25,61.02,182,,7
7078,7078,2026-06-25,38.38,365,,0
7079,7079,2026-07-03,,0,,22
7080,7080,2026-06-25,230.85,315,,150
7081,7081,2026-07-03,219.10,303,,144
7082,7082,2026-06-25,237.40,332,,142
7083,7083,2026-06-25,243.03,356,,99
7084,7084,2026-06-25,165.91,259,,1
7085,7085,2026-07-03,299.15,365,,0
7086,7086,2026-06-25,132.56,40,,5
7087,7087,2026-07-03,299.15,365,,0
7088,7088,2026-07-03,299.15,365,,0
7089,7089,2026-06-24,265.50,46,,25
7090,7090,2026-06-24,211.50,33,,39
7091,7091,2026-06-25,143.33,62,,63
7092,7092,2026-06-24,85.88,364,,8
7093,7093,2026-06-25,69.36,73,,3
7094,7094,2026-06-25,60.03,150,,4
7095,7095,2026-06-25,56.32,160,,8
7096,7096,2026-06-24,73.52,334,,5
7097,7097,2026-06-25,,336,,0
7098,7098,2026-07-03,,35,,8
7099,7099,2026-07-03,,0,,0
7100,7100,2026-06-24,79.71,283,,8
7101,7101,2026-06-24,38.37,354,,7
7102,7102,2026-06-25,38.38,365,,0
7103,7103,2026-06-25,60.03,187,,5
7104,7104,2026-06-24,231.00,361,,71
7105,7105,2026-06-24,61.88,322,,17
7106,7106,2026-06-25,191.00,341,,1
7107,7107,2026-06-25,154.50,54,,140
7108,7108,2026-06-25,160.00,78,,128
7109,7109,2026-06-25,390.00,354,,91
7110,7110,2026-06-25,108.84,275,,26
7111,7111,2026-06-25,65.32,363,,1
7112,7112,2026-06-24,116.97,342,,14
7113,7113,2026-06-24,136.97,240,,11
7114,7114,2026-07-03,293.00,231,,131
7115,7115,2026-06-25,256.50,332,,142
7116,7116,2026-06-25,202.56,253,,0
7117,7117,2026-06-25,1000.00,365,,0
7118,7118,2026-06-25,390.40,141,,87
7119,7119,2026-06-25,179.32,231,,1
7120,7120,2026-06-25,192.00,70,,44
7121,7121,2026-06-25,491.00,226,,62
7122,7122,2026-06-25,132.74,340,,3
7123,7123,2026-07-03,62.49,216,,13
7124,7124,2026-06-25,75.23,228,,1
7125,7125,2026-06-25,58.77,142,,20
7126,7126,2026-06-25,96.52,201,,3
7127,7127,2026-06-25,78.10,155,,4
7128,7128,2026-06-25,75.32,50,,3
7129,7129,2026-06-25,261.00,307,,86
7130,7130,2026-06-25,280.00,356,,228
7131,7131,2026-06-25,382.00,341,,67
7132,7132,2026-06-24,273.70,313,,72
7133,7133,2026-06-25,110.65,54,,3
7134,7134,2026-07-03,,0,,6
7135,7135,2026-06-24,421.00,338,,193
7136,7136,2026-06-25,51.03,270,,3
7137,7137,2026-06-24,577.60,314,,112
7138,7138,2026-06-25,306.50,232,,157
7139,7139,2026-06-24,81.65,365,,0
7140,7140,2026-06-25,30.08,175,,2
7141,7141,2026-06-25,171.18,46,,90
7142,7142,2026-06-25,38.38,365,,0
7143,7143,2026-06-25,258.50,177,,132
7144,7144,2026-06-25,38.38,365,,0
7145,7145,2026-06-25,38.38,365,,0
7146,7146,2026-06-25,210.00,302,,17
7147,7147,2026-06-25,251.00,335,,90
7148,7148,2026-06-25,76.36,145,,0
7149,7149,2026-06-25,155.19,167,,0
7150,7150,2026-06-25,163.00,331,,578
7151,7151,2026-06-25,177.26,291,,7
7152,7152,2026-06-25,133.35,44,,1
7153,7153,2026-06-25,122.80,320,,2
7154,7154,2026-06-25,88.31,238,,24
7155,7155,2026-07-03,,0,,3
7156,7156,2026-06-25,80.21,337,,5
7157,7157,2026-07-03,121.60,295,,92
7158,7158,2026-06-25,139.22,304,,15
7159,7159,2026-07-03,150.00,129,,77
7160,7160,2026-06-25,66.33,252,,0
7161,7161,2026-06-25,156.84,107,,13
7162,7162,2026-06-25,68.67,365,,3
7163,7163,2026-06-25,110.65,359,,6
7164,7164,2026-06-25,110.65,359,,3
7165,7165,2026-06-25,161.98,314,,0
7166,7166,2026-06-25,63.76,238,,6
7167,7167,2026-06-25,,233,,1
7168,7168,2026-06-25,121.29,297,,2
7169,7169,2026-06-25,104.24,133,,4
7170,7170,2026-06-25,212.40,81,,0
7171,7171,2026-06-25,124.30,323,,0
7172,7172,2026-06-25,64.59,297,,13
7173,7173,2026-06-25,104.27,172,,26
7174,7174,2026-06-25,137.35,88,,1
7175,7175,2026-06-25,274.00,32,,119
7176,7176,2026-06-24,113.10,31,,1
7177,7177,2026-06-25,404.00,336,,92
7178,7178,2026-06-25,144.00,78,,36
7179,7179,2026-06-25,98.13,175,,2
7180,7180,2026-06-25,226.00,122,,111
7181,7181,2026-06-25,223.33,247,,82
7182,7182,2026-06-25,33.19,344,,9
7183,7183,2026-06-25,260.00,255,,94
7184,7184,2026-06-25,257.50,247,,91
7185,7185,2026-06-25,171.00,127,,588
7186,7186,2026-06-25,131.00,107,,0
7187,7187,2026-06-25,171.00,123,,14
7188,7188,2026-06-25,131.00,108,,78
7189,7189,2026-06-25,131.00,118,,10
7190,7190,2026-06-25,197.00,60,,4
7191,7191,2026-06-25,184.00,50,,69
7192,7192,2026-06-25,58.00,277,,9
7193,7193,2026-06-25,409.00,349,,220
7194,7194,2026-06-25,55.72,163,,9
7195,7195,2026-06-25,60.87,63,,11
7196,7196,2026-06-25,29.45,130,,7
7197,7197,2026-06-24,73.02,46,,31
7198,7198,2026-06-25,278.00,271,,57
7199,7199,2026-06-25,128.43,99,,2
7200,7200,2026-07-03,142.94,324,,2
7201,7201,2026-06-24,88.13,365,,0
7202,7202,2026-06-25,211.33,271,,41
7203,7203,2026-06-25,271.00,293,,136
7204,7204,2026-07-03,,0,,13
7205,7205,2026-06-25,108.81,364,,6
7206,7206,2026-06-25,123.02,147,,8
7207,7207,2026-06-24,282.00,135,,52
7208,7208,2026-06-25,94.63,335,,4
7209,7209,2026-06-25,38.38,365,,0
7210,7210,2026-06-25,350.00,348,,128
7211,7211,2026-06-25,38.38,365,,1
7212,7212,2026-06-25,340.50,310,,116
7213,7213,2026-06-25,38.38,365,,0
7214,7214,2026-06-25,215.50,339,,88
7215,7215,2026-06-25,274.22,333,,70
7216,7216,2026-06-25,340.50,315,,124
7217,7217,2026-06-25,501.50,283,,107
7218,7218,2026-06-25,213.00,331,,123
7219,7219,2026-06-25,38.38,365,,0
7220,7220,2026-06-25,94.02,157,,23
7221,7221,2026-06-25,273.00,242,,73
7222,7222,2026-06-25,38.38,365,,0
7223,7223,2026-06-25,38.38,365,,0
7224,7224,2026-06-25,38.38,365,,0
7225,7225,2026-07-03,36.19,68,,3
7226,7226,2026-06-25,44.98,335,,44
7227,7227,2026-07-03,,0,,23
7228,7228,2026-07-03,,0,,1
7229,7229,2026-06-25,63.13,365,,40
7230,7230,2026-06-25,53.21,365,,41
7231,7231,2026-06-24,251.50,237,,27
7232,7232,2026-06-25,111.33,267,,2
7233,7233,2026-07-03,,330,,6
7234,7234,2026-06-24,209.00,208,,159
7235,7235,2026-06-25,54.77,236,,8
7236,7236,2026-06-25,235.90,291,,128
7237,7237,2026-06-25,144.93,180,,85
7238,7238,2026-06-24,82.72,53,,2
7239,7239,2026-06-25,115.07,200,,1
7240,7240,2026-06-25,82.06,272,,15
7241,7241,2026-06-25,391.00,280,,66
7242,7242,2026-06-25,338.00,324,,122
7243,7243,2026-06-24,353.00,301,,39
7244,7244,2026-06-25,275.00,281,,50
7245,7245,2026-06-25,74.42,270,,4
7246,7246,2026-06-25,91.26,365,,0
7247,7247,2026-06-25,214.00,70,,206
7248,7248,2026-06-25,1062.00,365,,0
7249,7249,2026-07-03,,0,,28
7250,7250,2026-07-03,,0,,88
7251,7251,2026-07-03,,0,,75
7252,7252,2026-07-03,,0,,205
7253,7253,2026-07-03,,250,,8
7254,7254,2026-06-25,141.33,315,,0
7255,7255,2026-06-25,116.48,267,,1
7256,7256,2026-06-25,131.75,70,,1
7257,7257,2026-06-25,229.00,140,,37
7258,7258,2026-06-25,160.88,328,,16
7259,7259,2026-06-25,166.72,365,,0
7260,7260,2026-06-25,365.00,215,,112
7261,7261,2026-06-25,167.08,79,,4
7262,7262,2026-06-25,340.07,363,,0
7263,7263,2026-07-03,,0,,0
7264,7264,2026-06-25,349.00,215,,100
7265,7265,2026-07-03,56.32,363,,9
7266,7266,2026-06-25,73.45,236,,16
7267,7267,2026-06-25,83.75,333,,6
7268,7268,2026-06-25,114.51,289,,1
7269,7269,2026-06-25,194.58,233,,1
7270,7270,2026-06-25,67.13,360,,0
7271,7271,2026-06-24,71.45,365,,12
7272,7272,2026-06-25,66.56,56,,15
7273,7273,2026-06-25,144.48,365,,2
7274,7274,2026-06-25,255.00,218,,65
7275,7275,2026-06-25,138.72,291,,1
7276,7276,2026-06-25,295.50,323,,51
7277,7277,2026-07-03,17.87,131,,3
7278,7278,2026-07-03,,0,,91
7279,7279,2026-07-03,,0,,373
7280,7280,2026-07-03,,0,,155
7281,7281,2026-07-03,,0,,260
7282,7282,2026-06-25,227.00,314,,77
7283,7283,2026-06-25,225.00,281,,78
7284,7284,2026-06-25,135.00,339,,180
7285,7285,2026-06-25,126.00,348,,156
7286,7286,2026-06-25,127.12,313,,14
7287,7287,2026-07-03,,0,,1
7288,7288,2026-06-24,276.67,350,,49
7289,7289,2026-06-25,65.66,219,,11
7290,7290,2026-07-03,,0,,2
7291,7291,2026-07-03,,0,,3
7292,7292,2026-07-03,,0,,56
7293,7293,2026-06-25,257.00,276,,270
7294,7294,2026-06-24,88.16,219,,10
7295,7295,2026-06-25,170.04,126,,103
7296,7296,2026-07-03,,0,,0
7297,7297,2026-07-03,,0,,88
7298,7298,2026-06-24,187.00,156,,71
7299,7299,2026-07-03,,0,,39
7300,7300,2026-07-03,,0,,29
7301,7301,2026-06-25,64.21,187,,6
7302,7302,2026-06-25,125.20,321,,9
7303,7303,2026-07-03,,0,,1
7304,7304,2026-07-03,,0,,1
7305,7305,2026-07-03,,0,,195
7306,7306,2026-07-03,,0,,335
7307,7307,2026-06-24,40.08,132,,11
7308,7308,2026-06-25,53.45,242,,1
7309,7309,2026-06-25,80.38,343,,1
7310,7310,2026-06-25,212.99,283,,1
7311,7311,2026-06-24,264.33,353,,47
7312,7312,2026-06-25,137.06,43,,7
7313,7313,2026-06-25,209.03,262,,8
7314,7314,2026-06-25,113.12,347,,0
7315,7315,2026-06-25,328.09,161,,238
7316,7316,2026-06-25,219.64,262,,13
7317,7317,2026-06-25,183.56,148,,0
7318,7318,2026-06-25,110.65,222,,10
7319,7319,2026-06-25,159.14,320,,2
7320,7320,2026-06-25,124.13,232,,9
7321,7321,2026-06-25,1123.00,340,,66
7322,7322,2026-06-25,168.45,216,,11
7323,7323,2026-06-25,325.50,293,,105
7324,7324,2026-07-03,,0,,37
7325,7325,2026-06-25,297.75,113,,116
7326,7326,2026-06-25,190.33,120,,123
7327,7327,2026-06-25,373.75,110,,120
7328,7328,2026-06-25,309.75,79,,114
7329,7329,2026-06-25,279.50,74,,120
7330,7330,2026-06-25,359.50,86,,120
7331,7331,2026-06-25,225.33,115,,100
7332,7332,2026-06-25,1002.67,111,,121
7333,7333,2026-06-25,237.33,142,,128
7334,7334,2026-06-25,395.50,53,,147
7335,7335,2026-06-24,325.33,119,,119
7336,7336,2026-06-24,225.33,112,,97
7337,7337,2026-06-25,295.33,86,,100
7338,7338,2026-07-03,,0,,8
7339,7339,2026-06-25,443.75,115,,120
7340,7340,2026-06-25,249.33,125,,91
7341,7341,2026-06-25,490.00,83,,155
7342,7342,2026-06-25,260.33,112,,80
7343,7343,2026-06-25,112.62,191,,1
7344,7344,2026-06-25,107.68,123,,5
7345,7345,2026-06-25,147.64,81,,0
7346,7346,2026-06-25,108.71,264,,12
7347,7347,2026-06-25,111.00,271,,13
7348,7348,2026-06-25,216.82,49,,117
7349,7349,2026-06-25,112.21,265,,2
7350,7350,2026-07-03,,0,,0
7351,7351,2026-06-25,93.00,333,,11
7352,7352,2026-06-25,30.54,218,,6
7353,7353,2026-06-24,99.38,233,,7
7354,7354,2026-06-25,201.00,159,,45
7355,7355,2026-07-03,,0,,0
7356,7356,2026-07-03,37.39,153,,8
7357,7357,2026-07-03,,44,,13
7358,7358,2026-06-25,71.83,352,,12
7359,7359,2026-06-25,204.30,87,,37
7360,7360,2026-06-25,229.75,54,,158
7361,7361,2026-06-24,138.98,198,,1
7362,7362,2026-06-25,42.59,365,,0
7363,7363,2026-06-25,368.33,319,,151
7364,7364,2026-06-24,104.03,246,,16
7365,7365,2026-06-25,233.50,129,,115
7366,7366,2026-06-25,243.00,317,,32
7367,7367,2026-06-25,179.00,279,,11
7368,7368,2026-06-25,197.00,363,,43
7369,7369,2026-06-25,190.00,363,,34
7370,7370,2026-06-25,422.75,323,,125
7371,7371,2026-06-25,126.53,180,,0
7372,7372,2026-06-25,708.50,343,,128
7373,7373,2026-06-25,126.42,365,,0
7374,7374,2026-07-03,,17,,4
7375,7375,2026-06-24,137.00,167,,63
7376,7376,2026-06-24,194.00,156,,103
7377,7377,2026-07-03,,0,,0
7378,7378,2026-06-25,126.63,297,,1
7379,7379,2026-06-25,127.91,261,,2
7380,7380,2026-06-25,75.50,329,,1
7381,7381,2026-06-25,119.15,197,,1
7382,7382,2026-06-24,71.44,316,,1
7383,7383,2026-06-25,132.00,40,,11
7384,7384,2026-07-03,,6,,9
7385,7385,2026-06-25,388.67,273,,159
7386,7386,2026-06-25,349.33,311,,172
7387,7387,2026-06-25,389.00,247,,118
7388,7388,2026-06-25,169.50,244,,119
7389,7389,2026-06-24,76.56,328,,1
7390,7390,2026-06-25,200.70,31,,140
7391,7391,2026-06-25,279.67,49,,158
7392,7392,2026-06-24,129.30,45,,4
7393,7393,2026-06-25,30.55,144,,2
7394,7394,2026-06-25,63.52,261,,11
7395,7395,2026-06-25,331.00,334,,2
7396,7396,2026-06-25,75.22,202,,1
7397,7397,2026-06-25,200.00,347,,227
7398,7398,2026-06-25,125.59,174,,27
7399,7399,2026-06-25,129.80,267,,10
7400,7400,2026-06-25,127.78,359,,4
7401,7401,2026-06-25,570.00,63,,18
7402,7402,2026-07-03,,0,,0
7403,7403,2026-06-25,58.85,329,,2
7404,7404,2026-07-03,,1,,7
7405,7405,2026-06-24,163.26,114,,2
7406,7406,2026-07-03,,0,,1
7407,7407,2026-06-25,22.16,207,,0
7408,7408,2026-06-25,186.22,313,,1
7409,7409,2026-06-25,132.74,329,,5
7410,7410,2026-06-24,43.55,364,,1
7411,7411,2026-06-25,24.41,245,,2
7412,7412,2026-07-03,,5,,1
7413,7413,2026-06-25,378.00,225,,116
7414,7414,2026-06-25,71.00,325,,5
7415,7415,2026-06-25,73.69,330,,0
7416,7416,2026-06-25,268.18,323,,80
7417,7417,2026-06-25,168.00,285,,37
7418,7418,2026-06-24,100.95,292,,2
7419,7419,2026-06-24,31.00,334,,14
7420,7420,2026-06-25,45.87,212,,2
7421,7421,2026-06-24,202.50,204,,139
7422,7422,2026-06-24,203.00,205,,124
7423,7423,2026-06-25,220.87,175,,14
7424,7424,2026-06-25,453.62,263,,280
7425,7425,2026-07-03,,0,,1
7426,7426,2026-07-03,,0,,16
7427,7427,2026-06-25,140.75,362,,14
7428,7428,2026-06-25,172.15,238,,17
7429,7429,2026-06-24,,32,,59
7430,7430,2026-06-25,154.00,265,,77
7431,7431,2026-06-25,169.42,35,,4
7432,7432,2026-06-25,50.51,239,,1
7433,7433,2026-06-24,16.61,53,,5
7434,7434,2026-06-25,22.16,237,,0
7435,7435,2026-06-25,214.44,330,,0
7436,7436,2026-06-24,289.00,243,,14
7437,7437,2026-06-25,333.00,53,,102
7438,7438,2026-06-25,82.50,242,,6
7439,7439,2026-06-25,135.02,319,,2
7440,7440,2026-06-25,80.18,321,,3
7441,7441,2026-06-25,67.51,190,,7
7442,7442,2026-06-25,107.87,297,,1
7443,7443,2026-06-25,18.22,295,,2
7444,7444,2026-06-25,408.16,303,,3
7445,7445,2026-06-25,101.31,333,,2
7446,7446,2026-06-25,183.35,168,,1
7447,7447,2026-06-25,89.24,180,,7
7448,7448,2026-06-25,22.16,276,,0
7449,7449,2026-06-25,24.25,311,,0
7450,7450,2026-06-25,119.01,309,,1
7451,7451,2026-07-03,,0,,2
7452,7452,2026-06-25,41.99,180,,0
7453,7453,2026-06-25,110.65,354,,12
7454,7454,2026-06-25,39.63,176,,0
7455,7455,2026-06-24,22.28,297,,0
7456,7456,2026-06-25,22.16,268,,0
7457,7457,2026-06-25,139.38,321,,1
7458,7458,2026-06-25,24.41,298,,0
7459,7459,2026-06-24,71.45,365,,5
7460,7460,2026-06-25,155.77,260,,11
7461,7461,2026-06-25,109.74,247,,10
7462,7462,2026-06-25,90.03,328,,10
7463,7463,2026-06-25,22.16,314,,1
7464,7464,2026-06-25,22.53,329,,0
7465,7465,2026-06-25,22.16,311,,0
7466,7466,2026-06-25,24.66,306,,2
7467,7467,2026-06-25,24.25,297,,0
7468,7468,2026-06-25,474.47,365,,1
7469,7469,2026-06-25,313.00,335,,96
7470,7470,2026-06-25,172.64,288,,3
7471,7471,2026-06-25,328.09,254,,249
7472,7472,2026-06-25,92.00,66,,55
7473,7473,2026-06-24,211.00,357,,112
7474,7474,2026-06-25,269.50,221,,8
7475,7475,2026-06-25,176.50,113,,16
7476,7476,2026-06-25,23.34,298,,0
7477,7477,2026-06-24,22.53,358,,1
7478,7478,2026-06-25,24.66,358,,1
7479,7479,2026-06-25,22.53,326,,1
7480,7480,2026-06-25,17.94,262,,0
7481,7481,2026-06-24,115.00,365,,33
7482,7482,2026-06-25,210.55,41,,60
7483,7483,2026-06-25,24.66,329,,0
7484,7484,2026-06-25,107.19,359,,1
7485,7485,2026-06-25,101.60,330,,2
7486,7486,2026-06-25,101.06,292,,0
7487,7487,2026-06-25,417.50,295,,101
7488,7488,2026-06-25,183.00,122,,95
7489,7489,2026-06-25,,25,,0
7490,7490,2026-06-25,49.71,298,,0
7491,7491,2026-06-25,55.09,311,,0
7492,7492,2026-06-25,59.78,336,,1
7493,7493,2026-06-25,48.52,313,,0
7494,7494,2026-06-25,66.03,110,,0
7495,7495,2026-06-25,57.91,309,,0
7496,7496,2026-06-25,53.28,362,,1
7497,7497,2026-06-25,46.72,364,,0
7498,7498,2026-06-25,53.21,345,,0
7499,7499,2026-06-25,53.37,327,,0
7500,7500,2026-06-25,65.29,268,,0
7501,7501,2026-06-25,959.00,365,,2
7502,7502,2026-06-25,175.00,356,,94
7503,7503,2026-06-25,257.00,227,,63
7504,7504,2026-06-25,409.00,302,,80
7505,7505,2026-06-25,412.00,274,,157
7506,7506,2026-06-25,751.00,300,,60
7507,7507,2026-06-25,22.16,309,,0
7508,7508,2026-06-25,127.84,364,,0
7509,7509,2026-06-25,132.84,261,,3
7510,7510,2026-06-25,216.79,262,,0
7511,7511,2026-06-25,379.00,285,,150
7512,7512,2026-06-25,483.00,296,,192
7513,7513,2026-06-25,71.50,285,,8
7514,7514,2026-07-03,176.00,38,,3
7515,7515,2026-06-25,265.00,215,,73
7516,7516,2026-06-25,193.00,224,,104
7517,7517,2026-06-25,130.16,350,,0
7518,7518,2026-07-03,,1,,0
7519,7519,2026-07-03,232.67,314,,14
7520,7520,2026-06-25,248.70,268,,178
7521,7521,2026-06-24,314.80,311,,93
7522,7522,2026-06-25,37.53,329,,1
7523,7523,2026-06-25,242.19,41,,0
7524,7524,2026-06-25,27.55,280,,9
7525,7525,2026-06-25,111.22,33,,1
7526,7526,2026-07-03,,12,,3
7527,7527,2026-07-03,57.69,42,,12
7528,7528,2026-07-03,129.00,240,,136
7529,7529,2026-06-25,899.00,200,,108
7530,7530,2026-06-25,167.80,288,,4
7531,7531,2026-07-03,34.63,364,,0
7532,7532,2026-06-25,385.00,88,,85
7533,7533,2026-06-25,101.34,291,,1
7534,7534,2026-06-25,239.65,134,,32
7535,7535,2026-06-25,249.00,348,,11
7536,7536,2026-06-25,118.00,286,,29
7537,7537,2026-06-25,312.00,251,,128
7538,7538,2026-06-25,335.50,142,,95
7539,7539,2026-06-24,156.00,223,,85
7540,7540,2026-07-03,,29,,5
7541,7541,2026-06-25,144.00,190,,40
7542,7542,2026-06-25,208.00,200,,10
7543,7543,2026-06-25,139.00,144,,51
7544,7544,2026-06-25,127.00,148,,40
7545,7545,2026-06-25,118.00,112,,42
7546,7546,2026-06-25,231.66,339,,109
7547,7547,2026-06-25,312.30,297,,46
7548,7548,2026-06-25,292.00,264,,99
7549,7549,2026-06-25,85.69,87,,2
7550,7550,2026-06-25,297.00,113,,182
7551,7551,2026-06-25,76.84,268,,10
7552,7552,2026-06-25,118.73,295,,1
7553,7553,2026-06-25,108.91,151,,0
7554,7554,2026-06-24,192.00,308,,72
7555,7555,2026-06-25,112.19,173,,0
7556,7556,2026-06-25,462.25,318,,59
7557,7557,2026-06-25,52.72,329,,35
7558,7558,2026-06-25,165.94,338,,2
7559,7559,2026-07-03,288.00,227,,148
7560,7560,2026-07-03,,24,,4
7561,7561,2026-06-25,88.69,319,,17
7562,7562,2026-06-25,210.88,364,,4
7563,7563,2026-06-25,193.56,348,,6
7564,7564,2026-06-25,262.47,277,,55
7565,7565,2026-06-25,285.33,173,,110
7566,7566,2026-07-03,371.00,330,,65
7567,7567,2026-06-24,240.50,233,,84
7568,7568,2026-06-25,22.13,328,,5
7569,7569,2026-06-25,285.50,189,,70
7570,7570,2026-07-03,,136,,2
7571,7571,2026-06-25,424.52,212,,170
7572,7572,2026-06-25,154.00,297,,15
7573,7573,2026-06-25,127.00,291,,17
7574,7574,2026-06-25,165.00,343,,13
7575,7575,2026-06-25,143.00,275,,8
7576,7576,2026-06-25,128.00,294,,35
7577,7577,2026-07-03,16.81,189,,4
7578,7578,2026-07-03,20.43,238,,4
7579,7579,2026-06-25,49.39,365,,9
7580,7580,2026-07-03,,20,,9
7581,7581,2026-06-24,333.76,244,,99
7582,7582,2026-06-25,260.90,284,,5
7583,7583,2026-06-25,72.19,303,,2
7584,7584,2026-06-24,209.50,318,,119
7585,7585,2026-06-25,374.31,249,,255
7586,7586,2026-06-25,106.36,148,,11
7587,7587,2026-06-24,216.00,168,,34
7588,7588,2026-06-25,399.50,123,,147
7589,7589,2026-06-25,111.30,354,,8
7590,7590,2026-07-03,,0,,36
7591,7591,2026-06-24,193.00,141,,13
7592,7592,2026-06-25,371.00,167,,139
7593,7593,2026-06-25,164.00,106,,110
7594,7594,2026-06-24,268.18,236,,156
7595,7595,2026-06-25,26.53,130,,5
7596,7596,2026-06-24,256.00,335,,101
7597,7597,2026-06-25,286.33,261,,140
7598,7598,2026-06-25,248.50,56,,133
7599,7599,2026-06-25,119.99,292,,0
7600,7600,2026-06-25,73.03,224,,7
7601,7601,2026-06-25,286.00,278,,73
7602,7602,2026-06-25,286.00,288,,48
7603,7603,2026-06-25,72.00,268,,16
7604,7604,2026-06-25,107.04,268,,0
7605,7605,2026-06-25,213.33,148,,205
7606,7606,2026-06-25,262.00,265,,179
7607,7607,2026-06-25,110.65,346,,16
7608,7608,2026-06-25,,163,,19
7609,7609,2026-06-25,110.65,336,,18
7610,7610,2026-06-25,,317,,18
7611,7611,2026-06-25,80.72,104,,9
7612,7612,2026-06-24,117.83,311,,1
7613,7613,2026-06-25,22.60,92,,14
7614,7614,2026-07-03,,9,,3
7615,7615,2026-06-25,66.95,118,,9
7616,7616,2026-06-25,126.13,312,,0
7617,7617,2026-06-25,182.60,173,,2
7618,7618,2026-07-03,,0,,0
7619,7619,2026-07-03,,44,,4
7620,7620,2026-06-25,77.25,53,,36
7621,7621,2026-06-25,475.03,315,,83
7622,7622,2026-06-25,226.00,258,,1
7623,7623,2026-06-25,260.00,235,,4
7624,7624,2026-06-25,272.00,246,,7
7625,7625,2026-06-25,325.40,288,,8
7626,7626,2026-06-25,162.00,179,,55
7627,7627,2026-06-25,134.17,322,,0
7628,7628,2026-06-25,279.00,182,,40
7629,7629,2026-07-03,27.87,42,,6
7630,7630,2026-06-25,401.86,332,,75
7631,7631,2026-06-24,244.52,292,,184
7632,7632,2026-06-25,103.69,298,,2
7633,7633,2026-07-03,,0,,2
7634,7634,2026-06-25,124.87,251,,0
7635,7635,2026-06-25,92.45,326,,22
7636,7636,2026-06-25,298.00,120,,137
7637,7637,2026-06-25,124.66,287,,0
7638,7638,2026-06-24,162.50,106,,106
7639,7639,2026-07-03,,14,,3
7640,7640,2026-06-25,38.49,364,,4
7641,7641,2026-06-25,45.15,53,,1
7642,7642,2026-06-25,38.29,56,,2
7643,7643,2026-06-25,98.82,269,,21
7644,7644,2026-06-25,82.69,97,,14
7645,7645,2026-06-24,50.90,327,,13
7646,7646,2026-06-25,87.48,222,,0
7647,7647,2026-06-25,60.03,70,,8
7648,7648,2026-06-25,118.29,240,,10
7649,7649,2026-06-24,170.50,248,,128
7650,7650,2026-06-25,100.36,189,,5
7651,7651,2026-06-25,295.67,284,,180
7652,7652,2026-07-03,,1,,0
7653,7653,2026-06-25,83.16,160,,6
7654,7654,2026-06-25,141.34,84,,17
7655,7655,2026-07-03,,0,,4
7656,7656,2026-06-25,276.30,333,,406
7657,7657,2026-06-25,61.02,158,,11
7658,7658,2026-06-25,425.00,212,,1
7659,7659,2026-07-03,,269,,0
7660,7660,2026-06-24,99.79,249,,4
7661,7661,2026-06-25,73.79,238,,6
7662,7662,2026-06-25,60.21,47,,5
7663,7663,2026-06-25,424.52,212,,6
7664,7664,2026-06-25,424.52,212,,46
7665,7665,2026-06-25,161.06,129,,8
7666,7666,2026-06-25,213.50,316,,41
7667,7667,2026-06-25,71.74,271,,14
7668,7668,2026-06-25,210.00,341,,393
7669,7669,2026-06-25,261.07,86,,59
7670,7670,2026-06-25,355.00,152,,43
7671,7671,2026-06-25,83.19,127,,1
7672,7672,2026-06-24,108.84,359,,1
7673,7673,2026-06-25,121.26,257,,15
7674,7674,2026-06-25,61.02,166,,7
7675,7675,2026-06-25,38.00,174,,26
7676,7676,2026-06-25,60.03,45,,8
7677,7677,2026-06-25,121.26,239,,14
7678,7678,2026-06-24,120.67,267,,11
7679,7679,2026-06-24,120.67,276,,14
7680,7680,2026-06-24,119.30,142,,7
7681,7681,2026-07-03,,0,,3
7682,7682,2026-06-25,123.75,212,,2
7683,7683,2026-06-25,159.07,226,,0
7684,7684,2026-06-25,149.22,200,,1
7685,7685,2026-06-25,247.00,351,,59
7686,7686,2026-06-25,132.34,276,,1
7687,7687,2026-06-25,163.75,252,,1
7688,7688,2026-06-25,50.19,102,,6
7689,7689,2026-07-03,,0,,1
7690,7690,2026-07-03,,305,,1
7691,7691,2026-06-25,106.96,309,,3
7692,7692,2026-06-25,174.00,168,,5
7693,7693,2026-06-25,47.80,315,,1
7694,7694,2026-06-25,58.91,298,,0
7695,7695,2026-07-03,,1,,7
7696,7696,2026-06-25,109.64,168,,0
7697,7697,2026-06-25,58.76,328,,2
7698,7698,2026-06-25,56.05,365,,1
7699,7699,2026-06-25,93.99,75,,1
7700,7700,2026-06-25,148.35,270,,1
7701,7701,2026-06-25,122.22,292,,0
7702,7702,2026-06-25,105.10,233,,7
7703,7703,2026-07-03,,0,,2
7704,7704,2026-06-25,92.84,295,,14
7705,7705,2026-06-25,266.67,278,,104
7706,7706,2026-06-25,250.33,284,,85
7707,7707,2026-06-25,561.00,267,,102
7708,7708,2026-07-03,,1,,8
7709,7709,2026-06-25,87.65,84,,4
7710,7710,2026-06-25,63.54,329,,4
7711,7711,2026-07-03,46.00,306,,1
7712,7712,2026-06-25,69.90,297,,4
7713,7713,2026-06-25,522.67,278,,76
7714,7714,2026-06-25,468.67,281,,167
7715,7715,2026-06-25,509.00,348,,108
7716,7716,2026-06-25,152.28,110,,0
7717,7717,2026-06-25,196.82,87,,0
7718,7718,2026-06-25,39.18,98,,4
7719,7719,2026-06-25,59.44,297,,0
7720,7720,2026-06-25,331.00,250,,172
7721,7721,2026-06-25,166.50,232,,102
7722,7722,2026-06-25,108.94,291,,0
7723,7723,2026-06-25,32.64,32,,5
7724,7724,2026-07-03,,52,,138
7725,7725,2026-07-03,,0,,1
7726,7726,2026-06-25,153.51,264,,1
7727,7727,2026-06-25,117.37,199,,0
7728,7728,2026-07-03,30.56,87,,0
7729,7729,2026-06-25,184.13,58,,2
7730,7730,2026-06-25,613.50,107,,76
7731,7731,2026-06-25,127.87,292,,2
7732,7732,2026-06-25,101.77,236,,0
7733,7733,2026-07-03,,0,,0
7734,7734,2026-06-25,120.95,300,,1
7735,7735,2026-06-25,,306,,1
7736,7736,2026-07-03,,359,,0
7737,7737,2026-06-25,176.00,95,,130
7738,7738,2026-07-03,271.50,212,,226
7739,7739,2026-06-25,185.50,224,,91
7740,7740,2026-06-24,180.00,135,,19
7741,7741,2026-06-25,140.00,132,,0
7742,7742,2026-06-25,180.00,101,,0
7743,7743,2026-06-25,160.00,135,,2
7744,7744,2026-06-25,97.97,180,,0
7745,7745,2026-06-25,137.94,287,,0
7746,7746,2026-06-24,50.03,236,,13
7747,7747,2026-06-25,133.05,290,,2
7748,7748,2026-06-25,28.61,302,,3
7749,7749,2026-06-25,31.32,329,,1
7750,7750,2026-07-03,,29,,7
7751,7751,2026-06-25,28.61,285,,8
7752,7752,2026-06-25,29.71,256,,4
7753,7753,2026-06-25,257.50,252,,75
7754,7754,2026-06-25,295.00,157,,95
7755,7755,2026-06-24,363.00,142,,38
7756,7756,2026-06-24,133.32,198,,0
7757,7757,2026-06-25,25.06,207,,2
7758,7758,2026-06-25,672.67,144,,48
7759,7759,2026-06-25,720.67,115,,52
7760,7760,2026-06-25,120.69,262,,0
7761,7761,2026-06-24,62.03,48,,11
7762,7762,2026-06-25,58.72,170,,12
7763,7763,2026-06-25,33.45,245,,0
7764,7764,2026-06-25,109.42,300,,1
7765,7765,2026-06-25,106.86,297,,0
7766,7766,2026-06-25,290.50,179,,166
7767,7767,2026-06-25,77.02,216,,14
7768,7768,2026-07-03,,0,,0
7769,7769,2026-06-25,132.54,321,,0
7770,7770,2026-06-25,105.17,167,,11
7771,7771,2026-06-25,144.66,363,,8
7772,7772,2026-07-03,,1,,0
7773,7773,2026-06-25,63.54,329,,2
7774,7774,2026-06-25,128.80,365,,0
7775,7775,2026-06-25,76.19,172,,14
7776,7776,2026-06-25,128.80,365,,0
7777,7777,2026-06-25,208.00,223,,87
7778,7778,2026-06-25,224.50,261,,91
7779,7779,2026-06-25,349.00,236,,111
7780,7780,2026-06-25,240.00,108,,94
7781,7781,2026-06-25,138.92,33,,7
7782,7782,2026-06-25,130.86,145,,8
7783,7783,2026-06-25,54.94,327,,0
7784,7784,2026-06-24,153.74,237,,3
7785,7785,2026-06-25,128.80,365,,0
7786,7786,2026-06-25,147.00,365,,0
7787,7787,2026-06-25,147.00,365,,0
7788,7788,2026-06-24,311.50,345,,76
7789,7789,2026-07-03,,22,,6
7790,7790,2026-06-25,210.00,233,,73
7791,7791,2026-06-25,356.00,214,,59
7792,7792,2026-06-25,505.00,216,,58
7793,7793,2026-06-25,222.00,243,,59
7794,7794,2026-06-25,262.00,208,,47
7795,7795,2026-06-25,208.00,239,,62
7796,7796,2026-06-25,105.13,139,,2
7797,7797,2026-06-25,191.00,230,,47
7798,7798,2026-06-25,224.50,214,,68
7799,7799,2026-06-25,209.00,222,,79
7800,7800,2026-06-25,267.00,224,,33
7801,7801,2026-06-25,434.00,221,,120
7802,7802,2026-06-25,23.31,346,,4
7803,7803,2026-06-25,359.50,133,,51
7804,7804,2026-06-25,184.50,92,,109
7805,7805,2026-06-25,142.08,41,,1
7806,7806,2026-06-25,208.00,279,,2
7807,7807,2026-06-24,240.00,273,,140
7808,7808,2026-06-25,94.59,90,,2
7809,7809,2026-06-25,183.00,263,,114
7810,7810,2026-06-24,33.35,276,,52
7811,7811,2026-06-25,162.22,363,,0
7812,7812,2026-06-24,176.68,170,,0
7813,7813,2026-06-25,100.47,182,,16
7814,7814,2026-06-25,312.50,251,,104
7815,7815,2026-06-25,364.00,243,,141
7816,7816,2026-06-25,231.00,234,,104
7817,7817,2026-06-25,209.00,249,,98
7818,7818,2026-06-25,197.00,261,,43
7819,7819,2026-06-25,311.50,241,,156
7820,7820,2026-07-03,,0,,0
7821,7821,2026-06-25,340.50,250,,148
7822,7822,2026-06-25,421.50,240,,26
7823,7823,2026-06-25,378.00,205,,149
7824,7824,2026-06-25,356.00,201,,77
7825,7825,2026-06-25,376.00,237,,57
7826,7826,2026-06-25,330.00,258,,43
7827,7827,2026-06-25,249.00,233,,128
7828,7828,2026-06-25,297.50,255,,133
7829,7829,2026-06-25,209.00,219,,61
7830,7830,2026-06-25,209.00,240,,104
7831,7831,2026-06-25,77.44,331,,3
7832,7832,2026-06-24,93.44,271,,13
7833,7833,2026-07-03,350.00,32,,142
7834,7834,2026-06-25,69.03,340,,0
7835,7835,2026-06-25,135.90,332,,32
7836,7836,2026-06-25,38.42,183,,1
7837,7837,2026-06-25,67.25,287,,0
7838,7838,2026-06-25,64.45,264,,14
7839,7839,2026-06-25,23.97,239,,14
7840,7840,2026-06-25,110.63,132,,1
7841,7841,2026-06-25,23.22,263,,1
7842,7842,2026-06-25,82.47,320,,16
7843,7843,2026-06-25,66.00,181,,1
7844,7844,2026-06-25,348.82,280,,100
7845,7845,2026-06-25,112.10,204,,11
7846,7846,2026-06-24,107.67,83,,0
7847,7847,2026-06-25,24.96,92,,7
7848,7848,2026-06-24,,87,,8
7849,7849,2026-06-25,53.94,290,,13
7850,7850,2026-06-25,,116,,114
7851,7851,2026-06-25,303.00,283,,60
7852,7852,2026-06-24,239.90,322,,72
7853,7853,2026-06-24,227.80,327,,101
7854,7854,2026-06-25,244.30,339,,125
7855,7855,2026-06-25,270.00,296,,172
7856,7856,2026-06-25,225.35,295,,131
7857,7857,2026-07-03,257.15,323,,107
7858,7858,2026-06-25,168.61,349,,83
7859,7859,2026-07-03,296.00,356,,55
7860,7860,2026-06-25,172.66,295,,2
7861,7861,2026-06-25,139.81,259,,0
7862,7862,2026-06-25,39.97,365,,0
7863,7863,2026-07-03,,0,,110
7864,7864,2026-07-03,269.50,303,,103
7865,7865,2026-06-25,177.00,278,,25
7866,7866,2026-06-25,309.17,365,,2
7867,7867,2026-07-03,,11,,0
7868,7868,2026-06-25,83.15,86,,12
7869,7869,2026-06-25,53.13,117,,0
7870,7870,2026-06-25,214.79,362,,1
7871,7871,2026-06-24,25.96,329,,22
7872,7872,2026-07-03,,0,,1
7873,7873,2026-06-25,91.13,328,,2
7874,7874,2026-06-25,284.20,34,,66
7875,7875,2026-06-25,172.50,235,,57
7876,7876,2026-06-24,213.50,270,,60
7877,7877,2026-06-25,159.00,232,,66
7878,7878,2026-06-25,334.50,245,,67
7879,7879,2026-06-25,314.50,243,,145
7880,7880,2026-06-25,143.20,108,,1
7881,7881,2026-06-25,160.47,216,,3
7882,7882,2026-06-25,649.00,341,,61
7883,7883,2026-06-25,70.42,269,,7
7884,7884,2026-06-25,70.42,269,,2
7885,7885,2026-06-25,88.00,44,,5
7886,7886,2026-06-24,136.07,364,,0
7887,7887,2026-06-25,256.00,147,,88
7888,7888,2026-06-25,150.84,214,,1
7889,7889,2026-06-24,279.00,85,,132
7890,7890,2026-06-24,222.50,88,,58
7891,7891,2026-06-25,135.00,185,,98
7892,7892,2026-06-25,265.00,267,,121
7893,7893,2026-06-25,173.59,317,,1
7894,7894,2026-07-03,,0,,1
7895,7895,2026-06-25,219.20,237,,1
7896,7896,2026-06-25,194.00,225,,65
7897,7897,2026-06-24,222.00,262,,89
7898,7898,2026-06-24,279.80,245,,46
7899,7899,2026-06-24,316.00,261,,61
7900,7900,2026-06-25,246.00,225,,61
7901,7901,2026-06-25,284.50,227,,102
7902,7902,2026-06-24,174.00,273,,40
7903,7903,2026-06-24,195.00,227,,95
7904,7904,2026-06-25,257.67,308,,38
7905,7905,2026-06-24,206.00,230,,36
7906,7906,2026-06-24,255.00,268,,74
7907,7907,2026-06-25,211.33,328,,12
7908,7908,2026-06-25,82.23,213,,12
7909,7909,2026-06-25,96.74,297,,15
7910,7910,2026-06-25,281.80,90,,51
7911,7911,2026-07-03,,61,,13
7912,7912,2026-06-25,129.58,332,,8
7913,7913,2026-06-25,122.75,347,,8
7914,7914,2026-06-24,123.82,147,,8
7915,7915,2026-07-03,,0,,0
7916,7916,2026-06-25,79.19,256,,21
7917,7917,2026-06-25,,269,,0
7918,7918,2026-06-25,130.28,341,,12
7919,7919,2026-06-25,336.65,226,,66
7920,7920,2026-06-25,127.00,303,,5
7921,7921,2026-06-25,280.00,356,,2740
7922,7922,2026-06-25,288.00,250,,120
7923,7923,2026-06-25,159.00,250,,49
7924,7924,2026-06-25,158.50,250,,58
7925,7925,2026-06-24,272.00,340,,214
7926,7926,2026-06-25,77.50,270,,0
7927,7927,2026-06-25,182.59,241,,256
7928,7928,2026-06-25,35.84,236,,9
7929,7929,2026-06-25,365.33,178,,71
7930,7930,2026-06-24,176.68,170,,0
7931,7931,2026-06-25,176.68,171,,0
7932,7932,2026-06-24,144.67,250,,124
7933,7933,2026-06-25,68.00,59,,1
7934,7934,2026-07-03,,19,,3
7935,7935,2026-06-25,176.23,283,,2
7936,7936,2026-06-25,144.83,283,,6
7937,7937,2026-06-25,186.50,267,,95
7938,7938,2026-06-25,322.00,230,,122
7939,7939,2026-06-24,94.58,206,,8
7940,7940,2026-07-03,,30,,5
7941,7941,2026-06-24,,173,,0
7942,7942,2026-06-25,35.42,36,,1
7943,7943,2026-07-03,,25,,0
7944,7944,2026-06-25,191.25,333,,41
7945,7945,2026-06-25,347.53,335,,37
7946,7946,2026-07-03,,37,,1
7947,7947,2026-06-24,69.69,184,,6
7948,7948,2026-06-24,99.56,140,,4
7949,7949,2026-06-24,84.62,220,,7
7950,7950,2026-06-24,69.69,218,,5
7951,7951,2026-06-24,99.56,206,,9
7952,7952,2026-06-24,99.56,226,,5
7953,7953,2026-06-24,103.73,217,,7
7954,7954,2026-06-25,165.05,359,,113
7955,7955,2026-06-25,209.25,317,,32
7956,7956,2026-06-25,239.40,297,,2
7957,7957,2026-06-25,260.00,308,,16
7958,7958,2026-06-25,387.00,316,,4
7959,7959,2026-06-25,196.00,300,,49
7960,7960,2026-06-25,168.00,268,,108
7961,7961,2026-06-25,90.72,237,,1
7962,7962,2026-06-25,75.45,268,,1
7963,7963,2026-06-25,87.95,329,,0
7964,7964,2026-06-25,76.68,346,,0
7965,7965,2026-07-03,,0,,32
7966,7966,2026-06-25,317.25,359,,15
7967,7967,2026-07-03,,0,,1
7968,7968,2026-06-25,31.00,80,,0
7969,7969,2026-06-25,31.00,34,,0
7970,7970,2026-06-24,476.59,364,,0
7971,7971,2026-06-25,92.50,111,,8
7972,7972,2026-07-03,,37,,12
7973,7973,2026-06-24,208.00,63,,141
7974,7974,2026-06-25,65.77,270,,11
7975,7975,2026-06-25,30.81,279,,6
7976,7976,2026-06-25,73.03,330,,21
7977,7977,2026-06-25,394.00,178,,68
7978,7978,2026-06-25,150.37,268,,1
7979,7979,2026-06-25,265.00,315,,83
7980,7980,2026-06-25,171.69,203,,0
7981,7981,2026-06-25,218.00,272,,84
7982,7982,2026-06-24,307.50,124,,128
7983,7983,2026-06-25,309.00,299,,53
7984,7984,2026-06-25,379.00,324,,33
7985,7985,2026-06-24,237.00,132,,213
7986,7986,2026-06-25,52.24,363,,0
7987,7987,2026-06-24,37.13,246,,60
7988,7988,2026-06-25,183.41,322,,14
7989,7989,2026-06-25,230.43,329,,99
7990,7990,2026-06-24,233.00,348,,118
7991,7991,2026-06-25,47.74,268,,3
7992,7992,2026-06-25,67.13,207,,1
7993,7993,2026-06-25,100.55,155,,0
7994,7994,2026-06-25,62.60,346,,0
7995,7995,2026-07-03,87.87,315,,3
7996,7996,2026-06-24,119.47,199,,8
7997,7997,2026-06-25,29.87,175,,2
7998,7998,2026-06-25,35.42,31,,0
7999,7999,2026-07-03,,0,,0
8000,8000,2026-06-24,35.42,62,,1
8001,8001,2026-06-25,35.42,31,,0
8002,8002,2026-06-25,35.42,31,,0
8003,8003,2026-06-25,85.00,325,,9
8004,8004,2026-06-24,198.00,74,,69
8005,8005,2026-06-24,176.00,73,,103
8006,8006,2026-07-03,87.75,32,,10
8007,8007,2026-06-25,156.40,178,,18
8008,8008,2026-07-03,,18,,1
8009,8009,2026-06-25,352.27,332,,98
8010,8010,2026-06-24,530.00,32,,83
8011,8011,2026-06-25,354.00,329,,53
8012,8012,2026-06-25,83.37,343,,11
8013,8013,2026-06-24,91.75,141,,14
8014,8014,2026-06-25,85.11,145,,0
8015,8015,2026-06-25,105.21,340,,1
8016,8016,2026-06-24,387.00,319,,74
8017,8017,2026-06-25,,213,,4
8018,8018,2026-06-25,90.58,273,,13
8019,8019,2026-06-25,257.00,308,,154
8020,8020,2026-06-25,206.00,239,,59
8021,8021,2026-06-25,324.50,267,,66
8022,8022,2026-06-25,320.00,249,,34
8023,8023,2026-06-25,133.89,217,,0
8024,8024,2026-06-25,49.52,179,,1
8025,8025,2026-07-03,51.47,223,,14
8026,8026,2026-06-25,171.00,101,,129
8027,8027,2026-06-25,428.00,155,,39
8028,8028,2026-07-03,68.00,235,,17
8029,8029,2026-06-25,291.00,316,,145
8030,8030,2026-06-24,365.50,123,,117
8031,8031,2026-06-24,476.50,316,,94
8032,8032,2026-06-25,138.52,189,,1
8033,8033,2026-06-25,138.15,190,,1
8034,8034,2026-07-03,,3,,6
8035,8035,2026-06-25,69.81,365,,0
8036,8036,2026-06-25,329.00,236,,1
8037,8037,2026-06-25,176.88,196,,101
8038,8038,2026-06-25,138.52,189,,0
8039,8039,2026-06-25,351.60,174,,77
8040,8040,2026-06-25,28.30,90,,6
8041,8041,2026-06-25,27.21,90,,1
8042,8042,2026-06-25,208.71,226,,1
8043,8043,2026-06-25,119.60,231,,1
8044,8044,2026-06-24,309.00,307,,106
8045,8045,2026-06-25,332.50,322,,73
8046,8046,2026-06-25,236.50,336,,77
8047,8047,2026-06-25,322.50,322,,98
8048,8048,2026-06-25,145.90,282,,2
8049,8049,2026-06-25,234.88,255,,4
8050,8050,2026-06-25,214.33,143,,68
8051,8051,2026-06-25,119.47,202,,4
8052,8052,2026-06-24,119.47,255,,6
8053,8053,2026-06-25,123.00,354,,677
8054,8054,2026-06-25,138.52,189,,2
8055,8055,2026-06-25,163.98,327,,1
8056,8056,2026-06-25,36.26,49,,14
8057,8057,2026-06-25,73.57,176,,1
8058,8058,2026-06-25,30.32,175,,23
8059,8059,2026-06-25,27.34,113,,4
8060,8060,2026-06-25,154.29,168,,2
8061,8061,2026-06-25,88.80,112,,8
8062,8062,2026-07-03,206.35,303,,74
8063,8063,2026-07-03,229.45,274,,81
8064,8064,2026-06-25,31.66,292,,4
8065,8065,2026-06-25,206.00,364,,226
8066,8066,2026-06-25,167.59,320,,0
8067,8067,2026-06-24,395.00,299,,9
8068,8068,2026-06-25,264.00,268,,31
8069,8069,2026-06-25,99.84,107,,2
8070,8070,2026-06-25,30.47,90,,1
8071,8071,2026-06-25,399.67,317,,80
8072,8072,2026-06-25,119.63,240,,1
8073,8073,2026-06-25,87.48,95,,12
8074,8074,2026-07-03,,0,,1
8075,8075,2026-06-24,201.99,226,,189
8076,8076,2026-06-25,79.23,73,,23
8077,8077,2026-06-25,70.83,285,,0
8078,8078,2026-06-25,10542.22,363,,0
8079,8079,2026-06-25,38.38,365,,0
8080,8080,2026-06-25,38.38,365,,0
8081,8081,2026-06-25,38.38,365,,0
8082,8082,2026-06-25,38.38,365,,0
8083,8083,2026-06-25,38.38,365,,0
8084,8084,2026-06-25,194.00,272,,98
8085,8085,2026-06-24,230.40,288,,1
8086,8086,2026-06-25,110.83,158,,11
8087,8087,2026-06-25,78.87,253,,43
8088,8088,2026-06-25,,364,,0
8089,8089,2026-06-24,245.50,331,,53
8090,8090,2026-06-25,88.89,320,,3
8091,8091,2026-06-25,154.50,326,,71
8092,8092,2026-07-03,,27,,5
8093,8093,2026-06-25,33.45,213,,0
8094,8094,2026-06-24,41.15,149,,2
8095,8095,2026-07-03,,88,,6
8096,8096,2026-07-03,234.40,260,,117
8097,8097,2026-06-25,192.50,310,,49
8098,8098,2026-07-03,28.96,118,,9
8099,8099,2026-06-25,82.97,149,,2
8100,8100,2026-06-25,438.52,337,,45
8101,8101,2026-06-25,244.67,174,,33
8102,8102,2026-06-25,143.81,206,,2
8103,8103,2026-06-24,445.50,145,,10
8104,8104,2026-06-25,187.81,247,,3
8105,8105,2026-06-25,219.97,264,,1
8106,8106,2026-06-25,,10,,0
8107,8107,2026-06-25,280.75,342,,101
8108,8108,2026-07-03,886.00,283,,50
8109,8109,2026-06-24,195.00,254,,55
8110,8110,2026-06-25,171.50,263,,83
8111,8111,2026-06-24,207.00,220,,44
8112,8112,2026-06-25,194.00,222,,101
8113,8113,2026-06-25,254.00,223,,61
8114,8114,2026-06-25,187.00,237,,39
8115,8115,2026-06-25,299.50,232,,72
8116,8116,2026-06-25,246.00,236,,118
8117,8117,2026-06-25,229.00,229,,106
8118,8118,2026-06-25,299.50,237,,76
8119,8119,2026-06-25,295.00,230,,66
8120,8120,2026-06-25,196.50,228,,77
8121,8121,2026-06-25,242.00,234,,70
8122,8122,2026-06-25,199.50,225,,99
8123,8123,2026-06-25,386.10,331,,176
8124,8124,2026-07-03,,34,,6
8125,8125,2026-06-25,60.03,153,,9
8126,8126,2026-07-03,,0,,1
8127,8127,2026-07-03,206.00,349,,24
8128,8128,2026-06-25,42.75,325,,4
8129,8129,2026-06-24,205.00,110,,122
8130,8130,2026-06-25,52.94,205,,16
8131,8131,2026-07-03,,0,,0
8132,8132,2026-07-03,,4,,6
8133,8133,2026-06-25,351.33,336,,197
8134,8134,2026-06-25,89.90,178,,4
8135,8135,2026-06-25,106.01,261,,9
8136,8136,2026-06-25,,41,,107
8137,8137,2026-06-24,,46,,8
8138,8138,2026-06-25,246.67,136,,97
8139,8139,2026-06-25,297.00,264,,99
8140,8140,2026-07-03,55.60,186,,1
8141,8141,2026-06-24,121.38,83,,2
8142,8142,2026-06-25,160.00,106,,7
8143,8143,2026-06-24,100.10,166,,38
8144,8144,2026-06-25,104.80,261,,2
8145,8145,2026-07-03,25.52,187,,0
8146,8146,2026-06-25,167.63,195,,16
8147,8147,2026-06-25,238.50,217,,138
8148,8148,2026-06-25,446.00,363,,622
8149,8149,2026-06-25,370.00,343,,91
8150,8150,2026-06-25,228.24,279,,135
8151,8151,2026-06-25,263.00,309,,187
8152,8152,2026-06-25,247.50,352,,427
8153,8153,2026-06-25,486.00,364,,271
8154,8154,2026-06-25,606.00,304,,88
8155,8155,2026-06-25,205.00,84,,4
8156,8156,2026-06-25,241.00,93,,211
8157,8157,2026-06-25,259.00,20,,188
8158,8158,2026-06-25,245.76,133,,0
8159,8159,2026-06-25,508.00,111,,112
8160,8160,2026-06-25,215.71,358,,0
8161,8161,2026-06-25,108.84,302,,5
8162,8162,2026-06-25,241.93,174,,244
8163,8163,2026-06-25,285.50,78,,177
8164,8164,2026-06-25,91.50,20,,194
8165,8165,2026-06-24,286.00,49,,79
8166,8166,2026-06-25,330.89,252,,120
8167,8167,2026-06-25,285.91,225,,1
8168,8168,2026-06-25,85.09,231,,6
8169,8169,2026-06-24,245.00,247,,96
8170,8170,2026-06-24,292.00,211,,40
8171,8171,2026-06-24,189.00,215,,69
8172,8172,2026-06-24,260.51,230,,0
8173,8173,2026-06-25,195.00,242,,117
8174,8174,2026-06-25,439.20,327,,64
8175,8175,2026-06-25,226.33,261,,94
8176,8176,2026-06-25,369.00,285,,8
8177,8177,2026-06-25,445.50,292,,102
8178,8178,2026-06-24,91.00,207,,9
8179,8179,2026-06-24,388.00,285,,23
8180,8180,2026-06-25,75.32,365,,0
8181,8181,2026-06-25,62.03,364,,2
8182,8182,2026-06-25,14.39,291,,0
8183,8183,2026-06-25,69.41,270,,18
8184,8184,2026-06-25,34.98,274,,2
8185,8185,2026-06-24,455.00,311,,20
8186,8186,2026-06-25,141.85,231,,3
8187,8187,2026-06-25,,301,,0
8188,8188,2026-06-25,360.00,138,,123
8189,8189,2026-06-25,222.25,252,,62
8190,8190,2026-06-25,900.00,335,,45
8191,8191,2026-06-25,111.48,297,,2
8192,8192,2026-06-25,82.58,261,,12
8193,8193,2026-06-24,148.50,94,,28
8194,8194,2026-06-25,88.59,175,,3
8195,8195,2026-06-25,148.36,333,,0
8196,8196,2026-06-25,381.50,196,,78
8197,8197,2026-06-24,87.21,128,,17
8198,8198,2026-07-03,104.83,323,,1
8199,8199,2026-06-25,43.55,365,,1
8200,8200,2026-06-25,151.92,339,,757
8201,8201,2026-06-25,276.00,284,,74
8202,8202,2026-06-25,178.00,286,,8
8203,8203,2026-07-03,,0,,0
8204,8204,2026-06-24,,39,,9
8205,8205,2026-06-24,179.00,116,,98
8206,8206,2026-06-25,46.63,83,,9
8207,8207,2026-06-25,107.69,365,,6
8208,8208,2026-06-25,337.31,266,,0
8209,8209,2026-06-25,95.47,131,,6
8210,8210,2026-07-03,,0,,0
8211,8211,2026-07-03,192.00,319,,0
8212,8212,2026-07-03,,0,,0
8213,8213,2026-07-03,,0,,0
8214,8214,2026-06-24,165.00,334,,291
8215,8215,2026-06-24,143.76,268,,0
8216,8216,2026-06-24,94.23,82,,9
8217,8217,2026-07-03,,0,,0
8218,8218,2026-06-25,142.66,173,,1
8219,8219,2026-06-25,301.00,299,,28
8220,8220,2026-06-24,302.50,330,,159
8221,8221,2026-06-25,42.20,365,,0
8222,8222,2026-06-25,67.50,255,,2
8223,8223,2026-06-25,,193,,0
8224,8224,2026-06-25,65.29,284,,1
8225,8225,2026-06-25,,27,,1
8226,8226,2026-06-25,313.90,224,,123
8227,8227,2026-06-24,199.00,280,,126
8228,8228,2026-06-25,81.71,302,,13
8229,8229,2026-06-25,79.45,90,,3
8230,8230,2026-06-25,46.00,298,,3
8231,8231,2026-06-25,68.06,56,,1
8232,8232,2026-06-25,39.43,360,,4
8233,8233,2026-06-25,75.45,267,,1
8234,8234,2026-06-24,110.65,327,,0
8235,8235,2026-06-25,47.10,155,,15
8236,8236,2026-07-03,,0,,2
8237,8237,2026-06-25,33.63,134,,6
8238,8238,2026-06-25,72.93,334,,1
8239,8239,2026-06-25,382.67,305,,129
8240,8240,2026-06-25,171.46,358,,0
8241,8241,2026-06-25,161.46,292,,3
8242,8242,2026-06-25,301.60,351,,35
8243,8243,2026-06-25,123.31,291,,0
8244,8244,2026-06-25,316.00,261,,16
8245,8245,2026-06-25,244.00,229,,134
8246,8246,2026-06-25,256.00,149,,107
8247,8247,2026-06-25,113.81,160,,1
8248,8248,2026-06-25,460.00,121,,125
8249,8249,2026-06-24,110.65,353,,3
8250,8250,2026-06-25,108.10,231,,3
8251,8251,2026-06-25,73.81,236,,5
8252,8252,2026-06-25,94.13,118,,0
8253,8253,2026-06-25,98.77,364,,0
8254,8254,2026-07-03,,0,,2
8255,8255,2026-06-25,86.45,102,,10
8256,8256,2026-06-25,80.13,298,,1
8257,8257,2026-06-25,134.50,300,,44
8258,8258,2026-06-24,77.92,297,,27
8259,8259,2026-06-25,115.98,317,,8
8260,8260,2026-06-25,215.67,274,,115
8261,8261,2026-06-25,287.60,44,,66
8262,8262,2026-06-25,46.46,185,,10
8263,8263,2026-06-25,68.84,44,,10
8264,8264,2026-06-25,621.83,358,,68
8265,8265,2026-07-03,,93,,1
8266,8266,2026-06-25,47.04,89,,0
8267,8267,2026-06-25,144.52,358,,0
8268,8268,2026-06-25,132.74,322,,2
8269,8269,2026-06-25,497.65,341,,107
8270,8270,2026-07-03,,30,,7
8271,8271,2026-06-25,620.09,302,,72
8272,8272,2026-06-25,332.21,351,,84
8273,8273,2026-06-25,349.54,317,,93
8274,8274,2026-06-25,250.00,350,,546
8275,8275,2026-06-25,115.07,306,,0
8276,8276,2026-06-25,59.19,57,,8
8277,8277,2026-06-25,221.00,280,,92
8278,8278,2026-06-25,221.00,273,,106
8279,8279,2026-06-25,121.92,358,,79
8280,8280,2026-06-25,361.00,265,,16
8281,8281,2026-06-25,465.94,330,,70
8282,8282,2026-06-25,251.08,333,,90
8283,8283,2026-06-24,781.46,332,,63
8284,8284,2026-06-25,129.21,63,,3
8285,8285,2026-06-25,273.00,268,,98
8286,8286,2026-06-25,267.00,246,,92
8287,8287,2026-06-24,222.59,354,,173
8288,8288,2026-06-25,224.27,335,,79
8289,8289,2026-06-25,184.93,347,,90
8290,8290,2026-06-25,38.56,364,,0
8291,8291,2026-06-25,38.56,364,,0
8292,8292,2026-06-25,38.56,364,,0
8293,8293,2026-06-25,213.02,248,,74
8294,8294,2026-06-25,166.82,321,,3
8295,8295,2026-06-25,104.18,292,,2
8296,8296,2026-06-25,38.56,364,,0
8297,8297,2026-06-25,38.56,364,,0
8298,8298,2026-06-25,38.56,364,,0
8299,8299,2026-06-25,219.00,54,,66
8300,8300,2026-06-25,74.18,14,,167
8301,8301,2026-06-25,187.00,339,,149
8302,8302,2026-06-25,184.67,322,,27
8303,8303,2026-06-25,66.39,183,,12
8304,8304,2026-06-25,481.25,153,,108
8305,8305,2026-06-25,400.00,157,,85
8306,8306,2026-06-25,36.26,364,,1
8307,8307,2026-06-25,31.86,364,,0
8308,8308,2026-06-25,108.48,270,,0
8309,8309,2026-06-25,228.00,324,,135
8310,8310,2026-06-24,380.94,334,,1
8311,8311,2026-06-24,222.00,298,,80
8312,8312,2026-06-25,122.81,195,,1
8313,8313,2026-06-25,116.00,55,,13
8314,8314,2026-06-24,107.19,358,,0
8315,8315,2026-06-25,80.84,345,,10
8316,8316,2026-06-24,133.33,69,,31
8317,8317,2026-06-25,71.71,297,,0
8318,8318,2026-06-25,49.81,263,,0
8319,8319,2026-06-25,49.81,325,,0
8320,8320,2026-06-25,125.67,86,,40
8321,8321,2026-06-25,175.00,84,,42
8322,8322,2026-06-24,231.52,90,,38
8323,8323,2026-06-24,22.23,142,,12
8324,8324,2026-06-25,350.00,307,,61
8325,8325,2026-06-25,21.50,240,,11
8326,8326,2026-06-25,77.13,266,,9
8327,8327,2026-06-25,258.75,72,,83
8328,8328,2026-06-24,271.33,123,,116
8329,8329,2026-06-24,68.28,92,,0
8330,8330,2026-06-25,53.38,362,,0
8331,8331,2026-07-03,,270,,0
8332,8332,2026-07-03,,0,,0
8333,8333,2026-06-25,394.00,276,,135
8334,8334,2026-07-03,,43,,14
8335,8335,2026-06-25,337.23,83,,0
8336,8336,2026-06-25,63.30,99,,11
8337,8337,2026-06-25,24.02,360,,7
8338,8338,2026-07-03,6.88,365,,6
8339,8339,2026-06-25,366.00,216,,142
8340,8340,2026-06-25,210.68,333,,1
8341,8341,2026-06-25,96.13,347,,2
8342,8342,2026-06-25,110.65,262,,11
8343,8343,2026-06-24,124.16,285,,0
8344,8344,2026-06-25,129.13,248,,2
8345,8345,2026-06-25,334.00,181,,8
8346,8346,2026-06-25,134.61,259,,0
8347,8347,2026-06-25,114.31,147,,0
8348,8348,2026-06-24,93.99,331,,10
8349,8349,2026-06-25,541.00,342,,104
8350,8350,2026-06-25,35.88,364,,0
8351,8351,2026-06-25,295.00,316,,39
8352,8352,2026-06-25,334.00,181,,22
8353,8353,2026-06-24,55.41,99,,8
8354,8354,2026-06-25,125.56,231,,0
8355,8355,2026-06-25,78.81,284,,8
8356,8356,2026-06-25,32.68,365,,0
8357,8357,2026-06-25,4463.00,306,,1
8358,8358,2026-06-24,382.50,141,,59
8359,8359,2026-06-25,26.74,363,,0
8360,8360,2026-06-25,297.00,183,,7
8361,8361,2026-06-25,232.00,222,,88
8362,8362,2026-06-25,159.00,229,,109
8363,8363,2026-06-25,330.00,292,,13
8364,8364,2026-06-25,59.72,172,,0
8365,8365,2026-06-25,320.00,307,,1
8366,8366,2026-06-25,262.00,280,,1
8367,8367,2026-06-25,275.00,167,,42
8368,8368,2026-06-25,433.00,293,,40
8369,8369,2026-06-25,247.00,319,,41
8370,8370,2026-06-25,251.50,315,,81
8371,8371,2026-06-24,62.94,328,,0
8372,8372,2026-06-25,287.50,196,,6
8373,8373,2026-06-25,56.50,170,,1
8374,8374,2026-06-25,297.00,174,,19
8375,8375,2026-06-25,286.00,168,,29
8376,8376,2026-06-25,274.00,166,,18
8377,8377,2026-06-24,43.16,81,,0
8378,8378,2026-06-25,59.81,175,,0
8379,8379,2026-07-03,,28,,5
8380,8380,2026-06-25,175.70,59,,270
8381,8381,2026-06-25,60.78,173,,0
8382,8382,2026-07-03,,21,,0
8383,8383,2026-06-25,52.22,151,,0
8384,8384,2026-06-25,75.65,192,,13
8385,8385,2026-06-25,53.46,102,,10
8386,8386,2026-06-24,75.65,196,,14
8387,8387,2026-06-24,80.13,111,,11
8388,8388,2026-06-25,199.11,37,,3
8389,8389,2026-06-25,46.64,356,,94
8390,8390,2026-06-25,35.05,323,,76
8391,8391,2026-07-03,,0,,6
8392,8392,2026-06-24,27.00,89,,1
8393,8393,2026-06-25,33.64,78,,2
8394,8394,2026-06-25,38.76,87,,0
8395,8395,2026-07-03,,0,,0
8396,8396,2026-07-03,38.20,36,,2
8397,8397,2026-07-03,,4,,2
8398,8398,2026-06-25,,295,,7
8399,8399,2026-06-25,516.19,331,,127
8400,8400,2026-06-25,508.00,322,,92
8401,8401,2026-06-24,40.78,84,,0
8402,8402,2026-06-25,34.13,297,,0
8403,8403,2026-06-25,30.99,45,,3
8404,8404,2026-06-25,27.50,84,,0
8405,8405,2026-06-25,101.35,220,,8
8406,8406,2026-06-25,205.50,202,,148
8407,8407,2026-06-25,178.00,310,,0
8408,8408,2026-06-25,56.68,111,,4
8409,8409,2026-06-24,322.00,251,,129
8410,8410,2026-07-03,9.18,363,,0
8411,8411,2026-06-25,250.00,181,,1
8412,8412,2026-06-25,96.56,347,,2
8413,8413,2026-06-25,165.91,118,,1
8414,8414,2026-06-25,36.06,298,,1
8415,8415,2026-06-25,56.66,179,,0
8416,8416,2026-06-25,68.81,170,,6
8417,8417,2026-06-25,35.00,309,,2
8418,8418,2026-06-25,270.25,344,,71
8419,8419,2026-06-25,284.17,281,,118
8420,8420,2026-06-25,266.67,147,,74
8421,8421,2026-06-25,400.67,261,,164
8422,8422,2026-06-25,167.74,162,,0
8423,8423,2026-06-25,252.96,152,,140
8424,8424,2026-06-25,339.50,365,,1
8425,8425,2026-07-03,,0,,2
8426,8426,2026-06-24,196.00,91,,132
8427,8427,2026-06-25,91.59,290,,9
8428,8428,2026-06-24,718.20,347,,58
8429,8429,2026-06-25,570.59,296,,101
8430,8430,2026-06-25,128.50,361,,18
8431,8431,2026-06-25,126.25,297,,0
8432,8432,2026-06-25,279.68,163,,10
8433,8433,2026-06-25,300.67,303,,68
8434,8434,2026-06-24,116.71,330,,13
8435,8435,2026-06-24,109.13,178,,7
8436,8436,2026-07-03,,2,,10
8437,8437,2026-06-25,133.29,254,,6
8438,8438,2026-06-25,212.89,245,,1
8439,8439,2026-07-03,,321,,0
8440,8440,2026-06-24,107.28,365,,0
8441,8441,2026-06-25,91.13,198,,2
8442,8442,2026-06-25,25.11,325,,5
8443,8443,2026-06-25,280.00,150,,17
8444,8444,2026-06-25,215.00,87,,1
8445,8445,2026-06-25,146.75,316,,9
8446,8446,2026-06-25,81.97,72,,1
8447,8447,2026-06-25,38.56,364,,0
8448,8448,2026-06-25,233.47,281,,0
8449,8449,2026-06-25,128.23,175,,11
8450,8450,2026-07-03,12.42,269,,2
8451,8451,2026-06-25,118.28,365,,0
8452,8452,2026-06-25,68.58,343,,0
8453,8453,2026-06-25,38.56,364,,0
8454,8454,2026-06-25,38.56,364,,0
8455,8455,2026-06-25,38.56,364,,0
8456,8456,2026-06-25,339.50,365,,4
8457,8457,2026-06-25,38.56,364,,0
8458,8458,2026-06-25,257.50,247,,78
8459,8459,2026-06-25,125.34,364,,0
8460,8460,2026-06-25,106.97,326,,1
8461,8461,2026-06-24,57.33,242,,76
8462,8462,2026-06-25,124.96,364,,0
8463,8463,2026-06-25,107.44,269,,1
8464,8464,2026-06-25,288.00,124,,62
8465,8465,2026-06-24,33.71,365,,3
8466,8466,2026-06-25,391.50,18,,78
8467,8467,2026-06-25,41.70,169,,10
8468,8468,2026-06-25,43.40,165,,10
8469,8469,2026-06-25,67.31,252,,6
8470,8470,2026-06-25,102.71,25,,4
8471,8471,2026-06-25,94.92,187,,10
8472,8472,2026-07-03,,321,,1
8473,8473,2026-06-25,32.68,203,,7
8474,8474,2026-07-03,,0,,0
8475,8475,2026-06-25,33.19,216,,5
8476,8476,2026-06-25,322.00,217,,32
8477,8477,2026-06-25,63.44,348,,7
8478,8478,2026-06-25,62.41,293,,9
8479,8479,2026-06-25,106.21,171,,1
8480,8480,2026-06-25,113.65,361,,2
8481,8481,2026-06-25,171.47,305,,2
8482,8482,2026-07-03,234.40,306,,88
8483,8483,2026-06-25,221.00,286,,85
8484,8484,2026-06-25,168.00,289,,77
8485,8485,2026-06-24,221.00,272,,99
8486,8486,2026-06-25,221.00,278,,83
8487,8487,2026-06-25,60.21,217,,10
8488,8488,2026-06-24,101.81,80,,0
8489,8489,2026-06-25,495.50,148,,89
8490,8490,2026-06-25,229.00,49,,17
8491,8491,2026-06-25,138.24,268,,24
8492,8492,2026-06-25,75.32,365,,0
8493,8493,2026-06-25,107.28,365,,0
8494,8494,2026-06-25,415.33,337,,145
8495,8495,2026-06-25,267.00,258,,110
8496,8496,2026-06-25,87.10,363,,6
8497,8497,2026-06-25,95.53,261,,1
8498,8498,2026-06-25,149.70,223,,2
8499,8499,2026-06-25,69.65,89,,2
8500,8500,2026-06-24,36.52,174,,1
8501,8501,2026-06-24,53.65,284,,11
8502,8502,2026-06-24,135.00,142,,160
8503,8503,2026-06-25,71.69,327,,12
8504,8504,2026-06-25,59.87,270,,0
8505,8505,2026-06-25,55.53,332,,4
8506,8506,2026-07-03,,0,,27
8507,8507,2026-06-25,110.65,174,,0
8508,8508,2026-07-03,,0,,0
8509,8509,2026-06-25,68.25,365,,0
8510,8510,2026-06-25,27.43,176,,0
8511,8511,2026-07-03,,0,,357
8512,8512,2026-07-03,,0,,0
8513,8513,2026-06-25,197.85,279,,0
8514,8514,2026-07-03,68.06,131,,3
8515,8515,2026-06-25,346.16,308,,174
8516,8516,2026-06-25,34.20,240,,2
8517,8517,2026-06-24,30.47,365,,0
8518,8518,2026-06-25,141.72,328,,1
8519,8519,2026-07-03,,0,,8
8520,8520,2026-06-25,24.05,343,,12
8521,8521,2026-06-25,35.92,89,,0
8522,8522,2026-06-25,24.88,251,,4
8523,8523,2026-06-25,84.09,60,,6
8524,8524,2026-07-03,,14,,9
8525,8525,2026-06-25,,358,,0
8526,8526,2026-06-25,179.00,342,,89
8527,8527,2026-06-24,32.68,364,,0
8528,8528,2026-06-25,63.26,237,,2
8529,8529,2026-06-25,251.17,348,,0
8530,8530,2026-07-03,,4,,9
8531,8531,2026-06-25,84.38,269,,0
8532,8532,2026-06-25,250.33,213,,45
8533,8533,2026-06-25,347.00,297,,11
8534,8534,2026-06-25,200.40,256,,48
8535,8535,2026-07-03,761.67,282,,42
8536,8536,2026-06-25,27.83,88,,0
8537,8537,2026-06-24,187.73,182,,99
8538,8538,2026-06-25,402.00,299,,203
8539,8539,2026-06-24,228.50,313,,91
8540,8540,2026-06-25,178.67,132,,47
8541,8541,2026-06-25,62.31,229,,6
8542,8542,2026-06-25,206.00,220,,63
8543,8543,2026-06-25,224.10,170,,0
8544,8544,2026-06-25,257.33,24,,128
8545,8545,2026-06-25,132.66,255,,8
8546,8546,2026-06-24,101.13,310,,10
8547,8547,2026-06-25,400.00,338,,264
8548,8548,2026-06-25,30.42,172,,0
8549,8549,2026-06-25,49.69,117,,0
8550,8550,2026-06-25,55.72,145,,0
8551,8551,2026-07-03,,18,,0
8552,8552,2026-06-25,59.81,328,,0
8553,8553,2026-06-25,59.72,329,,0
8554,8554,2026-06-25,62.94,350,,0
8555,8555,2026-06-25,55.77,334,,4
8556,8556,2026-06-25,207.50,319,,71
8557,8557,2026-06-25,45.83,40,,2
8558,8558,2026-06-25,307.00,294,,53
8559,8559,2026-06-25,373.50,343,,7
8560,8560,2026-07-03,62.77,208,,0
8561,8561,2026-06-25,87.97,179,,11
8562,8562,2026-06-25,,284,,0
8563,8563,2026-06-25,132.74,352,,2
8564,8564,2026-06-25,93.70,35,,5
8565,8565,2026-06-25,80.27,298,,3
8566,8566,2026-06-24,30.47,90,,5
8567,8567,2026-06-25,31.78,90,,5
8568,8568,2026-06-25,174.13,270,,1
8569,8569,2026-06-25,28.30,90,,2
8570,8570,2026-06-25,94.97,323,,1
8571,8571,2026-06-25,109.75,179,,1
8572,8572,2026-06-25,28.00,335,,6
8573,8573,2026-07-03,98.64,32,,0
8574,8574,2026-06-24,241.00,338,,7
8575,8575,2026-06-24,399.50,162,,2
8576,8576,2026-07-03,,0,,0
8577,8577,2026-06-25,61.94,83,,0
8578,8578,2026-06-25,296.00,319,,66
8579,8579,2026-06-24,25.78,363,,0
8580,8580,2026-06-25,54.78,83,,0
8581,8581,2026-07-03,,177,,0
8582,8582,2026-06-24,81.67,89,,21
8583,8583,2026-06-24,199.71,239,,89
8584,8584,2026-06-24,74.57,124,,10
8585,8585,2026-06-25,47.02,269,,0
8586,8586,2026-06-25,640.00,217,,2
8587,8587,2026-06-25,37.18,110,,10
8588,8588,2026-06-24,36.48,316,,1
8589,8589,2026-06-25,483.00,287,,156
8590,8590,2026-06-24,34.26,245,,0
8591,8591,2026-06-25,400.00,323,,104
8592,8592,2026-06-25,183.15,283,,1
8593,8593,2026-06-25,112.48,358,,4
8594,8594,2026-06-24,192.29,252,,81
8595,8595,2026-06-24,103.47,331,,13
8596,8596,2026-06-25,106.59,188,,17
8597,8597,2026-07-03,71.70,335,,8
8598,8598,2026-06-25,168.58,365,,1
8599,8599,2026-06-25,90.78,267,,15
8600,8600,2026-06-25,39.94,328,,12
8601,8601,2026-06-24,95.77,87,,0
8602,8602,2026-06-25,84.35,269,,0
8603,8603,2026-06-24,53.41,295,,42
8604,8604,2026-06-25,148.87,144,,12
8605,8605,2026-06-25,260.00,220,,49
8606,8606,2026-06-25,162.00,234,,42
8607,8607,2026-06-25,265.00,260,,39
8608,8608,2026-06-25,417.00,239,,58
8609,8609,2026-06-25,240.00,236,,62
8610,8610,2026-06-25,308.00,249,,82
8611,8611,2026-06-25,269.00,245,,34
8612,8612,2026-06-25,250.00,222,,110
8613,8613,2026-06-25,251.00,255,,61
8614,8614,2026-06-25,427.00,260,,61
8615,8615,2026-06-25,259.00,238,,68
8616,8616,2026-06-25,298.00,227,,53
8617,8617,2026-06-25,193.00,243,,43
8618,8618,2026-06-25,295.00,258,,64
8619,8619,2026-06-25,207.00,237,,45
8620,8620,2026-06-25,265.00,245,,57
8621,8621,2026-06-25,111.93,236,,1
8622,8622,2026-07-03,82.06,34,,8
8623,8623,2026-06-25,96.31,337,,4
8624,8624,2026-06-25,29.60,359,,0
8625,8625,2026-06-24,78.39,73,,13
8626,8626,2026-06-25,96.85,319,,0
8627,8627,2026-06-24,171.50,86,,47
8628,8628,2026-06-25,66.35,115,,3
8629,8629,2026-06-25,59.09,237,,1
8630,8630,2026-06-25,49.28,365,,0
8631,8631,2026-06-25,510.68,263,,205
8632,8632,2026-06-24,345.21,261,,226
8633,8633,2026-06-25,788.00,270,,1
8634,8634,2026-06-25,1575.00,270,,1
8635,8635,2026-06-25,89.57,216,,1
8636,8636,2026-06-25,773.55,340,,2
8637,8637,2026-06-25,354.00,364,,0
8638,8638,2026-06-25,91.50,214,,46
8639,8639,2026-06-25,598.00,321,,113
8640,8640,2026-06-25,67.50,364,,0
8641,8641,2026-06-25,136.45,166,,0
8642,8642,2026-06-25,136.40,87,,0
8643,8643,2026-06-25,63.73,332,,0
8644,8644,2026-06-25,151.56,324,,6
8645,8645,2026-06-25,26.81,348,,4
8646,8646,2026-07-03,,0,,2
8647,8647,2026-06-24,67.50,364,,0
8648,8648,2026-06-24,68.59,343,,0
8649,8649,2026-06-25,119.91,243,,2
8650,8650,2026-06-25,1918.00,365,,0
8651,8651,2026-06-25,232.00,281,,56
8652,8652,2026-06-25,97.47,358,,4
8653,8653,2026-06-25,95.62,362,,0
8654,8654,2026-06-25,117.45,340,,0
8655,8655,2026-07-02,,22,,3
8656,8656,2026-06-25,,19,,106
8657,8657,2026-06-25,75.32,365,,2
8658,8658,2026-06-25,359.50,203,,152
8659,8659,2026-06-25,41.13,51,,13
8660,8660,2026-06-25,78.71,177,,0
8661,8661,2026-07-02,,0,,0
8662,8662,2026-06-24,216.00,357,,110
8663,8663,2026-07-02,,21,,3
8664,8664,2026-06-25,299.00,152,,72
8665,8665,2026-06-25,112.41,347,,2
8666,8666,2026-06-25,123.25,55,,3
8667,8667,2026-06-25,245.00,343,,88
8668,8668,2026-07-02,179.30,332,,0
8669,8669,2026-06-25,44.12,44,,1
8670,8670,2026-06-25,92.00,292,,127
8671,8671,2026-06-25,90.18,156,,6
8672,8672,2026-06-25,524.00,125,,53
8673,8673,2026-06-25,74.93,233,,3
8674,8674,2026-06-25,137.51,309,,1
8675,8675,2026-06-25,195.90,358,,0
8676,8676,2026-06-24,506.00,296,,131
8677,8677,2026-06-25,87.13,298,,5
8678,8678,2026-06-25,132.03,340,,1
8679,8679,2026-06-24,109.28,296,,2
8680,8680,2026-06-25,214.00,336,,14
8681,8681,2026-06-25,99.81,274,,13
8682,8682,2026-06-25,101.69,260,,1
8683,8683,2026-06-25,178.78,161,,5
8684,8684,2026-06-25,137.50,295,,95
8685,8685,2026-06-25,154.27,215,,0
8686,8686,2026-06-25,59.66,55,,5
8687,8687,2026-06-24,125.53,89,,5
8688,8688,2026-06-24,106.83,289,,1
8689,8689,2026-06-24,132.93,303,,0
8690,8690,2026-06-25,330.16,345,,86
8691,8691,2026-06-24,155.91,358,,0
8692,8692,2026-06-25,362.00,92,,0
8693,8693,2026-06-25,341.00,348,,119
8694,8694,2026-06-25,166.07,268,,4
8695,8695,2026-06-25,82.00,90,,41
8696,8696,2026-06-25,56.97,339,,1
8697,8697,2026-06-25,46.81,362,,2
8698,8698,2026-06-25,62.28,212,,4
8699,8699,2026-06-25,135.00,173,,8
8700,8700,2026-06-25,38.74,241,,0
8701,8701,2026-06-25,217.00,185,,183
8702,8702,2026-06-25,83.39,297,,20
8703,8703,2026-06-25,102.70,155,,0
8704,8704,2026-06-25,242.50,304,,30
8705,8705,2026-06-25,622.50,181,,15
8706,8706,2026-06-25,349.50,116,,0
8707,8707,2026-06-25,201.00,123,,1
8708,8708,2026-07-02,,6,,5
8709,8709,2026-06-25,152.22,267,,11
8710,8710,2026-06-25,122.38,323,,2
8711,8711,2026-07-02,,37,,2
8712,8712,2026-07-02,105.29,314,,0
8713,8713,2026-06-25,241.70,288,,53
8714,8714,2026-06-24,,41,,78
8715,8715,2026-06-25,113.64,269,,1
8716,8716,2026-06-25,24.97,336,,9
8717,8717,2026-06-25,25.43,362,,6
8718,8718,2026-06-25,40.47,185,,13
8719,8719,2026-06-25,459.51,281,,111
8720,8720,2026-07-02,85.68,361,,7
8721,8721,2026-06-25,91.53,269,,0
8722,8722,2026-07-02,89.74,361,,1
8723,8723,2026-06-25,122.80,340,,5
8724,8724,2026-07-02,,0,,0
8725,8725,2026-06-25,317.70,59,,105
8726,8726,2026-07-02,,0,,2
8727,8727,2026-06-25,186.15,233,,6
8728,8728,2026-06-24,57.28,264,,3
8729,8729,2026-06-25,59.97,226,,2
8730,8730,2026-06-25,64.59,296,,4
8731,8731,2026-07-02,,12,,7
8732,8732,2026-06-25,109.51,359,,3
8733,8733,2026-06-25,102.61,249,,15
8734,8734,2026-06-25,273.50,340,,25
8735,8735,2026-06-25,296.00,332,,55
8736,8736,2026-06-25,307.00,351,,50
8737,8737,2026-06-25,466.50,325,,58
8738,8738,2026-06-24,149.48,225,,0
8739,8739,2026-06-25,104.96,346,,1
8740,8740,2026-06-25,149.03,261,,1
8741,8741,2026-06-25,252.00,123,,0
8742,8742,2026-06-25,327.00,133,,0
8743,8743,2026-06-25,230.23,243,,163
8744,8744,2026-06-25,278.00,255,,1
8745,8745,2026-06-25,323.40,125,,59
8746,8746,2026-06-25,331.50,97,,3
8747,8747,2026-06-25,400.00,95,,2
8748,8748,2026-06-25,171.00,48,,55
8749,8749,2026-06-25,100.44,158,,2
8750,8750,2026-06-25,930.97,106,,17
8751,8751,2026-07-02,112.15,336,,5
8752,8752,2026-06-25,115.88,245,,2
8753,8753,2026-07-02,54.48,359,,16
8754,8754,2026-06-25,58.16,264,,2
8755,8755,2026-06-24,99.81,163,,10
8756,8756,2026-06-25,94.13,223,,5
8757,8757,2026-06-25,225.00,335,,5
8758,8758,2026-07-02,,0,,0
8759,8759,2026-06-25,41.46,302,,77
8760,8760,2026-06-25,72.86,158,,4
8761,8761,2026-06-25,58.16,269,,2
8762,8762,2026-06-25,65.05,236,,4
8763,8763,2026-07-02,,18,,10
8764,8764,2026-06-25,257.50,239,,50
8765,8765,2026-06-25,257.50,258,,73
8766,8766,2026-06-25,60.96,120,,9
8767,8767,2026-07-02,187.88,304,,57
8768,8768,2026-07-02,,0,,388
8769,8769,2026-07-02,,0,,216
8770,8770,2026-07-02,,0,,177
8771,8771,2026-06-25,36.17,67,,8
8772,8772,2026-07-02,,0,,60
8773,8773,2026-07-02,,0,,42
8774,8774,2026-07-02,,0,,89
8775,8775,2026-07-02,,0,,22
8776,8776,2026-07-02,,0,,21
8777,8777,2026-07-02,,0,,29
8778,8778,2026-06-25,260.00,260,,191
8779,8779,2026-06-25,2066.00,365,,1
8780,8780,2026-06-24,149.37,361,,0
8781,8781,2026-06-25,2363.00,365,,0
8782,8782,2026-07-02,,0,,1
8783,8783,2026-06-25,107.03,281,,8
8784,8784,2026-06-25,64.09,202,,3
8785,8785,2026-06-25,277.00,270,,121
8786,8786,2026-07-02,,0,,3
8787,8787,2026-06-25,128.05,168,,0
8788,8788,2026-07-02,,0,,6
8789,8789,2026-06-25,58.66,233,,3
8790,8790,2026-06-24,61.47,217,,4
8791,8791,2026-06-25,58.16,264,,3
8792,8792,2026-06-25,59.63,249,,4
8793,8793,2026-06-24,58.47,269,,5
8794,8794,2026-06-24,386.00,266,,7
8795,8795,2026-06-25,54.59,338,,0
8796,8796,2026-06-25,60.73,279,,5
8797,8797,2026-06-25,122.29,364,,0
8798,8798,2026-06-24,297.00,125,,17
8799,8799,2026-06-25,165.15,224,,2
8800,8800,2026-06-25,105.78,206,,0
8801,8801,2026-06-25,88.74,160,,2
8802,8802,2026-06-25,388.00,363,,3
8803,8803,2026-06-25,149.34,295,,1
8804,8804,2026-06-25,37.61,263,,2
8805,8805,2026-07-02,273.10,316,,106
8806,8806,2026-07-02,257.35,304,,107
8807,8807,2026-06-25,385.00,350,,105
8808,8808,2026-06-25,690.50,362,,3
8809,8809,2026-06-25,104.69,297,,2
8810,8810,2026-07-02,,179,,4
8811,8811,2026-07-02,,0,,2
8812,8812,2026-06-25,48.80,211,,10
8813,8813,2026-06-25,68.50,138,,0
8814,8814,2026-06-25,59.69,256,,2
8815,8815,2026-06-25,19.66,197,,15
8816,8816,2026-06-25,100.90,334,,2
8817,8817,2026-06-25,119.38,142,,12
8818,8818,2026-06-24,109.53,105,,11
8819,8819,2026-06-25,206.50,299,,55
8820,8820,2026-06-25,78.18,144,,6
8821,8821,2026-06-25,142.69,328,,1
8822,8822,2026-06-25,147.51,359,,0
8823,8823,2026-06-25,220.00,211,,104
8824,8824,2026-06-24,372.81,200,,0
8825,8825,2026-06-25,304.00,205,,122
8826,8826,2026-06-25,346.00,225,,9
8827,8827,2026-06-25,254.80,224,,66
8828,8828,2026-06-25,202.00,194,,32
8829,8829,2026-06-25,76.56,335,,2
8830,8830,2026-06-25,76.56,354,,1
8831,8831,2026-06-25,107.27,338,,194
8832,8832,2026-06-25,100.42,335,,141
8833,8833,2026-06-24,236.50,58,,32
8834,8834,2026-06-25,119.95,176,,4
8835,8835,2026-06-25,220.67,126,,53
8836,8836,2026-06-25,155.68,90,,5
8837,8837,2026-06-25,149.22,122,,4
8838,8838,2026-06-25,79.02,326,,1
8839,8839,2026-06-24,195.00,172,,18
8840,8840,2026-06-25,515.43,163,,12
8841,8841,2026-07-02,145.82,278,,100
8842,8842,2026-06-25,85.86,270,,7
8843,8843,2026-06-25,72.93,194,,0
8844,8844,2026-06-24,39.43,359,,0
8845,8845,2026-06-25,154.23,255,,1
8846,8846,2026-06-25,494.34,331,,44
8847,8847,2026-06-25,251.17,348,,0
8848,8848,2026-06-24,94.00,365,,0
8849,8849,2026-06-25,86.81,269,,0
8850,8850,2026-06-24,592.33,265,,34
8851,8851,2026-06-25,79.38,352,,6
8852,8852,2026-06-25,171.27,277,,1
8853,8853,2026-06-25,87.88,356,,9
8854,8854,2026-06-25,27.88,363,,0
8855,8855,2026-06-25,64.25,316,,16
8856,8856,2026-06-24,165.84,115,,9
8857,8857,2026-06-24,148.00,226,,51
8858,8858,2026-06-25,312.50,169,,46
8859,8859,2026-06-25,151.66,218,,3
8860,8860,2026-06-25,309.00,129,,96
8861,8861,2026-07-02,,0,,0
8862,8862,2026-06-25,433.67,155,,92
8863,8863,2026-06-25,151.50,268,,80
8864,8864,2026-06-25,151.66,235,,2
8865,8865,2026-06-25,151.66,218,,1
8866,8866,2026-06-24,185.56,364,,0
8867,8867,2026-06-24,78.75,294,,3
8868,8868,2026-06-24,100.99,88,,1
8869,8869,2026-06-25,535.50,278,,56
8870,8870,2026-06-24,71.50,62,,39
8871,8871,2026-06-24,44.25,232,,0
8872,8872,2026-07-02,,0,,11
8873,8873,2026-07-02,,0,,0
8874,8874,2026-06-24,651.00,269,,1
8875,8875,2026-06-25,128.80,365,,0
8876,8876,2026-06-24,392.00,100,,14
8877,8877,2026-06-25,210.00,171,,48
8878,8878,2026-06-25,159.00,204,,107
8879,8879,2026-07-02,,1,,7
8880,8880,2026-06-24,172.00,169,,2
8881,8881,2026-06-25,,269,,0
8882,8882,2026-06-25,162.77,291,,2
8883,8883,2026-06-25,174.50,312,,139
8884,8884,2026-06-25,120.83,261,,1
8885,8885,2026-06-25,128.80,364,,0
8886,8886,2026-06-25,512.39,172,,152
8887,8887,2026-06-24,445.20,248,,63
8888,8888,2026-06-25,47.29,200,,14
8889,8889,2026-06-25,92.63,200,,14
8890,8890,2026-06-24,177.50,76,,44
8891,8891,2026-06-25,249.83,231,,0
8892,8892,2026-07-02,20.82,270,,0
8893,8893,2026-07-02,,0,,3
8894,8894,2026-06-25,597.50,291,,88
8895,8895,2026-06-25,81.17,234,,0
8896,8896,2026-06-25,688.00,339,,33
8897,8897,2026-06-25,554.75,269,,39
8898,8898,2026-07-02,,9,,10
8899,8899,2026-07-02,,0,,1
8900,8900,2026-06-25,160.00,338,,14
8901,8901,2026-06-24,194.00,63,,85
8902,8902,2026-06-25,92.25,111,,0
8903,8903,2026-06-24,380.35,269,,107
8904,8904,2026-06-25,68.50,177,,2
8905,8905,2026-06-25,102.19,280,,12
8906,8906,2026-06-25,78.94,172,,10
8907,8907,2026-06-25,327.52,361,,95
8908,8908,2026-06-25,169.13,166,,0
8909,8909,2026-07-02,,0,,0
8910,8910,2026-07-02,,54,,7
8911,8911,2026-06-24,92.17,179,,6
8912,8912,2026-06-25,68.50,190,,1
8913,8913,2026-06-25,36.17,72,,7
8914,8914,2026-06-25,383.00,303,,45
8915,8915,2026-07-02,,9,,12
8916,8916,2026-06-25,670.50,350,,55
8917,8917,2026-06-24,123.65,269,,2
8918,8918,2026-06-25,,269,,0
8919,8919,2026-06-25,111.27,295,,0
8920,8920,2026-06-25,285.50,331,,98
8921,8921,2026-06-25,355.33,308,,57
8922,8922,2026-06-25,323.10,301,,119
8923,8923,2026-06-25,133.52,328,,11
8924,8924,2026-06-25,34.84,92,,10
8925,8925,2026-06-25,,284,,41
8926,8926,2026-06-24,120.06,218,,1
8927,8927,2026-06-25,119.88,250,,5
8928,8928,2026-06-25,78.54,89,,0
8929,8929,2026-06-25,265.50,48,,79
8930,8930,2026-06-25,31.55,88,,2
8931,8931,2026-06-25,,303,,4
8932,8932,2026-06-25,154.06,69,,144
8933,8933,2026-07-02,72.85,272,,4
8934,8934,2026-06-25,64.07,178,,4
8935,8935,2026-06-25,426.33,337,,82
8936,8936,2026-06-25,103.27,360,,4
8937,8937,2026-06-25,259.84,61,,84
8938,8938,2026-06-25,98.19,269,,0
8939,8939,2026-06-25,187.00,328,,163
8940,8940,2026-06-25,182.16,310,,33
8941,8941,2026-06-25,292.00,306,,66
8942,8942,2026-06-25,176.88,255,,45
8943,8943,2026-06-25,128.68,289,,8
8944,8944,2026-06-25,125.95,206,,8
8945,8945,2026-06-25,319.53,271,,173
8946,8946,2026-06-24,93.68,329,,6
8947,8947,2026-06-25,181.99,332,,87
8948,8948,2026-07-02,,0,,4
8949,8949,2026-06-24,57.95,297,,1
8950,8950,2026-06-25,177.50,308,,75
8951,8951,2026-06-25,105.11,268,,5
8952,8952,2026-06-24,232.32,83,,15
8953,8953,2026-06-25,87.62,339,,1
8954,8954,2026-06-25,110.07,306,,2
8955,8955,2026-06-25,114.92,278,,2
8956,8956,2026-06-25,248.58,245,,0
8957,8957,2026-07-02,,0,,6
8958,8958,2026-06-25,57.87,96,,2
8959,8959,2026-06-25,97.22,329,,9
8960,8960,2026-06-25,216.00,339,,74
8961,8961,2026-07-02,,0,,4
8962,8962,2026-06-25,99.82,295,,0
8963,8963,2026-06-25,227.65,296,,90
8964,8964,2026-06-25,105.90,340,,7
8965,8965,2026-07-02,,0,,3
8966,8966,2026-06-25,62.78,83,,7
8967,8967,2026-07-02,,0,,0
8968,8968,2026-06-25,383.50,330,,240
8969,8969,2026-06-25,66.68,300,,7
8970,8970,2026-06-25,158.63,236,,69
8971,8971,2026-06-25,68.98,269,,1
8972,8972,2026-06-24,303.00,307,,115
8973,8973,2026-07-02,,29,,1
8974,8974,2026-06-25,121.04,331,,1
8975,8975,2026-06-25,129.41,329,,0
8976,8976,2026-06-25,150.59,150,,0
8977,8977,2026-06-25,133.37,148,,0
8978,8978,2026-06-25,114.01,286,,1
8979,8979,2026-06-25,87.47,164,,4
8980,8980,2026-07-02,,331,,8
8981,8981,2026-06-24,33.19,329,,0
8982,8982,2026-06-25,176.93,269,,1
8983,8983,2026-06-25,110.83,185,,2
8984,8984,2026-06-25,222.03,269,,0
8985,8985,2026-06-25,151.72,84,,12
8986,8986,2026-06-25,147.60,283,,4
8987,8987,2026-06-25,72.00,94,,2
8988,8988,2026-06-25,259.33,274,,126
8989,8989,2026-06-25,125.64,158,,5
8990,8990,2026-06-25,252.50,204,,111
8991,8991,2026-06-25,89.00,329,,3
8992,8992,2026-06-25,140.21,223,,2
8993,8993,2026-06-25,167.92,268,,3
8994,8994,2026-06-25,156.16,152,,3
8995,8995,2026-07-02,,0,,59
8996,8996,2026-07-02,233.95,256,,34
8997,8997,2026-07-02,43.80,183,,3
8998,8998,2026-07-02,,2,,10
8999,8999,2026-06-25,117.46,303,,2
9000,9000,2026-06-25,98.82,194,,1
9001,9001,2026-06-24,195.25,360,,0
9002,9002,2026-06-25,57.55,201,,15
9003,9003,2026-06-25,375.00,276,,56
9004,9004,2026-06-24,317.82,285,,82
9005,9005,2026-06-25,151.60,261,,1
9006,9006,2026-06-25,121.63,323,,1
9007,9007,2026-06-25,95.48,330,,4
9008,9008,2026-06-25,304.13,360,,92
9009,9009,2026-06-25,421.09,344,,125
9010,9010,2026-06-25,131.90,223,,2
9011,9011,2026-06-25,66.70,179,,0
9012,9012,2026-06-25,376.59,329,,85
9013,9013,2026-06-25,100.64,324,,4
9014,9014,2026-06-25,375.45,342,,120
9015,9015,2026-06-25,138.36,264,,1
9016,9016,2026-06-25,108.30,315,,0
9017,9017,2026-06-25,126.72,199,,1
9018,9018,2026-06-25,267.18,343,,168
9019,9019,2026-06-25,71.17,287,,14
9020,9020,2026-07-02,,0,,8
9021,9021,2026-06-25,112.31,233,,9
9022,9022,2026-06-25,206.97,126,,8
9023,9023,2026-06-25,111.50,215,,0
9024,9024,2026-06-25,121.72,333,,9
9025,9025,2026-06-25,95.70,283,,6
9026,9026,2026-06-25,58.90,202,,0
9027,9027,2026-07-02,,5,,8
9028,9028,2026-06-25,112.00,223,,3
9029,9029,2026-06-25,101.82,293,,1
9030,9030,2026-06-24,131.62,235,,0
9031,9031,2026-06-25,212.00,304,,16
9032,9032,2026-06-25,304.33,327,,67
9033,9033,2026-06-24,113.72,138,,12
9034,9034,2026-06-25,326.50,262,,125
9035,9035,2026-06-24,84.00,335,,49
9036,9036,2026-06-25,28.61,261,,7
9037,9037,2026-07-02,138.57,39,,4
9038,9038,2026-07-02,,0,,15
9039,9039,2026-06-25,156.32,293,,10
9040,9040,2026-06-25,193.26,236,,3
9041,9041,2026-06-25,81.77,164,,10
9042,9042,2026-06-25,58.74,80,,0
9043,9043,2026-06-25,107.99,363,,0
9044,9044,2026-06-25,136.91,248,,5
9045,9045,2026-06-24,160.33,71,,10
9046,9046,2026-06-25,256.00,309,,9
9047,9047,2026-06-25,200.00,85,,14
9048,9048,2026-06-25,192.94,126,,0
9049,9049,2026-06-25,103.84,194,,8
9050,9050,2026-06-25,39.74,207,,7
9051,9051,2026-06-25,120.64,255,,6
9052,9052,2026-06-24,91.29,33,,17
9053,9053,2026-06-25,573.53,269,,1
9054,9054,2026-06-25,543.50,294,,2
9055,9055,2026-06-25,123.00,170,,19
9056,9056,2026-06-24,81.00,166,,26
9057,9057,2026-06-25,30.47,269,,0
9058,9058,2026-06-25,100.28,283,,4
9059,9059,2026-06-25,268.00,302,,9
9060,9060,2026-06-25,277.00,320,,7
9061,9061,2026-06-25,289.00,328,,9
9062,9062,2026-06-25,301.00,320,,59
9063,9063,2026-06-25,638.00,290,,85
9064,9064,2026-06-25,219.57,329,,38
9065,9065,2026-06-25,160.70,225,,0
9066,9066,2026-06-24,120.08,328,,1
9067,9067,2026-06-25,136.99,201,,11
9068,9068,2026-06-24,353.35,283,,65
9069,9069,2026-06-25,405.28,328,,49
9070,9070,2026-06-25,172.07,108,,0
9071,9071,2026-06-25,91.58,294,,0
9072,9072,2026-06-25,105.17,291,,0
9073,9073,2026-06-25,165.84,363,,3
9074,9074,2026-06-24,451.00,31,,1
9075,9075,2026-06-25,439.50,270,,6
9076,9076,2026-06-24,29.20,114,,1
9077,9077,2026-06-24,33.63,174,,14
9078,9078,2026-07-02,87.35,361,,10
9079,9079,2026-07-02,76.58,356,,1
9080,9080,2026-06-25,198.00,302,,130
9081,9081,2026-07-02,,357,,0
9082,9082,2026-06-25,148.34,176,,0
9083,9083,2026-07-02,,30,,0
9084,9084,2026-06-25,303.00,319,,84
9085,9085,2026-06-25,60.88,232,,0
9086,9086,2026-06-25,130.00,309,,98
9087,9087,2026-06-25,240.00,138,,346
9088,9088,2026-06-24,485.00,334,,19
9089,9089,2026-06-25,519.00,336,,4
9090,9090,2026-06-24,50.10,360,,1
9091,9091,2026-06-25,293.67,203,,12
9092,9092,2026-06-25,124.83,297,,1
9093,9093,2026-06-25,162.23,213,,1
9094,9094,2026-06-24,112.14,334,,5
9095,9095,2026-06-25,287.60,233,,2
9096,9096,2026-06-25,156.34,318,,0
9097,9097,2026-06-25,152.09,221,,1
9098,9098,2026-06-25,115.04,68,,2
9099,9099,2026-06-25,150.33,223,,12
9100,9100,2026-07-02,22.07,224,,8
9101,9101,2026-06-25,71.63,155,,7
9102,9102,2026-06-25,285.00,322,,70
9103,9103,2026-06-25,136.06,227,,1
9104,9104,2026-07-02,,0,,0
9105,9105,2026-06-24,42.81,216,,11
9106,9106,2026-06-25,40.66,225,,11
9107,9107,2026-06-25,37.47,110,,12
9108,9108,2026-06-25,58.97,187,,22
9109,9109,2026-07-02,,154,,0
9110,9110,2026-06-25,1267.00,365,,0
9111,9111,2026-06-25,238.00,24,,85
9112,9112,2026-07-02,,154,,0
9113,9113,2026-07-02,112.65,114,,0
9114,9114,2026-06-24,89.79,306,,2
9115,9115,2026-06-24,253.00,342,,11
9116,9116,2026-07-02,,0,,1
9117,9117,2026-06-25,71.50,98,,1
9118,9118,2026-06-25,61.94,173,,0
9119,9119,2026-06-25,59.81,233,,0
9120,9120,2026-06-25,61.94,265,,0
9121,9121,2026-06-25,127.28,207,,3
9122,9122,2026-07-02,,0,,0
9123,9123,2026-06-25,935.77,265,,8
9124,9124,2026-06-24,21.80,37,,1
9125,9125,2026-06-25,66.12,334,,1
9126,9126,2026-06-25,52.63,50,,0
9127,9127,2026-06-25,61.88,114,,0
9128,9128,2026-06-25,,143,,0
9129,9129,2026-06-25,65.00,80,,1
9130,9130,2026-06-25,117.69,80,,4
9131,9131,2026-06-24,,142,,2
9132,9132,2026-06-25,57.81,218,,4
9133,9133,2026-06-25,263.00,365,,1
9134,9134,2026-06-25,468.00,277,,68
9135,9135,2026-06-25,,306,,2
9136,9136,2026-06-25,67.19,233,,0
9137,9137,2026-06-24,427.94,198,,4
9138,9138,2026-06-25,67.19,233,,1
9139,9139,2026-06-25,82.41,142,,1
9140,9140,2026-06-25,30.48,274,,2
9141,9141,2026-06-25,115.41,287,,5
9142,9142,2026-07-02,242.00,142,,2
9143,9143,2026-07-02,196.00,182,,1
9144,9144,2026-07-02,196.00,182,,3
9145,9145,2026-07-02,196.00,158,,0
9146,9146,2026-06-25,65.09,202,,1
9147,9147,2026-06-25,,238,,1
9148,9148,2026-06-25,65.09,265,,0
9149,9149,2026-06-25,58.75,233,,1
9150,9150,2026-06-25,,233,,1
9151,9151,2026-06-25,59.91,66,,0
9152,9152,2026-07-02,,20,,0
9153,9153,2026-07-02,59.63,306,,1
9154,9154,2026-06-25,30.45,231,,2
9155,9155,2026-06-25,3533.00,189,,0
9156,9156,2026-06-24,391.00,301,,175
9157,9157,2026-06-25,26.75,264,,0
9158,9158,2026-06-25,61.94,159,,0
9159,9159,2026-06-24,59.72,91,,0
9160,9160,2026-06-25,77.56,177,,11
9161,9161,2026-06-25,58.75,265,,0
9162,9162,2026-06-25,,156,,4
9163,9163,2026-07-02,,0,,0
9164,9164,2026-06-25,194.94,170,,0
9165,9165,2026-06-25,62.94,262,,1
9166,9166,2026-06-25,51.38,232,,0
9167,9167,2026-06-25,60.88,265,,0
9168,9168,2026-06-25,60.88,269,,0
9169,9169,2026-06-25,365.45,156,,97
9170,9170,2026-06-25,472.67,202,,107
9171,9171,2026-07-02,,0,,0
9172,9172,2026-06-25,61.88,234,,0
9173,9173,2026-06-25,59.91,79,,0
9174,9174,2026-06-24,,45,,16
9175,9175,2026-07-02,241.67,213,,1
9176,9176,2026-06-25,61.94,116,,0
9177,9177,2026-06-24,,351,,85
9178,9178,2026-07-02,,0,,0
9179,9179,2026-06-24,86.00,64,,22
9180,9180,2026-06-25,320.00,311,,1
9181,9181,2026-06-25,87.41,42,,4
9182,9182,2026-06-24,108.00,32,,135
9183,9183,2026-07-02,69.00,22,,14
9184,9184,2026-06-24,108.00,27,,34
9185,9185,2026-06-25,105.40,30,,14
9186,9186,2026-06-24,108.00,16,,31
9187,9187,2026-06-25,102.48,333,,1
9188,9188,2026-06-25,127.15,269,,0
9189,9189,2026-06-24,22.63,188,,1
9190,9190,2026-06-24,27.69,243,,1
9191,9191,2026-06-25,296.00,223,,34
9192,9192,2026-06-25,95.63,276,,1
9193,9193,2026-06-25,373.00,303,,30
9194,9194,2026-06-24,385.00,240,,98
9195,9195,2026-06-25,525.00,242,,87
9196,9196,2026-06-25,201.00,222,,80
9197,9197,2026-06-25,224.00,137,,41
9198,9198,2026-07-02,,0,,0
9199,9199,2026-06-24,165.47,181,,37
9200,9200,2026-06-25,61.84,304,,0
9201,9201,2026-06-24,298.61,228,,33
9202,9202,2026-06-25,37.71,172,,4
9203,9203,2026-06-24,544.19,242,,3
9204,9204,2026-07-02,,0,,0
9205,9205,2026-06-25,550.00,258,,5
9206,9206,2026-07-02,,0,,1
9207,9207,2026-06-25,310.00,26,,0
9208,9208,2026-06-25,301.00,27,,1
9209,9209,2026-06-25,342.00,27,,0
9210,9210,2026-06-25,337.00,27,,0
9211,9211,2026-06-25,290.72,29,,48
9212,9212,2026-07-02,,0,,2
9213,9213,2026-06-25,,206,,7
9214,9214,2026-06-25,507.33,278,,16
9215,9215,2026-06-25,57.11,252,,4
9216,9216,2026-06-25,45.38,268,,6
9217,9217,2026-07-02,,0,,11
9218,9218,2026-07-02,,0,,56
9219,9219,2026-06-25,,219,,8
9220,9220,2026-06-24,219.12,300,,0
9221,9221,2026-06-25,96.28,200,,2
9222,9222,2026-06-25,55.91,231,,3
9223,9223,2026-06-24,,266,,0
9224,9224,2026-06-25,196.19,261,,0
9225,9225,2026-06-25,223.67,289,,126
9226,9226,2026-06-25,189.68,54,,5
9227,9227,2026-07-02,,0,,2
9228,9228,2026-06-25,150.97,100,,5
9229,9229,2026-06-25,134.35,34,,4
9230,9230,2026-06-24,137.62,269,,0
9231,9231,2026-06-25,29.21,265,,0
9232,9232,2026-06-25,175.33,349,,41
9233,9233,2026-07-02,,27,,5
9234,9234,2026-06-24,119.30,209,,2
9235,9235,2026-06-25,320.00,365,,0
9236,9236,2026-06-25,251.00,87,,65
9237,9237,2026-06-25,272.00,27,,4
9238,9238,2026-07-02,,0,,5
9239,9239,2026-06-24,272.00,27,,0
9240,9240,2026-06-24,276.00,27,,0
9241,9241,2026-06-24,298.00,27,,0
9242,9242,2026-07-02,,0,,0
9243,9243,2026-06-24,263.00,27,,0
9244,9244,2026-07-02,,275,,3
9245,9245,2026-06-25,456.40,190,,27
9246,9246,2026-06-25,112.75,252,,7
9247,9247,2026-06-25,81.50,331,,2
9248,9248,2026-06-24,336.50,82,,105
9249,9249,2026-06-25,75.32,364,,2
9250,9250,2026-06-25,79.35,270,,0
9251,9251,2026-06-25,357.00,47,,63
9252,9252,2026-06-24,116.78,53,,10
9253,9253,2026-06-25,125.86,329,,3
9254,9254,2026-06-25,354.34,337,,135
9255,9255,2026-06-24,41.32,202,,2
9256,9256,2026-06-25,201.35,118,,57
9257,9257,2026-06-25,3664.00,270,,1
9258,9258,2026-07-02,,26,,2
9259,9259,2026-06-25,34.97,257,,0
9260,9260,2026-06-25,32.56,230,,2
9261,9261,2026-06-25,158.50,288,,19
9262,9262,2026-06-25,163.47,286,,0
9263,9263,2026-06-24,40.94,269,,0
9264,9264,2026-06-25,32.57,245,,2
9265,9265,2026-06-25,913.00,270,,3
9266,9266,2026-06-24,34.63,264,,0
9267,9267,2026-06-25,28.63,197,,0
9268,9268,2026-06-25,105.10,78,,1
9269,9269,2026-06-25,205.00,320,,53
9270,9270,2026-06-25,399.00,156,,68
9271,9271,2026-06-25,282.00,84,,102
9272,9272,2026-06-25,234.50,89,,80
9273,9273,2026-06-25,86.44,321,,6
9274,9274,2026-06-25,361.00,315,,148
9275,9275,2026-07-02,,0,,15
9276,9276,2026-06-25,60.83,267,,0
9277,9277,2026-06-25,28.78,234,,0
9278,9278,2026-06-24,451.00,278,,1
9279,9279,2026-06-25,41.00,231,,7
9280,9280,2026-06-25,148.00,270,,59
9281,9281,2026-06-24,856.00,287,,2
9282,9282,2026-06-25,201.00,304,,40
9283,9283,2026-06-24,27.97,230,,1
9284,9284,2026-06-25,35.56,269,,0
9285,9285,2026-06-25,602.00,79,,93
9286,9286,2026-06-25,41.37,48,,0
9287,9287,2026-06-25,40.94,89,,0
9288,9288,2026-06-25,53.21,329,,1
9289,9289,2026-06-25,58.33,328,,3
9290,9290,2026-06-25,80.44,185,,2
9291,9291,2026-06-25,389.00,292,,31
9292,9292,2026-07-02,,0,,0
9293,9293,2026-06-25,365.18,350,,80
9294,9294,2026-07-02,34.69,34,,0
9295,9295,2026-06-24,30.66,205,,3
9296,9296,2026-06-24,217.00,76,,191
9297,9297,2026-06-25,172.90,146,,54
9298,9298,2026-06-25,845.00,310,,1
9299,9299,2026-06-25,548.00,62,,103
9300,9300,2026-06-25,114.38,217,,1
9301,9301,2026-06-24,241.60,311,,40
9302,9302,2026-06-25,459.00,303,,27
9303,9303,2026-06-25,56.61,203,,5
9304,9304,2026-06-25,237.67,285,,134
9305,9305,2026-06-24,128.00,22,,25
9306,9306,2026-06-24,210.00,355,,217
9307,9307,2026-07-02,183.35,308,,61
9308,9308,2026-06-25,82.36,64,,20
9309,9309,2026-06-25,457.00,365,,3
9310,9310,2026-07-02,26.28,233,,1
9311,9311,2026-07-02,77.21,57,,7
9312,9312,2026-06-25,302.50,270,,0
9313,9313,2026-06-25,201.50,171,,53
9314,9314,2026-06-25,207.00,270,,25
9315,9315,2026-06-25,344.00,244,,112
9316,9316,2026-06-24,41.69,247,,5
9317,9317,2026-06-25,49.29,265,,5
9318,9318,2026-06-25,214.10,358,,0
9319,9319,2026-06-24,130.72,328,,0
9320,9320,2026-06-24,229.50,187,,21
9321,9321,2026-06-25,124.99,90,,17
9322,9322,2026-07-02,,0,,0
9323,9323,2026-06-25,237.50,269,,26
9324,9324,2026-06-24,97.64,289,,0
9325,9325,2026-06-25,237.50,291,,37
9326,9326,2026-07-02,90.55,124,,1
9327,9327,2026-06-25,1370.00,270,,3
9328,9328,2026-06-25,108.01,320,,1
9329,9329,2026-06-25,112.68,269,,9
9330,9330,2026-06-25,106.19,263,,0
9331,9331,2026-06-25,31.01,269,,4
9332,9332,2026-06-24,29.07,237,,2
9333,9333,2026-06-25,38.13,85,,1
9334,9334,2026-06-25,32.95,237,,3
9335,9335,2026-06-24,,232,,3
9336,9336,2026-06-25,217.00,244,,87
9337,9337,2026-06-25,29.09,140,,1
9338,9338,2026-06-25,401.50,230,,133
9339,9339,2026-06-25,297.16,360,,2
9340,9340,2026-07-02,,0,,1
9341,9341,2026-06-25,,116,,78
9342,9342,2026-06-25,1826.00,270,,1
9343,9343,2026-06-25,85.39,302,,0
9344,9344,2026-06-25,157.64,285,,0
9345,9345,2026-06-25,245.00,188,,313
9346,9346,2026-06-25,68.97,55,,5
9347,9347,2026-06-25,45.53,99,,56
9348,9348,2026-06-25,46.59,32,,62
9349,9349,2026-06-24,98.19,249,,13
9350,9350,2026-06-25,268.24,335,,38
9351,9351,2026-06-24,98.81,292,,1
9352,9352,2026-06-24,211.12,119,,128
9353,9353,2026-06-25,213.85,364,,75
9354,9354,2026-06-25,1279.00,270,,6
9355,9355,2026-07-02,111.39,301,,14
9356,9356,2026-06-25,195.00,189,,17
9357,9357,2026-06-25,640.00,270,,2
9358,9358,2026-06-25,201.33,97,,58
9359,9359,2026-06-24,110.65,205,,1
9360,9360,2026-06-25,89.97,315,,7
9361,9361,2026-06-25,54.32,198,,15
9362,9362,2026-06-25,77.50,323,,0
9363,9363,2026-06-25,517.33,72,,23
9364,9364,2026-06-25,124.00,62,,347
9365,9365,2026-06-25,34.29,139,,4
9366,9366,2026-06-25,77.94,65,,6
9367,9367,2026-06-25,192.91,237,,2
9368,9368,2026-06-25,101.22,268,,1
9369,9369,2026-06-25,192.00,189,,83
9370,9370,2026-06-25,39.94,167,,3
9371,9371,2026-06-25,143.39,297,,2
9372,9372,2026-07-02,,0,,7
9373,9373,2026-06-25,68.41,136,,8
9374,9374,2026-06-24,154.06,324,,73
9375,9375,2026-06-25,42.17,296,,0
9376,9376,2026-06-25,511.00,156,,66
9377,9377,2026-06-25,68.20,93,,2
9378,9378,2026-06-25,,360,,2
9379,9379,2026-06-25,,365,,3
9380,9380,2026-06-25,,364,,6
9381,9381,2026-06-25,,365,,5
9382,9382,2026-07-02,243.85,258,,72
9383,9383,2026-06-25,277.47,325,,66
9384,9384,2026-06-25,571.94,347,,78
9385,9385,2026-06-24,273.00,287,,125
9386,9386,2026-07-02,,0,,2
9387,9387,2026-06-25,184.74,292,,0
9388,9388,2026-06-25,74.42,270,,1
9389,9389,2026-06-24,19.72,233,,6
9390,9390,2026-06-25,223.33,224,,75
9391,9391,2026-06-25,275.00,157,,76
9392,9392,2026-06-25,218.00,149,,49
9393,9393,2026-06-25,297.00,306,,123
9394,9394,2026-07-02,,0,,2
9395,9395,2026-07-02,,0,,0
9396,9396,2026-07-02,,0,,2
9397,9397,2026-07-02,,0,,1
9398,9398,2026-06-25,207.00,244,,57
9399,9399,2026-06-25,83.95,61,,15
9400,9400,2026-06-25,95.77,269,,0
9401,9401,2026-06-25,33.74,364,,0
9402,9402,2026-06-25,74.13,205,,8
9403,9403,2026-07-02,,0,,10
9404,9404,2026-06-25,336.62,306,,80
9405,9405,2026-07-02,,230,,0
9406,9406,2026-06-25,95.33,144,,6
9407,9407,2026-06-25,218.67,225,,7
9408,9408,2026-07-02,,0,,0
9409,9409,2026-06-25,457.00,346,,0
9410,9410,2026-06-25,245.50,64,,14
9411,9411,2026-06-25,490.00,113,,17
9412,9412,2026-06-25,208.50,255,,4
9413,9413,2026-06-25,129.84,39,,1
9414,9414,2026-06-25,140.38,270,,1
9415,9415,2026-06-25,145.31,267,,10
9416,9416,2026-06-24,116.37,327,,0
9417,9417,2026-06-25,106.28,269,,0
9418,9418,2026-06-24,64.75,53,,14
9419,9419,2026-06-25,216.00,249,,38
9420,9420,2026-06-25,105.43,187,,5
9421,9421,2026-06-25,89.18,204,,2
9422,9422,2026-07-02,,0,,0
9423,9423,2026-06-24,185.33,294,,60
9424,9424,2026-06-24,41.57,146,,5
9425,9425,2026-06-24,170.86,324,,58
9426,9426,2026-06-25,114.20,84,,0
9427,9427,2026-06-24,357.25,264,,78
9428,9428,2026-06-24,195.90,250,,53
9429,9429,2026-06-25,438.00,123,,22
9430,9430,2026-06-25,39.01,78,,6
9431,9431,2026-06-25,300.00,172,,13
9432,9432,2026-06-25,104.48,269,,0
9433,9433,2026-06-25,359.00,292,,45
9434,9434,2026-06-25,160.28,291,,1
9435,9435,2026-06-25,172.08,125,,0
9436,9436,2026-06-25,216.00,293,,83
9437,9437,2026-06-24,170.01,155,,1
9438,9438,2026-06-25,245.50,153,,107
9439,9439,2026-06-25,353.00,315,,98
9440,9440,2026-06-25,317.00,306,,57
9441,9441,2026-06-24,263.00,330,,40
9442,9442,2026-06-25,313.00,310,,61
9443,9443,2026-06-24,301.00,285,,83
9444,9444,2026-06-25,289.00,282,,75
9445,9445,2026-06-24,277.00,339,,60
9446,9446,2026-06-25,310.00,290,,70
9447,9447,2026-06-25,366.00,148,,12
9448,9448,2026-06-25,169.00,92,,94
9449,9449,2026-06-25,385.00,276,,32
9450,9450,2026-07-02,13.14,241,,0
9451,9451,2026-07-02,,88,,0
9452,9452,2026-07-02,11.96,182,,0
9453,9453,2026-07-02,12.31,269,,0
9454,9454,2026-06-24,292.00,248,,39
9455,9455,2026-06-24,285.00,251,,67
9456,9456,2026-06-25,285.00,325,,18
9457,9457,2026-06-25,304.14,327,,71
9458,9458,2026-07-02,78.10,310,,3
9459,9459,2026-06-25,78.25,59,,9
9460,9460,2026-06-24,108.52,323,,1
9461,9461,2026-06-25,276.50,269,,0
9462,9462,2026-06-25,75.99,179,,11
9463,9463,2026-07-02,,0,,2
9464,9464,2026-06-25,335.00,263,,105
9465,9465,2026-06-24,346.33,314,,25
9466,9466,2026-06-25,107.53,332,,1
9467,9467,2026-06-25,215.83,262,,3
9468,9468,2026-06-25,161.08,336,,6
9469,9469,2026-07-02,110.32,84,,0
9470,9470,2026-06-25,25.09,49,,5
9471,9471,2026-06-25,68.11,98,,3
9472,9472,2026-06-25,132.36,201,,0
9473,9473,2026-06-25,306.00,329,,9
9474,9474,2026-06-25,99.47,178,,7
9475,9475,2026-06-25,490.50,80,,58
9476,9476,2026-06-25,32.74,231,,41
9477,9477,2026-06-24,1017.00,263,,43
9478,9478,2026-06-25,72.00,326,,63
9479,9479,2026-06-25,468.00,112,,38
9480,9480,2026-06-25,87.74,148,,0
9481,9481,2026-06-25,308.00,322,,25
9482,9482,2026-06-24,268.00,317,,19
9483,9483,2026-06-25,90.02,81,,0
9484,9484,2026-06-25,343.00,349,,69
9485,9485,2026-06-25,272.00,353,,27
9486,9486,2026-06-25,1347.00,361,,1
9487,9487,2026-06-25,173.53,327,,1
9488,9488,2026-06-25,349.00,244,,82
9489,9489,2026-06-24,91.00,310,,125
9490,9490,2026-06-25,100.00,302,,12
9491,9491,2026-06-25,87.00,306,,115
9492,9492,2026-06-24,177.32,243,,1
9493,9493,2026-06-24,112.14,289,,1
9494,9494,2026-06-24,237.30,314,,102
9495,9495,2026-06-25,229.00,267,,71
9496,9496,2026-06-25,75.78,263,,12
9497,9497,2026-06-25,122.75,170,,2
9498,9498,2026-06-24,109.42,291,,0
9499,9499,2026-06-25,328.50,204,,38
9500,9500,2026-06-25,535.33,258,,6
9501,9501,2026-06-25,425.00,125,,42
9502,9502,2026-06-24,243.00,133,,63
9503,9503,2026-06-25,421.50,110,,50
9504,9504,2026-06-25,387.00,82,,68
9505,9505,2026-06-24,328.00,146,,41
9506,9506,2026-06-25,282.00,102,,91
9507,9507,2026-06-24,592.50,128,,14
9508,9508,2026-06-25,249.30,320,,69
9509,9509,2026-06-24,183.00,293,,30
9510,9510,2026-06-25,31.18,87,,0
9511,9511,2026-06-25,123.26,148,,4
9512,9512,2026-06-25,246.00,99,,108
9513,9513,2026-06-25,99.56,238,,3
9514,9514,2026-07-02,477.00,124,,22
9515,9515,2026-06-25,201.00,339,,8
9516,9516,2026-06-25,117.00,332,,8
9517,9517,2026-06-25,48.68,274,,12
9518,9518,2026-06-25,45.35,185,,10
9519,9519,2026-06-25,620.00,158,,221
9520,9520,2026-07-02,45.97,184,,13
9521,9521,2026-07-02,,0,,1
9522,9522,2026-06-25,222.50,334,,60
9523,9523,2026-07-02,,0,,1
9524,9524,2026-06-25,287.00,312,,53
9525,9525,2026-06-25,333.00,275,,41
9526,9526,2026-06-25,410.00,307,,56
9527,9527,2026-06-25,410.00,284,,39
9528,9528,2026-06-25,333.00,321,,34
9529,9529,2026-06-25,317.50,283,,44
9530,9530,2026-06-25,296.50,297,,5
9531,9531,2026-06-25,376.00,307,,38
9532,9532,2026-06-25,358.00,297,,71
9533,9533,2026-06-24,223.00,295,,73
9534,9534,2026-07-02,,0,,0
9535,9535,2026-06-25,48.68,294,,5
9536,9536,2026-06-25,32.10,206,,8
9537,9537,2026-06-25,35.42,208,,11
9538,9538,2026-07-02,,0,,0
9539,9539,2026-06-25,177.00,235,,0
9540,9540,2026-06-25,348.00,245,,3
9541,9541,2026-07-02,,0,,0
9542,9542,2026-06-25,149.00,248,,0
9543,9543,2026-06-24,56.00,248,,286
9544,9544,2026-06-25,195.00,134,,33
9545,9545,2026-06-25,190.00,172,,231
9546,9546,2026-06-25,360.00,180,,48
9547,9547,2026-06-24,281.00,273,,21
9548,9548,2026-06-24,291.00,321,,32
9549,9549,2026-06-24,240.00,319,,4
9550,9550,2026-06-25,219.00,324,,40
9551,9551,2026-06-25,255.00,143,,2
9552,9552,2026-06-25,270.00,231,,63
9553,9553,2026-07-02,,0,,1
9554,9554,2026-06-25,219.45,364,,12
9555,9555,2026-06-24,137.63,319,,0
9556,9556,2026-06-25,436.32,66,,82
9557,9557,2026-06-25,171.81,132,,2
9558,9558,2026-06-24,143.68,288,,1
9559,9559,2026-06-25,214.34,208,,1
9560,9560,2026-06-25,190.00,162,,78
9561,9561,2026-06-25,175.00,161,,171
9562,9562,2026-06-24,266.60,46,,67
9563,9563,2026-06-25,180.50,355,,86
9564,9564,2026-06-25,221.00,238,,17
9565,9565,2026-06-25,250.00,303,,16
9566,9566,2026-06-25,255.00,175,,3
9567,9567,2026-06-25,34.03,53,,1
9568,9568,2026-06-25,256.99,269,,0
9569,9569,2026-06-25,382.33,273,,91
9570,9570,2026-06-25,253.50,268,,101
9571,9571,2026-06-24,150.33,203,,50
9572,9572,2026-06-25,302.00,301,,31
9573,9573,2026-06-25,,233,,1
9574,9574,2026-06-25,34.82,203,,2
9575,9575,2026-06-25,240.00,335,,126
9576,9576,2026-06-25,448.50,183,,28
9577,9577,2026-06-25,,232,,7
9578,9578,2026-06-25,145.00,311,,90
9579,9579,2026-06-25,135.00,214,,1
9580,9580,2026-06-25,139.00,218,,9
9581,9581,2026-06-24,190.53,108,,0
9582,9582,2026-06-25,140.00,309,,160
9583,9583,2026-06-25,141.00,240,,71
9584,9584,2026-06-24,30.45,230,,1
9585,9585,2026-06-25,29.09,199,,0
9586,9586,2026-06-24,350.33,348,,62
9587,9587,2026-06-25,58.00,94,,21
9588,9588,2026-06-25,318.00,284,,28
9589,9589,2026-06-24,33.32,259,,0
9590,9590,2026-06-24,352.63,182,,93
9591,9591,2026-06-25,45.74,145,,8
9592,9592,2026-06-25,211.00,130,,49
9593,9593,2026-06-24,154.00,236,,9
9594,9594,2026-06-24,198.00,207,,18
9595,9595,2026-07-02,,0,,4
9596,9596,2026-06-25,130.00,322,,72
9597,9597,2026-06-25,104.44,320,,1
9598,9598,2026-06-24,280.50,51,,4
9599,9599,2026-06-25,46.81,196,,4
9600,9600,2026-06-24,39.85,104,,2
9601,9601,2026-06-25,300.67,252,,126
9602,9602,2026-06-25,243.00,335,,20
9603,9603,2026-06-24,88.66,324,,8
9604,9604,2026-06-25,131.30,292,,2
9605,9605,2026-06-25,134.16,190,,1
9606,9606,2026-06-25,124.54,128,,0
9607,9607,2026-06-25,177.38,189,,0
9608,9608,2026-06-25,135.19,190,,1
9609,9609,2026-06-25,76.95,364,,3
9610,9610,2026-06-25,77.45,210,,9
9611,9611,2026-06-25,259.50,268,,68
9612,9612,2026-07-02,,39,,0
9613,9613,2026-06-24,120.76,165,,4
9614,9614,2026-06-25,134.19,199,,1
9615,9615,2026-06-25,53.53,191,,8
9616,9616,2026-06-24,331.87,61,,0
9617,9617,2026-06-25,239.00,289,,20
9618,9618,2026-06-25,233.94,223,,129
9619,9619,2026-06-25,247.00,332,,32
9620,9620,2026-06-25,76.95,364,,0
9621,9621,2026-06-24,230.52,232,,82
9622,9622,2026-07-02,,0,,1
9623,9623,2026-06-25,159.17,364,,1
9624,9624,2026-06-25,132.95,142,,75
9625,9625,2026-06-25,90.02,334,,0
9626,9626,2026-06-24,192.86,127,,64
9627,9627,2026-07-02,,0,,1
9628,9628,2026-06-25,110.65,264,,7
9629,9629,2026-06-25,185.11,228,,0
9630,9630,2026-06-25,219.97,264,,0
9631,9631,2026-06-25,219.97,262,,0
9632,9632,2026-06-25,406.00,254,,23
9633,9633,2026-06-24,126.77,338,,1
9634,9634,2026-06-25,175.91,261,,0
9635,9635,2026-06-25,159.17,362,,0
9636,9636,2026-07-02,,0,,4
9637,9637,2026-06-25,195.35,317,,73
9638,9638,2026-06-25,129.29,304,,2
9639,9639,2026-06-25,86.43,111,,1
9640,9640,2026-06-24,48.00,169,,21
9641,9641,2026-06-24,110.06,43,,0
9642,9642,2026-06-25,633.35,365,,8
9643,9643,2026-06-25,105.29,130,,1
9644,9644,2026-06-24,353.88,248,,38
9645,9645,2026-06-24,28.21,202,,1
9646,9646,2026-06-24,203.33,133,,58
9647,9647,2026-07-02,,0,,0
9648,9648,2026-06-24,451.00,278,,2
9649,9649,2026-06-25,68.36,143,,0
9650,9650,2026-06-24,251.50,179,,17
9651,9651,2026-06-25,30.47,360,,1
9652,9652,2026-06-24,195.00,135,,56
9653,9653,2026-06-25,435.00,328,,39
9654,9654,2026-06-25,117.00,325,,1
9655,9655,2026-06-25,,0,,0
9656,9656,2026-06-25,183.00,300,,5
9657,9657,2026-06-25,54.81,205,,1
9658,9658,2026-06-25,135.66,290,,1
9659,9659,2026-06-25,275.00,231,,78
9660,9660,2026-06-25,102.34,81,,2
9661,9661,2026-06-25,275.50,335,,98
9662,9662,2026-06-24,264.30,338,,74
9663,9663,2026-06-24,130.32,288,,1
9664,9664,2026-06-25,154.07,36,,0
9665,9665,2026-06-25,310.50,346,,75
9666,9666,2026-06-25,90.06,290,,8
9667,9667,2026-06-25,262.13,106,,77
9668,9668,2026-06-25,48.00,170,,6
9669,9669,2026-06-25,61.82,246,,1
9670,9670,2026-06-24,204.70,140,,43
9671,9671,2026-06-25,174.07,270,,1
9672,9672,2026-06-25,571.00,162,,0
9673,9673,2026-06-24,406.00,142,,0
9674,9674,2026-06-25,163.59,311,,9
9675,9675,2026-07-02,17.95,175,,1
9676,9676,2026-06-24,303.00,264,,94
9677,9677,2026-07-02,,291,,4
9678,9678,2026-06-25,155.20,295,,0
9679,9679,2026-06-25,135.61,257,,0
9680,9680,2026-06-25,519.50,20,,18
9681,9681,2026-06-24,239.60,88,,164
9682,9682,2026-06-24,204.00,165,,88
9683,9683,2026-06-25,126.78,257,,1
9684,9684,2026-06-25,335.00,271,,106
9685,9685,2026-06-25,114.22,81,,1
9686,9686,2026-06-24,326.38,280,,95
9687,9687,2026-06-25,75.65,215,,1
9688,9688,2026-06-25,77.56,84,,0
9689,9689,2026-06-25,402.83,341,,68
9690,9690,2026-06-24,1284.00,365,,1
9691,9691,2026-06-25,328.00,206,,94
9692,9692,2026-06-25,,233,,0
9693,9693,2026-06-25,500.00,71,,78
9694,9694,2026-06-25,36.70,252,,1
9695,9695,2026-06-25,123.33,161,,1
9696,9696,2026-06-25,460.00,78,,49
9697,9697,2026-06-25,27.85,217,,1
9698,9698,2026-06-25,397.50,151,,2
9699,9699,2026-06-25,137.39,213,,5
9700,9700,2026-07-02,,25,,5
9701,9701,2026-06-25,118.66,117,,0
9702,9702,2026-06-25,52.47,138,,9
9703,9703,2026-06-25,105.20,338,,0
9704,9704,2026-06-25,125.23,269,,0
9705,9705,2026-06-25,168.46,309,,65
9706,9706,2026-06-25,64.00,118,,4
9707,9707,2026-06-25,359.80,344,,86
9708,9708,2026-06-25,,269,,0
9709,9709,2026-06-25,301.00,272,,5
9710,9710,2026-06-25,303.50,180,,148
9711,9711,2026-06-25,302.50,304,,6
9712,9712,2026-06-25,268.88,293,,80
9713,9713,2026-06-25,308.03,255,,142
9714,9714,2026-06-25,252.23,287,,149
9715,9715,2026-06-25,308.03,258,,135
9716,9716,2026-06-25,308.03,285,,67
9717,9717,2026-06-25,403.50,280,,134
9718,9718,2026-06-25,222.08,284,,100
9719,9719,2026-06-25,236.33,247,,95
9720,9720,2026-06-25,381.50,271,,98
9721,9721,2026-06-25,328.50,256,,102
9722,9722,2026-06-25,305.78,336,,81
9723,9723,2026-06-25,370.58,307,,74
9724,9724,2026-06-25,268.43,275,,107
9725,9725,2026-06-25,255.83,336,,34
9726,9726,2026-06-25,243.83,292,,72
9727,9727,2026-06-25,296.50,247,,2
9728,9728,2026-06-25,286.00,215,,118
9729,9729,2026-06-25,372.00,275,,67
9730,9730,2026-06-25,90.44,333,,11
9731,9731,2026-06-25,93.59,225,,6
9732,9732,2026-06-24,197.66,364,,15
9733,9733,2026-06-24,186.01,107,,56
9734,9734,2026-06-24,510.42,360,,44
9735,9735,2026-06-25,85.47,84,,0
9736,9736,2026-06-25,167.00,331,,14
9737,9737,2026-06-24,322.00,46,,94
9738,9738,2026-06-25,143.81,315,,2
9739,9739,2026-07-02,,0,,1
9740,9740,2026-06-24,80.38,263,,2
9741,9741,2026-06-24,53.03,116,,3
9742,9742,2026-06-24,527.00,208,,22
9743,9743,2026-06-24,36.48,158,,1
9744,9744,2026-06-24,66.92,269,,0
9745,9745,2026-06-25,137.00,172,,33
9746,9746,2026-07-02,,0,,39
9747,9747,2026-06-24,115.33,356,,2
9748,9748,2026-06-24,283.00,118,,42
9749,9749,2026-06-25,247.00,137,,41
9750,9750,2026-06-25,210.00,127,,42
9751,9751,2026-06-24,236.00,121,,31
9752,9752,2026-06-25,321.00,125,,69
9753,9753,2026-06-25,296.00,62,,55
9754,9754,2026-06-25,204.00,166,,56
9755,9755,2026-06-24,,17,,2
9756,9756,2026-06-25,268.47,281,,1
9757,9757,2026-06-24,26.81,164,,6
9758,9758,2026-06-25,168.58,269,,0
9759,9759,2026-06-25,51.74,288,,6
9760,9760,2026-06-24,301.00,123,,62
9761,9761,2026-06-25,1901.00,279,,0
9762,9762,2026-06-24,80.29,79,,2
9763,9763,2026-06-24,149.98,179,,0
9764,9764,2026-06-25,215.33,50,,122
9765,9765,2026-06-24,70.74,232,,9
9766,9766,2026-06-25,27.30,143,,4
9767,9767,2026-06-25,253.50,309,,58
9768,9768,2026-06-25,75.91,365,,0
9769,9769,2026-06-24,310.00,346,,1227
9770,9770,2026-06-25,96.22,165,,4
9771,9771,2026-06-25,93.91,315,,3
9772,9772,2026-06-24,228.00,161,,65
9773,9773,2026-06-25,107.19,249,,2
9774,9774,2026-06-25,154.99,268,,0
9775,9775,2026-07-02,,6,,0
9776,9776,2026-06-25,104.88,328,,1
9777,9777,2026-06-25,154.99,273,,0
9778,9778,2026-06-24,209.00,297,,7
9779,9779,2026-06-25,416.54,346,,132
9780,9780,2026-06-25,263.37,349,,89
9781,9781,2026-06-24,123.03,236,,1
9782,9782,2026-06-25,361.07,362,,153
9783,9783,2026-06-25,330.31,361,,176
9784,9784,2026-07-02,,1,,0
9785,9785,2026-06-25,117.12,257,,0
9786,9786,2026-06-25,103.27,275,,0
9787,9787,2026-06-25,126.74,175,,0
9788,9788,2026-06-25,99.57,229,,0
9789,9789,2026-06-25,138.05,177,,0
9790,9790,2026-06-25,78.33,88,,0
9791,9791,2026-06-25,154.99,236,,0
9792,9792,2026-06-25,78.33,72,,1
9793,9793,2026-06-25,104.19,253,,0
9794,9794,2026-07-02,,0,,0
9795,9795,2026-06-25,154.99,268,,3
9796,9796,2026-06-25,129.13,325,,0
9797,9797,2026-06-25,126.74,175,,0
9798,9798,2026-06-25,276.50,318,,15
9799,9799,2026-07-02,,364,,1
9800,9800,2026-06-25,194.33,255,,76
9801,9801,2026-06-25,259.80,291,,108
9802,9802,2026-06-25,142.89,355,,9
9803,9803,2026-06-24,46.29,110,,1
9804,9804,2026-06-25,39.09,296,,4
9805,9805,2026-06-25,136.06,365,,0
9806,9806,2026-06-25,67.01,179,,3
9807,9807,2026-06-25,,269,,0
9808,9808,2026-06-25,30.67,128,,8
9809,9809,2026-06-24,35.67,259,,7
9810,9810,2026-06-24,33.19,280,,65
9811,9811,2026-06-24,30.52,287,,8
9812,9812,2026-06-25,28.12,236,,6
9813,9813,2026-06-24,33.40,321,,7
9814,9814,2026-06-24,32.29,208,,6
9815,9815,2026-06-24,,9,,7
9816,9816,2026-06-25,130.60,365,,0
9817,9817,2026-06-25,48.67,143,,0
9818,9818,2026-06-25,345.50,365,,4
9819,9819,2026-06-25,39.84,230,,6
9820,9820,2026-06-24,265.48,43,,2
9821,9821,2026-07-02,80.70,118,,2
9822,9822,2026-06-25,192.50,351,,31
9823,9823,2026-06-25,194.80,59,,19
9824,9824,2026-06-25,109.67,328,,0
9825,9825,2026-06-25,362.50,221,,60
9826,9826,2026-06-25,297.00,285,,108
9827,9827,2026-06-25,,233,,2
9828,9828,2026-06-25,29.03,84,,0
9829,9829,2026-06-25,329.36,23,,22
9830,9830,2026-06-25,555.41,308,,104
9831,9831,2026-06-25,238.00,155,,65
9832,9832,2026-06-25,288.00,157,,62
9833,9833,2026-06-25,424.00,170,,30
9834,9834,2026-06-25,56.32,183,,4
9835,9835,2026-07-02,,22,,1
9836,9836,2026-06-25,384.50,316,,113
9837,9837,2026-06-25,185.00,150,,22
9838,9838,2026-06-24,34.23,264,,0
9839,9839,2026-06-25,32.44,297,,0
9840,9840,2026-06-24,88.16,144,,2
9841,9841,2026-06-24,292.00,237,,110
9842,9842,2026-06-25,272.51,357,,210
9843,9843,2026-06-25,1039.50,37,,39
9844,9844,2026-06-25,34.59,79,,3
9845,9845,2026-06-25,324.00,22,,30
9846,9846,2026-06-24,180.00,316,,20
9847,9847,2026-06-25,307.67,130,,123
9848,9848,2026-06-24,180.00,315,,9
9849,9849,2026-06-25,,284,,8
9850,9850,2026-06-25,,316,,46
9851,9851,2026-06-24,352.00,324,,86
9852,9852,2026-06-25,245.00,307,,3
9853,9853,2026-06-25,33.09,269,,0
9854,9854,2026-06-25,177.20,302,,2
9855,9855,2026-06-25,514.00,333,,6
9856,9856,2026-06-25,252.00,128,,60
9857,9857,2026-06-24,253.67,165,,58
9858,9858,2026-06-25,321.50,159,,60
9859,9859,2026-06-25,306.33,309,,39
9860,9860,2026-06-24,235.00,244,,65
9861,9861,2026-06-24,312.00,247,,21
9862,9862,2026-06-25,133.00,236,,131
9863,9863,2026-06-24,455.97,323,,51
9864,9864,2026-06-25,332.09,330,,18
9865,9865,2026-06-25,222.37,347,,87
9866,9866,2026-06-25,159.01,260,,0
9867,9867,2026-06-25,207.50,341,,41
9868,9868,2026-06-25,264.00,162,,66
9869,9869,2026-06-25,197.33,269,,133
9870,9870,2026-06-25,185.19,364,,4
9871,9871,2026-06-24,652.00,230,,48
9872,9872,2026-07-03,90.73,144,,1
9873,9873,2026-06-25,138.48,141,,7
9874,9874,2026-06-25,276.00,151,,48
9875,9875,2026-06-25,204.00,160,,77
9876,9876,2026-06-25,132.77,282,,0
9877,9877,2026-06-25,671.50,320,,68
9878,9878,2026-06-25,152.00,62,,33
9879,9879,2026-06-24,95.63,140,,1
9880,9880,2026-06-24,,34,,1
9881,9881,2026-06-24,22.11,228,,1
9882,9882,2026-06-25,124.84,232,,5
9883,9883,2026-06-25,104.38,268,,0
9884,9884,2026-06-25,43.53,269,,0
9885,9885,2026-06-25,250.33,145,,35
9886,9886,2026-06-24,269.00,250,,42
9887,9887,2026-06-25,220.00,272,,48
9888,9888,2026-06-24,199.10,243,,61
9889,9889,2026-06-25,156.50,227,,30
9890,9890,2026-06-25,210.88,220,,0
9891,9891,2026-06-25,106.18,293,,0
9892,9892,2026-06-25,281.17,227,,0
9893,9893,2026-06-25,85.43,166,,5
9894,9894,2026-06-25,214.88,261,,2
9895,9895,2026-06-25,77.14,241,,5
9896,9896,2026-06-25,82.96,328,,7
9897,9897,2026-06-24,163.88,364,,0
9898,9898,2026-06-25,256.66,255,,0
9899,9899,2026-06-25,327.52,167,,122
9900,9900,2026-06-24,80.00,106,,31
9901,9901,2026-06-25,213.00,195,,83
9902,9902,2026-06-25,194.60,357,,33
9903,9903,2026-06-25,197.50,85,,31
9904,9904,2026-06-25,84.38,332,,1
9905,9905,2026-06-25,200.00,50,,44
9906,9906,2026-06-25,248.33,85,,36
9907,9907,2026-06-25,32.47,159,,10
9908,9908,2026-06-24,94.74,186,,0
9909,9909,2026-06-25,280.00,64,,114
9910,9910,2026-06-25,33.31,235,,3
9911,9911,2026-06-25,24.93,234,,1
9912,9912,2026-06-24,236.17,266,,1
9913,9913,2026-06-25,88.49,259,,0
9914,9914,2026-06-24,289.00,362,,352
9915,9915,2026-07-03,38.64,123,,2
9916,9916,2026-06-25,78.09,184,,0
9917,9917,2026-06-25,,246,,0
9918,9918,2026-07-02,111.41,182,,1
9919,9919,2026-06-25,312.00,300,,34
9920,9920,2026-06-25,312.00,310,,45
9921,9921,2026-06-25,584.50,340,,75
9922,9922,2026-06-25,74.01,89,,0
9923,9923,2026-06-25,345.00,201,,32
9924,9924,2026-06-25,263.50,227,,70
9925,9925,2026-06-25,55.09,345,,1
9926,9926,2026-06-25,288.00,314,,58
9927,9927,2026-06-25,249.00,101,,73
9928,9928,2026-07-03,170.00,232,,77
9929,9929,2026-07-03,180.00,207,,67
9930,9930,2026-06-24,271.03,229,,16
9931,9931,2026-06-24,201.00,269,,0
9932,9932,2026-06-25,154.50,95,,100
9933,9933,2026-06-24,80.22,218,,5
9934,9934,2026-06-25,245.36,200,,68
9935,9935,2026-06-25,33.19,142,,6
9936,9936,2026-06-25,57.30,278,,0
9937,9937,2026-06-25,61.18,347,,0
9938,9938,2026-06-24,65.30,270,,7
9939,9939,2026-06-25,60.00,66,,0
9940,9940,2026-06-25,281.00,326,,61
9941,9941,2026-06-25,37.58,365,,0
9942,9942,2026-06-25,46.46,291,,0
9943,9943,2026-07-03,,0,,1
9944,9944,2026-07-03,93.01,274,,8
9945,9945,2026-06-25,209.00,251,,104
9946,9946,2026-06-25,53.91,50,,11
9947,9947,2026-06-25,193.38,170,,0
9948,9948,2026-06-25,72.30,52,,0
9949,9949,2026-06-25,286.00,365,,55
9950,9950,2026-06-25,516.38,126,,12
9951,9951,2026-06-25,386.00,283,,110
9952,9952,2026-06-25,313.70,347,,50
9953,9953,2026-06-25,365.00,321,,44
9954,9954,2026-06-25,38.43,99,,0
9955,9955,2026-07-03,23.45,269,,0
9956,9956,2026-06-24,68.47,266,,121
9957,9957,2026-07-03,,32,,1
9958,9958,2026-07-03,229.00,363,,0
9959,9959,2026-06-25,1000.00,24,,0
9960,9960,2026-06-25,1000.00,24,,0
9961,9961,2026-06-25,1000.00,55,,0
9962,9962,2026-06-25,1000.00,24,,0
9963,9963,2026-06-25,396.00,139,,58
9964,9964,2026-06-24,571.00,364,,1
9965,9965,2026-06-24,500.00,364,,0
9966,9966,2026-06-24,571.00,364,,0
9967,9967,2026-06-24,571.00,364,,0
9968,9968,2026-06-24,84.85,284,,7
9969,9969,2026-06-25,380.56,255,,0
9970,9970,2026-06-25,367.72,265,,0
9971,9971,2026-06-25,913.00,270,,0
9972,9972,2026-07-03,,0,,141
9973,9973,2026-06-25,237.00,149,,33
9974,9974,2026-06-24,86.24,214,,8
9975,9975,2026-06-25,106.83,300,,3
9976,9976,2026-06-24,84.85,206,,5
9977,9977,2026-06-25,138.48,134,,1
9978,9978,2026-06-24,84.85,238,,6
9979,9979,2026-06-25,110.65,326,,2
9980,9980,2026-06-24,456.47,359,,11
9981,9981,2026-06-25,420.19,343,,44
9982,9982,2026-06-25,219.45,84,,4
9983,9983,2026-06-25,47.90,268,,0
9984,9984,2026-06-24,611.00,270,,0
9985,9985,2026-06-24,122.86,301,,9
9986,9986,2026-06-24,255.62,332,,94
9987,9987,2026-06-25,52.24,269,,0
9988,9988,2026-06-25,96.37,162,,0
9989,9989,2026-06-25,325.00,301,,56
9990,9990,2026-06-25,370.50,127,,44
9991,9991,2026-06-25,73.70,296,,6
9992,9992,2026-07-03,74.91,310,,4
9993,9993,2026-06-25,23.23,99,,14
9994,9994,2026-06-25,79.56,339,,8
9995,9995,2026-06-25,1155.00,157,,38
9996,9996,2026-06-25,1008.00,153,,42
9997,9997,2026-06-24,149.36,260,,1
9998,9998,2026-06-25,166.50,146,,90
9999,9999,2026-06-25,76.38,204,,2
10000,10000,2026-06-25,90.31,202,,1
10001,10001,2026-06-25,430.67,344,,15
10002,10002,2026-06-25,31.19,350,,2
10003,10003,2026-06-24,198.50,151,,63
10004,10004,2026-06-25,75.78,222,,8
10005,10005,2026-06-25,36.48,176,,1
10006,10006,2026-06-25,405.50,314,,43
10007,10007,2026-06-24,121.51,160,,0
10008,10008,2026-06-25,114.12,36,,48
10009,10009,2026-06-25,114.12,43,,128
10010,10010,2026-06-24,260.00,201,,84
10011,10011,2026-06-24,74.01,196,,3
10012,10012,2026-06-24,143.56,148,,55
10013,10013,2026-07-03,,0,,0
10014,10014,2026-06-25,260.00,255,,47
10015,10015,2026-06-25,256.00,242,,65
10016,10016,2026-06-24,456.47,346,,0
10017,10017,2026-06-25,233.00,143,,66
10018,10018,2026-06-25,351.00,151,,29
10019,10019,2026-06-25,240.00,267,,8
10020,10020,2026-06-25,930.00,252,,69
10021,10021,2026-07-02,,0,,0
10022,10022,2026-06-25,168.58,269,,0
10023,10023,2026-07-02,54.38,337,,0
10024,10024,2026-06-25,82.78,289,,1
10025,10025,2026-07-02,,12,,4
10026,10026,2026-06-25,33.10,269,,0
10027,10027,2026-06-25,73.27,64,,2
10028,10028,2026-06-25,22.53,297,,0
10029,10029,2026-07-02,160.00,208,,67
10030,10030,2026-06-25,24.25,217,,0
10031,10031,2026-06-25,112.93,320,,7
10032,10032,2026-06-25,243.00,352,,35
10033,10033,2026-06-25,42.19,224,,8
10034,10034,2026-06-25,22.53,186,,1
10035,10035,2026-06-25,73.86,178,,5
10036,10036,2026-06-25,38.33,158,,0
10037,10037,2026-06-24,107.87,263,,0
10038,10038,2026-07-02,61.58,274,,0
10039,10039,2026-06-25,96.59,253,,8
10040,10040,2026-07-02,,0,,0
10041,10041,2026-06-25,382.50,365,,16
10042,10042,2026-06-25,,141,,1
10043,10043,2026-06-25,128.59,284,,3
10044,10044,2026-06-25,54.20,360,,1
10045,10045,2026-06-25,22.16,151,,0
10046,10046,2026-06-25,540.00,264,,53
10047,10047,2026-06-25,398.01,328,,6
10048,10048,2026-06-25,152.78,213,,0
10049,10049,2026-06-24,146.07,290,,0
10050,10050,2026-06-25,198.67,339,,56
10051,10051,2026-06-25,179.16,227,,4
10052,10052,2026-06-25,83.69,52,,2
10053,10053,2026-06-25,115.00,191,,74
10054,10054,2026-06-25,91.78,77,,1
10055,10055,2026-06-25,,229,,0
10056,10056,2026-06-25,1279.00,270,,0
10057,10057,2026-06-25,,269,,0
10058,10058,2026-07-02,42.21,216,,2
10059,10059,2026-06-25,84.10,134,,2
10060,10060,2026-06-25,845.00,310,,0
10061,10061,2026-06-25,654.00,269,,125
10062,10062,2026-06-25,154.89,346,,1
10063,10063,2026-06-25,136.00,19,,97
10064,10064,2026-06-25,160.00,25,,59
10065,10065,2026-06-25,168.19,291,,0
10066,10066,2026-06-25,54.90,175,,3
10067,10067,2026-06-25,160.00,27,,44
10068,10068,2026-07-02,132.08,263,,0
10069,10069,2026-06-24,23.55,59,,14
10070,10070,2026-06-24,239.00,237,,66
10071,10071,2026-06-25,250.00,231,,66
10072,10072,2026-06-24,64.77,274,,9
10073,10073,2026-06-25,192.33,291,,3
10074,10074,2026-06-25,34.28,268,,0
10075,10075,2026-06-25,134.43,275,,3
10076,10076,2026-06-25,33.68,34,,3
10077,10077,2026-06-24,125.16,287,,0
10078,10078,2026-06-25,447.72,195,,107
10079,10079,2026-06-25,54.65,123,,4
10080,10080,2026-06-25,69.89,329,,2
10081,10081,2026-06-25,69.53,231,,7
10082,10082,2026-06-24,3664.00,270,,1
10083,10083,2026-07-02,230.00,333,,38
10084,10084,2026-06-25,102.88,175,,3
10085,10085,2026-07-02,,0,,1
10086,10086,2026-06-25,103.92,307,,9
10087,10087,2026-06-25,488.10,290,,51
10088,10088,2026-06-25,115.89,217,,1
10089,10089,2026-07-02,127.40,143,,9
10090,10090,2026-06-24,52.72,172,,2
10091,10091,2026-06-25,131.33,225,,4
10092,10092,2026-06-25,53.10,358,,0
10093,10093,2026-06-24,143.52,364,,4
10094,10094,2026-06-24,199.00,264,,65
10095,10095,2026-06-25,102.45,175,,1
10096,10096,2026-06-25,142.25,218,,1
10097,10097,2026-06-25,112.16,194,,1
10098,10098,2026-06-25,129.49,262,,0
10099,10099,2026-06-25,2557.00,270,,1
10100,10100,2026-06-25,111.44,206,,1
10101,10101,2026-06-25,124.49,85,,2
10102,10102,2026-06-25,527.00,256,,64
10103,10103,2026-06-25,353.00,274,,49
10104,10104,2026-06-25,282.00,288,,316
10105,10105,2026-06-25,460.00,288,,123
10106,10106,2026-06-25,276.00,141,,67
10107,10107,2026-06-25,152.43,231,,0
10108,10108,2026-06-24,67.16,269,,0
10109,10109,2026-06-25,290.00,316,,114
10110,10110,2026-06-25,91.62,358,,0
10111,10111,2026-06-25,33.50,329,,0
10112,10112,2026-06-25,102.95,192,,0
10113,10113,2026-07-02,,0,,4
10114,10114,2026-06-25,117.24,318,,0
10115,10115,2026-06-25,1381.00,270,,0
10116,10116,2026-06-25,108.52,309,,0
10117,10117,2026-06-25,120.99,262,,0
10118,10118,2026-06-25,107.05,286,,0
10119,10119,2026-06-25,121.15,231,,0
10120,10120,2026-06-25,97.91,312,,2
10121,10121,2026-06-24,219.35,276,,54
10122,10122,2026-06-25,273.70,279,,34
10123,10123,2026-06-25,547.90,265,,59
10124,10124,2026-06-24,78.22,267,,0
10125,10125,2026-06-25,35.73,364,,1
10126,10126,2026-06-25,391.42,234,,119
10127,10127,2026-06-25,281.67,355,,57
10128,10128,2026-06-25,207.50,359,,57
10129,10129,2026-06-25,242.50,352,,46
10130,10130,2026-06-25,107.87,298,,3
10131,10131,2026-06-25,,269,,0
10132,10132,2026-06-24,,229,,34
10133,10133,2026-07-02,69.39,270,,0
10134,10134,2026-06-25,1053.37,124,,114
10135,10135,2026-07-02,,363,,0
10136,10136,2026-06-25,162.00,357,,73
10137,10137,2026-06-25,61.00,360,,1
10138,10138,2026-06-25,5900.00,50,,0
10139,10139,2026-07-02,,24,,7
10140,10140,2026-06-25,559.95,333,,55
10141,10141,2026-06-25,291.97,335,,16
10142,10142,2026-06-24,430.06,324,,49
10143,10143,2026-06-25,47.47,276,,7
10144,10144,2026-06-25,52.22,135,,7
10145,10145,2026-06-25,619.50,302,,107
10146,10146,2026-06-25,31.00,62,,0
10147,10147,2026-06-25,110.28,238,,7
10148,10148,2026-06-25,936.00,270,,1
10149,10149,2026-06-24,,87,,0
10150,10150,2026-06-24,165.25,293,,84
10151,10151,2026-06-25,118.63,53,,6
10152,10152,2026-06-25,117.66,147,,8
10153,10153,2026-06-25,162.03,195,,8
10154,10154,2026-06-25,150.97,203,,4
10155,10155,2026-06-25,173.06,213,,10
10156,10156,2026-06-25,164.23,202,,6
10157,10157,2026-06-25,162.03,164,,6
10158,10158,2026-06-25,159.42,58,,10
10159,10159,2026-06-25,349.00,168,,12
10160,10160,2026-06-25,167.55,107,,9
10161,10161,2026-06-25,40.50,35,,0
10162,10162,2026-06-25,167.55,185,,9
10163,10163,2026-06-25,148.52,65,,5
10164,10164,2026-06-25,145.42,92,,5
10165,10165,2026-06-25,42.95,142,,0
10166,10166,2026-06-25,269.00,356,,36
10167,10167,2026-06-25,59.74,298,,1
10168,10168,2026-06-24,38.19,345,,1
10169,10169,2026-06-25,40.07,329,,0
10170,10170,2026-06-25,67.50,237,,0
10171,10171,2026-06-25,42.89,343,,1
10172,10172,2026-06-25,640.00,269,,0
10173,10173,2026-06-25,199.50,365,,25
10174,10174,2026-06-25,135.54,365,,2
10175,10175,2026-06-25,36.65,360,,0
10176,10176,2026-06-25,164.50,14,,82
10177,10177,2026-06-24,50.78,237,,1
10178,10178,2026-06-25,51.34,329,,0
10179,10179,2026-06-25,190.50,18,,66
10180,10180,2026-06-25,55.34,269,,2
10181,10181,2026-06-25,193.00,15,,55
10182,10182,2026-06-25,156.00,19,,85
10183,10183,2026-06-25,165.50,26,,64
10184,10184,2026-07-02,156.00,13,,72
10185,10185,2026-07-02,,0,,1
10186,10186,2026-06-25,634.00,365,,1
10187,10187,2026-06-25,91.29,37,,43
10188,10188,2026-06-24,177.16,247,,11
10189,10189,2026-06-25,42.26,269,,1
10190,10190,2026-06-25,411.00,96,,10
10191,10191,2026-06-25,82.20,83,,5
10192,10192,2026-06-24,23.94,293,,4
10193,10193,2026-06-24,145.94,227,,10
10194,10194,2026-06-25,83.55,162,,1
10195,10195,2026-06-25,262.00,276,,76
10196,10196,2026-06-24,20.81,267,,2
10197,10197,2026-06-24,155.67,346,,0
10198,10198,2026-06-25,69.66,329,,10
10199,10199,2026-06-24,119.48,80,,6
10200,10200,2026-06-25,280.00,229,,17
10201,10201,2026-06-25,350.00,118,,3
10202,10202,2026-07-02,,0,,0
10203,10203,2026-06-25,75.12,92,,5
10204,10204,2026-06-25,1279.00,270,,0
10205,10205,2026-06-25,343.00,152,,80
10206,10206,2026-06-25,314.00,272,,13
10207,10207,2026-06-25,214.01,261,,1
10208,10208,2026-07-02,,0,,0
10209,10209,2026-06-25,56.50,96,,0
10210,10210,2026-06-25,277.00,237,,18
10211,10211,2026-06-25,286.00,258,,28
10212,10212,2026-06-25,275.00,192,,62
10213,10213,2026-06-25,195.20,365,,0
10214,10214,2026-06-25,43.65,270,,4
10215,10215,2026-06-25,211.12,245,,11
10216,10216,2026-06-25,126.38,143,,0
10217,10217,2026-06-25,39.25,185,,1
10218,10218,2026-06-25,261.00,228,,42
10219,10219,2026-06-25,116.50,364,,7
10220,10220,2026-07-02,,0,,1
10221,10221,2026-06-25,157.76,55,,0
10222,10222,2026-06-25,179.33,282,,102
10223,10223,2026-07-02,,22,,2
10224,10224,2026-06-24,82.28,99,,7
10225,10225,2026-06-24,419.00,132,,61
10226,10226,2026-06-25,46.48,141,,11
10227,10227,2026-06-24,262.09,219,,0
10228,10228,2026-06-25,1918.00,270,,0
10229,10229,2026-06-25,65.10,260,,7
10230,10230,2026-06-25,79.35,86,,0
10231,10231,2026-06-25,77.52,264,,0
10232,10232,2026-06-25,41.10,210,,1
10233,10233,2026-06-24,288.00,142,,69
10234,10234,2026-06-25,216.67,359,,41
10235,10235,2026-06-25,98.15,302,,1
10236,10236,2026-06-25,67.83,99,,5
10237,10237,2026-07-02,,0,,0
10238,10238,2026-07-02,,263,,0
10239,10239,2026-06-25,233.94,60,,46
10240,10240,2026-06-25,57.06,81,,61
10241,10241,2026-06-25,37.07,80,,1
10242,10242,2026-06-25,99.57,163,,1
10243,10243,2026-06-25,45.13,115,,7
10244,10244,2026-06-25,97.80,328,,0
10245,10245,2026-06-24,309.67,120,,5
10246,10246,2026-06-25,140.21,299,,3
10247,10247,2026-06-25,181.14,52,,0
10248,10248,2026-06-25,79.07,268,,0
10249,10249,2026-06-25,226.00,117,,38
10250,10250,2026-06-25,502.33,65,,0
10251,10251,2026-06-25,288.00,308,,27
10252,10252,2026-06-24,281.00,205,,105
10253,10253,2026-06-25,131.80,241,,2
10254,10254,2026-06-25,92.59,340,,3
10255,10255,2026-06-25,85.13,231,,12
10256,10256,2026-06-25,30.02,359,,2
10257,10257,2026-06-25,60.72,329,,0
10258,10258,2026-06-25,133.81,329,,0
10259,10259,2026-06-25,88.52,341,,0
10260,10260,2026-06-25,427.00,243,,40
10261,10261,2026-06-25,146.06,202,,2
10262,10262,2026-06-24,1000.00,49,,21
10263,10263,2026-07-03,,0,,14
10264,10264,2026-06-25,33.19,240,,3
10265,10265,2026-07-03,65.32,71,,1
10266,10266,2026-06-24,77.45,338,,6
10267,10267,2026-06-24,77.45,261,,3
10268,10268,2026-06-25,182.00,68,,3
10269,10269,2026-06-25,228.50,314,,110
10270,10270,2026-06-25,112.38,347,,2
10271,10271,2026-06-25,724.33,224,,42
10272,10272,2026-06-25,139.84,48,,1
10273,10273,2026-07-03,34.86,107,,2
10274,10274,2026-06-25,55.00,227,,30
10275,10275,2026-06-25,67.29,140,,12
10276,10276,2026-07-03,18.01,224,,9
10277,10277,2026-06-25,58.00,37,,1
10278,10278,2026-06-25,143.94,328,,11
10279,10279,2026-06-25,95.16,147,,14
10280,10280,2026-06-25,719.03,83,,0
10281,10281,2026-06-25,324.00,301,,1
10282,10282,2026-06-25,155.91,290,,0
10283,10283,2026-06-25,30.51,235,,0
10284,10284,2026-06-25,34.26,251,,0
10285,10285,2026-06-25,51.17,206,,77
10286,10286,2026-06-25,107.99,362,,0
10287,10287,2026-06-25,107.09,277,,0
10288,10288,2026-06-24,448.00,320,,42
10289,10289,2026-06-25,343.33,310,,55
10290,10290,2026-06-25,282.50,314,,27
10291,10291,2026-06-25,254.00,365,,0
10292,10292,2026-07-03,,43,,4
10293,10293,2026-06-25,234.00,350,,4
10294,10294,2026-06-25,224.00,336,,1
10295,10295,2026-06-25,161.28,286,,0
10296,10296,2026-07-03,,9,,0
10297,10297,2026-06-25,276.00,319,,33
10298,10298,2026-06-25,247.00,293,,34
10299,10299,2026-06-24,52.22,337,,12
10300,10300,2026-06-25,171.00,364,,359
10301,10301,2026-06-25,120.45,329,,16
10302,10302,2026-06-25,182.00,354,,18
10303,10303,2026-06-25,230.00,337,,7
10304,10304,2026-06-25,188.00,351,,5
10305,10305,2026-06-25,211.00,357,,5
10306,10306,2026-06-25,74.61,305,,10
10307,10307,2026-07-03,95.15,362,,0
10308,10308,2026-06-25,71.81,56,,5
10309,10309,2026-06-25,111.35,336,,1
10310,10310,2026-06-25,98.13,204,,0
10311,10311,2026-06-25,92.45,278,,8
10312,10312,2026-07-03,94.70,333,,0
10313,10313,2026-07-03,94.06,93,,1
10314,10314,2026-07-03,90.55,127,,0
10315,10315,2026-07-03,75.31,362,,0
10316,10316,2026-07-03,,32,,0
10317,10317,2026-07-03,103.45,362,,0
10318,10318,2026-07-03,,35,,0
10319,10319,2026-07-03,119.12,306,,1
10320,10320,2026-07-03,,31,,0
10321,10321,2026-06-25,281.00,347,,66
10322,10322,2026-06-25,167.38,261,,0
10323,10323,2026-06-25,79.41,198,,2
10324,10324,2026-06-25,79.35,365,,0
10325,10325,2026-06-25,369.00,312,,69
10326,10326,2026-06-25,279.00,321,,80
10327,10327,2026-06-25,210.60,334,,60
10328,10328,2026-06-24,25.72,57,,0
10329,10329,2026-07-03,186.59,296,,0
10330,10330,2026-06-25,268.00,337,,44
10331,10331,2026-06-25,102.76,77,,6
10332,10332,2026-06-24,173.26,269,,0
10333,10333,2026-07-03,,26,,3
10334,10334,2026-06-25,2534.00,279,,0
10335,10335,2026-06-25,913.00,270,,2
10336,10336,2026-06-25,93.97,98,,1
10337,10337,2026-07-03,,28,,4
10338,10338,2026-06-24,131.42,154,,10
10339,10339,2026-06-25,101.81,68,,5
10340,10340,2026-06-25,224.00,156,,42
10341,10341,2026-06-24,271.00,296,,109
10342,10342,2026-06-24,360.00,332,,0
10343,10343,2026-06-25,455.00,325,,65
10344,10344,2026-06-25,150.00,260,,32
10345,10345,2026-06-25,71.75,243,,5
10346,10346,2026-06-25,430.50,297,,40
10347,10347,2026-06-25,72.23,313,,11
10348,10348,2026-06-24,238.50,351,,17
10349,10349,2026-07-03,,9,,1
10350,10350,2026-06-25,313.90,324,,86
10351,10351,2026-06-25,63.00,68,,1
10352,10352,2026-06-25,132.00,175,,1
10353,10353,2026-06-25,122.02,334,,2
10354,10354,2026-06-25,94.91,107,,1
10355,10355,2026-06-25,286.25,291,,82
10356,10356,2026-06-24,122.00,98,,78
10357,10357,2026-06-25,427.94,217,,4
10358,10358,2026-06-24,148.67,39,,4
10359,10359,2026-07-03,,0,,0
10360,10360,2026-07-03,,0,,0
10361,10361,2026-07-03,,0,,0
10362,10362,2026-06-25,79.00,50,,1
10363,10363,2026-06-25,252.00,345,,78
10364,10364,2026-06-25,96.81,237,,0
10365,10365,2026-06-25,38.33,192,,3
10366,10366,2026-06-24,46.78,253,,3
10367,10367,2026-06-24,3504.00,269,,0
10368,10368,2026-06-25,492.50,258,,64
10369,10369,2026-06-24,355.00,287,,3
10370,10370,2026-06-24,500.00,330,,7
10371,10371,2026-06-24,452.50,293,,14
10372,10372,2026-06-25,349.20,301,,77
10373,10373,2026-06-25,64.59,173,,3
10374,10374,2026-06-25,75.10,309,,1
10375,10375,2026-06-25,149.86,308,,1
10376,10376,2026-06-24,260.00,344,,9
10377,10377,2026-06-24,308.00,346,,30
10378,10378,2026-06-25,,178,,0
10379,10379,2026-06-25,423.00,351,,57
10380,10380,2026-06-25,239.00,350,,10
10381,10381,2026-06-25,141.74,227,,1
10382,10382,2026-06-25,314.00,348,,14
10383,10383,2026-06-25,88.98,336,,11
10384,10384,2026-06-25,97.22,324,,8
10385,10385,2026-06-25,134.11,365,,0
10386,10386,2026-06-25,338.50,257,,69
10387,10387,2026-06-25,103.42,361,,0
10388,10388,2026-06-25,103.42,361,,0
10389,10389,2026-06-25,103.42,361,,0
10390,10390,2026-06-25,49.81,359,,0
10391,10391,2026-06-25,49.00,359,,0
10392,10392,2026-07-03,,0,,0
10393,10393,2026-06-25,89.25,88,,0
10394,10394,2026-06-25,152.57,220,,7
10395,10395,2026-06-25,310.00,344,,7
10396,10396,2026-06-24,197.00,155,,48
10397,10397,2026-06-25,141.96,209,,2
10398,10398,2026-06-25,115.87,62,,4
10399,10399,2026-07-03,,0,,8
10400,10400,2026-06-25,166.69,210,,1
10401,10401,2026-06-25,124.58,314,,1
10402,10402,2026-06-25,145.65,158,,0
10403,10403,2026-06-25,152.11,304,,0
10404,10404,2026-06-25,73.95,50,,0
10405,10405,2026-06-24,35.20,247,,0
10406,10406,2026-06-25,371.50,294,,40
10407,10407,2026-06-25,131.13,317,,0
10408,10408,2026-06-24,203.00,154,,46
10409,10409,2026-06-25,421.74,134,,69
10410,10410,2026-06-25,117.04,303,,3
10411,10411,2026-06-25,117.66,290,,1
10412,10412,2026-06-25,35.20,120,,1
10413,10413,2026-07-03,299.00,31,,66
10414,10414,2026-06-25,169.14,264,,2
10415,10415,2026-06-25,32.39,255,,1
10416,10416,2026-06-25,37.08,131,,1
10417,10417,2026-06-24,856.00,287,,0
10418,10418,2026-06-25,32.79,140,,0
10419,10419,2026-06-24,319.00,312,,85
10420,10420,2026-07-03,,0,,5
10421,10421,2026-06-25,1369.41,172,,0
10422,10422,2026-06-24,88.52,339,,8
10423,10423,2026-06-25,73.84,188,,5
10424,10424,2026-06-25,124.00,271,,8
10425,10425,2026-06-24,233.00,239,,2
10426,10426,2026-06-24,33.74,364,,0
10427,10427,2026-06-25,86.15,356,,0
10428,10428,2026-06-24,123.03,327,,0
10429,10429,2026-06-24,417.00,56,,75
10430,10430,2026-06-25,256.00,308,,40
10431,10431,2026-06-24,197.00,167,,54
10432,10432,2026-06-25,358.00,313,,68
10433,10433,2026-06-25,77.24,85,,6
10434,10434,2026-06-25,388.00,139,,91
10435,10435,2026-06-25,103.00,274,,23
10436,10436,2026-06-25,108.00,270,,26
10437,10437,2026-06-25,323.35,274,,81
10438,10438,2026-06-25,411.00,314,,96
10439,10439,2026-07-03,,0,,1
10440,10440,2026-06-25,40.44,356,,4
10441,10441,2026-06-25,115.00,304,,4
10442,10442,2026-07-03,74.93,40,,9
10443,10443,2026-06-25,88.49,328,,1
10444,10444,2026-07-03,,0,,1
10445,10445,2026-06-25,389.00,278,,52
10446,10446,2026-06-25,89.56,79,,1
10447,10447,2026-06-24,285.00,336,,28
10448,10448,2026-06-25,290.50,308,,50
10449,10449,2026-06-25,233.63,356,,27
10450,10450,2026-07-03,85.91,257,,2
10451,10451,2026-06-25,104.62,328,,10
10452,10452,2026-06-25,260.26,338,,13
10453,10453,2026-06-25,414.50,249,,93
10454,10454,2026-06-25,344.18,329,,20
10455,10455,2026-07-03,217.30,326,,28
10456,10456,2026-06-25,100.78,305,,1
10457,10457,2026-06-25,104.36,85,,1
10458,10458,2026-06-24,256.65,329,,64
10459,10459,2026-07-03,,32,,0
10460,10460,2026-06-25,256.00,226,,52
10461,10461,2026-06-25,312.67,320,,8
10462,10462,2026-06-25,74.77,224,,2
10463,10463,2026-06-25,66.31,262,,2
10464,10464,2026-06-25,312.33,320,,40
10465,10465,2026-06-25,96.54,88,,0
10466,10466,2026-07-03,,0,,0
10467,10467,2026-06-25,28.00,1,,0
10468,10468,2026-06-24,47.20,169,,14
10469,10469,2026-06-24,1138.00,282,,83
10470,10470,2026-06-24,299.00,276,,53
10471,10471,2026-06-25,99.43,143,,1
10472,10472,2026-06-25,150.00,271,,0
10473,10473,2026-06-25,29.57,129,,1
10474,10474,2026-06-25,2317.00,269,,0
10475,10475,2026-06-24,188.30,292,,57
10476,10476,2026-06-24,53.21,328,,0
10477,10477,2026-07-03,,312,,2
10478,10478,2026-06-25,128.00,365,,0
10479,10479,2026-06-25,94.94,151,,9
10480,10480,2026-06-25,322.00,306,,32
10481,10481,2026-06-25,114.33,365,,0
10482,10482,2026-06-25,112.64,361,,55
10483,10483,2026-06-25,,365,,0
10484,10484,2026-06-25,81.39,86,,3
10485,10485,2026-06-25,23.96,58,,2
10486,10486,2026-06-25,,294,,2
10487,10487,2026-06-25,190.73,178,,0
10488,10488,2026-06-25,86.47,207,,2
10489,10489,2026-07-03,,0,,0
10490,10490,2026-06-25,186.81,255,,0
10491,10491,2026-06-25,3196.00,270,,1
10492,10492,2026-06-25,466.80,258,,9
10493,10493,2026-07-02,,311,,0
10494,10494,2026-06-24,115.61,202,,2
10495,10495,2026-07-03,75.11,201,,2
10496,10496,2026-07-03,93.46,337,,2
10497,10497,2026-06-25,85.34,260,,2
10498,10498,2026-06-25,168.97,154,,1
10499,10499,2026-06-25,,365,,0
10500,10500,2026-06-24,,269,,0
10501,10501,2026-06-25,78.36,179,,0
10502,10502,2026-06-25,28.28,143,,3
10503,10503,2026-06-25,91.53,168,,8
10504,10504,2026-06-24,2283.00,269,,0
10505,10505,2026-06-25,432.50,41,,6
10506,10506,2026-06-25,56.75,280,,3
10507,10507,2026-06-25,276.33,140,,22
10508,10508,2026-06-25,141.34,351,,1
10509,10509,2026-06-25,237.36,304,,64
10510,10510,2026-06-25,97.22,306,,8
10511,10511,2026-06-25,45.88,174,,0
10512,10512,2026-07-03,,0,,92
10513,10513,2026-06-25,239.65,238,,115
10514,10514,2026-06-25,228.00,102,,67
10515,10515,2026-06-25,352.26,332,,64
10516,10516,2026-06-25,451.00,113,,1
10517,10517,2026-06-25,213.00,251,,93
10518,10518,2026-07-03,,0,,3
10519,10519,2026-06-25,35.56,203,,1
10520,10520,2026-06-25,209.00,84,,67
10521,10521,2026-06-25,62.32,134,,9
10522,10522,2026-06-25,88.41,224,,2
10523,10523,2026-06-25,68.35,245,,15
10524,10524,2026-06-25,124.07,167,,8
10525,10525,2026-06-24,267.04,241,,103
10526,10526,2026-06-24,,42,,75
10527,10527,2026-06-25,269.87,238,,1
10528,10528,2026-06-25,127.77,38,,1
10529,10529,2026-06-24,85.00,246,,0
10530,10530,2026-06-25,41.36,180,,2
10531,10531,2026-06-25,26.56,140,,2
10532,10532,2026-06-25,25.76,221,,1
10533,10533,2026-06-25,141.06,293,,0
10534,10534,2026-06-25,293.00,353,,10
10535,10535,2026-06-24,343.00,269,,1
10536,10536,2026-06-25,228.24,220,,81
10537,10537,2026-06-25,176.88,223,,79
10538,10538,2026-06-25,71.25,336,,5
10539,10539,2026-06-25,418.00,71,,0
10540,10540,2026-06-25,2876.00,270,,0
10541,10541,2026-06-25,245.00,333,,22
10542,10542,2026-06-24,913.00,269,,1
10543,10543,2026-06-24,398.80,171,,94
10544,10544,2026-06-25,189.62,81,,1
10545,10545,2026-06-25,42.92,234,,0
10546,10546,2026-06-25,88.96,86,,0
10547,10547,2026-06-25,314.00,301,,25
10548,10548,2026-06-25,,212,,1
10549,10549,2026-06-25,51.50,159,,3
10550,10550,2026-07-03,225.00,289,,52
10551,10551,2026-06-25,143.88,246,,0
10552,10552,2026-06-25,30.90,169,,5
10553,10553,2026-06-25,198.00,78,,1
10554,10554,2026-06-25,220.00,79,,5
10555,10555,2026-06-25,506.00,64,,1
10556,10556,2026-06-25,77.52,130,,10
10557,10557,2026-06-25,,313,,6
10558,10558,2026-06-25,83.31,273,,4
10559,10559,2026-06-25,215.00,89,,66
10560,10560,2026-07-03,,0,,3
10561,10561,2026-06-25,181.35,216,,61
10562,10562,2026-06-25,193.67,319,,14
10563,10563,2026-06-25,,44,,0
10564,10564,2026-06-25,117.04,156,,2
10565,10565,2026-06-25,326.51,311,,47
10566,10566,2026-07-03,44.74,38,,1
10567,10567,2026-06-25,216.00,323,,6
10568,10568,2026-06-25,199.00,96,,100
10569,10569,2026-06-25,77.87,293,,7
10570,10570,2026-06-25,,363,,0
10571,10571,2026-06-24,440.11,288,,97
10572,10572,2026-06-24,67.33,24,,11
10573,10573,2026-06-25,94.15,23,,17
10574,10574,2026-06-25,303.00,202,,57
10575,10575,2026-06-24,371.00,96,,116
10576,10576,2026-06-25,100.65,321,,5
10577,10577,2026-06-25,456.47,365,,2
10578,10578,2026-07-03,,60,,4
10579,10579,2026-06-25,140.00,271,,0
10580,10580,2026-06-24,271.60,311,,81
10581,10581,2026-06-24,197.00,109,,41
10582,10582,2026-06-24,458.00,308,,0
10583,10583,2026-06-25,77.45,299,,7
10584,10584,2026-06-24,83.90,236,,8
10585,10585,2026-06-24,,208,,0
10586,10586,2026-06-24,283.01,236,,94
10587,10587,2026-06-25,310.00,165,,15
10588,10588,2026-06-25,160.78,365,,3
10589,10589,2026-06-25,270.46,345,,93
10590,10590,2026-07-03,,0,,0
10591,10591,2026-06-25,85.55,264,,7
10592,10592,2026-06-25,48.71,37,,3
10593,10593,2026-07-03,,0,,34
10594,10594,2026-06-25,1010.00,358,,3
10595,10595,2026-06-24,11.06,32,,3
10596,10596,2026-06-24,331.00,308,,376
10597,10597,2026-06-25,220.00,347,,76
10598,10598,2026-06-24,236.00,153,,12
10599,10599,2026-06-25,21.48,337,,4
10600,10600,2026-07-03,25.44,263,,6
10601,10601,2026-06-25,428.00,365,,0
10602,10602,2026-06-24,310.00,152,,6
10603,10603,2026-06-25,194.00,177,,2
10604,10604,2026-06-25,23.09,325,,1
10605,10605,2026-06-24,127.25,322,,0
10606,10606,2026-06-25,135.80,321,,1
10607,10607,2026-06-25,119.35,178,,4
10608,10608,2026-06-25,27.69,329,,0
10609,10609,2026-06-24,143.00,71,,21
10610,10610,2026-06-25,1222.00,365,,0
10611,10611,2026-06-25,73.03,317,,0
10612,10612,2026-06-24,346.16,290,,33
10613,10613,2026-06-24,142.66,251,,1
10614,10614,2026-07-03,,3,,1
10615,10615,2026-06-25,173.06,46,,3
10616,10616,2026-06-25,162.03,119,,7
10617,10617,2026-06-24,223.00,338,,55
10618,10618,2026-06-25,73.62,214,,6
10619,10619,2026-06-25,252.49,90,,0
10620,10620,2026-06-25,172.00,40,,99
10621,10621,2026-06-24,137.00,32,,23
10622,10622,2026-06-25,143.81,325,,2
10623,10623,2026-06-24,87.10,216,,5
10624,10624,2026-06-25,,362,,0
10625,10625,2026-07-03,,365,,0
10626,10626,2026-06-24,262.00,222,,35
10627,10627,2026-06-25,113.29,204,,1
10628,10628,2026-06-25,51.82,363,,5
10629,10629,2026-06-24,236.00,153,,5
10630,10630,2026-06-24,102.00,171,,7
10631,10631,2026-06-25,73.03,297,,0
10632,10632,2026-06-25,171.32,284,,0
10633,10633,2026-06-25,113.00,169,,1
10634,10634,2026-06-25,313.15,335,,75
10635,10635,2026-06-25,85.93,297,,0
10636,10636,2026-06-25,251.06,331,,44
10637,10637,2026-06-25,55.09,363,,0
10638,10638,2026-06-25,23.22,214,,1
10639,10639,2026-06-25,267.50,350,,47
10640,10640,2026-06-25,1210.00,365,,0
10641,10641,2026-06-24,662.00,224,,54
10642,10642,2026-06-25,626.00,212,,48
10643,10643,2026-06-25,568.50,235,,56
10644,10644,2026-06-24,468.00,240,,40
10645,10645,2026-06-25,941.00,249,,51
10646,10646,2026-06-24,439.50,263,,61
10647,10647,2026-06-25,1883.00,365,,0
10648,10648,2026-06-25,71.01,301,,1
10649,10649,2026-06-25,74.56,259,,1
10650,10650,2026-06-25,66.71,353,,0
10651,10651,2026-06-25,161.48,356,,0
10652,10652,2026-06-25,77.38,267,,2
10653,10653,2026-06-25,73.03,315,,0
10654,10654,2026-06-25,160.78,136,,2
10655,10655,2026-06-25,103.41,336,,2
10656,10656,2026-06-25,110.65,354,,4
10657,10657,2026-07-03,,268,,5
10658,10658,2026-07-03,,0,,3
10659,10659,2026-06-25,85.01,365,,0
10660,10660,2026-06-25,277.75,343,,52
10661,10661,2026-06-25,246.00,120,,34
10662,10662,2026-06-25,351.12,212,,115
10663,10663,2026-06-25,267.56,322,,90
10664,10664,2026-06-25,54.94,355,,7
10665,10665,2026-06-25,,255,,12
10666,10666,2026-06-25,69.04,294,,2
10667,10667,2026-06-25,58.66,228,,4
10668,10668,2026-06-25,399.50,282,,110
10669,10669,2026-06-25,109.56,303,,1
10670,10670,2026-07-03,,12,,1
10671,10671,2026-07-03,,0,,0
10672,10672,2026-06-25,52.52,297,,1
10673,10673,2026-07-03,39.24,61,,3
10674,10674,2026-06-25,82.55,311,,6
10675,10675,2026-06-25,738.00,203,,59
10676,10676,2026-06-24,182.59,63,,33
10677,10677,2026-06-24,92.78,216,,0
10678,10678,2026-06-24,220.11,177,,5
10679,10679,2026-06-25,111.45,275,,7
10680,10680,2026-06-25,322.00,342,,25
10681,10681,2026-06-25,97.97,90,,0
10682,10682,2026-06-25,117.94,251,,4
10683,10683,2026-06-25,115.70,157,,3
10684,10684,2026-06-25,53.16,182,,1
10685,10685,2026-06-25,85.13,322,,5
10686,10686,2026-06-25,48.88,359,,4
10687,10687,2026-06-25,226.33,302,,98
10688,10688,2026-06-24,22.77,271,,1
10689,10689,2026-06-25,163.04,260,,0
10690,10690,2026-06-25,449.43,128,,0
10691,10691,2026-06-24,314.00,263,,76
10692,10692,2026-06-25,157.81,359,,0
10693,10693,2026-06-25,368.97,339,,64
10694,10694,2026-06-25,442.72,313,,19
10695,10695,2026-06-25,107.63,189,,8
10696,10696,2026-06-25,286.00,359,,53
10697,10697,2026-06-25,69.90,207,,0
10698,10698,2026-06-25,411.00,119,,79
10699,10699,2026-06-25,342.50,64,,115
10700,10700,2026-06-24,467.88,346,,1
10701,10701,2026-06-24,239.42,295,,0
10702,10702,2026-06-24,342.00,290,,4
10703,10703,2026-07-03,,31,,0
10704,10704,2026-06-25,412.59,49,,0
10705,10705,2026-06-24,349.00,277,,4
10706,10706,2026-06-25,76.68,193,,11
10707,10707,2026-06-25,28.24,90,,3
10708,10708,2026-06-25,135.54,365,,0
10709,10709,2026-06-25,428.00,365,,0
10710,10710,2026-06-25,80.41,365,,1
10711,10711,2026-06-25,2682.00,365,,0
10712,10712,2026-06-25,245.50,176,,36
10713,10713,2026-06-25,94.86,149,,3
10714,10714,2026-07-03,,0,,0
10715,10715,2026-06-25,266.00,284,,42
10716,10716,2026-06-25,52.72,178,,0
10717,10717,2026-06-25,34.12,116,,8
10718,10718,2026-06-25,1370.00,365,,2
10719,10719,2026-06-25,,130,,23
10720,10720,2026-07-03,162.74,269,,3
10721,10721,2026-07-03,,0,,1
10722,10722,2026-06-25,348.06,363,,0
10723,10723,2026-06-25,142.66,144,,0
10724,10724,2026-07-03,,0,,0
10725,10725,2026-06-25,72.87,293,,0
10726,10726,2026-06-25,,89,,0
10727,10727,2026-07-03,28.18,217,,0
10728,10728,2026-06-25,49.93,365,,0
10729,10729,2026-06-25,131.88,219,,8
10730,10730,2026-06-24,83.18,365,,0
10731,10731,2026-06-25,879.88,299,,1
10732,10732,2026-06-24,76.19,217,,4
10733,10733,2026-06-25,141.77,312,,3
10734,10734,2026-06-24,,112,,5
10735,10735,2026-06-25,75.38,268,,0
10736,10736,2026-06-24,137.65,303,,4
10737,10737,2026-06-25,435.55,257,,76
10738,10738,2026-06-25,70.74,365,,4
10739,10739,2026-06-24,90.29,335,,4
10740,10740,2026-06-25,77.16,234,,2
10741,10741,2026-06-25,212.42,86,,4
10742,10742,2026-06-24,106.00,51,,27
10743,10743,2026-07-03,,0,,0
10744,10744,2026-06-25,128.72,124,,2
10745,10745,2026-06-25,186.50,205,,31
10746,10746,2026-07-03,,0,,0
10747,10747,2026-06-25,68.50,86,,0
10748,10748,2026-06-25,59.17,34,,1
10749,10749,2026-06-25,115.03,61,,5
10750,10750,2026-07-03,,35,,1
10751,10751,2026-06-25,48.88,82,,1
10752,10752,2026-07-03,,30,,2
10753,10753,2026-06-25,232.52,57,,55
10754,10754,2026-06-25,101.14,148,,2
10755,10755,2026-06-25,268.51,307,,0
10756,10756,2026-06-25,302.33,303,,108
10757,10757,2026-06-25,327.48,338,,30
10758,10758,2026-07-03,103.00,281,,64
10759,10759,2026-06-25,91.46,315,,2
10760,10760,2026-06-25,275.33,170,,29
10761,10761,2026-06-25,214.33,146,,54
10762,10762,2026-06-25,136.99,328,,10
10763,10763,2026-06-24,624.50,328,,23
10764,10764,2026-06-24,24.25,249,,4
10765,10765,2026-06-25,85.41,328,,1
10766,10766,2026-06-24,129.48,205,,3
10767,10767,2026-06-24,133.46,301,,1
10768,10768,2026-06-24,343.00,354,,0
10769,10769,2026-06-25,72.00,308,,0
10770,10770,2026-06-25,264.34,114,,13
10771,10771,2026-06-25,59.25,358,,0
10772,10772,2026-06-25,72.41,237,,0
10773,10773,2026-06-25,67.84,345,,0
10774,10774,2026-06-25,67.09,237,,0
10775,10775,2026-06-24,800.00,119,,0
10776,10776,2026-06-24,240.00,348,,0
10777,10777,2026-06-24,251.00,345,,0
10778,10778,2026-06-24,313.00,349,,0
10779,10779,2026-06-24,370.50,347,,35
10780,10780,2026-06-25,203.35,322,,25
10781,10781,2026-06-25,145.35,118,,7
10782,10782,2026-06-25,260.00,342,,40
10783,10783,2026-06-25,226.53,344,,64
10784,10784,2026-06-25,262.47,214,,97
10785,10785,2026-06-25,159.76,144,,78
10786,10786,2026-07-03,,11,,15
10787,10787,2026-06-25,202.84,201,,5
10788,10788,2026-06-25,111.26,227,,3
10789,10789,2026-06-25,27.88,333,,6
10790,10790,2026-06-25,47.47,327,,1
10791,10791,2026-06-25,522.40,365,,0
10792,10792,2026-06-25,61.30,89,,0
10793,10793,2026-06-25,254.00,26,,47
10794,10794,2026-06-24,264.00,195,,64
10795,10795,2026-07-03,31.24,365,,0
10796,10796,2026-06-24,290.00,353,,0
10797,10797,2026-06-24,343.00,354,,0
10798,10798,2026-07-03,,0,,0
10799,10799,2026-06-25,78.35,282,,1
10800,10800,2026-07-03,,0,,0
10801,10801,2026-06-25,527.19,365,,1
10802,10802,2026-06-25,125.84,302,,3
10803,10803,2026-06-25,154.65,262,,1
10804,10804,2026-06-25,46.71,176,,0
10805,10805,2026-06-25,45.97,237,,0
10806,10806,2026-06-25,3766.00,365,,0
10807,10807,2026-06-24,23.59,358,,0
10808,10808,2026-06-25,29.27,365,,3
10809,10809,2026-06-25,54.20,268,,0
10810,10810,2026-06-25,49.58,268,,1
10811,10811,2026-06-24,94.75,349,,1
10812,10812,2026-06-25,156.87,363,,4
10813,10813,2026-06-25,27.88,334,,0
10814,10814,2026-06-24,115.17,202,,0
10815,10815,2026-07-03,,0,,0
10816,10816,2026-07-03,,0,,120
10817,10817,2026-07-03,,0,,39
10818,10818,2026-07-03,,0,,7
10819,10819,2026-07-03,,0,,18
10820,10820,2026-07-03,,0,,43
10821,10821,2026-07-03,,0,,27
10822,10822,2026-07-03,,0,,0
10823,10823,2026-07-03,,0,,1
10824,10824,2026-07-03,,0,,0
10825,10825,2026-06-25,,365,,0
10826,10826,2026-06-25,34.61,90,,4
10827,10827,2026-06-24,26.52,143,,4
10828,10828,2026-06-25,30.03,106,,8
10829,10829,2026-06-25,25.19,167,,4
10830,10830,2026-06-25,25.42,144,,8
10831,10831,2026-06-25,226.00,95,,55
10832,10832,2026-06-24,184.29,36,,7
10833,10833,2026-06-25,44.97,152,,13
10834,10834,2026-06-25,40.94,179,,4
10835,10835,2026-06-25,159.76,137,,65
10836,10836,2026-06-25,59.15,212,,5
10837,10837,2026-06-25,195.35,328,,42
10838,10838,2026-07-03,,29,,2
10839,10839,2026-06-25,58.95,60,,5
10840,10840,2026-06-25,254.00,336,,4
10841,10841,2026-06-24,210.50,297,,23
10842,10842,2026-06-25,40.89,162,,2
10843,10843,2026-06-25,181.16,101,,6
10844,10844,2026-06-25,53.00,246,,9
10845,10845,2026-06-25,95.34,364,,0
10846,10846,2026-06-25,265.00,332,,18
10847,10847,2026-06-24,73.03,353,,0
10848,10848,2026-06-25,189.36,231,,0
10849,10849,2026-06-25,355.50,266,,75
10850,10850,2026-06-25,215.00,268,,42
10851,10851,2026-06-25,205.00,262,,43
10852,10852,2026-06-25,355.50,265,,53
10853,10853,2026-06-25,169.50,267,,64
10854,10854,2026-06-25,285.00,232,,31
10855,10855,2026-06-25,355.50,266,,69
10856,10856,2026-06-25,205.00,266,,21
10857,10857,2026-06-25,67.87,53,,0
10858,10858,2026-06-24,115.61,39,,0
10859,10859,2026-06-25,319.33,157,,55
10860,10860,2026-06-24,169.59,250,,9
10861,10861,2026-06-25,611.00,365,,0
10862,10862,2026-06-25,100.56,237,,4
10863,10863,2026-06-24,,288,,9
10864,10864,2026-07-03,,0,,3
10865,10865,2026-06-24,340.00,158,,152
10866,10866,2026-06-24,625.00,262,,90
10867,10867,2026-06-24,1222.00,365,,0
10868,10868,2026-06-25,47.99,191,,0
10869,10869,2026-06-25,45.42,146,,2
10870,10870,2026-06-25,70.76,365,,0
10871,10871,2026-06-25,94.91,365,,0
10872,10872,2026-06-25,457.00,339,,9
10873,10873,2026-06-25,76.06,365,,0
10874,10874,2026-06-25,82.44,357,,1
10875,10875,2026-06-25,56.50,364,,0
10876,10876,2026-06-25,68.20,207,,4
10877,10877,2026-06-25,493.00,17,,59
10878,10878,2026-06-24,99.84,266,,3
10879,10879,2026-06-25,319.00,264,,21
10880,10880,2026-06-25,171.50,262,,63
10881,10881,2026-06-25,160.00,264,,19
10882,10882,2026-06-25,207.00,251,,33
10883,10883,2026-06-25,207.00,267,,27
10884,10884,2026-06-25,171.50,269,,31
10885,10885,2026-06-25,321.00,221,,30
10886,10886,2026-06-25,160.00,260,,22
10887,10887,2026-06-25,354.00,250,,26
10888,10888,2026-06-25,222.00,270,,16
10889,10889,2026-06-25,381.00,354,,33
10890,10890,2026-06-25,416.00,313,,19
10891,10891,2026-06-25,76.83,100,,3
10892,10892,2026-06-25,135.00,184,,19
10893,10893,2026-06-25,42.29,329,,0
10894,10894,2026-06-25,171.18,365,,6
10895,10895,2026-06-25,25.81,332,,0
10896,10896,2026-06-25,274.40,81,,94
10897,10897,2026-06-24,36.25,215,,0
10898,10898,2026-06-25,310.00,94,,88
10899,10899,2026-06-25,295.00,67,,110
10900,10900,2026-06-25,235.00,86,,98
10901,10901,2026-06-24,278.00,132,,73
10902,10902,2026-06-24,190.00,151,,22
10903,10903,2026-06-25,205.41,293,,111
10904,10904,2026-06-25,237.61,244,,2
10905,10905,2026-06-25,200.65,365,,0
10906,10906,2026-07-03,,23,,1
10907,10907,2026-06-24,,117,,4
10908,10908,2026-06-25,1815.00,271,,1
10909,10909,2026-06-25,71.05,237,,0
10910,10910,2026-06-25,253.50,297,,10
10911,10911,2026-06-25,,288,,6
10912,10912,2026-06-25,143.67,307,,0
10913,10913,2026-06-24,377.00,320,,85
10914,10914,2026-06-25,119.00,61,,1199
10915,10915,2026-06-25,28.74,336,,7
10916,10916,2026-06-25,482.50,91,,20
10917,10917,2026-06-25,92.20,337,,3
10918,10918,2026-06-25,148.36,365,,0
10919,10919,2026-06-25,153.80,253,,2
10920,10920,2026-06-25,275.00,177,,13
10921,10921,2026-06-25,128.16,363,,0
10922,10922,2026-06-24,69.00,8,,76
10923,10923,2026-06-25,300.67,163,,72
10924,10924,2026-07-03,,0,,3
10925,10925,2026-06-24,459.57,312,,23
10926,10926,2026-06-25,912.94,365,,1
10927,10927,2026-06-25,344.00,146,,27
10928,10928,2026-06-25,474.00,365,,5
10929,10929,2026-06-25,237.50,262,,47
10930,10930,2026-06-25,367.00,137,,16
10931,10931,2026-06-24,145.00,169,,58
10932,10932,2026-06-25,948.00,365,,1
10933,10933,2026-06-25,1421.00,365,,0
10934,10934,2026-07-03,,365,,0
10935,10935,2026-06-25,,259,,35
10936,10936,2026-06-25,95.07,316,,3
10937,10937,2026-06-25,474.00,365,,2
10938,10938,2026-06-24,666.25,99,,19
10939,10939,2026-06-25,28.45,254,,4
10940,10940,2026-06-25,100.38,82,,1
10941,10941,2026-07-03,78.03,275,,0
10942,10942,2026-07-03,58.14,363,,4
10943,10943,2026-06-25,91.50,54,,0
10944,10944,2026-06-25,2776.51,49,,0
10945,10945,2026-06-25,74.26,314,,0
10946,10946,2026-06-25,,115,,44
10947,10947,2026-07-03,,110,,56
10948,10948,2026-06-25,92.06,207,,7
10949,10949,2026-06-25,221.31,352,,0
10950,10950,2026-07-03,,0,,0
10951,10951,2026-06-25,1895.00,365,,0
10952,10952,2026-06-24,75.00,347,,0
10953,10953,2026-06-25,283.43,146,,0
10954,10954,2026-06-25,80.55,196,,5
10955,10955,2026-07-03,105.92,36,,0
10956,10956,2026-06-25,216.00,338,,16
10957,10957,2026-06-25,26.13,204,,4
10958,10958,2026-06-25,226.00,177,,5
10959,10959,2026-06-24,293.00,332,,55
10960,10960,2026-06-25,195.37,57,,1
10961,10961,2026-06-25,373.33,328,,64
10962,10962,2026-06-25,71.71,297,,0
10963,10963,2026-06-25,166.94,365,,0
10964,10964,2026-06-25,500.00,26,,2
10965,10965,2026-06-25,196.03,316,,16
10966,10966,2026-06-25,20.55,356,,6
10967,10967,2026-06-25,214.01,127,,0
10968,10968,2026-06-24,133.65,290,,0
10969,10969,2026-06-25,429.50,344,,26
10970,10970,2026-06-25,25.69,256,,10
10971,10971,2026-06-24,30.24,61,,0
10972,10972,2026-06-25,407.07,326,,15
10973,10973,2026-06-25,399.50,364,,0
10974,10974,2026-06-25,96.46,323,,5
10975,10975,2026-06-24,171.00,332,,59
10976,10976,2026-06-25,2602.00,365,,1
10977,10977,2026-06-25,399.50,71,,87
10978,10978,2026-06-25,259.62,288,,15
10979,10979,2026-06-24,86.53,277,,0
10980,10980,2026-06-25,318.00,280,,21
10981,10981,2026-06-25,296.00,312,,16
10982,10982,2026-06-25,272.50,161,,34
10983,10983,2026-06-25,206.00,160,,49
10984,10984,2026-06-24,240.50,142,,50
10985,10985,2026-06-25,295.00,174,,24
10986,10986,2026-06-25,72.52,238,,7
10987,10987,2026-06-24,479.40,306,,84
10988,10988,2026-06-24,205.33,333,,10
10989,10989,2026-06-25,31.08,364,,0
10990,10990,2026-06-25,296.33,319,,54
10991,10991,2026-07-03,,0,,1
10992,10992,2026-06-25,40.83,207,,1
10993,10993,2026-06-25,106.94,292,,1
10994,10994,2026-07-03,,362,,0
10995,10995,2026-06-25,29.09,360,,1
10996,10996,2026-06-25,109.00,266,,4
10997,10997,2026-06-25,163.19,365,,0
10998,10998,2026-06-25,31.62,329,,0
10999,10999,2026-06-25,182.33,345,,19
11000,11000,2026-06-25,351.50,242,,34
11001,11001,2026-06-25,199.80,281,,27
11002,11002,2026-07-03,,65,,2
11003,11003,2026-06-24,27.81,253,,3
11004,11004,2026-06-25,62.47,188,,0
11005,11005,2026-06-25,63.66,189,,0
11006,11006,2026-06-25,57.56,298,,0
11007,11007,2026-06-25,52.81,359,,0
11008,11008,2026-06-25,87.00,83,,5
11009,11009,2026-06-25,138.00,86,,6
11010,11010,2026-06-25,193.00,86,,5
11011,11011,2026-06-25,263.00,37,,21
11012,11012,2026-06-25,935.00,180,,148
11013,11013,2026-06-25,55.97,177,,0
11014,11014,2026-06-25,46.69,313,,0
11015,11015,2026-06-25,289.00,324,,60
11016,11016,2026-06-25,56.31,145,,0
11017,11017,2026-07-03,,3,,0
11018,11018,2026-07-03,,0,,0
11019,11019,2026-06-25,63.56,207,,0
11020,11020,2026-06-25,65.78,184,,0
11021,11021,2026-06-25,54.97,359,,0
11022,11022,2026-06-25,705.00,101,,71
11023,11023,2026-06-25,131.81,282,,6
11024,11024,2026-06-24,,33,,37
11025,11025,2026-07-03,47.97,33,,0
11026,11026,2026-06-25,349.00,355,,27
11027,11027,2026-06-25,163.33,316,,6
11028,11028,2026-06-24,35.01,179,,1
11029,11029,2026-06-25,194.67,346,,7
11030,11030,2026-06-25,109.64,311,,2
11031,11031,2026-06-25,300.00,275,,33
11032,11032,2026-06-24,1284.00,365,,0
11033,11033,2026-06-25,69.97,327,,3
11034,11034,2026-06-25,76.19,83,,6
11035,11035,2026-06-25,1895.00,365,,0
11036,11036,2026-06-25,2739.00,365,,0
11037,11037,2026-06-24,2443.00,365,,0
11038,11038,2026-06-24,342.68,363,,0
11039,11039,2026-06-25,151.03,246,,6
11040,11040,2026-06-25,152.50,334,,12
11041,11041,2026-06-25,82.86,183,,14
11042,11042,2026-06-25,27.39,314,,7
11043,11043,2026-07-03,43.52,183,,1
11044,11044,2026-07-03,161.00,172,,17
11045,11045,2026-06-24,191.00,242,,93
11046,11046,2026-06-25,172.85,205,,0
11047,11047,2026-06-25,61.08,349,,6
11048,11048,2026-06-25,27.17,362,,0
11049,11049,2026-07-03,,0,,28
11050,11050,2026-06-25,93.10,237,,0
11051,11051,2026-07-03,25.92,183,,0
11052,11052,2026-07-03,,0,,0
11053,11053,2026-06-25,2140.00,365,,0
11054,11054,2026-06-25,109.00,267,,0
11055,11055,2026-06-25,38.56,328,,2
11056,11056,2026-07-03,,185,,3
11057,11057,2026-06-25,,201,,122
11058,11058,2026-06-25,180.53,312,,2
11059,11059,2026-07-03,,183,,1
11060,11060,2026-06-25,1758.00,365,,0
11061,11061,2026-06-25,82.97,329,,3
11062,11062,2026-06-25,208.84,205,,20
11063,11063,2026-06-25,94.03,217,,2
11064,11064,2026-06-25,216.50,323,,51
11065,11065,2026-06-25,393.90,267,,22
11066,11066,2026-06-25,270.90,219,,28
11067,11067,2026-07-03,216.00,291,,2
11068,11068,2026-06-25,355.50,301,,22
11069,11069,2026-07-03,422.00,303,,1
11070,11070,2026-06-25,198.00,279,,26
11071,11071,2026-06-25,69.12,298,,2
11072,11072,2026-06-25,79.29,109,,6
11073,11073,2026-07-03,,0,,0
11074,11074,2026-07-03,,276,,0
11075,11075,2026-07-03,,0,,0
11076,11076,2026-06-25,66.67,360,,2
11077,11077,2026-06-24,70.70,332,,3
11078,11078,2026-06-25,427.67,171,,42
11079,11079,2026-06-25,474.00,152,,51
11080,11080,2026-06-25,212.30,112,,8
11081,11081,2026-06-25,519.50,182,,28
11082,11082,2026-06-25,25.47,220,,3
11083,11083,2026-06-25,77.87,140,,5
11084,11084,2026-06-25,217.50,348,,22
11085,11085,2026-06-25,176.50,359,,20
11086,11086,2026-06-25,,351,,20
11087,11087,2026-06-24,245.00,281,,67
11088,11088,2026-06-24,228.33,30,,34
11089,11089,2026-06-25,,136,,40
11090,11090,2026-06-24,245.00,200,,96
11091,11091,2026-06-25,199.12,257,,1
11092,11092,2026-06-25,226.83,233,,1
11093,11093,2026-06-25,243.12,263,,0
11094,11094,2026-06-25,274.00,56,,36
11095,11095,2026-06-24,203.13,232,,39
11096,11096,2026-06-24,343.00,365,,0
11097,11097,2026-06-25,1130.00,365,,0
11098,11098,2026-06-24,64.42,320,,2
11099,11099,2026-06-25,66.30,345,,8
11100,11100,2026-06-24,59.97,334,,1
11101,11101,2026-07-03,,336,,3
11102,11102,2026-07-03,,336,,1
11103,11103,2026-06-25,76.08,123,,8
11104,11104,2026-06-25,112.69,365,,0
11105,11105,2026-06-25,,132,,8
11106,11106,2026-06-25,39.45,237,,1
11107,11107,2026-06-25,53.35,329,,0
11108,11108,2026-06-25,139.24,230,,0
11109,11109,2026-06-25,116.00,358,,0
11110,11110,2026-06-25,81.10,298,,2
11111,11111,2026-06-25,70.80,83,,0
11112,11112,2026-06-25,97.00,16,,18
11113,11113,2026-06-25,162.09,286,,0
11114,11114,2026-06-25,203.67,293,,0
11115,11115,2026-06-25,133.12,334,,5
11116,11116,2026-06-25,1826.00,365,,0
11117,11117,2026-06-25,222.94,365,,0
11118,11118,2026-07-03,,120,,0
11119,11119,2026-06-24,1866.00,365,,0
11120,11120,2026-06-25,3515.00,365,,0
11121,11121,2026-06-25,45.54,207,,3
11122,11122,2026-06-25,1370.00,365,,0
11123,11123,2026-07-03,,20,,1
11124,11124,2026-06-24,195.00,107,,23
11125,11125,2026-06-25,191.99,241,,1
11126,11126,2026-06-25,3664.00,365,,0
11127,11127,2026-06-25,936.00,241,,0
11128,11128,2026-06-25,428.00,365,,0
11129,11129,2026-06-25,30.80,208,,0
11130,11130,2026-06-25,103.00,59,,14
11131,11131,2026-06-25,292.00,336,,36
11132,11132,2026-06-25,807.50,299,,41
11133,11133,2026-06-25,450.50,331,,32
11134,11134,2026-06-25,82.66,299,,8
11135,11135,2026-06-25,1308.00,278,,40
11136,11136,2026-06-25,2443.00,365,,0
11137,11137,2026-06-25,460.00,247,,39
11138,11138,2026-06-25,604.50,312,,16
11139,11139,2026-06-25,26.81,344,,3
11140,11140,2026-06-25,173.33,180,,0
11141,11141,2026-06-25,262.47,313,,14
11142,11142,2026-06-25,40.07,329,,0
11143,11143,2026-06-25,3664.00,365,,0
11144,11144,2026-06-25,527.42,352,,25
11145,11145,2026-06-24,446.00,365,,0
11146,11146,2026-07-03,,0,,0
11147,11147,2026-06-25,,124,,3
11148,11148,2026-06-25,365.18,106,,8
11149,11149,2026-06-25,519.00,304,,31
11150,11150,2026-06-25,296.50,298,,43
11151,11151,2026-06-25,343.50,300,,45
11152,11152,2026-06-25,2739.00,365,,0
11153,11153,2026-06-24,75.27,150,,2
11154,11154,2026-06-25,2739.00,365,,0
11155,11155,2026-06-25,364.50,318,,37
11156,11156,2026-06-25,259.00,317,,58
11157,11157,2026-06-24,117.00,250,,92
11158,11158,2026-06-24,685.00,365,,1
11159,11159,2026-06-24,77.00,255,,2
11160,11160,2026-06-25,83.00,214,,0
11161,11161,2026-06-25,252.00,155,,45
11162,11162,2026-06-25,103.00,235,,15
11163,11163,2026-06-25,3584.00,365,,0
11164,11164,2026-06-25,125.75,36,,0
11165,11165,2026-06-24,143.05,242,,4
11166,11166,2026-06-25,157.59,283,,1
11167,11167,2026-06-24,162.90,340,,85
11168,11168,2026-06-25,177.50,298,,22
11169,11169,2026-06-25,80.23,300,,1
11170,11170,2026-06-25,331.00,339,,39
11171,11171,2026-06-25,297.50,237,,62
11172,11172,2026-06-25,1726.00,58,,46
11173,11173,2026-06-24,24.66,203,,3
11174,11174,2026-07-03,120.33,15,,24
11175,11175,2026-06-25,106.59,299,,1
11176,11176,2026-06-24,222.53,208,,36
11177,11177,2026-06-24,172.00,74,,5
11178,11178,2026-06-25,276.00,305,,24
11179,11179,2026-06-25,239.00,216,,48
11180,11180,2026-06-25,572.71,330,,8
11181,11181,2026-06-25,139.04,310,,0
11182,11182,2026-06-25,139.71,289,,2
11183,11183,2026-06-25,204.00,357,,4
11184,11184,2026-07-03,156.45,365,,0
11185,11185,2026-07-03,196.00,167,,1
11186,11186,2026-07-03,88.01,364,,0
11187,11187,2026-06-25,228.00,119,,48
11188,11188,2026-06-25,216.00,155,,65
11189,11189,2026-06-25,1918.00,365,,0
11190,11190,2026-06-25,294.00,303,,40
11191,11191,2026-06-25,225.00,274,,27
11192,11192,2026-06-25,195.00,265,,8
11193,11193,2026-06-24,227.09,161,,97
11194,11194,2026-07-03,226.75,301,,65
11195,11195,2026-06-25,233.50,118,,57
11196,11196,2026-06-24,272.33,142,,48
11197,11197,2026-06-25,124.04,216,,4
11198,11198,2026-06-24,291.00,298,,22
11199,11199,2026-06-25,62.07,365,,0
11200,11200,2026-07-03,373.76,12,,30
11201,11201,2026-06-25,309.00,326,,75
11202,11202,2026-06-25,207.90,335,,98
11203,11203,2026-06-25,249.00,329,,130
11204,11204,2026-06-25,239.40,337,,77
11205,11205,2026-06-25,256.00,276,,32
11206,11206,2026-06-25,2443.00,365,,0
11207,11207,2026-07-03,48.95,173,,0
11208,11208,2026-06-24,269.21,365,,0
11209,11209,2026-06-25,249.50,225,,61
11210,11210,2026-07-03,,0,,0
11211,11211,2026-06-25,50.43,147,,0
11212,11212,2026-06-25,54.25,165,,2
11213,11213,2026-06-25,237.00,303,,71
11214,11214,2026-06-25,32.23,329,,1
11215,11215,2026-06-25,356.33,300,,5
11216,11216,2026-06-25,243.44,345,,20
11217,11217,2026-06-25,64.00,13,,1
11218,11218,2026-06-25,122.41,304,,1
11219,11219,2026-06-25,181.67,20,,40
11220,11220,2026-06-25,,280,,2
11221,11221,2026-06-24,1826.00,365,,0
11222,11222,2026-06-25,150.67,338,,1
11223,11223,2026-06-25,241.20,334,,1
11224,11224,2026-06-25,468.00,329,,5
11225,11225,2026-06-25,4394.00,365,,0
11226,11226,2026-06-25,342.50,269,,60
11227,11227,2026-06-25,197.00,258,,13
11228,11228,2026-06-25,263.00,265,,55
11229,11229,2026-06-25,342.00,256,,27
11230,11230,2026-06-25,177.00,266,,29
11231,11231,2026-06-25,197.00,246,,43
11232,11232,2026-06-25,248.00,270,,22
11233,11233,2026-06-25,212.00,253,,28
11234,11234,2026-06-25,342.00,261,,45
11235,11235,2026-06-25,342.00,254,,28
11236,11236,2026-06-25,186.00,216,,52
11237,11237,2026-06-25,199.00,231,,48
11238,11238,2026-07-03,221.15,326,,28
11239,11239,2026-06-25,140.39,56,,1
11240,11240,2026-06-25,27.68,329,,0
11241,11241,2026-06-25,4885.00,365,,0
11242,11242,2026-07-03,141.36,365,,0
11243,11243,2026-06-24,237.50,291,,18
11244,11244,2026-06-24,267.50,336,,12
11245,11245,2026-06-24,280.00,335,,13
11246,11246,2026-06-24,353.50,300,,19
11247,11247,2026-06-24,315.00,343,,2
11248,11248,2026-07-03,315.25,232,,29
11249,11249,2026-06-25,2397.00,365,,1
11250,11250,2026-06-24,299.00,315,,68
11251,11251,2026-07-03,,0,,32
11252,11252,2026-07-03,,0,,41
11253,11253,2026-06-25,47.01,222,,6
11254,11254,2026-06-25,182.35,313,,2
11255,11255,2026-06-24,,83,,0
11256,11256,2026-06-25,633.28,335,,93
11257,11257,2026-06-25,163.88,321,,0
11258,11258,2026-06-25,102.75,221,,1
11259,11259,2026-06-25,97.77,266,,2
11260,11260,2026-07-03,,50,,4
11261,11261,2026-06-25,473.59,365,,3
11262,11262,2026-06-25,947.18,361,,3
11263,11263,2026-06-25,1421.00,365,,0
11264,11264,2026-06-25,261.00,309,,32
11265,11265,2026-06-25,165.90,275,,8
11266,11266,2026-06-25,311.25,205,,50
11267,11267,2026-06-25,393.00,270,,22
11268,11268,2026-06-25,200.67,331,,66
11269,11269,2026-06-25,271.00,297,,4
11270,11270,2026-06-25,279.90,278,,24
11271,11271,2026-06-25,156.00,327,,74
11272,11272,2026-06-25,263.70,338,,105
11273,11273,2026-06-24,49.00,87,,0
11274,11274,2026-06-24,428.00,157,,28
11275,11275,2026-06-25,232.00,218,,39
11276,11276,2026-06-25,173.52,310,,0
11277,11277,2026-06-24,338.00,282,,47
11278,11278,2026-06-25,283.00,279,,40
11279,11279,2026-06-25,93.97,149,,4
11280,11280,2026-06-24,,111,,0
11281,11281,2026-06-25,54.38,297,,5
11282,11282,2026-06-25,190.33,40,,56
11283,11283,2026-06-25,221.00,325,,20
11284,11284,2026-06-25,225.00,284,,42
11285,11285,2026-06-25,,290,,44
11286,11286,2026-06-25,251.67,283,,57
11287,11287,2026-06-25,254.00,292,,47
11288,11288,2026-06-24,293.00,294,,36
11289,11289,2026-06-25,2420.00,365,,0
11290,11290,2026-06-25,197.50,179,,4
11291,11291,2026-06-24,195.06,226,,7
11292,11292,2026-06-25,1272.41,365,,4
11293,11293,2026-06-25,1952.00,365,,0
11294,11294,2026-06-24,35.00,304,,233
11295,11295,2026-06-25,79.88,77,,22
11296,11296,2026-06-25,51.35,76,,27
11297,11297,2026-06-25,58.00,90,,53
11298,11298,2026-06-25,53.10,277,,2
11299,11299,2026-06-25,277.20,269,,78
11300,11300,2026-06-25,285.50,358,,26
11301,11301,2026-06-25,48.95,255,,3
11302,11302,2026-06-25,70.75,151,,0
11303,11303,2026-06-25,690.50,360,,1
11304,11304,2026-06-25,33.83,307,,1
11305,11305,2026-06-25,254.48,293,,20
11306,11306,2026-06-25,32.88,345,,0
11307,11307,2026-06-25,33.48,305,,3
11308,11308,2026-06-25,508.00,364,,0
11309,11309,2026-06-25,762.00,299,,56
11310,11310,2026-06-25,206.00,53,,37
11311,11311,2026-06-24,197.00,53,,32
11312,11312,2026-06-25,242.00,48,,41
11313,11313,2026-06-24,64.29,227,,5
11314,11314,2026-06-25,145.39,51,,44
11315,11315,2026-06-25,167.60,365,,0
11316,11316,2026-07-03,,365,,0
11317,11317,2026-06-25,209.07,231,,2
11318,11318,2026-06-25,49.99,365,,0
11319,11319,2026-07-03,,0,,0
11320,11320,2026-06-24,252.00,237,,70
11321,11321,2026-06-25,143.80,199,,0
11322,11322,2026-06-25,380.50,310,,38
11323,11323,2026-06-25,366.00,365,,0
11324,11324,2026-06-25,168.10,14,,85
11325,11325,2026-06-25,594.00,365,,0
11326,11326,2026-06-25,101.00,290,,42
11327,11327,2026-06-24,197.67,199,,37
11328,11328,2026-06-25,61.05,218,,5
11329,11329,2026-06-25,280.00,273,,63
11330,11330,2026-07-03,,3,,0
11331,11331,2026-06-24,64.42,328,,4
11332,11332,2026-06-25,370.00,15,,2
11333,11333,2026-06-25,,349,,3
11334,11334,2026-06-25,44.00,363,,37
11335,11335,2026-06-25,,346,,195
11336,11336,2026-06-25,79.09,237,,2
11337,11337,2026-06-25,199.00,298,,26
11338,11338,2026-06-25,279.50,308,,40
11339,11339,2026-06-24,278.50,278,,11
11340,11340,2026-06-25,144.33,271,,35
11341,11341,2026-06-25,250.00,154,,1
11342,11342,2026-06-25,345.00,141,,7
11343,11343,2026-06-24,134.00,23,,80
11344,11344,2026-06-24,194.00,21,,107
11345,11345,2026-07-03,,2,,8
11346,11346,2026-06-25,476.94,342,,36
11347,11347,2026-06-25,25.11,328,,1
11348,11348,2026-06-25,26.18,338,,2
11349,11349,2026-06-25,106.89,330,,11
11350,11350,2026-06-25,49.24,318,,6
11351,11351,2026-06-25,36.00,299,,9
11352,11352,2026-06-24,257.00,269,,38
11353,11353,2026-06-25,40.00,283,,25
11354,11354,2026-06-25,85.70,215,,4
11355,11355,2026-07-03,,0,,0
11356,11356,2026-06-25,149.38,292,,0
11357,11357,2026-06-25,242.00,268,,44
11358,11358,2026-06-25,59.58,256,,5
11359,11359,2026-06-25,306.00,317,,73
11360,11360,2026-06-25,49.49,177,,1
11361,11361,2026-07-03,,0,,0
11362,11362,2026-06-25,52.57,187,,1
11363,11363,2026-06-25,48.72,116,,0
11364,11364,2026-07-03,,4,,0
11365,11365,2026-07-03,,2,,0
11366,11366,2026-07-03,,2,,0
11367,11367,2026-06-25,54.26,236,,0
11368,11368,2026-06-25,39.16,177,,0
11369,11369,2026-06-25,38.56,323,,0
11370,11370,2026-06-25,43.18,118,,1
11371,11371,2026-06-25,45.73,176,,0
11372,11372,2026-06-25,366.00,365,,0
11373,11373,2026-06-25,83.78,221,,8
11374,11374,2026-06-25,65.28,151,,2
11375,11375,2026-06-24,60.00,276,,3
11376,11376,2026-06-25,,286,,1
11377,11377,2026-06-24,114.13,268,,3
11378,11378,2026-06-24,314.50,327,,10
11379,11379,2026-06-24,84.16,266,,0
11380,11380,2026-06-24,152.39,164,,1
11381,11381,2026-06-25,66.00,84,,15
11382,11382,2026-06-24,301.21,254,,0
11383,11383,2026-06-25,407.00,332,,28
11384,11384,2026-06-25,88.77,176,,6
11385,11385,2026-07-03,,0,,26
11386,11386,2026-06-24,850.18,178,,102
11387,11387,2026-06-25,1301.00,365,,0
11388,11388,2026-06-24,180.00,167,,5
11389,11389,2026-06-25,200.00,178,,2
11390,11390,2026-06-24,180.00,140,,0
11391,11391,2026-06-25,410.00,81,,31
11392,11392,2026-06-24,220.00,142,,12
11393,11393,2026-06-25,320.00,276,,4
11394,11394,2026-06-24,300.00,346,,6
11395,11395,2026-06-25,300.00,144,,8
11396,11396,2026-06-25,442.83,175,,26
11397,11397,2026-06-25,260.00,165,,10
11398,11398,2026-06-25,230.00,164,,1
11399,11399,2026-06-25,260.00,165,,4
11400,11400,2026-06-25,230.00,164,,2
11401,11401,2026-06-25,260.00,165,,0
11402,11402,2026-06-25,230.00,164,,0
11403,11403,2026-06-25,260.00,165,,1
11404,11404,2026-06-25,230.00,164,,1
11405,11405,2026-06-25,260.00,165,,9
11406,11406,2026-06-25,100.96,112,,2
11407,11407,2026-06-25,166.00,265,,76
11408,11408,2026-06-24,153.00,144,,11
11409,11409,2026-06-24,242.00,146,,70
11410,11410,2026-06-25,45.97,136,,0
11411,11411,2026-06-25,32.74,336,,0
11412,11412,2026-06-24,27.56,174,,0
11413,11413,2026-06-25,30.30,364,,1
11414,11414,2026-06-25,,335,,0
11415,11415,2026-06-25,137.39,314,,2
11416,11416,2026-06-25,512.00,255,,90
11417,11417,2026-06-25,512.00,247,,72
11418,11418,2026-06-25,661.00,246,,89
11419,11419,2026-06-25,834.00,194,,83
11420,11420,2026-06-25,558.50,245,,103
11421,11421,2026-06-25,482.00,229,,92
11422,11422,2026-06-25,39.09,260,,0
11423,11423,2026-06-25,42.25,364,,0
11424,11424,2026-06-25,24.66,359,,0
11425,11425,2026-06-25,216.74,294,,1
11426,11426,2026-07-03,66.53,74,,4
11427,11427,2026-06-25,2922.00,365,,0
11428,11428,2026-06-24,114.19,237,,3
11429,11429,2026-06-24,329.50,321,,57
11430,11430,2026-06-25,75.47,356,,4
11431,11431,2026-06-25,195.00,133,,46
11432,11432,2026-07-03,,0,,7
11433,11433,2026-06-25,197.00,146,,31
11434,11434,2026-06-25,71.00,265,,1
11435,11435,2026-06-25,38.93,53,,0
11436,11436,2026-06-25,175.50,319,,31
11437,11437,2026-06-25,72.09,58,,0
11438,11438,2026-06-25,134.97,321,,1
11439,11439,2026-06-24,100.00,81,,34
11440,11440,2026-06-25,121.32,298,,7
11441,11441,2026-06-25,157.70,172,,2
11442,11442,2026-06-25,116.92,103,,0
11443,11443,2026-06-25,151.13,81,,0
11444,11444,2026-06-25,222.27,143,,1
11445,11445,2026-06-25,97.63,76,,0
11446,11446,2026-06-25,295.00,172,,0
11447,11447,2026-06-25,295.00,172,,10
11448,11448,2026-06-25,290.00,161,,2
11449,11449,2026-06-25,295.00,172,,27
11450,11450,2026-06-25,290.00,161,,4
11451,11451,2026-06-25,290.00,161,,44
11452,11452,2026-06-25,290.00,161,,1
11453,11453,2026-06-25,127.05,149,,0
11454,11454,2026-06-24,207.67,295,,81
11455,11455,2026-06-25,44.84,175,,0
11456,11456,2026-06-25,87.29,327,,0
11457,11457,2026-07-03,154.83,365,,0
11458,11458,2026-07-03,144.63,365,,0
11459,11459,2026-07-03,148.13,365,,0
11460,11460,2026-07-03,152.31,365,,0
11461,11461,2026-06-25,595.00,319,,50
11462,11462,2026-07-03,202.31,364,,0
11463,11463,2026-06-25,67.21,365,,2
11464,11464,2026-06-24,504.00,60,,36
11465,11465,2026-06-25,142.69,304,,1
11466,11466,2026-06-25,83.87,299,,0
11467,11467,2026-06-25,41.52,175,,0
11468,11468,2026-06-25,43.31,267,,0
11469,11469,2026-06-25,170.00,115,,4
11470,11470,2026-06-25,170.00,115,,15
11471,11471,2026-06-25,48.00,175,,0
11472,11472,2026-06-25,364.00,290,,19
11473,11473,2026-06-24,311.00,342,,34
11474,11474,2026-07-03,40.16,32,,0
11475,11475,2026-06-25,300.00,319,,67
11476,11476,2026-06-25,48.59,116,,0
11477,11477,2026-06-24,234.00,32,,76
11478,11478,2026-06-25,263.67,326,,2
11479,11479,2026-06-25,46.91,185,,0
11480,11480,2026-06-25,51.66,328,,0
11481,11481,2026-06-24,152.68,264,,0
11482,11482,2026-06-25,249.88,338,,37
11483,11483,2026-06-25,307.32,218,,70
11484,11484,2026-06-25,177.00,314,,26
11485,11485,2026-06-25,177.00,318,,28
11486,11486,2026-07-03,,16,,0
11487,11487,2026-06-24,1256.00,365,,0
11488,11488,2026-06-25,41.94,236,,0
11489,11489,2026-06-25,42.25,314,,0
11490,11490,2026-06-25,173.00,300,,20
11491,11491,2026-06-25,473.59,365,,1
11492,11492,2026-07-03,209.00,59,,94
11493,11493,2026-06-25,742.00,365,,0
11494,11494,2026-06-25,106.21,141,,0
11495,11495,2026-06-25,151.13,81,,0
11496,11496,2026-06-25,136.23,138,,0
11497,11497,2026-06-25,134.24,145,,0
11498,11498,2026-06-25,108.06,56,,1
11499,11499,2026-06-25,105.29,106,,1
11500,11500,2026-06-25,56.03,338,,0
11501,11501,2026-06-25,16.32,241,,7
11502,11502,2026-06-25,249.92,165,,92
11503,11503,2026-06-24,357.42,352,,117
11504,11504,2026-07-03,,365,,0
11505,11505,2026-07-03,,0,,1
11506,11506,2026-06-25,115.46,192,,4
11507,11507,2026-06-25,76.47,249,,2
11508,11508,2026-06-25,89.19,342,,5
11509,11509,2026-06-25,50.99,365,,0
11510,11510,2026-06-25,20.41,175,,4
11511,11511,2026-06-25,20.41,181,,6
11512,11512,2026-06-25,20.41,175,,0
11513,11513,2026-06-25,363.00,305,,30
11514,11514,2026-06-24,40.52,205,,2
11515,11515,2026-06-25,343.00,151,,0
11516,11516,2026-06-25,,324,,36
11517,11517,2026-06-25,342.40,92,,57
11518,11518,2026-07-03,,26,,1
11519,11519,2026-06-25,253.89,355,,48
11520,11520,2026-06-25,40.79,136,,2
11521,11521,2026-07-03,43.33,180,,2
11522,11522,2026-06-25,370.00,155,,26
11523,11523,2026-06-25,302.00,164,,22
11524,11524,2026-06-25,370.00,167,,13
11525,11525,2026-06-25,362.00,142,,2
11526,11526,2026-06-25,133.65,311,,0
11527,11527,2026-07-03,,0,,1
11528,11528,2026-06-25,271.19,322,,1
11529,11529,2026-06-25,427.50,97,,36
11530,11530,2026-06-24,103.27,239,,1
11531,11531,2026-06-25,36.51,256,,1
11532,11532,2026-06-25,295.00,311,,68
11533,11533,2026-06-25,37.35,325,,0
11534,11534,2026-06-25,47.67,365,,5
11535,11535,2026-06-25,394.50,350,,17
11536,11536,2026-06-25,262.50,166,,48
11537,11537,2026-06-25,44.84,116,,0
11538,11538,2026-06-25,35.78,130,,0
11539,11539,2026-06-25,30.51,236,,1
11540,11540,2026-06-25,105.86,99,,0
11541,11541,2026-06-25,134.24,173,,0
11542,11542,2026-06-25,131.42,63,,0
11543,11543,2026-06-25,103.26,211,,2
11544,11544,2026-06-24,264.00,186,,83
11545,11545,2026-06-24,233.94,124,,59
11546,11546,2026-07-03,28.85,136,,0
11547,11547,2026-06-24,120.00,82,,1
11548,11548,2026-06-25,139.19,303,,4
11549,11549,2026-06-25,142.34,306,,1
11550,11550,2026-06-25,112.53,329,,1
11551,11551,2026-06-25,138.88,304,,1
11552,11552,2026-06-25,144.69,355,,0
11553,11553,2026-06-25,138.13,258,,0
11554,11554,2026-06-25,147.91,299,,0
11555,11555,2026-06-25,110.72,324,,2
11556,11556,2026-06-25,110.72,313,,0
11557,11557,2026-06-25,69.23,177,,0
11558,11558,2026-06-25,37.32,297,,1
11559,11559,2026-06-25,69.71,262,,4
11560,11560,2026-06-25,37.19,37,,28
11561,11561,2026-06-25,193.58,314,,0
11562,11562,2026-06-24,321.00,298,,48
11563,11563,2026-06-25,35.94,299,,8
11564,11564,2026-06-25,376.50,322,,85
11565,11565,2026-06-25,228.47,292,,1
11566,11566,2026-06-25,196.00,112,,5
11567,11567,2026-06-25,108.16,241,,2
11568,11568,2026-06-25,325.00,311,,11
11569,11569,2026-06-24,70.56,258,,5
11570,11570,2026-06-25,29.71,317,,4
11571,11571,2026-06-25,176.68,171,,0
11572,11572,2026-06-25,176.68,171,,0
11573,11573,2026-06-25,175.08,256,,1
11574,11574,2026-06-24,49.45,310,,1
11575,11575,2026-06-24,236.00,137,,15
11576,11576,2026-06-25,115.00,140,,4
11577,11577,2026-06-25,147.00,365,,0
11578,11578,2026-06-25,147.00,365,,0
11579,11579,2026-06-24,147.00,365,,0
11580,11580,2026-06-24,304.00,263,,7
11581,11581,2026-07-03,,8,,7
11582,11582,2026-06-25,1273.00,365,,0
11583,11583,2026-06-25,215.00,311,,29
11584,11584,2026-06-25,46.41,249,,3
11585,11585,2026-06-25,147.00,365,,0
11586,11586,2026-06-25,147.00,365,,0
11587,11587,2026-06-25,147.00,365,,0
11588,11588,2026-06-25,147.00,365,,0
11589,11589,2026-06-24,236.37,344,,51
11590,11590,2026-06-25,,358,,0
11591,11591,2026-06-25,56.33,180,,4
11592,11592,2026-06-25,134.72,365,,0
11593,11593,2026-06-25,147.00,365,,0
11594,11594,2026-06-25,36.00,320,,9
11595,11595,2026-06-25,134.84,365,,0
11596,11596,2026-06-24,128.82,353,,3
11597,11597,2026-06-25,147.00,365,,0
11598,11598,2026-06-25,148.36,365,,0
11599,11599,2026-06-25,376.55,365,,0
11600,11600,2026-06-25,87.34,155,,1
11601,11601,2026-06-25,1627.00,365,,0
11602,11602,2026-06-25,38.66,345,,0
11603,11603,2026-06-25,1216.00,365,,0
11604,11604,2026-06-25,58.75,324,,0
11605,11605,2026-06-25,100.06,365,,0
11606,11606,2026-06-25,226.00,184,,11
11607,11607,2026-06-25,63.28,258,,2
11608,11608,2026-06-25,63.31,328,,4
11609,11609,2026-07-03,158.38,217,,1
11610,11610,2026-06-25,280.00,53,,45
11611,11611,2026-06-25,245.00,54,,76
11612,11612,2026-06-25,245.00,50,,46
11613,11613,2026-06-25,310.00,53,,31
11614,11614,2026-06-25,210.00,54,,45
11615,11615,2026-06-25,,358,,0
11616,11616,2026-06-25,250.00,97,,74
11617,11617,2026-06-25,222.50,45,,74
11618,11618,2026-06-25,245.00,45,,60
11619,11619,2026-06-25,310.00,37,,76
11620,11620,2026-06-25,280.00,91,,36
11621,11621,2026-06-25,215.00,76,,77
11622,11622,2026-06-25,39.18,365,,0
11623,11623,2026-06-25,157.67,37,,43
11624,11624,2026-06-24,48.34,205,,0
11625,11625,2026-06-25,89.62,275,,5
11626,11626,2026-06-24,71.84,52,,1
11627,11627,2026-06-25,195.90,365,,0
11628,11628,2026-06-25,107.24,76,,8
11629,11629,2026-06-24,434.00,62,,74
11630,11630,2026-06-25,651.00,365,,0
11631,11631,2026-06-25,264.00,130,,9
11632,11632,2026-06-25,147.00,365,,0
11633,11633,2026-06-25,160.13,256,,1
11634,11634,2026-06-25,155.83,301,,2
11635,11635,2026-06-25,255.00,123,,10
11636,11636,2026-07-03,,3,,0
11637,11637,2026-06-25,136.94,161,,98
11638,11638,2026-06-25,159.89,225,,2
11639,11639,2026-06-25,73.38,248,,2
11640,11640,2026-06-24,97.05,179,,6
11641,11641,2026-06-25,285.00,102,,72
11642,11642,2026-06-25,96.94,268,,5
11643,11643,2026-06-24,238.00,74,,88
11644,11644,2026-07-03,,0,,0
11645,11645,2026-06-25,31.66,48,,3
11646,11646,2026-06-25,24.66,62,,2
11647,11647,2026-06-24,162.59,231,,1
11648,11648,2026-06-25,330.02,340,,0
11649,11649,2026-06-25,76.70,82,,0
11650,11650,2026-06-25,151.83,262,,0
11651,11651,2026-06-25,411.55,309,,39
11652,11652,2026-06-25,144.03,299,,1
11653,11653,2026-06-25,,305,,62
11654,11654,2026-06-24,286.00,22,,54
11655,11655,2026-06-25,159.00,230,,0
11656,11656,2026-06-25,100.09,266,,0
11657,11657,2026-06-25,127.17,309,,1
11658,11658,2026-06-25,220.00,296,,48
11659,11659,2026-06-25,2363.00,365,,0
11660,11660,2026-06-25,1952.00,365,,0
11661,11661,2026-06-25,45.09,206,,0
11662,11662,2026-07-03,,2,,0
11663,11663,2026-06-25,322.00,290,,19
11664,11664,2026-06-24,42.25,266,,0
11665,11665,2026-06-25,272.00,343,,15
11666,11666,2026-06-25,3504.00,365,,0
11667,11667,2026-06-25,104.94,327,,0
11668,11668,2026-06-24,103.48,355,,2
11669,11669,2026-06-25,249.88,276,,0
11670,11670,2026-06-24,108.41,69,,8
11671,11671,2026-06-25,3356.00,365,,0
11672,11672,2026-06-25,40.00,162,,5
11673,11673,2026-06-25,536.00,40,,29
11674,11674,2026-06-25,38.96,206,,3
11675,11675,2026-06-25,304.15,292,,46
11676,11676,2026-06-25,40.35,244,,4
11677,11677,2026-07-03,,0,,81
11678,11678,2026-07-03,,0,,65
11679,11679,2026-07-03,29.98,358,,0
11680,11680,2026-06-24,468.00,303,,39
11681,11681,2026-06-25,1222.00,365,,0
11682,11682,2026-06-25,282.91,84,,67
11683,11683,2026-06-25,21.30,257,,5
11684,11684,2026-06-24,97.81,210,,1
11685,11685,2026-06-25,271.00,292,,30
11686,11686,2026-06-25,222.50,303,,35
11687,11687,2026-06-25,440.00,281,,22
11688,11688,2026-07-03,,2,,2
11689,11689,2026-06-25,237.38,180,,0
11690,11690,2026-06-25,236.00,182,,91
11691,11691,2026-06-25,40.68,267,,0
11692,11692,2026-06-25,171.50,265,,26
11693,11693,2026-06-24,343.00,365,,0
11694,11694,2026-06-24,343.00,365,,0
11695,11695,2026-06-25,343.00,365,,0
11696,11696,2026-06-24,384.90,326,,45
11697,11697,2026-06-24,343.00,365,,0
11698,11698,2026-06-24,1655.00,365,,0
11699,11699,2026-06-24,685.00,365,,0
11700,11700,2026-06-25,685.00,365,,0
11701,11701,2026-06-25,685.00,365,,0
11702,11702,2026-06-24,525.00,365,,0
11703,11703,2026-06-25,1028.00,365,,0
11704,11704,2026-06-25,1028.00,365,,0
11705,11705,2026-06-24,1028.00,365,,0
11706,11706,2026-06-25,44.15,345,,0
11707,11707,2026-06-25,200.33,330,,3
11708,11708,2026-06-25,35.03,53,,0
11709,11709,2026-06-25,32.82,327,,0
11710,11710,2026-06-25,59.47,141,,6
11711,11711,2026-07-03,472.94,336,,4
11712,11712,2026-06-25,75.56,147,,2
11713,11713,2026-06-25,416.75,306,,74
11714,11714,2026-06-25,474.00,365,,0
11715,11715,2026-06-24,528.06,317,,22
11716,11716,2026-06-24,126.21,140,,0
11717,11717,2026-06-24,80.00,324,,2
11718,11718,2026-06-24,55.01,362,,2
11719,11719,2026-06-24,61.93,237,,0
11720,11720,2026-06-25,56.97,358,,1
11721,11721,2026-06-25,48.52,329,,0
11722,11722,2026-06-25,54.15,346,,0
11723,11723,2026-06-25,65.64,86,,0
11724,11724,2026-06-25,,354,,1
11725,11725,2026-06-25,190.00,116,,34
11726,11726,2026-06-25,65.42,193,,3
11727,11727,2026-06-25,181.33,357,,4
11728,11728,2026-06-25,1370.00,365,,0
11729,11729,2026-06-25,1370.00,365,,0
11730,11730,2026-06-25,38.10,365,,0
11731,11731,2026-06-25,47.86,146,,3
11732,11732,2026-06-25,41.27,365,,1
11733,11733,2026-06-25,311.00,268,,53
11734,11734,2026-06-24,35.73,364,,1
11735,11735,2026-06-25,210.50,295,,69
11736,11736,2026-06-25,53.21,329,,1
11737,11737,2026-06-25,201.47,261,,0
11738,11738,2026-06-25,80.44,181,,0
11739,11739,2026-06-25,32.88,345,,0
11740,11740,2026-06-25,89.68,365,,0
11741,11741,2026-06-25,326.00,365,,0
11742,11742,2026-06-25,88.32,317,,4
11743,11743,2026-06-25,207.40,244,,60
11744,11744,2026-06-25,,365,,0
11745,11745,2026-07-03,,0,,1
11746,11746,2026-06-24,1000.00,364,,0
11747,11747,2026-06-25,27.25,257,,0
11748,11748,2026-06-24,65.42,188,,1
11749,11749,2026-06-25,44.77,329,,1
11750,11750,2026-06-25,47.82,298,,2
11751,11751,2026-06-25,40.42,298,,1
11752,11752,2026-06-25,100.55,145,,1
11753,11753,2026-07-03,,0,,0
11754,11754,2026-06-24,192.00,228,,14
11755,11755,2026-06-24,209.00,260,,87
11756,11756,2026-06-25,116.76,261,,3
11757,11757,2026-06-25,,362,,0
11758,11758,2026-06-25,106.09,344,,0
11759,11759,2026-06-25,29.27,362,,0
11760,11760,2026-06-25,45.43,327,,2
11761,11761,2026-06-25,271.00,128,,41
11762,11762,2026-06-25,109.82,99,,3
11763,11763,2026-06-25,26.50,360,,2
11764,11764,2026-06-25,44.04,268,,0
11765,11765,2026-06-25,49.46,354,,1
11766,11766,2026-06-25,108.98,129,,2
11767,11767,2026-06-25,41.27,360,,0
11768,11768,2026-06-25,30.68,359,,1
11769,11769,2026-06-25,2368.00,365,,1
11770,11770,2026-06-25,46.95,160,,1
11771,11771,2026-06-25,39.13,329,,2
11772,11772,2026-06-25,2368.00,365,,1
11773,11773,2026-06-25,40.53,275,,0
11774,11774,2026-06-25,2842.00,365,,0
11775,11775,2026-06-25,69.96,310,,6
11776,11776,2026-06-25,,0,,0
11777,11777,2026-06-24,28.34,359,,0
11778,11778,2026-06-25,370.00,127,,17
11779,11779,2026-06-24,3200.00,98,,0
11780,11780,2026-06-25,134.84,365,,0
11781,11781,2026-06-25,428.00,341,,0
11782,11782,2026-06-25,428.00,365,,0
11783,11783,2026-06-24,179.97,350,,1
11784,11784,2026-06-25,293.69,89,,0
11785,11785,2026-06-24,497.50,336,,4
11786,11786,2026-06-25,40.10,329,,1
11787,11787,2026-06-24,497.50,336,,2
11788,11788,2026-06-24,472.50,336,,1
11789,11789,2026-06-25,179.91,260,,0
11790,11790,2026-06-24,110.47,328,,1
11791,11791,2026-06-25,286.00,242,,68
11792,11792,2026-06-25,428.00,365,,0
11793,11793,2026-06-25,428.00,365,,1
11794,11794,2026-06-25,1244.00,365,,0
11795,11795,2026-06-25,1507.00,365,,0
11796,11796,2026-06-25,1507.00,365,,0
11797,11797,2026-06-25,200.34,305,,0
11798,11798,2026-06-25,205.13,89,,1
11799,11799,2026-06-25,49.30,300,,1
11800,11800,2026-07-03,,0,,0
11801,11801,2026-06-25,50.05,311,,0
11802,11802,2026-07-03,20.52,337,,0
11803,11803,2026-06-25,34.23,332,,1
11804,11804,2026-06-24,41.27,359,,1
11805,11805,2026-06-25,48.66,207,,0
11806,11806,2026-06-25,87.30,39,,0
11807,11807,2026-06-25,180.13,89,,0
11808,11808,2026-06-25,60.07,237,,0
11809,11809,2026-06-25,1210.00,310,,0
11810,11810,2026-06-25,1050.00,365,,0
11811,11811,2026-06-25,1815.00,365,,0
11812,11812,2026-06-25,2420.00,365,,0
11813,11813,2026-06-25,3025.00,365,,0
11814,11814,2026-06-25,,301,,0
11815,11815,2026-06-25,326.00,262,,69
11816,11816,2026-06-25,34.84,364,,5
11817,11817,2026-06-25,32.45,167,,1
11818,11818,2026-06-25,23.84,332,,5
11819,11819,2026-06-24,147.00,365,,0
11820,11820,2026-06-25,35.08,273,,2
11821,11821,2026-07-03,,183,,0
11822,11822,2026-07-03,,183,,0
11823,11823,2026-06-25,22.12,274,,3
11824,11824,2026-07-03,,183,,0
11825,11825,2026-07-03,,0,,0
11826,11826,2026-06-25,35.38,329,,1
11827,11827,2026-06-25,405.00,206,,38
11828,11828,2026-06-25,44.04,268,,0
11829,11829,2026-06-25,32.96,365,,2
11830,11830,2026-06-24,73.23,270,,0
11831,11831,2026-06-25,256.50,238,,20
11832,11832,2026-06-25,43.50,362,,22
11833,11833,2026-06-25,261.00,307,,36
11834,11834,2026-06-25,261.00,306,,30
11835,11835,2026-06-25,298.00,287,,37
11836,11836,2026-06-25,406.50,294,,46
11837,11837,2026-06-25,500.50,305,,41
11838,11838,2026-06-25,228.61,252,,0
11839,11839,2026-06-25,57.28,86,,1
11840,11840,2026-06-25,56.03,187,,1
11841,11841,2026-06-25,29.52,329,,1
11842,11842,2026-06-25,42.89,357,,2
11843,11843,2026-06-25,260.67,263,,33
11844,11844,2026-06-25,42.89,329,,0
11845,11845,2026-06-25,43.00,326,,2
11846,11846,2026-06-25,2374.00,365,,0
11847,11847,2026-06-25,45.00,327,,3
11848,11848,2026-06-25,46.00,307,,4
11849,11849,2026-06-25,36.32,329,,0
11850,11850,2026-06-25,754.00,365,,1
11851,11851,2026-06-25,39.08,315,,1
11852,11852,2026-06-24,305.00,200,,49
11853,11853,2026-06-25,65.64,237,,0
11854,11854,2026-06-25,52.27,346,,1
11855,11855,2026-06-25,33.50,335,,2
11856,11856,2026-06-25,33.50,343,,2
11857,11857,2026-06-24,64.36,267,,0
11858,11858,2026-06-25,754.00,365,,1
11859,11859,2026-06-25,65.29,297,,2
11860,11860,2026-06-24,40.07,48,,1
11861,11861,2026-07-03,482.72,289,,0
11862,11862,2026-07-03,405.00,286,,0
11863,11863,2026-06-24,56.03,175,,0
11864,11864,2026-06-25,34.47,355,,0
11865,11865,2026-06-25,24.65,365,,1
11866,11866,2026-06-25,35.38,345,,0
11867,11867,2026-06-24,49.46,175,,0
11868,11868,2026-06-24,39.43,365,,0
11869,11869,2026-07-03,285.05,205,,9
11870,11870,2026-07-03,481.82,209,,1
11871,11871,2026-07-03,345.45,175,,4
11872,11872,2026-07-03,269.45,191,,0
11873,11873,2026-07-03,269.45,171,,1
11874,11874,2026-06-25,362.50,334,,2
11875,11875,2026-07-03,,0,,0
11876,11876,2026-07-03,,0,,1
11877,11877,2026-07-03,,0,,1
11878,11878,2026-07-03,,0,,1
11879,11879,2026-07-03,234.00,208,,3
11880,11880,2026-06-25,493.00,329,,4
11881,11881,2026-07-03,265.45,187,,0
11882,11882,2026-07-03,226.91,173,,2
11883,11883,2026-06-24,43.74,320,,2
11884,11884,2026-06-25,1507.00,365,,0
11885,11885,2026-06-25,70.29,130,,0
11886,11886,2026-07-03,19.28,365,,0
11887,11887,2026-06-25,163.57,228,,74
11888,11888,2026-06-25,38.50,365,,1
11889,11889,2026-06-24,35.38,358,,1
11890,11890,2026-06-25,56.97,296,,0
11891,11891,2026-06-25,319.15,316,,44
11892,11892,2026-06-25,1507.00,365,,0
11893,11893,2026-06-25,62.73,212,,1
11894,11894,2026-07-03,,0,,0
11895,11895,2026-06-25,220.51,234,,1
11896,11896,2026-07-03,,0,,0
11897,11897,2026-07-03,,0,,0
11898,11898,2026-07-03,,0,,0
11899,11899,2026-06-25,282.50,204,,41
11900,11900,2026-06-25,318.00,276,,25
11901,11901,2026-07-03,,1,,0
11902,11902,2026-07-03,,5,,0
11903,11903,2026-06-25,64.36,254,,2
11904,11904,2026-07-03,,3,,0
11905,11905,2026-06-25,46.64,340,,1
11906,11906,2026-06-25,33.88,365,,1
11907,11907,2026-06-25,909.00,183,,43
11908,11908,2026-06-25,31.11,360,,0
11909,11909,2026-06-24,51.52,327,,1
11910,11910,2026-06-25,49.46,358,,1
11911,11911,2026-06-25,45.77,299,,1
11912,11912,2026-07-03,22.78,293,,0
11913,11913,2026-06-25,41.00,164,,309
11914,11914,2026-06-25,47.86,145,,0
11915,11915,2026-06-24,45.70,328,,0
11916,11916,2026-06-25,44.97,207,,2
11917,11917,2026-06-25,38.00,169,,652
11918,11918,2026-06-25,296.50,287,,67
11919,11919,2026-06-25,109.56,163,,4
11920,11920,2026-06-25,275.00,146,,21
11921,11921,2026-06-24,48.50,155,,1
11922,11922,2026-06-24,84.35,178,,0
11923,11923,2026-06-24,88.50,320,,8
11924,11924,2026-06-25,,358,,0
11925,11925,2026-06-25,61.93,298,,0
11926,11926,2026-06-25,75.45,268,,1
11927,11927,2026-06-25,44.00,190,,32
11928,11928,2026-07-03,,3,,1
11929,11929,2026-06-24,38.11,340,,0
11930,11930,2026-06-25,58.00,188,,44
11931,11931,2026-06-25,36.65,361,,1
11932,11932,2026-06-25,60.00,169,,28
11933,11933,2026-06-25,59.74,153,,2
11934,11934,2026-06-25,131.92,250,,1
11935,11935,2026-06-24,130.90,345,,0
11936,11936,2026-06-25,108.97,327,,3
11937,11937,2026-06-25,93.50,298,,3
11938,11938,2026-06-24,128.38,307,,1
11939,11939,2026-06-25,108.97,312,,2
11940,11940,2026-06-25,93.50,307,,1
11941,11941,2026-06-25,130.47,332,,1
11942,11942,2026-06-25,108.97,328,,3
11943,11943,2026-06-24,95.03,328,,0
11944,11944,2026-06-24,130.90,345,,0
11945,11945,2026-06-25,108.97,307,,3
11946,11946,2026-06-25,93.50,328,,3
11947,11947,2026-06-25,25.98,319,,2
11948,11948,2026-06-25,25.11,322,,0
11949,11949,2026-06-25,30.09,296,,2
11950,11950,2026-06-25,26.18,355,,2
11951,11951,2026-06-25,158.21,316,,0
11952,11952,2026-06-25,106.26,328,,1
11953,11953,2026-06-25,158.86,316,,0
11954,11954,2026-06-24,130.60,365,,0
11955,11955,2026-06-25,180.50,25,,13
11956,11956,2026-06-25,154.93,201,,0
11957,11957,2026-06-25,89.38,211,,1
11958,11958,2026-07-03,113.50,206,,46
11959,11959,2026-06-25,127.16,181,,2
11960,11960,2026-06-24,737.80,363,,0
11961,11961,2026-06-25,108.89,299,,6
11962,11962,2026-06-24,96.47,58,,2
11963,11963,2026-06-25,56.97,193,,1
11964,11964,2026-06-25,122.04,292,,3
11965,11965,2026-06-25,41.10,297,,0
11966,11966,2026-07-03,,0,,0
11967,11967,2026-06-24,371.00,83,,8
11968,11968,2026-06-25,115.48,119,,3
11969,11969,2026-06-24,90.48,266,,4
11970,11970,2026-06-25,23.34,297,,0
11971,11971,2026-06-25,263.00,365,,0
11972,11972,2026-06-25,252.00,196,,8
11973,11973,2026-06-25,117.34,348,,0
11974,11974,2026-06-25,179.30,286,,0
11975,11975,2026-06-25,131.58,297,,0
11976,11976,2026-06-25,296.00,286,,2
11977,11977,2026-06-25,64.13,57,,0
11978,11978,2026-06-24,101.26,308,,2
11979,11979,2026-06-25,41.10,297,,0
11980,11980,2026-06-25,179.24,280,,0
11981,11981,2026-06-24,263.55,333,,8
11982,11982,2026-06-25,36.02,306,,2
11983,11983,2026-06-25,23.40,215,,1
11984,11984,2026-06-25,36.58,261,,0
11985,11985,2026-06-25,234.19,60,,0
11986,11986,2026-06-24,130.89,300,,3
11987,11987,2026-06-25,1284.00,365,,0
11988,11988,2026-06-25,2443.00,365,,0
11989,11989,2026-06-25,64.25,136,,0
11990,11990,2026-06-25,77.32,297,,3
11991,11991,2026-07-03,,0,,0
11992,11992,2026-06-25,305.70,339,,22
11993,11993,2026-06-25,299.56,91,,23
11994,11994,2026-06-25,80.00,153,,5
11995,11995,2026-06-25,390.86,364,,62
11996,11996,2026-07-03,,0,,0
11997,11997,2026-06-25,112.65,163,,1
11998,11998,2026-06-25,107.50,173,,19
11999,11999,2026-06-25,115.00,181,,42
12000,12000,2026-06-25,127.04,338,,1
12001,12001,2026-06-24,137.50,136,,0
12002,12002,2026-06-24,550.00,347,,3
12003,12003,2026-06-25,130.00,183,,11
12004,12004,2026-07-03,,232,,24
12005,12005,2026-06-25,249.00,136,,20
12006,12006,2026-06-24,305.00,347,,4
12007,12007,2026-06-24,151.40,230,,0
12008,12008,2026-06-25,699.67,295,,49
12009,12009,2026-06-24,177.50,153,,40
12010,12010,2026-06-24,42.00,280,,1455
12011,12011,2026-06-25,94.21,136,,0
12012,12012,2026-06-24,48.00,279,,144
12013,12013,2026-07-03,,0,,0
12014,12014,2026-06-24,140.00,250,,44
12015,12015,2026-06-24,391.00,277,,32
12016,12016,2026-06-24,211.00,243,,0
12017,12017,2026-06-24,352.00,275,,20
12018,12018,2026-06-25,281.67,156,,14
12019,12019,2026-06-25,170.00,137,,15
12020,12020,2026-06-25,162.00,176,,3
12021,12021,2026-06-25,170.00,137,,2
12022,12022,2026-06-25,289.00,117,,7
12023,12023,2026-06-25,250.00,125,,1
12024,12024,2026-06-25,145.00,155,,2
12025,12025,2026-06-24,500.00,344,,1
12026,12026,2026-06-25,55.91,173,,1
12027,12027,2026-06-25,346.00,285,,50
12028,12028,2026-06-25,156.00,318,,25
12029,12029,2026-06-24,500.00,335,,0
12030,12030,2026-06-24,115.03,184,,0
12031,12031,2026-07-03,,0,,32
12032,12032,2026-06-24,452.50,300,,5
12033,12033,2026-06-25,58.67,228,,3
12034,12034,2026-06-25,2443.00,365,,0
12035,12035,2026-06-25,89.64,318,,0
12036,12036,2026-06-25,589.99,232,,43
12037,12037,2026-06-25,131.00,156,,1
12038,12038,2026-06-25,117.00,156,,0
12039,12039,2026-06-25,189.00,137,,1
12040,12040,2026-06-25,202.00,137,,0
12041,12041,2026-06-25,189.00,166,,5
12042,12042,2026-06-25,215.00,166,,0
12043,12043,2026-06-25,136.00,179,,0
12044,12044,2026-06-25,164.00,179,,0
12045,12045,2026-07-03,42.10,197,,1
12046,12046,2026-06-25,27.83,302,,3
12047,12047,2026-06-25,24.25,244,,0
12048,12048,2026-06-24,119.20,78,,2
12049,12049,2026-06-25,,31,,48
12050,12050,2026-06-24,500.00,335,,0
12051,12051,2026-06-25,67.58,124,,5
12052,12052,2026-06-25,235.46,26,,34
12053,12053,2026-06-24,88.89,294,,0
12054,12054,2026-06-25,239.00,278,,50
12055,12055,2026-06-25,115.90,177,,3
12056,12056,2026-06-25,143.00,177,,0
12057,12057,2026-06-25,145.00,179,,2
12058,12058,2026-06-25,174.00,179,,1
12059,12059,2026-06-25,161.00,143,,0
12060,12060,2026-06-25,202.00,143,,0
12061,12061,2026-06-25,125.58,221,,0
12062,12062,2026-06-25,123.84,334,,1
12063,12063,2026-06-25,140.69,257,,0
12064,12064,2026-06-25,103.42,297,,0
12065,12065,2026-06-25,402.27,198,,70
12066,12066,2026-06-25,103.19,363,,0
12067,12067,2026-06-25,150.00,132,,35
12068,12068,2026-06-25,87.10,298,,2
12069,12069,2026-06-25,19.72,244,,2
12070,12070,2026-07-03,,362,,0
12071,12071,2026-06-24,261.00,314,,27
12072,12072,2026-06-25,373.00,238,,28
12073,12073,2026-06-25,353.00,278,,31
12074,12074,2026-06-25,374.00,346,,29
12075,12075,2026-06-25,195.20,48,,1
12076,12076,2026-06-25,116.00,354,,0
12077,12077,2026-06-25,295.00,164,,2
12078,12078,2026-06-25,300.00,173,,6
12079,12079,2026-06-25,295.00,164,,3
12080,12080,2026-06-25,251.00,164,,7
12081,12081,2026-06-25,251.00,164,,41
12082,12082,2026-06-25,300.00,173,,17
12083,12083,2026-06-25,251.00,164,,20
12084,12084,2026-06-25,158.07,286,,0
12085,12085,2026-06-25,121.78,211,,1
12086,12086,2026-06-25,507.00,227,,23
12087,12087,2026-06-24,101.06,263,,5
12088,12088,2026-06-25,88.84,297,,1
12089,12089,2026-07-03,,2,,0
12090,12090,2026-06-25,286.00,320,,42
12091,12091,2026-06-24,477.00,176,,0
12092,12092,2026-07-03,,0,,1
12093,12093,2026-06-25,308.00,169,,58
12094,12094,2026-06-25,36.77,326,,0
12095,12095,2026-06-24,501.13,364,,0
12096,12096,2026-06-25,94.21,147,,1
12097,12097,2026-06-25,105.29,281,,0
12098,12098,2026-07-03,112.65,155,,2
12099,12099,2026-06-25,107.01,168,,1
12100,12100,2026-06-25,137.61,132,,1
12101,12101,2026-06-25,271.00,253,,42
12102,12102,2026-06-25,548.00,365,,1
12103,12103,2026-06-25,99.00,159,,53
12104,12104,2026-06-25,331.00,217,,0
12105,12105,2026-06-25,116.00,136,,63
12106,12106,2026-06-25,309.67,239,,1
12107,12107,2026-06-25,299.00,219,,0
12108,12108,2026-06-25,162.00,160,,35
12109,12109,2026-06-25,194.00,128,,20
12110,12110,2026-06-25,283.34,350,,30
12111,12111,2026-06-25,195.00,173,,1
12112,12112,2026-06-25,49.26,100,,8
12113,12113,2026-06-25,6106.00,365,,0
12114,12114,2026-06-25,90.94,311,,4
12115,12115,2026-06-25,53.05,238,,0
12116,12116,2026-07-03,,0,,0
12117,12117,2026-06-25,124.59,297,,0
12118,12118,2026-06-24,285.00,337,,21
12119,12119,2026-06-24,223.58,137,,14
12120,12120,2026-07-03,,0,,0
12121,12121,2026-06-25,144.00,328,,36
12122,12122,2026-06-25,259.00,212,,8
12123,12123,2026-06-25,73.61,364,,0
12124,12124,2026-06-25,96.56,329,,3
12125,12125,2026-06-25,71.85,207,,4
12126,12126,2026-07-03,92.65,247,,47
12127,12127,2026-06-24,254.00,86,,8
12128,12128,2026-06-24,59.73,88,,0
12129,12129,2026-06-25,84.48,139,,1
12130,12130,2026-06-24,175.00,278,,3
12131,12131,2026-06-24,68.47,360,,35
12132,12132,2026-06-25,102.71,345,,36
12133,12133,2026-06-25,91.30,261,,32
12134,12134,2026-06-25,110.83,153,,0
12135,12135,2026-06-25,101.00,116,,22
12136,12136,2026-06-25,45.02,359,,0
12137,12137,2026-06-25,236.00,155,,14
12138,12138,2026-06-24,152.73,186,,4
12139,12139,2026-06-25,593.00,128,,60
12140,12140,2026-06-25,7293.00,123,,0
12141,12141,2026-06-25,115.18,298,,0
12142,12142,2026-06-25,39.25,325,,1
12143,12143,2026-06-24,111.41,358,,0
12144,12144,2026-06-25,120.22,170,,0
12145,12145,2026-06-25,35.29,77,,1
12146,12146,2026-06-25,125.79,203,,0
12147,12147,2026-06-25,146.68,277,,0
12148,12148,2026-06-25,371.00,364,,1
12149,12149,2026-06-25,105.74,262,,0
12150,12150,2026-06-25,386.67,152,,16
12151,12151,2026-06-25,31.62,329,,1
12152,12152,2026-06-25,72.93,82,,0
12153,12153,2026-06-25,82.21,55,,0
12154,12154,2026-06-24,109.60,156,,1
12155,12155,2026-06-25,64.36,72,,2
12156,12156,2026-06-25,6151.00,267,,0
12157,12157,2026-06-25,284.00,294,,41
12158,12158,2026-06-25,114.53,335,,0
12159,12159,2026-06-25,2123.00,365,,0
12160,12160,2026-06-25,172.94,308,,0
12161,12161,2026-06-25,23.59,155,,2
12162,12162,2026-06-25,69.23,175,,0
12163,12163,2026-06-25,157.06,306,,1
12164,12164,2026-06-25,126.00,122,,8
12165,12165,2026-06-25,80.83,292,,7
12166,12166,2026-06-24,,62,,0
12167,12167,2026-06-25,422.60,270,,53
12168,12168,2026-06-25,90.04,250,,41
12169,12169,2026-07-03,,5,,0
12170,12170,2026-06-25,947.18,233,,86
12171,12171,2026-07-03,27.53,167,,0
12172,12172,2026-07-03,,20,,4
12173,12173,2026-06-25,137.13,365,,0
12174,12174,2026-06-25,222.00,177,,13
12175,12175,2026-07-03,272.00,147,,18
12176,12176,2026-06-24,815.00,343,,34
12177,12177,2026-06-25,146.60,170,,6
12178,12178,2026-06-25,309.00,332,,49
12179,12179,2026-06-25,130.50,129,,35
12180,12180,2026-06-25,260.00,208,,38
12181,12181,2026-06-25,326.25,309,,17
12182,12182,2026-06-25,676.00,179,,34
12183,12183,2026-06-25,115.72,257,,1
12184,12184,2026-06-25,31.83,324,,1
12185,12185,2026-06-25,50.51,360,,1
12186,12186,2026-06-25,58.31,360,,0
12187,12187,2026-06-25,59.25,356,,0
12188,12188,2026-06-25,63.56,55,,0
12189,12189,2026-06-24,40.07,345,,0
12190,12190,2026-06-25,38.19,335,,0
12191,12191,2026-06-25,292.68,325,,26
12192,12192,2026-06-25,61.50,144,,0
12193,12193,2026-06-24,185.00,147,,36
12194,12194,2026-06-25,44.77,329,,0
12195,12195,2026-06-25,209.00,90,,4
12196,12196,2026-06-25,2283.00,365,,0
12197,12197,2026-06-24,214.51,257,,0
12198,12198,2026-06-25,69.00,317,,13
12199,12199,2026-06-25,456.47,365,,3
12200,12200,2026-06-25,413.50,359,,11
12201,12201,2026-06-25,122.94,202,,8
12202,12202,2026-06-24,112.53,340,,0
12203,12203,2026-06-25,,173,,0
12204,12204,2026-06-25,289.50,304,,13
12205,12205,2026-06-25,233.35,284,,46
12206,12206,2026-06-25,263.81,331,,2
12207,12207,2026-06-25,37.40,268,,0
12208,12208,2026-06-24,70.00,361,,329
12209,12209,2026-06-25,79.45,243,,6
12210,12210,2026-06-25,99.45,213,,1
12211,12211,2026-06-25,57.28,85,,0
12212,12212,2026-06-25,89.13,236,,3
12213,12213,2026-06-25,52.75,118,,1
12214,12214,2026-06-25,60.08,72,,2
12215,12215,2026-06-25,28.63,160,,6
12216,12216,2026-06-25,107.13,82,,1
12217,12217,2026-06-24,211.00,219,,16
12218,12218,2026-06-25,62.22,125,,3
12219,12219,2026-07-03,,0,,3
12220,12220,2026-06-25,98.19,365,,0
12221,12221,2026-06-25,303.00,309,,13
12222,12222,2026-06-25,81.00,360,,28
12223,12223,2026-06-25,227.60,339,,14
12224,12224,2026-06-25,21.25,228,,3
12225,12225,2026-06-25,354.00,242,,24
12226,12226,2026-06-25,536.00,213,,65
12227,12227,2026-06-25,183.50,269,,26
12228,12228,2026-06-25,303.00,213,,39
12229,12229,2026-06-25,596.00,241,,31
12230,12230,2026-06-25,620.00,214,,46
12231,12231,2026-06-25,229.04,259,,0
12232,12232,2026-06-25,433.00,325,,0
12233,12233,2026-06-24,114.50,344,,0
12234,12234,2026-06-25,439.36,230,,28
12235,12235,2026-06-25,143.81,112,,0
12236,12236,2026-06-24,274.60,73,,12
12237,12237,2026-06-25,40.18,297,,0
12238,12238,2026-06-25,200.09,363,,1
12239,12239,2026-06-25,97.58,289,,0
12240,12240,2026-06-25,126.32,180,,8
12241,12241,2026-06-24,266.00,232,,70
12242,12242,2026-06-25,42.02,287,,0
12243,12243,2026-06-25,,327,,1
12244,12244,2026-06-25,1895.00,365,,0
12245,12245,2026-06-25,300.00,321,,13
12246,12246,2026-06-25,90.12,185,,2
12247,12247,2026-06-25,105.10,312,,0
12248,12248,2026-06-25,610.53,365,,2
12249,12249,2026-06-25,53.59,340,,1
12250,12250,2026-06-25,76.19,359,,0
12251,12251,2026-06-25,210.50,285,,32
12252,12252,2026-06-25,55.75,317,,1
12253,12253,2026-06-25,53.14,360,,0
12254,12254,2026-06-25,328.50,345,,2
12255,12255,2026-06-25,611.00,365,,0
12256,12256,2026-07-03,89.41,302,,2
12257,12257,2026-06-25,611.00,365,,0
12258,12258,2026-07-03,276.25,308,,29
12259,12259,2026-06-25,611.00,365,,0
12260,12260,2026-06-25,1895.00,365,,0
12261,12261,2026-06-25,178.00,274,,28
12262,12262,2026-06-25,1895.00,365,,0
12263,12263,2026-06-25,594.00,364,,2
12264,12264,2026-06-25,2545.00,365,,0
12265,12265,2026-06-25,611.00,365,,0
12266,12266,2026-06-25,120.07,149,,3
12267,12267,2026-06-25,2774.00,365,,0
12268,12268,2026-06-25,216.82,168,,62
12269,12269,2026-06-25,90.03,186,,4
12270,12270,2026-06-24,30.94,252,,0
12271,12271,2026-06-25,29.24,364,,0
12272,12272,2026-06-25,25.76,298,,4
12273,12273,2026-06-25,283.10,107,,33
12274,12274,2026-06-25,,118,,2
12275,12275,2026-06-25,3698.00,365,,0
12276,12276,2026-06-25,141.71,313,,0
12277,12277,2026-06-25,3196.00,365,,0
12278,12278,2026-06-25,168.33,174,,15
12279,12279,2026-06-25,176.96,63,,0
12280,12280,2026-06-25,171.67,173,,19
12281,12281,2026-06-25,115.20,240,,14
12282,12282,2026-07-03,,19,,0
12283,12283,2026-06-25,63.00,361,,1
12284,12284,2026-06-25,24.41,244,,3
12285,12285,2026-06-25,120.60,243,,3
12286,12286,2026-06-25,124.15,185,,2
12287,12287,2026-06-25,262.47,346,,61
12288,12288,2026-07-03,,0,,0
12289,12289,2026-06-24,414.37,324,,5
12290,12290,2026-06-24,3652.00,365,,0
12291,12291,2026-06-25,537.00,365,,0
12292,12292,2026-06-25,57.00,204,,47
12293,12293,2026-06-25,119.51,80,,0
12294,12294,2026-06-25,128.59,329,,3
12295,12295,2026-06-25,69.52,365,,0
12296,12296,2026-06-25,84.30,222,,1
12297,12297,2026-06-25,153.51,260,,1
12298,12298,2026-06-25,165.94,134,,0
12299,12299,2026-06-25,260.10,73,,82
12300,12300,2026-07-03,81.88,159,,4
12301,12301,2026-06-24,622.00,365,,0
12302,12302,2026-06-24,105.88,328,,2
12303,12303,2026-06-24,144.00,90,,90
12304,12304,2026-06-24,99.23,305,,2
12305,12305,2026-07-03,,15,,0
12306,12306,2026-06-25,52.36,118,,3
12307,12307,2026-06-24,34.44,328,,2
12308,12308,2026-06-25,302.41,212,,17
12309,12309,2026-06-24,43.36,236,,0
12310,12310,2026-06-24,32.56,328,,3
12311,12311,2026-06-24,33.88,359,,1
12312,12312,2026-07-03,81.67,55,,20
12313,12313,2026-07-03,117.00,36,,12
12314,12314,2026-06-25,44.17,328,,2
12315,12315,2026-06-25,247.00,271,,31
12316,12316,2026-06-25,679.00,274,,18
12317,12317,2026-06-25,211.13,365,,0
12318,12318,2026-06-25,197.57,232,,1
12319,12319,2026-06-25,1712.00,365,,0
12320,12320,2026-06-25,210.80,148,,29
12321,12321,2026-06-25,948.00,365,,0
12322,12322,2026-06-25,7532.00,365,,0
12323,12323,2026-06-25,58.31,360,,0
12324,12324,2026-06-25,154.06,92,,28
12325,12325,2026-06-25,59.25,329,,0
12326,12326,2026-06-25,64.63,349,,0
12327,12327,2026-06-25,76.00,349,,7
12328,12328,2026-06-25,3104.00,365,,0
12329,12329,2026-06-25,160.00,34,,17
12330,12330,2026-06-24,2443.00,243,,0
12331,12331,2026-06-25,58.00,348,,167
12332,12332,2026-06-25,70.00,334,,78
12333,12333,2026-06-25,63.56,295,,0
12334,12334,2026-06-25,106.20,178,,0
12335,12335,2026-06-25,157.14,265,,0
12336,12336,2026-06-25,565.00,319,,2
12337,12337,2026-06-25,438.00,282,,17
12338,12338,2026-06-25,230.41,55,,0
12339,12339,2026-06-25,29.93,303,,0
12340,12340,2026-06-25,165.47,21,,9
12341,12341,2026-06-25,97.88,256,,3
12342,12342,2026-07-03,30.47,365,,0
12343,12343,2026-06-25,101.81,345,,1
12344,12344,2026-06-24,37.48,146,,0
12345,12345,2026-07-03,57.67,183,,6
12346,12346,2026-06-25,2511.00,365,,0
12347,12347,2026-06-24,222.75,329,,49
12348,12348,2026-07-03,90.00,300,,0
12349,12349,2026-07-03,73.81,168,,0
12350,12350,2026-06-25,98.68,340,,5
12351,12351,2026-06-25,68.81,298,,0
12352,12352,2026-06-25,,242,,0
12353,12353,2026-06-25,396.00,72,,4
12354,12354,2026-06-25,2602.00,365,,0
12355,12355,2026-07-03,,1,,0
12356,12356,2026-07-03,,2,,0
12357,12357,2026-06-24,46.95,54,,0
12358,12358,2026-07-03,107.01,176,,0
12359,12359,2026-07-03,101.84,149,,1
12360,12360,2026-07-03,,0,,1
12361,12361,2026-06-25,112.65,175,,1
12362,12362,2026-06-25,95.75,172,,1
12363,12363,2026-06-24,40.88,291,,1
12364,12364,2026-06-24,226.00,131,,25
12365,12365,2026-06-25,31.60,351,,0
12366,12366,2026-06-25,104.36,298,,0
12367,12367,2026-06-24,119.83,89,,4
12368,12368,2026-06-25,83.48,238,,4
12369,12369,2026-06-25,37.64,365,,0
12370,12370,2026-07-03,51.36,360,,2
12371,12371,2026-06-25,195.00,345,,5
12372,12372,2026-06-24,152.47,308,,0
12373,12373,2026-06-24,103.84,266,,0
12374,12374,2026-06-25,58.19,336,,0
12375,12375,2026-06-24,189.00,337,,24
12376,12376,2026-06-25,817.52,216,,32
12377,12377,2026-06-25,198.56,237,,59
12378,12378,2026-06-25,40.59,364,,0
12379,12379,2026-06-25,,46,,69
12380,12380,2026-06-25,40.59,364,,0
12381,12381,2026-06-24,243.00,342,,39
12382,12382,2026-06-25,308.00,344,,21
12383,12383,2026-07-03,57.54,274,,1
12384,12384,2026-06-25,142.00,158,,38
12385,12385,2026-07-03,,0,,1
12386,12386,2026-06-25,41.14,236,,0
12387,12387,2026-06-25,350.72,277,,33
12388,12388,2026-06-25,,356,,0
12389,12389,2026-06-25,148.36,365,,0
12390,12390,2026-06-25,148.36,365,,0
12391,12391,2026-07-03,,0,,4
12392,12392,2026-06-25,148.36,365,,0
12393,12393,2026-06-25,24.66,327,,0
12394,12394,2026-06-25,148.36,365,,0
12395,12395,2026-06-24,157.00,288,,55
12396,12396,2026-06-24,182.11,168,,2
12397,12397,2026-06-25,148.36,365,,0
12398,12398,2026-06-25,148.36,365,,0
12399,12399,2026-06-25,63.00,347,,42
12400,12400,2026-06-25,78.76,359,,0
12401,12401,2026-06-25,425.00,323,,32
12402,12402,2026-06-25,175.00,314,,21
12403,12403,2026-06-25,176.00,325,,21
12404,12404,2026-06-25,198.00,344,,36
12405,12405,2026-06-24,107.28,365,,0
12406,12406,2026-06-25,95.65,335,,1
12407,12407,2026-06-24,107.28,365,,0
12408,12408,2026-06-25,107.28,365,,0
12409,12409,2026-06-25,107.28,365,,0
12410,12410,2026-06-25,251.17,348,,0
12411,12411,2026-06-24,107.28,365,,0
12412,12412,2026-06-25,251.17,348,,0
12413,12413,2026-06-25,251.17,348,,0
12414,12414,2026-06-25,251.17,348,,0
12415,12415,2026-06-25,251.17,348,,0
12416,12416,2026-07-03,232.75,287,,28
12417,12417,2026-07-03,198.50,358,,29
12418,12418,2026-06-25,682.00,154,,5
12419,12419,2026-06-25,275.00,319,,34
12420,12420,2026-06-25,558.00,293,,25
12421,12421,2026-06-25,346.00,289,,26
12422,12422,2026-06-25,418.50,282,,20
12423,12423,2026-06-25,298.00,282,,29
12424,12424,2026-06-24,112.22,68,,1
12425,12425,2026-06-25,63.91,237,,0
12426,12426,2026-06-25,63.56,236,,0
12427,12427,2026-06-24,221.00,334,,44
12428,12428,2026-06-25,75.32,365,,0
12429,12429,2026-06-25,75.32,365,,0
12430,12430,2026-06-25,75.32,365,,0
12431,12431,2026-06-25,75.32,365,,0
12432,12432,2026-07-03,160.91,300,,38
12433,12433,2026-06-25,75.32,365,,0
12434,12434,2026-06-24,168.58,365,,0
12435,12435,2026-06-25,168.58,365,,0
12436,12436,2026-06-25,168.58,365,,0
12437,12437,2026-06-25,168.58,365,,0
12438,12438,2026-06-25,168.58,365,,1
12439,12439,2026-06-25,189.00,121,,41
12440,12440,2026-06-25,923.00,362,,0
12441,12441,2026-07-03,165.50,49,,44
12442,12442,2026-06-25,59.25,329,,0
12443,12443,2026-06-25,51.97,101,,0
12444,12444,2026-06-25,340.00,134,,92
12445,12445,2026-06-24,61.60,296,,1
12446,12446,2026-06-25,59.25,329,,0
12447,12447,2026-06-25,182.75,130,,13
12448,12448,2026-06-24,224.00,312,,47
12449,12449,2026-06-24,200.00,301,,31
12450,12450,2026-06-25,107.28,365,,0
12451,12451,2026-06-25,163.19,365,,0
12452,12452,2026-06-25,107.28,365,,0
12453,12453,2026-06-25,107.28,365,,0
12454,12454,2026-06-25,107.28,365,,0
12455,12455,2026-06-25,56.38,175,,0
12456,12456,2026-06-25,459.98,352,,32
12457,12457,2026-06-25,63.56,300,,0
12458,12458,2026-06-24,281.87,284,,43
12459,12459,2026-06-25,31.86,243,,1
12460,12460,2026-06-25,62.63,267,,0
12461,12461,2026-06-25,169.60,99,,36
12462,12462,2026-06-25,409.67,255,,14
12463,12463,2026-06-25,156.67,129,,5
12464,12464,2026-06-24,220.28,365,,0
12465,12465,2026-06-25,72.08,333,,0
12466,12466,2026-06-25,225.33,299,,34
12467,12467,2026-06-25,123.09,300,,0
12468,12468,2026-06-24,189.00,289,,31
12469,12469,2026-06-25,84.35,200,,2
12470,12470,2026-06-24,162.78,329,,0
12471,12471,2026-06-25,87.66,313,,3
12472,12472,2026-06-25,177.34,303,,2
12473,12473,2026-06-25,1712.00,365,,0
12474,12474,2026-06-25,1028.00,365,,0
12475,12475,2026-06-25,388.00,196,,27
12476,12476,2026-06-25,1279.00,364,,0
12477,12477,2026-06-25,1918.00,365,,0
12478,12478,2026-07-03,,8,,0
12479,12479,2026-06-25,168.58,365,,0
12480,12480,2026-06-25,172.06,365,,0
12481,12481,2026-06-25,75.00,323,,18
12482,12482,2026-06-25,168.58,365,,0
12483,12483,2026-06-25,168.58,365,,0
12484,12484,2026-06-25,168.58,365,,0
12485,12485,2026-06-25,168.58,365,,0
12486,12486,2026-06-25,168.58,365,,0
12487,12487,2026-06-25,168.58,365,,0
12488,12488,2026-06-25,107.28,365,,0
12489,12489,2026-06-25,107.28,365,,0
12490,12490,2026-06-25,174.33,167,,0
12491,12491,2026-06-24,1712.00,365,,0
12492,12492,2026-06-25,107.28,365,,0
12493,12493,2026-06-25,107.28,365,,0
12494,12494,2026-06-25,107.28,365,,0
12495,12495,2026-06-25,135.75,322,,2
12496,12496,2026-06-25,30.27,146,,2
12497,12497,2026-06-25,107.28,365,,0
12498,12498,2026-06-25,107.28,365,,0
12499,12499,2026-06-25,107.28,365,,0
12500,12500,2026-06-25,55.47,268,,1
12501,12501,2026-06-24,63.75,263,,3
12502,12502,2026-07-03,116.60,330,,0
12503,12503,2026-06-25,53.14,304,,0
12504,12504,2026-06-25,39.16,267,,3
12505,12505,2026-06-25,24.71,337,,1
12506,12506,2026-06-25,127.45,292,,0
12507,12507,2026-06-25,342.35,290,,56
12508,12508,2026-06-25,69.00,346,,7
12509,12509,2026-07-03,,9,,0
12510,12510,2026-06-24,133.02,290,,0
12511,12511,2026-06-25,55.94,308,,0
12512,12512,2026-06-25,180.24,297,,7
12513,12513,2026-06-25,354.00,261,,43
12514,12514,2026-06-24,295.00,151,,4
12515,12515,2026-06-25,1872.00,365,,0
12516,12516,2026-06-25,199.80,300,,2
12517,12517,2026-06-25,104.35,234,,0
12518,12518,2026-06-25,1306.00,140,,8
12519,12519,2026-06-24,29.96,286,,4
12520,12520,2026-06-25,,364,,0
12521,12521,2026-06-25,136.00,300,,7
12522,12522,2026-06-25,94.72,22,,25
12523,12523,2026-06-24,260.00,156,,3
12524,12524,2026-06-25,143.60,128,,0
12525,12525,2026-07-03,104.97,34,,0
12526,12526,2026-06-25,90.96,179,,9
12527,12527,2026-06-25,107.09,180,,7
12528,12528,2026-06-25,262.50,117,,6
12529,12529,2026-06-24,89.85,174,,0
12530,12530,2026-06-25,660.00,242,,9
12531,12531,2026-06-25,552.00,110,,4
12532,12532,2026-06-25,136.19,240,,1
12533,12533,2026-06-25,33.78,335,,0
12534,12534,2026-06-25,308.00,287,,22
12535,12535,2026-06-25,233.10,300,,99
12536,12536,2026-07-03,32.59,193,,1
12537,12537,2026-06-25,2260.00,365,,0
12538,12538,2026-06-25,2260.00,365,,0
12539,12539,2026-06-25,2260.00,365,,0
12540,12540,2026-06-25,107.01,162,,0
12541,12541,2026-06-24,371.00,306,,25
12542,12542,2026-06-25,194.00,350,,0
12543,12543,2026-06-24,99.28,235,,1
12544,12544,2026-06-25,180.84,365,,0
12545,12545,2026-06-25,128.33,62,,31
12546,12546,2026-06-25,80.00,77,,16
12547,12547,2026-06-25,69.04,295,,0
12548,12548,2026-06-24,491.00,217,,21
12549,12549,2026-06-25,244.67,275,,12
12550,12550,2026-06-25,167.00,210,,17
12551,12551,2026-06-25,268.00,265,,18
12552,12552,2026-06-25,451.00,296,,20
12553,12553,2026-06-25,304.00,270,,18
12554,12554,2026-06-25,395.00,265,,28
12555,12555,2026-06-25,352.00,278,,13
12556,12556,2026-06-25,362.00,273,,5
12557,12557,2026-06-25,342.00,260,,15
12558,12558,2026-06-25,109.39,300,,0
12559,12559,2026-06-25,1301.00,141,,1
12560,12560,2026-07-03,,0,,1
12561,12561,2026-07-03,,0,,0
12562,12562,2026-06-25,363.00,290,,13
12563,12563,2026-06-25,210.88,365,,0
12564,12564,2026-06-24,165.00,138,,1
12565,12565,2026-07-03,88.60,5,,26
12566,12566,2026-06-24,153.00,91,,0
12567,12567,2026-06-24,153.00,120,,2
12568,12568,2026-06-24,212.00,74,,1
12569,12569,2026-06-24,141.00,92,,0
12570,12570,2026-06-25,206.00,123,,24
12571,12571,2026-06-25,175.20,345,,4
12572,12572,2026-06-25,216.00,284,,23
12573,12573,2026-06-24,268.00,312,,3
12574,12574,2026-06-24,180.00,338,,4
12575,12575,2026-07-03,266.04,264,,44
12576,12576,2026-06-25,113.76,297,,1
12577,12577,2026-06-25,156.33,331,,1
12578,12578,2026-06-24,197.00,304,,0
12579,12579,2026-06-25,293.69,89,,0
12580,12580,2026-06-25,101.81,359,,0
12581,12581,2026-06-25,1900.00,365,,0
12582,12582,2026-06-25,75.03,350,,0
12583,12583,2026-06-25,111.78,328,,0
12584,12584,2026-06-25,1900.00,365,,0
12585,12585,2026-06-24,1900.00,364,,0
12586,12586,2026-06-25,1900.00,365,,0
12587,12587,2026-06-25,1900.00,365,,0
12588,12588,2026-06-25,629.50,303,,32
12589,12589,2026-06-25,507.50,294,,28
12590,12590,2026-06-25,78.03,361,,0
12591,12591,2026-06-25,209.91,324,,0
12592,12592,2026-06-24,1240.00,356,,21
12593,12593,2026-06-24,29.81,327,,3
12594,12594,2026-06-25,255.50,345,,20
12595,12595,2026-06-25,216.82,314,,47
12596,12596,2026-06-25,129.24,39,,0
12597,12597,2026-06-24,101.00,59,,4
12598,12598,2026-06-25,85.43,252,,2
12599,12599,2026-06-25,3150.00,365,,0
12600,12600,2026-06-25,115.53,334,,0
12601,12601,2026-06-25,73.00,353,,35
12602,12602,2026-06-25,120.00,355,,47
12603,12603,2026-06-25,88.97,359,,0
12604,12604,2026-06-25,745.52,362,,0
12605,12605,2026-06-25,110.78,55,,1
12606,12606,2026-07-03,,0,,0
12607,12607,2026-06-24,564.88,64,,64
12608,12608,2026-06-25,2374.00,365,,0
12609,12609,2026-06-25,58.00,246,,5
12610,12610,2026-07-03,33.59,55,,0
12611,12611,2026-06-25,428.00,247,,1
12612,12612,2026-06-25,107.28,365,,0
12613,12613,2026-06-25,107.28,365,,0
12614,12614,2026-06-25,107.28,365,,0
12615,12615,2026-06-25,107.28,365,,0
12616,12616,2026-06-25,107.28,365,,0
12617,12617,2026-06-25,101.23,302,,3
12618,12618,2026-06-25,87.42,204,,2
12619,12619,2026-06-25,371.00,364,,0
12620,12620,2026-06-25,39.67,127,,0
12621,12621,2026-07-03,39.23,98,,0
12622,12622,2026-07-03,,117,,0
12623,12623,2026-06-25,97.59,297,,10
12624,12624,2026-07-03,180.70,301,,1
12625,12625,2026-07-03,255.21,322,,19
12626,12626,2026-06-25,27.45,179,,1
12627,12627,2026-06-25,21.68,217,,1
12628,12628,2026-06-24,96.16,322,,1
12629,12629,2026-06-25,948.00,365,,0
12630,12630,2026-06-25,948.00,365,,0
12631,12631,2026-06-25,1421.00,365,,0
12632,12632,2026-06-25,1421.00,365,,0
12633,12633,2026-06-25,225.00,158,,50
12634,12634,2026-06-24,90.94,159,,2
12635,12635,2026-06-25,277.35,365,,0
12636,12636,2026-06-24,170.25,329,,17
12637,12637,2026-06-25,82.22,62,,1
12638,12638,2026-07-03,73.25,89,,0
12639,12639,2026-07-03,,19,,4
12640,12640,2026-06-25,394.00,365,,0
12641,12641,2026-06-25,584.00,259,,59
12642,12642,2026-07-03,,0,,0
12643,12643,2026-06-25,91.73,328,,0
12644,12644,2026-06-25,142.75,199,,1
12645,12645,2026-06-25,58.00,252,,1
12646,12646,2026-06-25,75.47,312,,0
12647,12647,2026-06-25,70.18,364,,0
12648,12648,2026-06-25,160.00,123,,3
12649,12649,2026-06-25,64.00,268,,40
12650,12650,2026-06-24,41.77,205,,0
12651,12651,2026-07-03,89.05,210,,0
12652,12652,2026-06-24,145.00,60,,8
12653,12653,2026-06-25,161.64,67,,0
12654,12654,2026-06-24,218.25,21,,0
12655,12655,2026-06-25,397.86,341,,23
12656,12656,2026-06-25,200.00,217,,8
12657,12657,2026-06-25,113.19,306,,0
12658,12658,2026-06-25,,345,,0
12659,12659,2026-06-24,336.65,50,,55
12660,12660,2026-06-25,29.39,266,,1
12661,12661,2026-06-25,37.58,365,,0
12662,12662,2026-06-25,21.47,143,,3
12663,12663,2026-06-25,78.78,304,,0
12664,12664,2026-06-25,,10,,0
12665,12665,2026-06-25,148.36,365,,0
12666,12666,2026-06-25,148.36,365,,0
12667,12667,2026-06-25,107.28,365,,0
12668,12668,2026-06-25,107.28,365,,0
12669,12669,2026-06-25,107.28,359,,0
12670,12670,2026-06-25,251.17,348,,0
12671,12671,2026-06-24,23.84,206,,1
12672,12672,2026-06-24,23.84,328,,1
12673,12673,2026-06-24,23.84,317,,2
12674,12674,2026-06-25,35.12,333,,4
12675,12675,2026-06-25,366.00,365,,0
12676,12676,2026-06-25,251.17,348,,0
12677,12677,2026-06-25,251.17,348,,0
12678,12678,2026-06-25,147.00,365,,0
12679,12679,2026-06-25,57.20,309,,0
12680,12680,2026-06-25,147.00,365,,0
12681,12681,2026-06-25,179.55,342,,25
12682,12682,2026-06-24,179.00,323,,70
12683,12683,2026-07-03,200.00,232,,36
12684,12684,2026-06-25,64.67,267,,29
12685,12685,2026-07-03,148.62,322,,25
12686,12686,2026-06-25,97.00,220,,34
12687,12687,2026-06-25,101.00,254,,55
12688,12688,2026-06-25,139.19,365,,0
12689,12689,2026-06-25,99.00,236,,30
12690,12690,2026-06-25,331.33,307,,19
12691,12691,2026-06-25,139.19,365,,0
12692,12692,2026-06-25,147.00,365,,0
12693,12693,2026-06-25,,358,,0
12694,12694,2026-06-25,147.00,365,,0
12695,12695,2026-07-03,159.00,285,,10
12696,12696,2026-07-03,82.87,140,,4
12697,12697,2026-06-24,94.91,264,,3
12698,12698,2026-06-25,133.27,320,,1
12699,12699,2026-06-24,115.75,273,,2
12700,12700,2026-06-25,147.00,365,,0
12701,12701,2026-06-25,147.00,365,,0
12702,12702,2026-06-24,147.00,365,,0
12703,12703,2026-06-24,147.00,365,,0
12704,12704,2026-06-24,147.00,365,,0
12705,12705,2026-06-24,199.11,62,,0
12706,12706,2026-06-24,147.00,365,,0
12707,12707,2026-06-24,147.00,365,,0
12708,12708,2026-06-24,147.00,365,,0
12709,12709,2026-06-24,147.00,365,,0
12710,12710,2026-06-24,147.00,365,,0
12711,12711,2026-06-24,147.00,365,,0
12712,12712,2026-06-24,155.66,54,,0
12713,12713,2026-06-25,125.39,261,,0
12714,12714,2026-06-25,281.00,289,,8
12715,12715,2026-06-25,187.00,271,,0
12716,12716,2026-06-25,273.08,319,,41
12717,12717,2026-06-25,147.00,365,,0
12718,12718,2026-06-25,147.00,365,,0
12719,12719,2026-06-25,147.00,365,,0
12720,12720,2026-06-25,147.00,365,,0
12721,12721,2026-06-24,80.72,352,,2
12722,12722,2026-06-25,148.36,365,,0
12723,12723,2026-06-25,148.36,365,,0
12724,12724,2026-06-24,250.00,208,,62
12725,12725,2026-06-25,275.00,229,,36
12726,12726,2026-06-25,147.00,365,,0
12727,12727,2026-06-25,147.00,365,,0
12728,12728,2026-06-25,148.36,365,,0
12729,12729,2026-06-25,148.36,365,,0
12730,12730,2026-06-24,383.00,350,,14
12731,12731,2026-06-25,147.00,365,,0
12732,12732,2026-06-25,147.00,365,,0
12733,12733,2026-06-25,147.00,365,,0
12734,12734,2026-06-25,147.00,365,,0
12735,12735,2026-06-25,130.97,267,,1
12736,12736,2026-06-25,108.41,77,,4
12737,12737,2026-06-25,1895.00,365,,0
12738,12738,2026-06-25,,144,,37
12739,12739,2026-06-25,72.30,117,,3
12740,12740,2026-06-25,310.00,310,,12
12741,12741,2026-06-25,384.50,304,,3
12742,12742,2026-06-25,326.00,300,,35
12743,12743,2026-06-25,69.27,297,,2
12744,12744,2026-06-25,548.00,338,,35
12745,12745,2026-06-25,89.33,237,,1
12746,12746,2026-07-03,,0,,1
12747,12747,2026-06-25,108.85,302,,0
12748,12748,2026-06-25,147.00,365,,0
12749,12749,2026-06-25,147.00,365,,0
12750,12750,2026-06-25,147.00,365,,0
12751,12751,2026-06-25,147.00,365,,0
12752,12752,2026-06-24,184.45,107,,53
12753,12753,2026-06-25,100.96,194,,4
12754,12754,2026-06-25,79.03,343,,2
12755,12755,2026-06-25,261.50,261,,12
12756,12756,2026-06-25,211.12,341,,34
12757,12757,2026-06-25,119.47,251,,1
12758,12758,2026-06-25,102.16,306,,2
12759,12759,2026-06-25,108.93,188,,1
12760,12760,2026-06-25,239.80,66,,18
12761,12761,2026-06-25,147.00,365,,0
12762,12762,2026-06-25,147.00,365,,0
12763,12763,2026-06-25,147.00,365,,0
12764,12764,2026-06-25,120.00,191,,13
12765,12765,2026-06-25,816.00,365,,0
12766,12766,2026-06-25,95.77,219,,1
12767,12767,2026-06-25,367.00,290,,9
12768,12768,2026-06-24,856.00,365,,0
12769,12769,2026-06-25,91.20,297,,0
12770,12770,2026-06-24,107.92,212,,0
12771,12771,2026-06-25,205.50,354,,10
12772,12772,2026-06-24,116.39,165,,0
12773,12773,2026-06-25,132.84,336,,0
12774,12774,2026-06-25,147.00,365,,0
12775,12775,2026-06-25,147.00,365,,0
12776,12776,2026-06-25,147.00,365,,0
12777,12777,2026-06-25,147.00,365,,0
12778,12778,2026-06-25,147.00,365,,0
12779,12779,2026-06-25,147.00,365,,0
12780,12780,2026-06-25,358.50,315,,27
12781,12781,2026-06-25,82.95,38,,1
12782,12782,2026-06-25,87.20,269,,0
12783,12783,2026-06-24,270.00,283,,17
12784,12784,2026-06-24,137.00,272,,8
12785,12785,2026-06-25,168.00,236,,48
12786,12786,2026-06-24,210.00,293,,28
12787,12787,2026-06-25,148.36,365,,0
12788,12788,2026-06-25,148.36,341,,0
12789,12789,2026-06-25,397.87,361,,0
12790,12790,2026-06-25,168.61,143,,3
12791,12791,2026-06-25,147.00,340,,0
12792,12792,2026-06-25,147.00,365,,0
12793,12793,2026-07-03,139.44,37,,2
12794,12794,2026-06-25,147.00,365,,0
12795,12795,2026-06-25,147.00,333,,0
12796,12796,2026-06-25,147.00,365,,0
12797,12797,2026-06-25,147.00,365,,0
12798,12798,2026-06-24,395.55,345,,34
12799,12799,2026-06-25,38.10,190,,4
12800,12800,2026-06-25,34.84,205,,4
12801,12801,2026-06-25,342.00,269,,32
12802,12802,2026-06-25,107.28,365,,0
12803,12803,2026-06-25,349.00,298,,26
12804,12804,2026-07-03,220.00,23,,27
12805,12805,2026-06-25,251.17,348,,0
12806,12806,2026-06-25,168.58,365,,0
12807,12807,2026-06-24,168.58,365,,0
12808,12808,2026-06-25,674.00,237,,0
12809,12809,2026-06-25,1347.00,363,,0
12810,12810,2026-06-25,1010.00,365,,0
12811,12811,2026-06-25,86.77,214,,7
12812,12812,2026-06-25,75.10,154,,2
12813,12813,2026-06-25,,138,,15
12814,12814,2026-06-25,113.73,188,,2
12815,12815,2026-06-25,1815.00,363,,0
12816,12816,2026-06-25,1815.00,365,,0
12817,12817,2026-06-25,1815.00,365,,0
12818,12818,2026-06-25,147.00,250,,63
12819,12819,2026-06-25,2420.00,365,,0
12820,12820,2026-06-24,196.00,198,,0
12821,12821,2026-06-25,2420.00,364,,0
12822,12822,2026-06-25,172.00,227,,6
12823,12823,2026-06-25,142.14,260,,1
12824,12824,2026-06-25,179.00,240,,88
12825,12825,2026-06-25,3025.00,365,,0
12826,12826,2026-06-25,3025.00,365,,0
12827,12827,2026-06-25,88.96,290,,3
12828,12828,2026-06-25,285.50,147,,9
12829,12829,2026-07-03,67.85,117,,1
12830,12830,2026-06-25,234.40,345,,16
12831,12831,2026-06-24,29.85,239,,0
12832,12832,2026-06-24,34.20,243,,0
12833,12833,2026-06-25,34.20,221,,0
12834,12834,2026-06-24,14.78,158,,3
12835,12835,2026-06-25,247.00,131,,0
12836,12836,2026-06-25,2774.00,365,,0
12837,12837,2026-06-24,,365,,0
12838,12838,2026-06-25,189.00,319,,26
12839,12839,2026-06-25,98.47,91,,0
12840,12840,2026-06-25,156.97,323,,0
12841,12841,2026-06-24,448.00,339,,38
12842,12842,2026-07-03,253.39,88,,55
12843,12843,2026-06-25,38.00,281,,1
12844,12844,2026-06-25,315.15,285,,25
12845,12845,2026-06-24,411.10,298,,46
12846,12846,2026-06-25,26.93,138,,2
12847,12847,2026-06-25,21.63,118,,2
12848,12848,2026-06-25,229.50,225,,28
12849,12849,2026-06-25,406.00,276,,16
12850,12850,2026-06-24,2443.00,365,,0
12851,12851,2026-06-25,118.50,32,,2
12852,12852,2026-06-24,297.12,325,,15
12853,12853,2026-06-25,179.00,128,,18
12854,12854,2026-06-25,181.00,314,,50
12855,12855,2026-06-25,100.29,298,,5
12856,12856,2026-06-25,232.50,354,,48
12857,12857,2026-06-25,201.00,325,,19
12858,12858,2026-06-25,366.00,131,,0
12859,12859,2026-06-25,638.67,274,,17
12860,12860,2026-06-25,4080.00,365,,0
12861,12861,2026-06-25,132.58,222,,1
12862,12862,2026-06-25,,189,,0
12863,12863,2026-06-25,240.25,284,,4
12864,12864,2026-06-25,213.50,340,,59
12865,12865,2026-07-03,,29,,19
12866,12866,2026-06-24,91.38,72,,2
12867,12867,2026-06-25,32.22,353,,0
12868,12868,2026-06-25,43.19,357,,0
12869,12869,2026-06-25,34.96,292,,1
12870,12870,2026-06-25,33.44,359,,0
12871,12871,2026-06-25,177.00,175,,0
12872,12872,2026-06-25,93.57,320,,2
12873,12873,2026-06-25,,90,,0
12874,12874,2026-06-24,153.30,206,,12
12875,12875,2026-06-25,212.00,232,,0
12876,12876,2026-06-25,110.16,331,,1
12877,12877,2026-06-24,443.00,315,,14
12878,12878,2026-06-24,205.50,237,,10
12879,12879,2026-06-25,112.78,359,,4
12880,12880,2026-06-24,270.00,199,,57
12881,12881,2026-07-03,,0,,1
12882,12882,2026-06-25,86.06,365,,0
12883,12883,2026-06-25,170.50,281,,1
12884,12884,2026-06-25,229.45,353,,22
12885,12885,2026-06-25,229.45,354,,20
12886,12886,2026-06-25,3264.00,358,,0
12887,12887,2026-06-25,143.51,361,,2
12888,12888,2026-06-25,255.10,332,,21
12889,12889,2026-06-25,3253.00,365,,0
12890,12890,2026-06-25,33.72,266,,1
12891,12891,2026-06-25,33.72,334,,3
12892,12892,2026-07-03,17.86,345,,1
12893,12893,2026-06-25,33.72,340,,1
12894,12894,2026-06-25,141.18,364,,0
12895,12895,2026-06-25,148.58,311,,3
12896,12896,2026-06-25,31.09,365,,0
12897,12897,2026-06-24,162.50,120,,10
12898,12898,2026-06-25,44.57,365,,0
12899,12899,2026-06-25,1712.00,365,,0
12900,12900,2026-06-25,263.50,314,,11
12901,12901,2026-06-25,290.30,245,,47
12902,12902,2026-06-25,255.80,316,,25
12903,12903,2026-06-25,228.24,50,,17
12904,12904,2026-06-25,182.59,85,,22
12905,12905,2026-06-24,110.53,101,,0
12906,12906,2026-06-25,239.00,339,,18
12907,12907,2026-06-25,87.11,149,,0
12908,12908,2026-06-25,207.35,358,,17
12909,12909,2026-06-25,595.69,365,,0
12910,12910,2026-06-24,33.37,364,,1
12911,12911,2026-06-24,22.24,52,,1
12912,12912,2026-06-24,268.18,273,,27
12913,12913,2026-07-03,155.58,295,,0
12914,12914,2026-06-25,347.00,326,,24
12915,12915,2026-06-25,239.80,365,,0
12916,12916,2026-06-24,342.36,160,,9
12917,12917,2026-06-25,66.91,321,,3
12918,12918,2026-06-24,32.16,274,,1
12919,12919,2026-06-25,31.16,325,,0
12920,12920,2026-06-25,33.44,356,,0
12921,12921,2026-06-25,253.00,337,,16
12922,12922,2026-06-25,246.80,324,,23
12923,12923,2026-06-25,345.50,295,,19
12924,12924,2026-06-25,251.25,344,,29
12925,12925,2026-06-25,651.00,363,,0
12926,12926,2026-06-24,101.02,243,,1
12927,12927,2026-06-25,244.15,353,,19
12928,12928,2026-06-25,651.00,365,,0
12929,12929,2026-06-24,165.94,309,,0
12930,12930,2026-06-24,195.90,296,,34
12931,12931,2026-06-25,55.94,281,,1
12932,12932,2026-06-25,60.35,343,,4
12933,12933,2026-06-25,651.00,264,,0
12934,12934,2026-06-25,252.00,359,,7
12935,12935,2026-06-25,257.65,31,,0
12936,12936,2026-06-25,146.67,285,,2
12937,12937,2026-06-24,283.50,324,,6
12938,12938,2026-06-25,238.20,328,,9
12939,12939,2026-06-24,103.00,263,,21
12940,12940,2026-06-25,,350,,2
12941,12941,2026-06-25,111.38,323,,1
12942,12942,2026-06-25,107.69,332,,1
12943,12943,2026-06-25,95.39,197,,0
12944,12944,2026-06-25,226.50,340,,31
12945,12945,2026-06-25,221.28,317,,22
12946,12946,2026-06-25,265.00,319,,26
12947,12947,2026-07-03,,0,,0
12948,12948,2026-06-25,83.20,97,,0
12949,12949,2026-06-25,165.00,242,,2
12950,12950,2026-06-25,39.60,328,,1
12951,12951,2026-06-24,48.66,265,,0
12952,12952,2026-06-25,26.64,328,,0
12953,12953,2026-06-25,159.00,354,,7
12954,12954,2026-06-25,174.50,362,,91
12955,12955,2026-06-25,172.00,359,,4
12956,12956,2026-06-25,35.62,314,,0
12957,12957,2026-06-24,176.25,56,,1
12958,12958,2026-06-24,32.37,336,,0
12959,12959,2026-06-25,33.14,307,,1
12960,12960,2026-06-25,50.44,254,,1
12961,12961,2026-06-25,48.00,237,,0
12962,12962,2026-06-25,49.59,253,,0
12963,12963,2026-06-25,36.10,286,,3
12964,12964,2026-06-25,32.77,341,,1
12965,12965,2026-06-25,45.97,330,,2
12966,12966,2026-06-25,37.68,254,,1
12967,12967,2026-06-25,34.91,344,,3
12968,12968,2026-06-25,34.26,302,,4
12969,12969,2026-06-25,45.19,328,,1
12970,12970,2026-06-25,42.71,357,,2
12971,12971,2026-06-25,32.10,249,,2
12972,12972,2026-06-25,1070.00,357,,0
12973,12973,2026-06-25,69.84,194,,0
12974,12974,2026-06-25,343.48,300,,1
12975,12975,2026-06-24,476.00,330,,44
12976,12976,2026-06-25,112.35,217,,1
12977,12977,2026-06-25,130.00,70,,1
12978,12978,2026-06-25,307.75,349,,20
12979,12979,2026-06-25,106.00,175,,1
12980,12980,2026-06-24,120.00,172,,17
12981,12981,2026-06-25,307.50,135,,6
12982,12982,2026-06-24,287.58,107,,34
12983,12983,2026-06-24,72.10,318,,2
12984,12984,2026-06-25,216.00,327,,5
12985,12985,2026-06-25,315.12,297,,0
12986,12986,2026-06-25,129.74,220,,0
12987,12987,2026-06-25,60.72,178,,0
12988,12988,2026-06-25,,164,,0
12989,12989,2026-06-25,67.33,346,,0
12990,12990,2026-06-25,,323,,0
12991,12991,2026-06-25,68.53,285,,3
12992,12992,2026-06-25,125.90,227,,0
12993,12993,2026-06-25,1826.00,365,,0
12994,12994,2026-06-25,1421.00,328,,0
12995,12995,2026-06-25,131.34,298,,1
12996,12996,2026-06-24,106.68,126,,0
12997,12997,2026-06-25,1712.00,365,,0
12998,12998,2026-06-25,1712.00,365,,0
12999,12999,2026-06-24,2140.00,365,,0
13000,13000,2026-06-25,88.50,342,,0
13001,13001,2026-06-25,178.50,44,,57
13002,13002,2026-06-24,276.00,180,,6
13003,13003,2026-06-24,200.00,179,,3
13004,13004,2026-06-24,255.00,180,,3
13005,13005,2026-06-25,100.65,348,,0
13006,13006,2026-06-25,89.13,365,,0
13007,13007,2026-06-25,67.42,277,,0
13008,13008,2026-06-25,135.95,194,,1
13009,13009,2026-06-24,65.71,348,,5
13010,13010,2026-06-25,137.94,298,,0
13011,13011,2026-06-24,427.50,324,,1
13012,13012,2026-06-24,62.00,11,,2
13013,13013,2026-06-25,63.10,186,,0
13014,13014,2026-06-25,3150.00,362,,0
13015,13015,2026-06-25,149.00,316,,5
13016,13016,2026-06-25,113.52,326,,1
13017,13017,2026-06-25,2557.00,365,,0
13018,13018,2026-06-25,2557.00,364,,0
13019,13019,2026-06-25,190.60,32,,83
13020,13020,2026-06-25,241.12,206,,0
13021,13021,2026-06-24,467.64,317,,20
13022,13022,2026-06-25,30.33,360,,0
13023,13023,2026-06-25,225.21,297,,0
13024,13024,2026-06-25,307.00,337,,1
13025,13025,2026-06-25,284.00,29,,4
13026,13026,2026-06-24,243.67,89,,29
13027,13027,2026-06-25,89.88,90,,0
13028,13028,2026-07-03,90.17,32,,0
13029,13029,2026-06-25,52.64,332,,1
13030,13030,2026-06-24,425.00,136,,2
13031,13031,2026-06-25,67.42,284,,1
13032,13032,2026-06-24,123.28,322,,0
13033,13033,2026-06-24,1712.00,229,,0
13034,13034,2026-06-25,343.42,337,,22
13035,13035,2026-06-25,411.00,321,,25
13036,13036,2026-06-25,95.69,365,,0
13037,13037,2026-06-24,95.69,365,,0
13038,13038,2026-06-25,,365,,0
13039,13039,2026-06-25,196.66,269,,26
13040,13040,2026-06-24,648.00,297,,27
13041,13041,2026-06-25,107.19,332,,0
13042,13042,2026-06-25,3253.00,365,,0
13043,13043,2026-06-25,30.58,267,,0
13044,13044,2026-06-25,2283.00,321,,0
13045,13045,2026-06-24,179.33,342,,11
13046,13046,2026-07-03,196.00,147,,2
13047,13047,2026-06-24,320.00,197,,66
13048,13048,2026-06-24,515.33,282,,4
13049,13049,2026-06-24,239.80,310,,24
13050,13050,2026-06-25,195.33,308,,1
13051,13051,2026-06-25,1895.00,333,,0
13052,13052,2026-06-25,1895.00,365,,0
13053,13053,2026-06-25,1895.00,351,,0
13054,13054,2026-06-24,44.00,327,,1
13055,13055,2026-06-25,193.00,250,,32
13056,13056,2026-06-25,177.00,238,,21
13057,13057,2026-06-25,300.00,214,,29
13058,13058,2026-06-25,283.00,252,,27
13059,13059,2026-06-25,219.00,240,,13
13060,13060,2026-06-25,204.00,241,,20
13061,13061,2026-06-25,204.00,238,,24
13062,13062,2026-06-25,193.00,244,,29
13063,13063,2026-06-25,193.00,250,,21
13064,13064,2026-06-25,283.00,243,,28
13065,13065,2026-06-25,274.00,247,,36
13066,13066,2026-07-03,,148,,0
13067,13067,2026-07-03,,364,,0
13068,13068,2026-06-25,118.13,284,,3
13069,13069,2026-06-25,297.80,342,,24
13070,13070,2026-06-25,128.68,110,,4
13071,13071,2026-06-24,260.80,347,,24
13072,13072,2026-06-25,58.73,180,,0
13073,13073,2026-06-25,251.17,348,,0
13074,13074,2026-06-25,251.17,348,,0
13075,13075,2026-06-25,90.52,82,,0
13076,13076,2026-06-25,247.75,321,,17
13077,13077,2026-06-25,96.24,69,,1
13078,13078,2026-06-25,272.40,259,,42
13079,13079,2026-06-25,186.90,268,,49
13080,13080,2026-07-03,,0,,0
13081,13081,2026-07-03,,0,,0
13082,13082,2026-06-24,159.83,104,,4
13083,13083,2026-06-25,132.75,310,,1
13084,13084,2026-06-24,116.28,309,,3
13085,13085,2026-06-25,145.00,365,,0
13086,13086,2026-06-25,90.58,365,,0
13087,13087,2026-06-25,146.08,365,,0
13088,13088,2026-06-25,130.10,249,,0
13089,13089,2026-06-25,146.08,335,,0
13090,13090,2026-06-25,146.08,365,,0
13091,13091,2026-06-25,146.08,365,,0
13092,13092,2026-06-25,146.08,365,,0
13093,13093,2026-06-24,146.08,365,,0
13094,13094,2026-06-24,146.08,338,,0
13095,13095,2026-06-25,146.08,365,,0
13096,13096,2026-06-24,146.08,365,,0
13097,13097,2026-06-25,268.18,87,,9
13098,13098,2026-06-24,146.08,364,,0
13099,13099,2026-06-25,146.08,365,,0
13100,13100,2026-06-24,146.08,365,,0
13101,13101,2026-06-25,146.08,365,,0
13102,13102,2026-06-25,146.08,365,,0
13103,13103,2026-06-25,146.08,365,,0
13104,13104,2026-06-25,146.08,365,,0
13105,13105,2026-06-25,146.08,365,,0
13106,13106,2026-06-25,146.08,365,,0
13107,13107,2026-07-03,100.13,133,,1
13108,13108,2026-06-25,237.00,309,,0
13109,13109,2026-06-24,148.35,214,,26
13110,13110,2026-06-25,386.33,140,,18
13111,13111,2026-06-25,203.33,163,,23
13112,13112,2026-06-24,120.50,179,,3
13113,13113,2026-07-03,,0,,10
13114,13114,2026-07-03,,0,,19
13115,13115,2026-06-25,146.08,365,,0
13116,13116,2026-07-03,,0,,5
13117,13117,2026-07-03,,0,,4
13118,13118,2026-06-24,137.75,360,,0
13119,13119,2026-06-25,146.08,365,,0
13120,13120,2026-06-25,295.50,273,,47
13121,13121,2026-06-25,327.00,275,,54
13122,13122,2026-06-25,229.20,271,,41
13123,13123,2026-06-25,208.50,281,,38
13124,13124,2026-06-25,146.08,340,,0
13125,13125,2026-06-25,263.10,272,,41
13126,13126,2026-06-25,208.50,299,,39
13127,13127,2026-06-24,252.50,306,,22
13128,13128,2026-06-24,250.80,261,,46
13129,13129,2026-06-25,316.50,269,,39
13130,13130,2026-06-25,146.08,338,,0
13131,13131,2026-06-25,186.90,255,,41
13132,13132,2026-06-25,295.50,257,,40
13133,13133,2026-06-25,146.08,365,,0
13134,13134,2026-06-25,146.08,338,,0
13135,13135,2026-06-25,146.08,335,,0
13136,13136,2026-06-25,146.08,365,,0
13137,13137,2026-06-25,146.08,365,,0
13138,13138,2026-06-25,146.08,324,,0
13139,13139,2026-06-25,235.08,28,,1
13140,13140,2026-06-24,249.80,259,,20
13141,13141,2026-06-24,359.00,284,,9
13142,13142,2026-06-25,73.25,211,,2
13143,13143,2026-06-25,146.08,365,,0
13144,13144,2026-06-25,146.08,365,,0
13145,13145,2026-06-25,146.08,365,,0
13146,13146,2026-06-25,146.08,336,,0
13147,13147,2026-06-25,106.46,301,,0
13148,13148,2026-06-25,146.08,365,,0
13149,13149,2026-06-25,146.08,365,,0
13150,13150,2026-06-25,146.08,365,,0
13151,13151,2026-06-24,146.08,365,,0
13152,13152,2026-06-24,212.33,285,,26
13153,13153,2026-06-25,146.08,365,,0
13154,13154,2026-07-03,99.00,22,,16
13155,13155,2026-06-25,146.08,365,,0
13156,13156,2026-06-25,154.68,332,,2
13157,13157,2026-06-24,359.00,217,,8
13158,13158,2026-06-24,368.00,206,,14
13159,13159,2026-06-25,290.00,193,,57
13160,13160,2026-06-25,260.50,196,,4
13161,13161,2026-06-25,462.50,356,,9
13162,13162,2026-06-24,138.48,364,,0
13163,13163,2026-06-25,146.08,365,,0
13164,13164,2026-06-25,37.68,249,,1
13165,13165,2026-06-25,224.50,200,,12
13166,13166,2026-06-24,220.00,201,,67
13167,13167,2026-06-25,146.08,365,,0
13168,13168,2026-06-24,146.08,365,,0
13169,13169,2026-07-03,,365,,0
13170,13170,2026-06-25,,365,,0
13171,13171,2026-07-03,,365,,0
13172,13172,2026-07-03,,365,,0
13173,13173,2026-06-24,274.00,301,,16
13174,13174,2026-06-25,301.50,291,,14
13175,13175,2026-06-25,281.00,314,,11
13176,13176,2026-06-24,323.00,283,,13
13177,13177,2026-06-25,331.33,293,,22
13178,13178,2026-06-25,335.00,309,,10
13179,13179,2026-06-25,315.00,255,,15
13180,13180,2026-06-25,346.00,315,,7
13181,13181,2026-06-25,275.50,280,,22
13182,13182,2026-06-25,146.08,365,,0
13183,13183,2026-06-25,146.08,365,,0
13184,13184,2026-06-25,146.08,365,,0
13185,13185,2026-06-25,146.08,365,,0
13186,13186,2026-06-25,146.08,365,,0
13187,13187,2026-06-25,146.08,365,,0
13188,13188,2026-06-25,134.03,365,,0
13189,13189,2026-06-25,146.08,365,,0
13190,13190,2026-06-25,146.08,365,,0
13191,13191,2026-06-25,148.36,365,,0
13192,13192,2026-06-25,146.08,365,,0
13193,13193,2026-06-24,146.08,365,,0
13194,13194,2026-06-24,31.47,331,,0
13195,13195,2026-06-25,31.60,332,,0
13196,13196,2026-06-25,155.41,74,,0
13197,13197,2026-06-25,1758.00,337,,0
13198,13198,2026-06-25,2637.00,274,,0
13199,13199,2026-06-25,104.16,340,,4
13200,13200,2026-06-25,44.23,248,,0
13201,13201,2026-06-25,37.68,243,,3
13202,13202,2026-06-24,205.67,221,,13
13203,13203,2026-06-25,249.50,295,,26
13204,13204,2026-06-25,83.08,319,,2
13205,13205,2026-06-25,228.40,365,,0
13206,13206,2026-06-25,263.00,267,,0
13207,13207,2026-06-25,65.57,237,,0
13208,13208,2026-06-25,525.00,261,,0
13209,13209,2026-06-25,525.00,265,,0
13210,13210,2026-06-25,107.28,365,,0
13211,13211,2026-06-25,251.17,348,,0
13212,13212,2026-06-25,75.32,365,,0
13213,13213,2026-06-25,173.59,263,,0
13214,13214,2026-06-25,3150.00,365,,0
13215,13215,2026-06-24,59.32,300,,1
13216,13216,2026-06-25,270.00,339,,41
13217,13217,2026-06-25,,353,,49
13218,13218,2026-06-25,242.00,259,,16
13219,13219,2026-06-25,58.00,111,,8
13220,13220,2026-06-25,83.26,237,,1
13221,13221,2026-06-25,,365,,1
13222,13222,2026-06-25,177.00,317,,8
13223,13223,2026-06-25,180.00,337,,1
13224,13224,2026-06-25,262.47,73,,17
13225,13225,2026-06-25,264.00,211,,0
13226,13226,2026-06-25,156.00,316,,42
13227,13227,2026-06-25,351.00,180,,1
13228,13228,2026-06-25,210.33,329,,0
13229,13229,2026-06-25,133.89,298,,1
13230,13230,2026-06-25,77.57,152,,0
13231,13231,2026-06-25,74.95,162,,0
13232,13232,2026-06-25,480.00,123,,1
13233,13233,2026-07-03,,0,,1
13234,13234,2026-06-24,404.00,252,,31
13235,13235,2026-06-25,161.00,64,,24
13236,13236,2026-06-24,32.22,332,,2
13237,13237,2026-06-25,230.00,309,,9
13238,13238,2026-06-25,822.58,353,,15
13239,13239,2026-06-25,1558.00,257,,0
13240,13240,2026-06-25,1558.00,249,,0
13241,13241,2026-06-25,2077.00,252,,0
13242,13242,2026-06-25,2077.00,254,,0
13243,13243,2026-06-25,162.25,51,,0
13244,13244,2026-06-24,310.84,323,,20
13245,13245,2026-06-24,294.51,334,,11
13246,13246,2026-06-25,433.00,240,,6
13247,13247,2026-06-25,46.68,302,,3
13248,13248,2026-06-25,330.00,208,,1
13249,13249,2026-06-25,228.40,365,,0
13250,13250,2026-06-25,33.28,299,,3
13251,13251,2026-06-25,33.83,334,,1
13252,13252,2026-06-25,33.28,318,,2
13253,13253,2026-06-25,376.50,254,,18
13254,13254,2026-06-25,63.94,309,,0
13255,13255,2026-06-25,44.31,72,,3
13256,13256,2026-06-25,525.85,170,,6
13257,13257,2026-07-03,,1,,7
13258,13258,2026-06-25,112.76,170,,2
13259,13259,2026-06-24,175.25,235,,1
13260,13260,2026-06-25,96.90,341,,1
13261,13261,2026-06-25,101.06,285,,16
13262,13262,2026-07-03,,0,,1
13263,13263,2026-06-25,249.00,131,,25
13264,13264,2026-06-25,83.29,310,,1
13265,13265,2026-06-25,119.65,365,,1
13266,13266,2026-06-25,83.76,308,,1
13267,13267,2026-06-25,100.93,326,,1
13268,13268,2026-06-24,71.90,266,,0
13269,13269,2026-06-25,36.32,84,,8
13270,13270,2026-06-25,99.82,231,,0
13271,13271,2026-06-25,370.00,324,,13
13272,13272,2026-06-25,532.50,332,,23
13273,13273,2026-06-25,505.00,302,,28
13274,13274,2026-06-25,119.21,66,,1
13275,13275,2026-06-24,37.81,327,,3
13276,13276,2026-06-25,195.50,9,,0
13277,13277,2026-06-25,200.00,97,,21
13278,13278,2026-06-25,97.00,357,,4
13279,13279,2026-06-25,49.00,136,,3
13280,13280,2026-06-24,316.68,158,,10
13281,13281,2026-06-25,243.20,16,,0
13282,13282,2026-06-25,,257,,1
13283,13283,2026-06-25,287.20,162,,3
13284,13284,2026-06-25,199.71,76,,2
13285,13285,2026-06-25,312.00,293,,4
13286,13286,2026-06-24,206.00,24,,15
13287,13287,2026-06-25,232.00,289,,8
13288,13288,2026-06-25,134.56,175,,0
13289,13289,2026-06-25,110.23,359,,6
13290,13290,2026-06-25,208.68,267,,0
13291,13291,2026-06-24,85.47,130,,5
13292,13292,2026-06-24,101.80,157,,2
13293,13293,2026-06-25,90.98,57,,0
13294,13294,2026-06-25,156.80,230,,1
13295,13295,2026-06-25,297.40,28,,6
13296,13296,2026-06-25,114.53,355,,1
13297,13297,2026-06-25,74.98,298,,0
13298,13298,2026-06-24,326.00,38,,12
13299,13299,2026-06-25,228.40,365,,0
13300,13300,2026-06-25,228.40,365,,0
13301,13301,2026-06-25,50.89,281,,1
13302,13302,2026-06-25,44.84,357,,1
13303,13303,2026-06-25,208.70,136,,0
13304,13304,2026-06-25,226.33,332,,2
13305,13305,2026-06-25,1129.64,363,,0
13306,13306,2026-06-24,,207,,0
13307,13307,2026-06-25,35.39,245,,0
13308,13308,2026-06-25,162.39,282,,0
13309,13309,2026-06-25,107.05,289,,1
13310,13310,2026-06-25,228.40,365,,0
13311,13311,2026-06-25,228.40,365,,1
13312,13312,2026-06-25,228.40,365,,0
13313,13313,2026-06-25,174.42,87,,0
13314,13314,2026-06-25,266.33,345,,0
13315,13315,2026-06-24,335.60,324,,17
13316,13316,2026-06-25,208.01,218,,0
13317,13317,2026-06-25,200.00,216,,3
13318,13318,2026-06-24,185.37,364,,0
13319,13319,2026-06-25,58.86,365,,0
13320,13320,2026-06-25,65.80,131,,0
13321,13321,2026-06-25,312.00,302,,22
13322,13322,2026-06-25,361.00,330,,25
13323,13323,2026-06-25,361.00,331,,13
13324,13324,2026-06-25,351.00,313,,28
13325,13325,2026-06-25,138.16,365,,0
13326,13326,2026-06-25,77.81,324,,1
13327,13327,2026-06-25,173.60,219,,0
13328,13328,2026-06-25,183.20,197,,0
13329,13329,2026-06-25,228.40,358,,0
13330,13330,2026-06-25,228.40,365,,0
13331,13331,2026-06-25,158.97,162,,8
13332,13332,2026-06-25,228.40,365,,0
13333,13333,2026-06-24,141.71,166,,0
13334,13334,2026-06-25,228.40,365,,0
13335,13335,2026-06-24,63.74,365,,1
13336,13336,2026-07-03,235.00,337,,4
13337,13337,2026-06-25,266.33,348,,0
13338,13338,2026-06-24,105.00,139,,6
13339,13339,2026-06-24,138.79,259,,0
13340,13340,2026-06-25,89.52,364,,0
13341,13341,2026-06-25,215.00,26,,13
13342,13342,2026-07-03,,0,,0
13343,13343,2026-06-24,66.26,362,,0
13344,13344,2026-06-25,104.00,301,,4
13345,13345,2026-07-03,,0,,3
13346,13346,2026-06-25,130.81,200,,5
13347,13347,2026-06-25,90.58,365,,0
13348,13348,2026-06-25,85.16,365,,0
13349,13349,2026-06-25,168.58,365,,0
13350,13350,2026-06-25,168.58,365,,0
13351,13351,2026-06-25,89.13,365,,0
13352,13352,2026-06-25,89.13,365,,0
13353,13353,2026-06-25,63.22,298,,1
13354,13354,2026-06-25,,365,,0
13355,13355,2026-06-25,139.67,321,,0
13356,13356,2026-06-25,291.67,85,,2
13357,13357,2026-06-24,,124,,0
13358,13358,2026-06-25,79.23,59,,0
13359,13359,2026-06-25,152.16,83,,4
13360,13360,2026-06-25,63.74,220,,2
13361,13361,2026-06-24,73.81,286,,2
13362,13362,2026-06-24,179.50,87,,4
13363,13363,2026-06-25,88.14,259,,2
13364,13364,2026-06-25,91.81,113,,1
13365,13365,2026-06-25,88.44,77,,3
13366,13366,2026-06-25,82.74,83,,1
13367,13367,2026-06-25,48.98,365,,0
13368,13368,2026-06-24,141.71,166,,0
13369,13369,2026-06-25,228.40,365,,0
13370,13370,2026-06-25,228.40,365,,0
13371,13371,2026-06-25,70.44,268,,3
13372,13372,2026-06-25,111.84,76,,2
13373,13373,2026-06-25,134.95,301,,0
13374,13374,2026-06-25,197.00,87,,11
13375,13375,2026-06-25,267.30,197,,9
13376,13376,2026-07-03,173.51,252,,41
13377,13377,2026-07-03,,0,,0
13378,13378,2026-06-25,290.75,333,,10
13379,13379,2026-06-25,59.87,270,,0
13380,13380,2026-06-25,62.89,300,,1
13381,13381,2026-06-25,101.74,145,,3
13382,13382,2026-06-25,77.18,250,,0
13383,13383,2026-06-25,296.00,300,,7
13384,13384,2026-06-25,246.77,254,,0
13385,13385,2026-06-25,228.40,365,,0
13386,13386,2026-06-25,228.40,365,,0
13387,13387,2026-06-25,228.40,358,,0
13388,13388,2026-06-25,168.58,365,,0
13389,13389,2026-06-25,89.13,365,,0
13390,13390,2026-06-25,79.00,294,,0
13391,13391,2026-07-03,69.32,53,,13
13392,13392,2026-06-24,92.00,357,,20
13393,13393,2026-06-24,184.49,64,,19
13394,13394,2026-07-03,,0,,0
13395,13395,2026-06-24,147.00,22,,39
13396,13396,2026-06-25,83.42,365,,1
13397,13397,2026-06-25,86.90,357,,0
13398,13398,2026-06-25,291.00,333,,26
13399,13399,2026-06-25,41.61,365,,0
13400,13400,2026-06-25,183.00,70,,15
13401,13401,2026-06-25,223.64,365,,0
13402,13402,2026-06-25,103.12,205,,1
13403,13403,2026-06-25,166.83,327,,0
13404,13404,2026-06-25,157.00,338,,22
13405,13405,2026-06-25,157.00,70,,20
13406,13406,2026-06-25,160.78,365,,0
13407,13407,2026-06-25,3629.00,365,,0
13408,13408,2026-06-24,356.62,362,,6
13409,13409,2026-07-03,107.22,329,,3
13410,13410,2026-06-25,88.42,365,,0
13411,13411,2026-06-25,168.58,365,,0
13412,13412,2026-06-25,89.13,365,,0
13413,13413,2026-06-25,168.58,365,,0
13414,13414,2026-07-03,,0,,0
13415,13415,2026-06-25,1183.88,320,,0
13416,13416,2026-07-03,,12,,0
13417,13417,2026-06-24,122.14,359,,2
13418,13418,2026-07-03,43.71,306,,0
13419,13419,2026-06-24,137.71,221,,3
13420,13420,2026-06-24,134.00,357,,0
13421,13421,2026-06-24,323.00,290,,6
13422,13422,2026-06-24,23.27,359,,0
13423,13423,2026-06-25,637.50,315,,13
13424,13424,2026-06-25,134.00,20,,50
13425,13425,2026-06-25,879.00,213,,0
13426,13426,2026-06-25,224.00,218,,26
13427,13427,2026-06-25,159.20,75,,13
13428,13428,2026-06-25,114.76,83,,0
13429,13429,2026-07-03,247.33,86,,6
13430,13430,2026-06-25,78.83,104,,2
13431,13431,2026-06-25,120.43,354,,1
13432,13432,2026-06-24,175.00,191,,6
13433,13433,2026-06-24,36.80,332,,1
13434,13434,2026-06-25,209.22,49,,2
13435,13435,2026-07-03,37.03,62,,0
13436,13436,2026-06-25,210.00,175,,11
13437,13437,2026-06-25,190.00,175,,9
13438,13438,2026-06-24,70.66,51,,1
13439,13439,2026-06-25,204.00,29,,14
13440,13440,2026-06-25,192.91,315,,0
13441,13441,2026-06-25,206.68,308,,0
13442,13442,2026-06-25,198.00,313,,15
13443,13443,2026-07-03,121.60,299,,21
13444,13444,2026-07-03,223.00,326,,9
13445,13445,2026-07-03,140.16,270,,14
13446,13446,2026-07-03,140.16,311,,14
13447,13447,2026-07-03,144.75,295,,10
13448,13448,2026-06-24,270.00,184,,38
13449,13449,2026-06-24,240.00,205,,31
13450,13450,2026-06-24,78.87,212,,0
13451,13451,2026-06-25,54.42,319,,1
13452,13452,2026-06-24,97.00,69,,7
13453,13453,2026-06-25,279.00,267,,33
13454,13454,2026-06-25,251.00,360,,9
13455,13455,2026-07-03,145.00,301,,3
13456,13456,2026-06-25,38.49,94,,1
13457,13457,2026-06-25,203.59,296,,1
13458,13458,2026-06-25,123.23,259,,0
13459,13459,2026-06-25,120.23,175,,1
13460,13460,2026-06-25,37.03,113,,0
13461,13461,2026-06-24,81.65,301,,1
13462,13462,2026-06-25,124.67,305,,4
13463,13463,2026-06-25,62.80,261,,1
13464,13464,2026-06-25,144.00,316,,3
13465,13465,2026-06-25,208.33,317,,1
13466,13466,2026-06-25,28.30,336,,0
13467,13467,2026-06-25,33.04,328,,0
13468,13468,2026-06-25,965.33,362,,2
13469,13469,2026-06-25,33.04,328,,1
13470,13470,2026-06-25,26.76,144,,1
13471,13471,2026-06-25,137.45,284,,0
13472,13472,2026-06-25,160.33,311,,3
13473,13473,2026-06-25,106.21,306,,0
13474,13474,2026-06-25,195.71,80,,0
13475,13475,2026-06-25,228.40,330,,0
13476,13476,2026-06-25,228.40,356,,0
13477,13477,2026-06-25,168.58,365,,0
13478,13478,2026-06-25,47.81,139,,0
13479,13479,2026-06-25,271.50,343,,6
13480,13480,2026-07-03,203.00,288,,23
13481,13481,2026-06-25,207.50,169,,8
13482,13482,2026-06-25,1266.00,290,,16
13483,13483,2026-06-25,1873.00,286,,17
13484,13484,2026-06-25,320.00,365,,0
13485,13485,2026-06-25,96.24,327,,0
13486,13486,2026-06-25,384.50,305,,15
13487,13487,2026-06-25,37.68,329,,3
13488,13488,2026-06-25,112.96,275,,1
13489,13489,2026-06-25,97.92,349,,1
13490,13490,2026-06-25,98.30,363,,0
13491,13491,2026-06-25,75.63,33,,0
13492,13492,2026-06-25,72.58,124,,0
13493,13493,2026-06-25,1148.10,358,,0
13494,13494,2026-06-25,125.67,26,,2
13495,13495,2026-06-25,180.50,18,,5
13496,13496,2026-06-25,173.85,302,,0
13497,13497,2026-06-25,396.50,329,,19
13498,13498,2026-06-25,170.41,178,,0
13499,13499,2026-06-24,187.15,108,,29
13500,13500,2026-06-25,232.04,43,,3
13501,13501,2026-06-25,66.15,281,,2
13502,13502,2026-06-25,240.88,254,,15
13503,13503,2026-06-25,341.50,345,,10
13504,13504,2026-06-25,145.16,301,,0
13505,13505,2026-06-25,162.18,323,,0
13506,13506,2026-06-25,207.00,337,,4
13507,13507,2026-06-25,155.85,288,,0
13508,13508,2026-06-25,116.83,293,,0
13509,13509,2026-06-24,490.33,350,,6
13510,13510,2026-06-25,,341,,0
13511,13511,2026-06-25,71.32,193,,0
13512,13512,2026-07-03,,22,,0
13513,13513,2026-06-25,14.07,192,,0
13514,13514,2026-06-25,30.93,365,,0
13515,13515,2026-06-25,30.38,328,,0
13516,13516,2026-06-25,222.21,291,,0
13517,13517,2026-06-24,35.69,327,,0
13518,13518,2026-06-25,315.00,284,,1
13519,13519,2026-06-24,268.50,320,,12
13520,13520,2026-06-25,35.42,342,,1
13521,13521,2026-06-25,405.00,309,,21
13522,13522,2026-07-03,455.00,274,,12
13523,13523,2026-07-03,378.00,303,,9
13524,13524,2026-06-24,184.58,364,,0
13525,13525,2026-06-25,,288,,2
13526,13526,2026-06-25,294.50,265,,6
13527,13527,2026-06-25,525.50,271,,8
13528,13528,2026-06-25,1484.00,336,,0
13529,13529,2026-06-25,1484.00,324,,0
13530,13530,2026-06-24,,362,,1
13531,13531,2026-06-25,182.78,175,,0
13532,13532,2026-06-25,77.32,88,,0
13533,13533,2026-06-24,165.47,151,,9
13534,13534,2026-06-25,113.16,324,,0
13535,13535,2026-06-25,123.31,323,,0
13536,13536,2026-06-25,1000.00,309,,0
13537,13537,2026-06-25,29.84,330,,1
13538,13538,2026-06-25,27.19,296,,0
13539,13539,2026-06-25,,302,,15
13540,13540,2026-06-25,135.00,300,,28
13541,13541,2026-06-25,262.47,205,,0
13542,13542,2026-06-25,105.45,68,,1
13543,13543,2026-06-25,37.02,175,,0
13544,13544,2026-06-25,33.03,324,,0
13545,13545,2026-06-24,160.50,264,,12
13546,13546,2026-06-24,152.00,259,,4
13547,13547,2026-06-24,139.00,265,,68
13548,13548,2026-06-25,267.00,205,,27
13549,13549,2026-06-24,192.00,265,,23
13550,13550,2026-06-25,29.05,175,,0
13551,13551,2026-06-24,194.00,277,,31
13552,13552,2026-06-25,37.02,175,,0
13553,13553,2026-06-25,33.48,175,,0
13554,13554,2026-06-25,93.63,319,,0
13555,13555,2026-06-25,228.40,365,,0
13556,13556,2026-06-24,216.00,223,,12
13557,13557,2026-06-25,124.74,238,,0
13558,13558,2026-06-25,125.00,333,,24
13559,13559,2026-06-25,245.00,322,,6
13560,13560,2026-06-25,69.47,37,,1
13561,13561,2026-06-25,228.40,365,,0
13562,13562,2026-06-24,273.88,302,,15
13563,13563,2026-06-25,110.87,365,,0
13564,13564,2026-06-25,90.58,365,,0
13565,13565,2026-06-25,67.47,322,,5
13566,13566,2026-06-25,66.38,332,,14
13567,13567,2026-06-25,32.65,259,,1
13568,13568,2026-06-25,3983.00,190,,0
13569,13569,2026-06-25,32.06,303,,0
13570,13570,2026-06-25,382.29,52,,13
13571,13571,2026-07-03,70.53,37,,2
13572,13572,2026-06-25,122.25,35,,2
13573,13573,2026-06-25,206.00,260,,15
13574,13574,2026-06-25,93.10,293,,0
13575,13575,2026-06-25,59.98,63,,3
13576,13576,2026-06-25,135.52,237,,14
13577,13577,2026-06-25,1358.00,190,,0
13578,13578,2026-06-25,287.21,292,,0
13579,13579,2026-06-25,45.47,299,,1
13580,13580,2026-06-25,53.82,198,,0
13581,13581,2026-06-25,400.00,228,,3
13582,13582,2026-06-25,55.31,111,,0
13583,13583,2026-06-25,237.33,189,,11
13584,13584,2026-06-25,35.00,327,,1
13585,13585,2026-06-25,125.53,229,,16
13586,13586,2026-06-25,33.74,90,,0
13587,13587,2026-06-25,283.50,166,,18
13588,13588,2026-06-25,102.00,256,,17
13589,13589,2026-06-25,99.00,257,,24
13590,13590,2026-06-25,85.75,248,,0
13591,13591,2026-06-25,139.00,345,,29
13592,13592,2026-06-25,40.54,338,,0
13593,13593,2026-06-25,49.24,47,,0
13594,13594,2026-07-03,,7,,0
13595,13595,2026-06-25,174.00,246,,23
13596,13596,2026-06-25,102.71,240,,52
13597,13597,2026-06-25,170.33,249,,22
13598,13598,2026-06-24,65.13,365,,0
13599,13599,2026-07-03,,183,,0
13600,13600,2026-06-24,329.08,331,,9
13601,13601,2026-06-25,266.50,224,,28
13602,13602,2026-06-25,2716.00,190,,0
13603,13603,2026-06-25,142.00,233,,24
13604,13604,2026-06-25,159.00,218,,30
13605,13605,2026-06-25,130.00,252,,20
13606,13606,2026-06-25,106.00,253,,19
13607,13607,2026-06-24,200.68,86,,22
13608,13608,2026-06-25,171.20,17,,1
13609,13609,2026-06-24,81.27,282,,0
13610,13610,2026-06-24,97.00,58,,26
13611,13611,2026-06-25,92.00,57,,24
13612,13612,2026-06-24,99.00,60,,21
13613,13613,2026-06-24,268.50,198,,12
13614,13614,2026-06-25,242.67,306,,5
13615,13615,2026-06-24,285.29,226,,7
13616,13616,2026-06-25,173.00,298,,29
13617,13617,2026-06-25,197.50,339,,7
13618,13618,2026-06-25,285.00,350,,11
13619,13619,2026-06-24,139.50,348,,5
13620,13620,2026-06-24,141.00,334,,15
13621,13621,2026-06-25,182.77,309,,2
13622,13622,2026-06-25,157.94,116,,0
13623,13623,2026-06-24,64.10,365,,0
13624,13624,2026-06-25,44.31,173,,0
13625,13625,2026-06-25,36.10,360,,0
13626,13626,2026-06-25,,357,,0
13627,13627,2026-07-03,,0,,2
13628,13628,2026-06-25,939.25,333,,2
13629,13629,2026-06-25,29.10,325,,0
13630,13630,2026-06-25,50.13,90,,0
13631,13631,2026-06-24,212.36,365,,0
13632,13632,2026-06-25,71.00,333,,0
13633,13633,2026-06-25,68.00,351,,9
13634,13634,2026-07-03,,45,,2
13635,13635,2026-06-25,207.00,246,,13
13636,13636,2026-06-25,186.00,255,,4
13637,13637,2026-06-24,376.50,235,,10
13638,13638,2026-06-25,219.00,205,,23
13639,13639,2026-06-25,337.50,247,,18
13640,13640,2026-06-24,260.00,214,,13
13641,13641,2026-06-25,276.00,46,,1
13642,13642,2026-06-25,42.00,313,,1
13643,13643,2026-06-25,71.50,35,,2
13644,13644,2026-06-25,103.96,309,,0
13645,13645,2026-06-25,100.00,264,,35
13646,13646,2026-06-25,197.67,93,,26
13647,13647,2026-06-25,363.00,79,,18
13648,13648,2026-06-25,420.00,68,,1
13649,13649,2026-07-03,,0,,1
13650,13650,2026-06-25,68.45,249,,1
13651,13651,2026-06-24,58.63,351,,0
13652,13652,2026-06-25,274.00,173,,15
13653,13653,2026-06-25,115.00,241,,13
13654,13654,2026-06-25,277.00,138,,0
13655,13655,2026-06-25,180.00,64,,8
13656,13656,2026-06-25,450.00,115,,6
13657,13657,2026-06-25,44.58,213,,0
13658,13658,2026-06-25,28.16,158,,2
13659,13659,2026-06-25,349.00,287,,11
13660,13660,2026-06-25,294.00,301,,10
13661,13661,2026-06-25,319.00,277,,8
13662,13662,2026-06-25,127.03,143,,1
13663,13663,2026-06-25,124.00,191,,11
13664,13664,2026-06-24,313.00,203,,38
13665,13665,2026-06-25,54.42,365,,0
13666,13666,2026-06-25,82.61,268,,0
13667,13667,2026-06-25,30.38,208,,0
13668,13668,2026-06-24,64.10,365,,0
13669,13669,2026-06-25,228.40,365,,0
13670,13670,2026-06-25,123.26,365,,0
13671,13671,2026-06-25,89.13,365,,0
13672,13672,2026-06-25,168.58,365,,0
13673,13673,2026-07-03,152.70,304,,6
13674,13674,2026-06-25,35.69,328,,0
13675,13675,2026-06-25,29.90,365,,1
13676,13676,2026-06-25,110.31,122,,1
13677,13677,2026-06-25,119.00,361,,20
13678,13678,2026-06-25,78.00,349,,1
13679,13679,2026-07-03,,18,,0
13680,13680,2026-07-03,,18,,0
13681,13681,2026-06-25,39.94,286,,18
13682,13682,2026-06-25,98.87,143,,0
13683,13683,2026-06-25,171.18,222,,7
13684,13684,2026-07-03,102.71,349,,36
13685,13685,2026-06-25,1163.00,364,,0
13686,13686,2026-06-24,,364,,1
13687,13687,2026-06-25,278.50,87,,0
13688,13688,2026-07-03,146.45,340,,10
13689,13689,2026-06-25,72.06,178,,0
13690,13690,2026-07-03,144.07,292,,14
13691,13691,2026-07-03,123.05,333,,15
13692,13692,2026-07-03,151.21,314,,12
13693,13693,2026-06-25,46.03,176,,0
13694,13694,2026-06-25,148.36,87,,11
13695,13695,2026-06-25,52.26,293,,1
13696,13696,2026-06-25,66.39,232,,0
13697,13697,2026-06-24,80.75,225,,1
13698,13698,2026-06-24,76.18,273,,1
13699,13699,2026-06-24,64.10,365,,0
13700,13700,2026-06-24,64.10,365,,0
13701,13701,2026-06-24,64.10,365,,0
13702,13702,2026-06-24,64.10,365,,0
13703,13703,2026-06-24,64.10,365,,0
13704,13704,2026-06-24,64.10,365,,0
13705,13705,2026-06-25,26.87,310,,1
13706,13706,2026-06-25,33.74,285,,1
13707,13707,2026-06-24,310.00,63,,20
13708,13708,2026-06-25,197.50,261,,20
13709,13709,2026-06-25,351.00,208,,11
13710,13710,2026-06-25,273.42,328,,19
13711,13711,2026-06-25,236.00,260,,0
13712,13712,2026-06-25,,72,,6
13713,13713,2026-06-25,56.25,132,,1
13714,13714,2026-06-25,42.88,153,,0
13715,13715,2026-06-25,,93,,0
13716,13716,2026-06-25,87.68,120,,0
13717,13717,2026-06-25,111.43,351,,0
13718,13718,2026-06-24,260.00,291,,16
13719,13719,2026-06-25,279.00,341,,7
13720,13720,2026-06-25,221.96,75,,13
13721,13721,2026-06-25,484.00,66,,18
13722,13722,2026-07-03,,0,,6
13723,13723,2026-06-25,49.40,364,,0
13724,13724,2026-06-25,125.05,365,,0
13725,13725,2026-06-25,177.50,327,,11
13726,13726,2026-06-24,172.17,18,,10
13727,13727,2026-06-25,45.83,360,,0
13728,13728,2026-06-25,65.34,192,,0
13729,13729,2026-06-25,148.25,234,,0
13730,13730,2026-06-25,426.00,312,,7
13731,13731,2026-06-25,83.75,34,,3
13732,13732,2026-06-25,73.81,38,,0
13733,13733,2026-06-25,78.22,35,,2
13734,13734,2026-06-25,97.29,142,,0
13735,13735,2026-06-25,72.69,37,,2
13736,13736,2026-07-03,,0,,0
13737,13737,2026-06-25,83.75,39,,0
13738,13738,2026-06-25,46.81,270,,0
13739,13739,2026-07-03,65.03,34,,2
13740,13740,2026-06-25,72.84,35,,1
13741,13741,2026-06-25,72.84,35,,1
13742,13742,2026-06-25,78.38,33,,2
13743,13743,2026-06-25,102.81,363,,0
13744,13744,2026-06-25,103.14,180,,1
13745,13745,2026-06-24,109.55,297,,19
13746,13746,2026-07-03,69.81,35,,2
13747,13747,2026-06-25,91.00,352,,1
13748,13748,2026-07-03,66.41,35,,0
13749,13749,2026-06-24,186.00,193,,20
13750,13750,2026-06-25,63.19,365,,0
13751,13751,2026-06-25,36.27,273,,1
13752,13752,2026-06-25,29.52,290,,0
13753,13753,2026-06-25,52.53,364,,0
13754,13754,2026-06-25,69.01,333,,2
13755,13755,2026-06-25,294.00,179,,15
13756,13756,2026-06-25,142.65,85,,3
13757,13757,2026-06-25,51.00,110,,16
13758,13758,2026-06-24,320.67,166,,4
13759,13759,2026-06-25,40.13,352,,0
13760,13760,2026-06-25,154.00,175,,12
13761,13761,2026-06-25,91.09,351,,1
13762,13762,2026-06-25,107.95,357,,1
13763,13763,2026-07-03,87.30,361,,0
13764,13764,2026-06-25,118.22,260,,0
13765,13765,2026-06-25,94.81,355,,0
13766,13766,2026-06-25,96.05,318,,0
13767,13767,2026-06-25,93.87,353,,0
13768,13768,2026-06-25,199.09,293,,0
13769,13769,2026-06-25,230.49,278,,0
13770,13770,2026-06-25,152.60,69,,0
13771,13771,2026-06-25,212.02,288,,0
13772,13772,2026-06-25,342.36,326,,17
13773,13773,2026-06-25,238.17,94,,30
13774,13774,2026-06-25,88.24,348,,0
13775,13775,2026-06-25,97.63,185,,0
13776,13776,2026-06-25,87.74,328,,0
13777,13777,2026-06-25,92.93,208,,0
13778,13778,2026-06-25,88.24,357,,0
13779,13779,2026-06-25,108.64,330,,0
13780,13780,2026-06-25,92.93,355,,0
13781,13781,2026-06-25,86.36,351,,1
13782,13782,2026-06-25,108.64,325,,0
13783,13783,2026-06-24,77.03,80,,2
13784,13784,2026-06-25,105.56,67,,5
13785,13785,2026-06-24,44.71,266,,2
13786,13786,2026-06-24,123.59,180,,2
13787,13787,2026-06-24,121.38,170,,0
13788,13788,2026-07-03,,20,,1
13789,13789,2026-06-25,513.53,332,,11
13790,13790,2026-06-25,108.50,76,,0
13791,13791,2026-06-24,50.16,256,,0
13792,13792,2026-06-25,75.79,57,,0
13793,13793,2026-06-25,64.72,360,,0
13794,13794,2026-06-25,302.10,340,,6
13795,13795,2026-06-24,142.57,346,,0
13796,13796,2026-06-25,100.50,55,,3
13797,13797,2026-06-25,29.15,321,,0
13798,13798,2026-06-25,118.68,340,,1
13799,13799,2026-06-25,295.00,159,,2
13800,13800,2026-06-25,418.00,23,,0
13801,13801,2026-06-25,106.33,296,,13
13802,13802,2026-06-25,165.67,61,,2
13803,13803,2026-06-25,404.98,131,,2
13804,13804,2026-06-25,204.59,234,,0
13805,13805,2026-06-25,332.00,335,,5
13806,13806,2026-06-25,473.59,317,,8
13807,13807,2026-06-25,1491.00,140,,21
13808,13808,2026-06-25,284.33,83,,9
13809,13809,2026-06-25,207.00,204,,13
13810,13810,2026-06-25,84.41,338,,0
13811,13811,2026-06-24,223.07,341,,8
13812,13812,2026-07-03,29.14,254,,0
13813,13813,2026-06-25,294.00,143,,5
13814,13814,2026-06-25,260.00,143,,2
13815,13815,2026-06-25,320.00,154,,1
13816,13816,2026-07-03,137.00,4,,3
13817,13817,2026-06-25,104.50,138,,5
13818,13818,2026-06-24,48.98,365,,0
13819,13819,2026-06-24,48.98,365,,0
13820,13820,2026-06-24,49.78,355,,0
13821,13821,2026-06-25,159.00,293,,10
13822,13822,2026-06-25,240.93,67,,24
13823,13823,2026-06-25,151.25,11,,0
13824,13824,2026-06-25,174.42,312,,0
13825,13825,2026-06-25,287.00,329,,3
13826,13826,2026-07-03,353.64,307,,3
13827,13827,2026-06-25,102.69,348,,1
13828,13828,2026-06-25,98.91,348,,2
13829,13829,2026-06-24,244.00,337,,4
13830,13830,2026-07-03,192.00,356,,9
13831,13831,2026-06-25,714.00,346,,12
13832,13832,2026-06-25,208.00,354,,12
13833,13833,2026-06-25,77.09,190,,0
13834,13834,2026-06-25,88.75,252,,0
13835,13835,2026-06-25,100.25,241,,0
13836,13836,2026-06-25,77.50,236,,0
13837,13837,2026-06-25,406.50,224,,11
13838,13838,2026-06-25,77.13,349,,1
13839,13839,2026-07-03,215.91,321,,1
13840,13840,2026-06-25,239.00,319,,10
13841,13841,2026-07-03,172.27,206,,2
13842,13842,2026-07-03,193.18,177,,3
13843,13843,2026-07-03,186.59,302,,0
13844,13844,2026-07-03,172.27,245,,1
13845,13845,2026-07-03,212.50,254,,0
13846,13846,2026-07-03,212.50,14,,0
13847,13847,2026-07-03,193.18,249,,1
13848,13848,2026-06-25,66.39,328,,1
13849,13849,2026-06-25,465.00,195,,28
13850,13850,2026-06-25,221.00,234,,13
13851,13851,2026-06-25,89.65,359,,1
13852,13852,2026-06-25,99.28,348,,17
13853,13853,2026-07-03,,1,,0
13854,13854,2026-06-25,72.00,305,,7
13855,13855,2026-06-25,119.00,172,,11
13856,13856,2026-06-25,80.50,54,,0
13857,13857,2026-06-25,99.13,327,,1
13858,13858,2026-06-25,642.00,334,,6
13859,13859,2026-07-03,390.36,316,,2
13860,13860,2026-07-03,354.88,299,,0
13861,13861,2026-06-25,126.69,239,,0
13862,13862,2026-07-03,234.86,333,,22
13863,13863,2026-07-03,258.34,325,,1
13864,13864,2026-06-25,141.25,188,,1
13865,13865,2026-06-25,146.00,228,,0
13866,13866,2026-07-03,242.95,322,,8
13867,13867,2026-06-25,324.00,136,,8
13868,13868,2026-06-25,714.00,346,,5
13869,13869,2026-06-25,79.88,83,,2
13870,13870,2026-06-25,269.00,277,,1
13871,13871,2026-06-24,192.33,210,,17
13872,13872,2026-06-25,88.05,131,,0
13873,13873,2026-06-25,187.00,328,,10
13874,13874,2026-06-24,74.36,266,,0
13875,13875,2026-06-25,108.08,365,,0
13876,13876,2026-06-25,116.46,325,,1
13877,13877,2026-07-03,262.67,54,,12
13878,13878,2026-06-25,61.09,35,,0
13879,13879,2026-06-24,568.00,135,,0
13880,13880,2026-06-24,617.00,111,,0
13881,13881,2026-06-25,350.91,132,,15
13882,13882,2026-06-25,245.00,35,,4
13883,13883,2026-06-24,197.00,42,,7
13884,13884,2026-06-25,86.16,81,,1
13885,13885,2026-06-24,250.00,297,,5
13886,13886,2026-06-25,59.97,150,,0
13887,13887,2026-06-25,219.67,272,,1
13888,13888,2026-06-24,457.00,301,,7
13889,13889,2026-06-25,688.50,356,,3
13890,13890,2026-06-25,94.15,78,,2
13891,13891,2026-06-24,292.75,256,,13
13892,13892,2026-06-25,131.24,169,,5
13893,13893,2026-06-25,355.00,96,,1
13894,13894,2026-06-25,94.15,76,,2
13895,13895,2026-06-25,116.97,260,,10
13896,13896,2026-07-03,278.18,265,,6
13897,13897,2026-07-03,253.64,221,,16
13898,13898,2026-06-25,265.00,259,,6
13899,13899,2026-06-25,38.74,332,,0
13900,13900,2026-06-25,365.50,350,,0
13901,13901,2026-06-25,268.00,323,,3
13902,13902,2026-06-25,240.00,258,,4
13903,13903,2026-06-25,108.00,82,,3
13904,13904,2026-06-24,92.40,297,,0
13905,13905,2026-06-25,228.24,341,,5
13906,13906,2026-06-25,251.06,312,,7
13907,13907,2026-06-25,423.00,291,,12
13908,13908,2026-06-25,240.50,305,,18
13909,13909,2026-06-25,298.00,303,,8
13910,13910,2026-06-25,753.18,334,,8
13911,13911,2026-06-24,557.00,261,,7
13912,13912,2026-06-25,316.00,313,,13
13913,13913,2026-06-25,66.00,257,,24
13914,13914,2026-06-25,197.53,290,,0
13915,13915,2026-06-25,271.00,318,,0
13916,13916,2026-06-25,103.50,72,,8
13917,13917,2026-07-03,36.50,38,,15
13918,13918,2026-07-03,92.00,60,,2
13919,13919,2026-06-25,106.75,365,,2
13920,13920,2026-06-25,114.29,330,,0
13921,13921,2026-06-25,211.69,168,,3
13922,13922,2026-06-25,267.00,212,,15
13923,13923,2026-06-25,259.68,75,,13
13924,13924,2026-06-25,63.00,132,,8
13925,13925,2026-06-25,569.45,70,,9
13926,13926,2026-06-25,91.29,50,,11
13927,13927,2026-06-25,156.00,349,,6
13928,13928,2026-06-25,221.24,330,,0
13929,13929,2026-06-25,102.71,258,,20
13930,13930,2026-06-25,40.76,365,,0
13931,13931,2026-06-25,264.00,158,,4
13932,13932,2026-06-24,57.06,258,,19
13933,13933,2026-06-24,237.44,50,,17
13934,13934,2026-06-24,222.33,317,,4
13935,13935,2026-06-25,425.98,88,,18
13936,13936,2026-06-24,240.50,71,,22
13937,13937,2026-06-24,229.00,31,,26
13938,13938,2026-06-24,87.00,28,,19
13939,13939,2026-06-25,114.00,360,,18
13940,13940,2026-06-25,514.00,365,,0
13941,13941,2026-06-25,116.40,362,,0
13942,13942,2026-06-25,125.67,330,,8
13943,13943,2026-07-03,204.55,284,,39
13944,13944,2026-06-24,274.00,297,,0
13945,13945,2026-07-03,176.36,343,,20
13946,13946,2026-07-03,176.36,340,,26
13947,13947,2026-06-25,154.25,327,,7
13948,13948,2026-06-25,101.00,54,,17
13949,13949,2026-06-25,83.00,65,,15
13950,13950,2026-06-25,124.00,61,,19
13951,13951,2026-06-25,144.00,332,,23
13952,13952,2026-06-25,105.00,307,,1
13953,13953,2026-06-25,520.00,176,,26
13954,13954,2026-07-03,181.82,263,,1
13955,13955,2026-06-24,91.87,37,,3
13956,13956,2026-06-25,199.33,29,,5
13957,13957,2026-07-03,226.36,183,,1
13958,13958,2026-07-03,244.55,292,,0
13959,13959,2026-07-03,226.36,250,,0
13960,13960,2026-06-24,86.00,68,,23
13961,13961,2026-06-24,85.59,175,,1
13962,13962,2026-06-25,102.71,159,,1
13963,13963,2026-06-25,286.06,51,,5
13964,13964,2026-06-24,207.00,59,,3
13965,13965,2026-06-25,239.65,41,,3
13966,13966,2026-06-25,194.76,59,,8
13967,13967,2026-06-25,205.50,53,,1
13968,13968,2026-06-25,74.87,243,,0
13969,13969,2026-06-25,45.65,239,,20
13970,13970,2026-07-03,181.82,345,,53
13971,13971,2026-07-03,163.64,294,,17
13972,13972,2026-07-03,163.64,333,,7
13973,13973,2026-06-25,40.25,338,,1
13974,13974,2026-07-03,163.64,343,,2
13975,13975,2026-07-03,177.27,344,,0
13976,13976,2026-07-03,,0,,0
13977,13977,2026-07-03,,0,,1
13978,13978,2026-07-03,290.91,344,,9
13979,13979,2026-07-03,181.82,313,,2
13980,13980,2026-07-03,181.82,273,,0
13981,13981,2026-07-03,181.82,330,,2
13982,13982,2026-07-03,145.45,286,,0
13983,13983,2026-07-03,163.64,332,,1
13984,13984,2026-07-03,163.64,336,,0
13985,13985,2026-07-03,145.45,290,,0
13986,13986,2026-07-03,109.09,339,,2
13987,13987,2026-07-03,109.09,335,,10
13988,13988,2026-07-03,109.09,339,,53
13989,13989,2026-07-03,109.09,340,,8
13990,13990,2026-07-03,109.09,340,,9
13991,13991,2026-07-03,181.82,342,,0
13992,13992,2026-07-03,545.45,326,,1
13993,13993,2026-07-03,145.45,345,,1
13994,13994,2026-07-03,118.18,337,,23
13995,13995,2026-07-03,118.18,337,,0
13996,13996,2026-07-03,254.55,329,,50
13997,13997,2026-06-24,219.87,264,,1
13998,13998,2026-06-25,1057.00,342,,9
13999,13999,2026-06-25,89.58,84,,3
14000,14000,2026-06-25,414.00,323,,5
14001,14001,2026-06-25,79.88,64,,1
14002,14002,2026-06-25,94.50,70,,0
14003,14003,2026-07-03,150.00,340,,0
14004,14004,2026-06-24,99.00,37,,20
14005,14005,2026-07-03,318.18,342,,68
14006,14006,2026-06-25,52.45,180,,1
14007,14007,2026-06-25,73.34,341,,2
14008,14008,2026-06-24,292.14,156,,2
14009,14009,2026-06-24,97.13,255,,0
14010,14010,2026-06-25,124.00,345,,2
14011,14011,2026-06-25,219.00,315,,9
14012,14012,2026-06-25,72.16,123,,1
14013,14013,2026-06-25,1222.00,365,,0
14014,14014,2026-06-25,2443.00,365,,0
14015,14015,2026-06-24,297.00,344,,11
14016,14016,2026-07-03,194.55,341,,34
14017,14017,2026-07-03,178.98,340,,1
14018,14018,2026-06-24,301.30,275,,4
14019,14019,2026-06-25,410.67,347,,6
14020,14020,2026-06-25,316.11,360,,2
14021,14021,2026-06-25,78.78,117,,0
14022,14022,2026-06-25,651.00,365,,0
14023,14023,2026-07-03,,0,,3
14024,14024,2026-07-03,,0,,0
14025,14025,2026-07-03,,0,,2
14026,14026,2026-07-02,,0,,8
14027,14027,2026-07-03,,0,,1
14028,14028,2026-07-03,,0,,4
14029,14029,2026-06-25,141.59,331,,0
14030,14030,2026-06-25,1142.00,365,,0
14031,14031,2026-06-24,276.00,343,,5
14032,14032,2026-06-25,117.00,155,,0
14033,14033,2026-06-25,117.00,157,,0
14034,14034,2026-06-24,62.59,229,,0
14035,14035,2026-06-25,70.00,314,,5
14036,14036,2026-06-24,174.50,29,,2
14037,14037,2026-06-25,220.00,305,,8
14038,14038,2026-06-25,99.81,339,,0
14039,14039,2026-07-03,960.00,323,,0
14040,14040,2026-07-03,115.67,238,,26
14041,14041,2026-07-03,,0,,0
14042,14042,2026-06-25,270.00,167,,26
14043,14043,2026-06-25,584.00,154,,1
14044,14044,2026-06-25,173.66,308,,0
14045,14045,2026-07-03,198.85,350,,40
14046,14046,2026-07-02,125.86,345,,53
14047,14047,2026-06-25,82.74,77,,1
14048,14048,2026-06-25,77.03,86,,0
14049,14049,2026-07-02,124.62,333,,22
14050,14050,2026-07-02,124.62,347,,7
14051,14051,2026-06-24,82.25,60,,3
14052,14052,2026-06-25,77.03,77,,2
14053,14053,2026-06-25,32.65,362,,0
14054,14054,2026-06-24,86.00,70,,18
14055,14055,2026-06-25,99.00,67,,14
14056,14056,2026-06-24,253.67,297,,0
14057,14057,2026-06-25,462.00,282,,1
14058,14058,2026-06-24,274.30,54,,6
14059,14059,2026-06-25,233.68,82,,3
14060,14060,2026-06-25,560.00,362,,7
14061,14061,2026-06-24,436.87,317,,1
14062,14062,2026-06-25,314.00,291,,0
14063,14063,2026-06-25,88.44,80,,4
14064,14064,2026-06-25,88.44,88,,3
14065,14065,2026-06-25,266.00,288,,8
14066,14066,2026-06-25,118.80,128,,0
14067,14067,2026-06-25,241.00,268,,5
14068,14068,2026-06-25,171.18,296,,16
14069,14069,2026-06-25,51.24,345,,0
14070,14070,2026-06-25,94.70,85,,0
14071,14071,2026-06-25,82.72,130,,1
14072,14072,2026-06-25,359.00,335,,9
14073,14073,2026-06-24,378.36,340,,7
14074,14074,2026-06-25,131.24,22,,6
14075,14075,2026-06-25,90.55,253,,1
14076,14076,2026-06-25,120.58,267,,0
14077,14077,2026-06-25,320.00,192,,17
14078,14078,2026-06-24,234.00,352,,3
14079,14079,2026-06-24,62.57,236,,0
14080,14080,2026-06-25,246.00,251,,4
14081,14081,2026-06-25,215.00,101,,3
14082,14082,2026-06-24,214.88,355,,0
14083,14083,2026-06-25,73.69,350,,1
14084,14084,2026-06-25,235.00,348,,4
14085,14085,2026-06-25,338.67,66,,0
14086,14086,2026-06-25,34.01,122,,1
14087,14087,2026-06-25,44.47,31,,0
14088,14088,2026-06-24,131.33,330,,5
14089,14089,2026-06-25,47.46,299,,0
14090,14090,2026-06-25,141.00,292,,1
14091,14091,2026-06-25,41.98,351,,0
14092,14092,2026-06-25,148.50,133,,5
14093,14093,2026-06-25,64.07,56,,0
14094,14094,2026-06-25,237.33,205,,6
14095,14095,2026-06-25,77.03,87,,2
14096,14096,2026-06-25,465.67,306,,5
14097,14097,2026-06-25,216.33,327,,6
14098,14098,2026-06-25,29.87,75,,0
14099,14099,2026-06-25,30.97,74,,1
14100,14100,2026-06-24,108.41,341,,5
14101,14101,2026-06-25,77.37,127,,0
14102,14102,2026-07-02,,0,,11
14103,14103,2026-06-24,131.24,355,,6
14104,14104,2026-06-25,103.50,77,,0
14105,14105,2026-06-25,88.44,78,,2
14106,14106,2026-07-02,111.00,83,,1
14107,14107,2026-06-25,223.27,83,,0
14108,14108,2026-06-25,161.00,353,,8
14109,14109,2026-06-25,68.58,221,,0
14110,14110,2026-06-25,221.00,269,,3
14111,14111,2026-06-25,97.00,284,,19
14112,14112,2026-06-25,75.10,354,,0
14113,14113,2026-06-25,77.03,80,,4
14114,14114,2026-06-25,237.33,220,,6
14115,14115,2026-06-25,237.33,212,,0
14116,14116,2026-06-25,228.00,74,,15
14117,14117,2026-06-25,31.47,332,,1
14118,14118,2026-06-25,376.33,301,,6
14119,14119,2026-06-25,54.19,37,,0
14120,14120,2026-06-25,75.10,354,,0
14121,14121,2026-06-24,48.61,196,,0
14122,14122,2026-06-25,179.00,270,,7
14123,14123,2026-06-25,165.50,116,,3
14124,14124,2026-06-25,85.59,69,,5
14125,14125,2026-06-24,57.06,345,,3
14126,14126,2026-06-25,234.00,25,,3
14127,14127,2026-06-25,82.74,79,,2
14128,14128,2026-06-25,82.74,70,,0
14129,14129,2026-06-25,44.00,365,,0
14130,14130,2026-06-24,153.00,341,,7
14131,14131,2026-06-25,362.00,301,,5
14132,14132,2026-06-24,114.38,56,,0
14133,14133,2026-06-25,119.83,317,,6
14134,14134,2026-06-25,114.12,313,,3
14135,14135,2026-06-25,108.50,259,,3
14136,14136,2026-06-25,108.41,300,,2
14137,14137,2026-06-25,108.41,302,,3
14138,14138,2026-06-25,137.00,251,,1
14139,14139,2026-06-25,139.50,327,,2
14140,14140,2026-06-25,108.41,313,,3
14141,14141,2026-06-25,136.94,303,,5
14142,14142,2026-06-25,148.50,284,,10
14143,14143,2026-06-25,83.00,256,,0
14144,14144,2026-06-25,139.98,96,,0
14145,14145,2026-06-24,64.10,365,,0
14146,14146,2026-06-25,350.00,161,,24
14147,14147,2026-06-25,193.81,359,,0
14148,14148,2026-06-24,197.00,222,,0
14149,14149,2026-06-24,193.00,259,,1
14150,14150,2026-06-24,211.00,195,,1
14151,14151,2026-06-24,197.00,242,,1
14152,14152,2026-06-24,197.00,198,,3
14153,14153,2026-06-25,176.00,232,,1
14154,14154,2026-06-25,176.00,205,,1
14155,14155,2026-06-24,197.00,256,,1
14156,14156,2026-06-24,227.00,239,,1
14157,14157,2026-06-25,218.00,205,,0
14158,14158,2026-06-25,193.00,276,,2
14159,14159,2026-06-24,193.00,244,,0
14160,14160,2026-06-25,189.00,189,,0
14161,14161,2026-06-24,180.00,229,,2
14162,14162,2026-06-24,184.00,232,,0
14163,14163,2026-06-24,176.00,214,,0
14164,14164,2026-06-24,168.00,220,,2
14165,14165,2026-06-25,176.00,184,,0
14166,14166,2026-06-24,159.00,197,,0
14167,14167,2026-06-25,102.71,71,,1
14168,14168,2026-06-25,54.18,179,,0
14169,14169,2026-06-25,78.74,326,,15
14170,14170,2026-07-02,200.45,284,,4
14171,14171,2026-06-25,157.00,20,,3
14172,14172,2026-06-24,72.00,268,,4
14173,14173,2026-06-25,35.91,179,,0
14174,14174,2026-06-25,136.00,303,,0
14175,14175,2026-06-25,166.00,261,,3
14176,14176,2026-06-24,88.44,71,,2
14177,14177,2026-06-25,76.77,268,,1
14178,14178,2026-06-24,220.00,182,,17
14179,14179,2026-06-25,114.33,55,,12
14180,14180,2026-06-25,79.88,350,,3
14181,14181,2026-06-24,114.12,244,,9
14182,14182,2026-06-25,600.00,365,,0
14183,14183,2026-06-25,49.43,365,,0
14184,14184,2026-06-25,229.33,289,,2
14185,14185,2026-06-24,294.00,162,,3
14186,14186,2026-06-24,215.00,163,,3
14187,14187,2026-06-25,91.29,56,,11
14188,14188,2026-06-25,159.76,69,,4
14189,14189,2026-06-25,131.00,74,,4
14190,14190,2026-06-25,142.67,58,,6
14191,14191,2026-06-25,93.00,68,,3
14192,14192,2026-07-02,87.67,35,,4
14193,14193,2026-06-24,90.73,92,,10
14194,14194,2026-06-25,84.00,143,,0
14195,14195,2026-06-25,32.63,229,,1
14196,14196,2026-06-24,97.00,166,,0
14197,14197,2026-06-25,97.00,76,,2
14198,14198,2026-06-25,82.74,80,,4
14199,14199,2026-06-25,292.00,342,,3
14200,14200,2026-06-25,94.03,231,,0
14201,14201,2026-06-24,91.09,295,,0
14202,14202,2026-06-25,336.75,328,,0
14203,14203,2026-06-25,146.00,206,,0
14204,14204,2026-06-25,151.50,280,,0
14205,14205,2026-06-25,310.40,347,,7
14206,14206,2026-06-25,252.00,279,,0
14207,14207,2026-06-25,94.31,141,,0
14208,14208,2026-06-25,232.90,309,,8
14209,14209,2026-06-24,294.00,162,,2
14210,14210,2026-06-25,86.16,79,,2
14211,14211,2026-06-25,84.41,33,,0
14212,14212,2026-06-25,156.23,302,,0
14213,14213,2026-06-25,111.08,206,,0
14214,14214,2026-06-25,131.66,325,,0
14215,14215,2026-06-24,222.75,325,,12
14216,14216,2026-06-25,65.38,295,,0
14217,14217,2026-06-25,247.00,305,,9
14218,14218,2026-06-24,360.00,151,,3
14219,14219,2026-06-25,300.00,269,,13
14220,14220,2026-06-25,119.05,330,,0
14221,14221,2026-06-24,209.33,327,,3
14222,14222,2026-06-25,287.00,329,,7
14223,14223,2026-06-25,252.00,361,,0
14224,14224,2026-06-25,318.00,133,,4
14225,14225,2026-06-25,38.35,159,,0
14226,14226,2026-06-25,,165,,0
14227,14227,2026-06-25,36.58,160,,0
14228,14228,2026-06-25,89.58,78,,3
14229,14229,2026-06-25,73.60,297,,1
14230,14230,2026-06-25,127.64,83,,0
14231,14231,2026-06-25,84.06,33,,1
14232,14232,2026-06-25,33.92,328,,0
14233,14233,2026-06-25,28.61,153,,0
14234,14234,2026-06-25,28.61,153,,1
14235,14235,2026-06-25,107.28,365,,0
14236,14236,2026-06-25,107.28,365,,0
14237,14237,2026-06-25,188.30,299,,6
14238,14238,2026-06-24,66.69,29,,1
14239,14239,2026-06-25,266.33,348,,0
14240,14240,2026-06-24,101.21,156,,0
14241,14241,2026-06-25,318.00,137,,1
14242,14242,2026-06-24,110.86,8,,1
14243,14243,2026-06-25,108.96,328,,1
14244,14244,2026-06-25,41.27,191,,0
14245,14245,2026-06-25,134.50,212,,0
14246,14246,2026-06-25,63.52,174,,2
14247,14247,2026-06-25,109.00,349,,3
14248,14248,2026-06-25,109.00,296,,0
14249,14249,2026-06-25,180.00,262,,1
14250,14250,2026-06-25,284.00,279,,1
14251,14251,2026-06-25,68.76,270,,0
14252,14252,2026-06-25,60.15,178,,0
14253,14253,2026-06-25,76.90,267,,0
14254,14254,2026-06-24,185.67,227,,4
14255,14255,2026-06-25,63.00,160,,0
14256,14256,2026-06-25,409.00,137,,5
14257,14257,2026-06-25,137.00,270,,2
14258,14258,2026-06-24,376.75,347,,6
14259,14259,2026-06-25,268.22,99,,0
14260,14260,2026-06-25,105.25,303,,0
14261,14261,2026-06-25,40.11,77,,0
14262,14262,2026-06-25,37.46,184,,0
14263,14263,2026-06-25,29.50,328,,0
14264,14264,2026-06-24,145.75,274,,2
14265,14265,2026-06-25,97.00,78,,4
14266,14266,2026-06-24,39.00,297,,4
14267,14267,2026-06-25,390.00,206,,14
14268,14268,2026-06-25,148.50,365,,1
14269,14269,2026-06-25,94.72,333,,2
14270,14270,2026-06-25,36.58,54,,0
14271,14271,2026-06-24,66.56,177,,0
14272,14272,2026-06-25,110.88,297,,0
14273,14273,2026-06-25,187.12,350,,1
14274,14274,2026-06-25,400.00,87,,0
14275,14275,2026-06-25,375.00,314,,6
14276,14276,2026-06-25,43.61,99,,0
14277,14277,2026-06-25,58.00,250,,11
14278,14278,2026-06-25,36.97,180,,0
14279,14279,2026-06-25,41.42,146,,0
14280,14280,2026-06-25,45.84,77,,0
14281,14281,2026-06-25,46.59,319,,0
14282,14282,2026-06-24,268.00,166,,2
14283,14283,2026-06-25,199.00,185,,5
14284,14284,2026-06-25,34.95,152,,0
14285,14285,2026-06-25,160.50,340,,3
14286,14286,2026-06-25,130.37,219,,0
14287,14287,2026-06-25,111.22,297,,0
14288,14288,2026-06-25,595.69,340,,4
14289,14289,2026-06-25,115.07,328,,0
14290,14290,2026-07-02,101.00,271,,4
14291,14291,2026-06-24,120.00,324,,2
14292,14292,2026-06-25,120.00,309,,3
14293,14293,2026-06-25,116.00,311,,1
14294,14294,2026-06-25,171.18,323,,6
14295,14295,2026-06-25,,32,,5
14296,14296,2026-06-25,90.00,151,,6
14297,14297,2026-06-24,148.50,158,,4
14298,14298,2026-06-25,85.59,65,,3
14299,14299,2026-06-24,102.71,69,,2
14300,14300,2026-06-25,143.00,365,,3
14301,14301,2026-06-25,131.69,325,,6
14302,14302,2026-06-25,179.44,108,,0
14303,14303,2026-06-25,21.97,104,,0
14304,14304,2026-06-25,116.70,314,,0
14305,14305,2026-06-25,109.11,291,,0
14306,14306,2026-06-25,102.69,291,,0
14307,14307,2026-06-25,126.66,322,,0
14308,14308,2026-06-25,119.80,325,,0
14309,14309,2026-06-25,1670.80,365,,0
14310,14310,2026-06-25,116.65,324,,0
14311,14311,2026-06-24,133.00,352,,4
14312,14312,2026-06-25,112.40,291,,0
14313,14313,2026-06-25,68.53,294,,0
14314,14314,2026-06-25,82.74,74,,5
14315,14315,2026-06-25,90.16,80,,2
14316,14316,2026-06-24,270.69,364,,0
14317,14317,2026-06-25,381.00,284,,0
14318,14318,2026-06-25,120.39,54,,1
14319,14319,2026-06-25,,242,,4
14320,14320,2026-06-25,112.16,328,,0
14321,14321,2026-06-25,70.95,89,,0
14322,14322,2026-06-25,369.00,195,,3
14323,14323,2026-06-25,467.00,164,,4
14324,14324,2026-06-25,59.33,297,,0
14325,14325,2026-06-25,241.50,335,,12
14326,14326,2026-06-25,108.09,169,,0
14327,14327,2026-06-25,145.00,365,,0
14328,14328,2026-06-24,58.00,178,,1
14329,14329,2026-06-25,159.00,123,,24
14330,14330,2026-06-24,130.00,109,,16
14331,14331,2026-06-24,159.00,114,,24
14332,14332,2026-06-24,130.00,114,,22
14333,14333,2026-06-25,53.08,365,,0
14334,14334,2026-06-25,163.19,154,,3
14335,14335,2026-06-25,60.22,149,,1
14336,14336,2026-07-02,75.00,269,,10
14337,14337,2026-07-02,86.00,305,,8
14338,14338,2026-06-25,97.00,272,,4
14339,14339,2026-07-02,81.66,316,,8
14340,14340,2026-07-02,76.00,291,,2
14341,14341,2026-06-25,94.00,298,,7
14342,14342,2026-06-25,86.00,294,,5
14343,14343,2026-07-02,75.55,317,,3
14344,14344,2026-07-02,338.00,325,,1
14345,14345,2026-06-25,435.15,312,,3
14346,14346,2026-06-25,225.90,314,,0
14347,14347,2026-07-02,280.00,299,,0
14348,14348,2026-06-25,459.25,272,,4
14349,14349,2026-07-02,270.00,320,,9
14350,14350,2026-06-25,221.50,281,,3
14351,14351,2026-06-25,173.00,320,,1
14352,14352,2026-07-02,392.00,317,,2
14353,14353,2026-06-25,168.50,309,,3
14354,14354,2026-06-24,180.88,78,,2
14355,14355,2026-06-25,56.00,132,,2
14356,14356,2026-06-25,29.82,258,,0
14357,14357,2026-06-25,314.30,257,,3
14358,14358,2026-06-25,29.88,329,,0
14359,14359,2026-06-25,25.56,254,,0
14360,14360,2026-06-24,149.23,275,,0
14361,14361,2026-06-25,365.00,329,,6
14362,14362,2026-06-25,217.33,322,,0
14363,14363,2026-06-25,100.74,324,,0
14364,14364,2026-06-25,84.38,35,,1
14365,14365,2026-06-25,68.64,333,,0
14366,14366,2026-06-25,52.72,276,,0
14367,14367,2026-06-25,160.00,316,,2
14368,14368,2026-06-25,48.39,171,,0
14369,14369,2026-06-24,122.68,68,,6
14370,14370,2026-06-24,83.27,31,,0
14371,14371,2026-06-25,119.82,333,,2
14372,14372,2026-06-25,125.85,206,,0
14373,14373,2026-06-24,85.59,82,,4
14374,14374,2026-06-25,168.58,365,,0
14375,14375,2026-06-25,168.58,365,,0
14376,14376,2026-06-24,82.74,83,,3
14377,14377,2026-06-24,64.10,365,,0
14378,14378,2026-06-24,64.10,365,,0
14379,14379,2026-06-24,82.74,80,,8
14380,14380,2026-06-24,168.58,365,,0
14381,14381,2026-06-25,168.58,365,,0
14382,14382,2026-06-25,107.28,365,,0
14383,14383,2026-06-25,114.12,356,,4
14384,14384,2026-06-25,244.50,327,,3
14385,14385,2026-06-25,29.50,359,,0
14386,14386,2026-06-25,46.15,329,,0
14387,14387,2026-06-25,91.29,17,,13
14388,14388,2026-06-25,82.38,35,,0
14389,14389,2026-06-25,68.67,62,,0
14390,14390,2026-06-25,260.35,338,,2
14391,14391,2026-06-25,481.00,339,,3
14392,14392,2026-06-25,226.50,264,,6
14393,14393,2026-06-25,427.00,327,,0
14394,14394,2026-06-25,128.00,333,,6
14395,14395,2026-06-25,185.50,314,,0
14396,14396,2026-06-25,318.00,334,,1
14397,14397,2026-06-25,464.00,291,,2
14398,14398,2026-06-25,185.50,321,,3
14399,14399,2026-06-24,313.00,352,,4
14400,14400,2026-06-24,63.72,74,,0
14401,14401,2026-06-25,265.50,203,,0
14402,14402,2026-06-25,70.59,243,,0
14403,14403,2026-06-25,68.47,343,,9
14404,14404,2026-06-25,59.52,356,,0
14405,14405,2026-06-25,72.05,338,,0
14406,14406,2026-06-25,179.00,278,,2
14407,14407,2026-06-24,114.29,361,,0
14408,14408,2026-06-25,147.00,340,,2
14409,14409,2026-06-25,320.00,116,,6
14410,14410,2026-06-25,79.88,357,,9
14411,14411,2026-06-25,43.65,157,,0
14412,14412,2026-06-25,40.11,153,,0
14413,14413,2026-06-25,97.00,355,,7
14414,14414,2026-06-25,71.80,157,,1
14415,14415,2026-06-24,138.24,328,,0
14416,14416,2026-06-25,33.72,187,,0
14417,14417,2026-06-25,252.00,144,,6
14418,14418,2026-06-25,85.59,352,,12
14419,14419,2026-06-24,33.85,90,,2
14420,14420,2026-06-24,35.76,90,,2
14421,14421,2026-06-24,45.65,88,,1
14422,14422,2026-06-24,107.82,279,,0
14423,14423,2026-06-24,307.50,326,,0
14424,14424,2026-06-25,281.50,333,,0
14425,14425,2026-06-25,171.33,320,,1
14426,14426,2026-06-25,88.44,69,,6
14427,14427,2026-06-25,82.74,72,,7
14428,14428,2026-06-25,66.25,305,,0
14429,14429,2026-06-24,176.88,133,,0
14430,14430,2026-06-25,360.00,180,,1
14431,14431,2026-06-25,79.88,146,,7
14432,14432,2026-06-25,206.00,144,,4
14433,14433,2026-06-25,31.67,320,,0
14434,14434,2026-06-25,64.00,96,,2
14435,14435,2026-06-25,46.00,102,,0
14436,14436,2026-06-24,348.50,308,,2
14437,14437,2026-06-25,336.00,300,,1
14438,14438,2026-06-25,226.00,336,,2
14439,14439,2026-06-25,94.50,81,,1
14440,14440,2026-06-25,120.16,54,,0
14441,14441,2026-06-25,125.00,71,,0
14442,14442,2026-06-25,145.87,75,,0
14443,14443,2026-06-24,208.50,288,,3
14444,14444,2026-06-25,158.62,90,,0
14445,14445,2026-06-25,48.33,324,,0
14446,14446,2026-06-25,48.67,225,,0
14447,14447,2026-06-24,47.58,328,,0
14448,14448,2026-06-24,55.13,253,,0
14449,14449,2026-06-25,212.00,331,,2
14450,14450,2026-06-25,114.00,61,,6
14451,14451,2026-06-25,127.23,217,,0
14452,14452,2026-06-25,188.50,309,,3
14453,14453,2026-06-25,253.00,276,,2
14454,14454,2026-06-25,58.00,267,,0
14455,14455,2026-06-25,412.00,303,,0
14456,14456,2026-06-25,97.00,303,,2
14457,14457,2026-06-25,91.50,304,,1
14458,14458,2026-07-02,127.50,315,,7
14459,14459,2026-07-02,123.67,345,,2
14460,14460,2026-07-02,118.00,291,,5
14461,14461,2026-06-25,163.00,85,,2
14462,14462,2026-06-25,28.23,365,,0
14463,14463,2026-06-25,122.49,345,,5
14464,14464,2026-06-25,34.20,61,,0
14465,14465,2026-06-25,34.29,236,,0
14466,14466,2026-06-24,30.97,344,,0
14467,14467,2026-06-25,559.00,243,,0
14468,14468,2026-06-25,297.00,345,,5
14469,14469,2026-06-25,164.43,294,,0
14470,14470,2026-06-25,92.92,354,,0
14471,14471,2026-06-25,114.12,263,,1
14472,14472,2026-06-25,103.00,253,,3
14473,14473,2026-06-25,89.13,365,,0
14474,14474,2026-06-25,89.13,365,,0
14475,14475,2026-06-25,89.13,365,,0
14476,14476,2026-06-25,68.53,267,,0
14477,14477,2026-06-25,85.02,78,,8
14478,14478,2026-06-25,102.71,69,,8
14479,14479,2026-06-24,120.00,148,,2
14480,14480,2026-06-25,1140.50,179,,0
14481,14481,2026-06-25,1140.50,161,,1
14482,14482,2026-06-25,1140.50,176,,1
14483,14483,2026-06-25,91.50,186,,1
14484,14484,2026-06-25,33.91,360,,0
14485,14485,2026-06-25,202.55,346,,0
14486,14486,2026-06-25,35.72,358,,0
14487,14487,2026-06-24,116.03,174,,0
14488,14488,2026-06-25,250.00,359,,1
14489,14489,2026-06-25,205.00,324,,0
14490,14490,2026-06-25,33.91,361,,0
14491,14491,2026-06-25,175.00,323,,3
14492,14492,2026-06-25,175.00,329,,4
14493,14493,2026-06-25,183.04,354,,7
14494,14494,2026-06-25,73.03,35,,0
14495,14495,2026-06-25,227.00,335,,7
14496,14496,2026-06-25,417.00,317,,3
14497,14497,2026-06-25,138.08,311,,1
14498,14498,2026-06-24,607.76,287,,0
14499,14499,2026-06-25,154.06,98,,7
14500,14500,2026-06-25,136.94,81,,5
14501,14501,2026-06-25,124.50,69,,0
14502,14502,2026-06-24,91.00,344,,3
14503,14503,2026-06-25,90.15,322,,9
14504,14504,2026-06-25,281.00,332,,2
14505,14505,2026-06-25,140.31,327,,0
14506,14506,2026-06-25,90.00,234,,1
14507,14507,2026-06-24,39.23,333,,0
14508,14508,2026-06-25,42.42,365,,0
14509,14509,2026-06-25,238.33,325,,1
14510,14510,2026-06-24,148.50,326,,0
14511,14511,2026-06-25,210.00,328,,0
14512,14512,2026-06-24,137.00,309,,0
14513,14513,2026-06-25,164.23,290,,0
14514,14514,2026-06-24,187.05,321,,0
14515,14515,2026-06-25,112.65,179,,0
14516,14516,2026-06-25,167.69,246,,0
14517,14517,2026-06-25,42.85,365,,0
14518,14518,2026-06-25,37.60,364,,0
14519,14519,2026-06-25,52.00,345,,0
14520,14520,2026-06-25,364.00,281,,5
14521,14521,2026-06-25,381.67,48,,0
14522,14522,2026-06-25,262.50,318,,0
14523,14523,2026-06-25,221.00,57,,1
14524,14524,2026-06-24,333.80,290,,0
14525,14525,2026-06-25,193.24,317,,0
14526,14526,2026-06-25,114.50,246,,6
14527,14527,2026-06-24,86.00,96,,6
14528,14528,2026-06-24,102.00,53,,4
14529,14529,2026-06-25,92.00,57,,6
14530,14530,2026-06-25,100.00,262,,5
14531,14531,2026-06-25,311.00,339,,0
14532,14532,2026-06-25,314.40,349,,0
14533,14533,2026-06-25,137.00,62,,6
14534,14534,2026-06-25,52.29,365,,0
14535,14535,2026-06-25,60.00,11,,2
14536,14536,2026-06-25,60.00,14,,3
14537,14537,2026-06-25,87.49,54,,2
14538,14538,2026-06-25,123.67,359,,0
14539,14539,2026-07-02,123.67,329,,2
14540,14540,2026-06-25,206.00,290,,3
14541,14541,2026-07-02,228.25,304,,3
14542,14542,2026-06-25,108.41,65,,1
14543,14543,2026-07-02,108.67,326,,3
14544,14544,2026-07-02,116.00,320,,4
14545,14545,2026-07-02,114.25,317,,4
14546,14546,2026-07-02,116.33,298,,1
14547,14547,2026-06-24,47.35,356,,0
14548,14548,2026-06-25,114.33,347,,2
14549,14549,2026-06-25,87.87,287,,4
14550,14550,2026-06-25,87.87,309,,3
14551,14551,2026-06-25,87.87,262,,2
14552,14552,2026-06-25,70.33,87,,0
14553,14553,2026-06-25,499.50,311,,1
14554,14554,2026-06-25,233.00,269,,0
14555,14555,2026-06-25,141.00,338,,3
14556,14556,2026-06-25,138.24,75,,0
14557,14557,2026-06-25,33.04,338,,0
14558,14558,2026-06-25,17.76,297,,0
14559,14559,2026-06-25,173.00,360,,3
14560,14560,2026-06-25,154.00,361,,4
14561,14561,2026-06-25,305.00,176,,5
14562,14562,2026-06-24,200.00,340,,0
14563,14563,2026-06-25,114.00,30,,10
14564,14564,2026-06-25,114.22,341,,0
14565,14565,2026-06-25,169.00,336,,1
14566,14566,2026-06-25,201.63,354,,3
14567,14567,2026-06-25,140.31,327,,0
14568,14568,2026-06-25,206.25,327,,0
14569,14569,2026-06-25,36.58,335,,0
14570,14570,2026-06-25,496.50,318,,2
14571,14571,2026-06-25,121.44,327,,0
14572,14572,2026-06-24,229.00,339,,3
14573,14573,2026-06-24,191.50,32,,2
14574,14574,2026-06-24,299.00,329,,1
14575,14575,2026-06-25,92.03,35,,0
14576,14576,2026-06-25,233.50,344,,1
14577,14577,2026-06-25,193.50,322,,0
14578,14578,2026-06-25,248.67,351,,2
14579,14579,2026-06-25,375.50,314,,0
14580,14580,2026-06-25,114.12,262,,7
14581,14581,2026-06-25,119.83,354,,7
14582,14582,2026-06-25,131.50,10,,0
14583,14583,2026-06-25,137.00,31,,2
14584,14584,2026-06-24,33.04,351,,0
14585,14585,2026-06-25,56.45,365,,0
14586,14586,2026-06-25,36.58,357,,0
14587,14587,2026-06-24,164.00,56,,14
14588,14588,2026-06-24,185.71,327,,1
14589,14589,2026-06-25,281.00,282,,0
14590,14590,2026-06-25,257.00,294,,1
14591,14591,2026-06-25,219.67,253,,1
14592,14592,2026-06-25,457.00,293,,0
14593,14593,2026-06-24,124.00,101,,8
14594,14594,2026-06-25,261.50,354,,2
14595,14595,2026-06-25,33.04,31,,0
14596,14596,2026-06-25,248.00,335,,1
14597,14597,2026-06-25,258.50,344,,2
14598,14598,2026-06-25,168.50,61,,0
14599,14599,2026-06-25,180.00,338,,1
14600,14600,2026-06-25,246.33,335,,0
14601,14601,2026-06-25,34.81,333,,0
14602,14602,2026-06-25,36.58,333,,0
14603,14603,2026-06-25,43.50,326,,0
14604,14604,2026-06-25,160.00,259,,4
14605,14605,2026-06-25,142.65,275,,3
14606,14606,2026-06-25,143.00,263,,5
14607,14607,2026-06-25,143.00,359,,0
14608,14608,2026-06-24,130.00,222,,10
14609,14609,2026-06-25,63.12,264,,0
14610,14610,2026-06-24,159.00,88,,13
14611,14611,2026-06-25,14.43,297,,0
14612,14612,2026-06-24,159.00,94,,10
14613,14613,2026-06-25,101.74,365,,0
14614,14614,2026-06-25,33.92,359,,0
14615,14615,2026-06-25,36.58,40,,0
14616,14616,2026-06-25,194.00,349,,8
14617,14617,2026-06-25,159.00,116,,10
14618,14618,2026-06-25,155.96,21,,0
14619,14619,2026-06-25,71.03,235,,0
14620,14620,2026-06-25,116.00,219,,0
14621,14621,2026-06-25,38.89,318,,0
14622,14622,2026-06-25,104.00,355,,9
14623,14623,2026-06-25,805.67,162,,1
14624,14624,2026-06-25,119.83,179,,5
14625,14625,2026-06-25,39.23,213,,0
14626,14626,2026-06-25,168.80,267,,49
14627,14627,2026-06-25,44.55,241,,0
14628,14628,2026-06-25,137.00,283,,7
14629,14629,2026-06-25,143.00,252,,2
14630,14630,2026-06-25,691.00,150,,2
14631,14631,2026-06-25,131.24,205,,4
14632,14632,2026-06-25,211.00,357,,3
14633,14633,2026-06-25,271.00,268,,3
14634,14634,2026-06-25,82.74,90,,4
14635,14635,2026-06-25,108.41,85,,1
14636,14636,2026-06-25,108.41,313,,5
14637,14637,2026-06-25,182.84,292,,0
14638,14638,2026-06-25,194.18,271,,0
14639,14639,2026-06-25,70.18,90,,1
14640,14640,2026-06-25,81.03,86,,1
14641,14641,2026-06-25,147.00,53,,1
14642,14642,2026-06-25,241.36,319,,0
14643,14643,2026-06-25,166.00,109,,0
14644,14644,2026-06-25,126.00,48,,2
14645,14645,2026-06-25,266.33,329,,0
14646,14646,2026-06-25,75.94,328,,0
14647,14647,2026-06-25,82.74,79,,1
14648,14648,2026-06-25,102.71,76,,3
14649,14649,2026-06-24,119.83,73,,5
14650,14650,2026-06-24,290.00,199,,0
14651,14651,2026-06-25,229.40,40,,0
14652,14652,2026-06-25,468.00,261,,0
14653,14653,2026-06-25,468.00,155,,3
14654,14654,2026-06-24,236.50,324,,1
14655,14655,2026-06-25,332.00,313,,3
14656,14656,2026-06-25,167.16,77,,0
14657,14657,2026-06-25,74.18,67,,4
14658,14658,2026-06-24,211.12,323,,0
14659,14659,2026-06-25,225.96,331,,4
14660,14660,2026-07-02,116.97,326,,0
14661,14661,2026-06-24,232.50,333,,1
14662,14662,2026-07-02,139.00,63,,10
14663,14663,2026-06-25,98.14,80,,5
14664,14664,2026-07-02,79.88,73,,3
14665,14665,2026-06-25,148.50,305,,1
14666,14666,2026-06-25,137.00,331,,3
14667,14667,2026-06-25,99.00,59,,3
14668,14668,2026-07-02,94.86,15,,1
14669,14669,2026-06-25,149.00,103,,2
14670,14670,2026-06-25,344.64,360,,2
14671,14671,2026-06-25,57.06,81,,2
14672,14672,2026-07-02,139.00,61,,13
14673,14673,2026-06-25,100.00,267,,1
14674,14674,2026-07-02,69.75,6,,2
14675,14675,2026-06-25,103.00,61,,2
14676,14676,2026-06-25,179.00,41,,5
14677,14677,2026-06-25,129.00,35,,7
14678,14678,2026-06-25,134.00,25,,6
14679,14679,2026-06-25,85.59,87,,0
14680,14680,2026-06-25,72.00,8,,2
14681,14681,2026-06-25,134.00,49,,9
14682,14682,2026-06-25,134.00,29,,8
14683,14683,2026-06-25,103.00,85,,2
14684,14684,2026-06-25,93.71,10,,0
14685,14685,2026-06-25,470.00,353,,1
14686,14686,2026-06-25,171.00,65,,0
14687,14687,2026-06-25,134.00,109,,8
14688,14688,2026-07-02,,4,,2
14689,14689,2026-06-25,475.00,318,,288
14690,14690,2026-06-25,139.00,103,,6
14691,14691,2026-06-25,92.00,54,,1
14692,14692,2026-06-25,103.00,28,,2
14693,14693,2026-06-25,79.88,73,,4
14694,14694,2026-06-24,92.00,54,,3
14695,14695,2026-06-24,107.00,54,,1
14696,14696,2026-06-25,99.00,58,,4
14697,14697,2026-06-25,92.00,50,,3
14698,14698,2026-06-25,92.00,50,,2
14699,14699,2026-06-24,170.33,346,,1
14700,14700,2026-06-24,228.81,361,,0
14701,14701,2026-06-25,390.00,227,,0
14702,14702,2026-06-24,66.61,152,,0
14703,14703,2026-06-25,194.00,78,,2
14704,14704,2026-06-24,146.07,56,,3
14705,14705,2026-06-24,284.50,324,,1
14706,14706,2026-06-25,68.47,363,,1
14707,14707,2026-06-25,261.00,163,,0
14708,14708,2026-06-25,99.00,64,,7
14709,14709,2026-06-25,109.00,58,,4
14710,14710,2026-06-25,92.00,96,,6
14711,14711,2026-06-25,163.50,342,,1
14712,14712,2026-06-25,242.00,344,,3
14713,14713,2026-06-25,364.50,116,,4
14714,14714,2026-06-25,125.00,278,,1
14715,14715,2026-06-25,167.67,57,,2
14716,14716,2026-06-25,405.00,223,,5
14717,14717,2026-06-25,88.00,32,,4
14718,14718,2026-06-25,97.00,61,,4
14719,14719,2026-06-25,92.00,61,,2
14720,14720,2026-06-25,149.00,278,,3
14721,14721,2026-07-02,146.00,4,,2
14722,14722,2026-06-25,165.50,157,,1
14723,14723,2026-06-24,62.76,350,,3
14724,14724,2026-06-25,91.30,84,,3
14725,14725,2026-06-25,68.47,348,,2
14726,14726,2026-06-25,91.30,83,,1
14727,14727,2026-06-25,92.00,22,,4
14728,14728,2026-06-25,87.00,96,,3
14729,14729,2026-06-25,87.00,98,,1
14730,14730,2026-06-24,182.25,360,,0
14731,14731,2026-06-25,230.00,83,,1
14732,14732,2026-06-25,100.00,228,,0
14733,14733,2026-06-25,92.00,68,,5
14734,14734,2026-06-25,104.00,91,,1
14735,14735,2026-06-25,92.00,89,,2
14736,14736,2026-06-25,184.00,81,,2
14737,14737,2026-06-25,85.00,363,,3
14738,14738,2026-06-25,75.00,354,,0
14739,14739,2026-06-25,89.00,280,,3
14740,14740,2026-06-25,95.00,270,,1
14741,14741,2026-06-25,713.50,149,,0
14742,14742,2026-06-25,114.12,334,,6
14743,14743,2026-06-24,97.00,351,,1
14744,14744,2026-06-25,102.71,313,,3
14745,14745,2026-06-25,79.88,355,,3
14746,14746,2026-06-25,247.33,171,,2
14747,14747,2026-06-24,97.00,351,,2
14748,14748,2026-06-25,80.00,337,,1
14749,14749,2026-07-02,141.00,79,,2
14750,14750,2026-06-25,199.71,93,,2
14751,14751,2026-06-25,79.88,353,,3
14752,14752,2026-06-25,79.88,344,,1
14753,14753,2026-06-25,184.49,91,,1
14754,14754,2026-06-25,68.47,359,,1
14755,14755,2026-06-25,79.88,356,,5
14756,14756,2026-06-25,176.88,36,,1
14757,14757,2026-06-25,109.00,68,,1
14758,14758,2026-06-25,119.00,79,,1
14759,14759,2026-06-25,97.00,32,,3
14760,14760,2026-06-25,104.00,88,,4
14761,14761,2026-06-25,379.50,339,,0
14762,14762,2026-06-25,114.00,18,,3
14763,14763,2026-06-25,38.07,298,,0
14764,14764,2026-06-25,92.00,98,,1
14765,14765,2026-06-25,97.00,15,,0
14766,14766,2026-06-25,68.47,359,,4
14767,14767,2026-06-24,79.88,359,,3
14768,14768,2026-06-25,72.59,223,,0
14769,14769,2026-06-25,125.00,301,,0
14770,14770,2026-06-25,92.00,37,,3
14771,14771,2026-06-24,145.87,98,,0
14772,14772,2026-06-24,109.00,68,,1
14773,14773,2026-06-25,92.00,365,,4
14774,14774,2026-06-25,122.50,334,,1
14775,14775,2026-06-24,120.50,307,,0
14776,14776,2026-06-25,125.00,296,,0
14777,14777,2026-06-24,143.00,356,,1
14778,14778,2026-06-25,163.00,362,,0
14779,14779,2026-06-25,261.00,269,,0
14780,14780,2026-06-25,140.00,364,,1
14781,14781,2026-06-25,132.00,305,,0
14782,14782,2026-06-24,140.00,315,,1
14783,14783,2026-06-24,146.00,329,,2
14784,14784,2026-07-02,135.00,301,,3
14785,14785,2026-07-02,131.00,314,,3
14786,14786,2026-06-24,168.00,355,,0
14787,14787,2026-06-24,147.50,36,,0
14788,14788,2026-06-24,168.00,57,,6
14789,14789,2026-06-25,63.00,272,,4
14790,14790,2026-06-25,245.00,15,,13
14791,14791,2026-06-25,129.00,73,,3
14792,14792,2026-06-25,169.00,71,,2
14793,14793,2026-06-25,83.00,92,,3
14794,14794,2026-06-25,99.00,28,,3
14795,14795,2026-06-25,99.00,70,,2
14796,14796,2026-06-25,92.00,73,,3
14797,14797,2026-06-24,86.00,76,,2
14798,14798,2026-06-24,160.00,322,,2
14799,14799,2026-06-25,129.00,94,,2
14800,14800,2026-06-25,114.33,59,,0
14801,14801,2026-06-24,63.00,288,,1
14802,14802,2026-06-25,70.00,144,,1
14803,14803,2026-06-24,63.00,260,,1
14804,14804,2026-06-25,365.33,365,,1
14805,14805,2026-06-25,70.00,303,,0
14806,14806,2026-06-25,84.35,331,,0
14807,14807,2026-06-25,144.19,267,,0
14808,14808,2026-06-25,370.50,351,,3
14809,14809,2026-06-25,120.00,32,,1
14810,14810,2026-06-25,204.00,153,,2
14811,14811,2026-06-24,102.00,64,,3
14812,14812,2026-06-25,70.00,283,,3
14813,14813,2026-06-25,246.00,38,,0
14814,14814,2026-06-25,2034.00,173,,1
14815,14815,2026-06-24,107.00,81,,3
14816,14816,2026-06-25,1077.00,311,,1
14817,14817,2026-06-25,143.00,323,,1
14818,14818,2026-06-24,107.00,66,,2
14819,14819,2026-06-25,255.00,352,,1
14820,14820,2026-06-25,126.00,362,,0
14821,14821,2026-06-25,43.16,301,,0
14822,14822,2026-06-25,63.28,265,,0
14823,14823,2026-06-25,70.81,262,,0
14824,14824,2026-06-25,80.00,270,,0
14825,14825,2026-06-24,214.00,56,,3
14826,14826,2026-06-25,32.36,328,,0
14827,14827,2026-06-24,225.33,245,,1
14828,14828,2026-06-25,126.00,212,,0
14829,14829,2026-06-25,460.67,167,,0
14830,14830,2026-06-25,95.00,260,,0
14831,14831,2026-06-25,87.42,332,,0
14832,14832,2026-06-24,225.33,166,,1
14833,14833,2026-06-25,67.13,365,,0
14834,14834,2026-06-25,474.00,329,,0
14835,14835,2026-06-25,95.69,365,,0
14836,14836,2026-06-25,95.69,365,,0
14837,14837,2026-06-25,95.69,365,,0
14838,14838,2026-06-25,95.69,365,,0
14839,14839,2026-06-25,95.69,365,,0
14840,14840,2026-06-25,122.00,332,,1
14841,14841,2026-06-25,408.50,336,,1
14842,14842,2026-06-25,474.00,326,,0
14843,14843,2026-06-24,64.94,90,,0
14844,14844,2026-06-25,191.50,299,,0
14845,14845,2026-06-25,303.33,312,,0
14846,14846,2026-06-25,474.00,323,,1
14847,14847,2026-06-25,474.00,320,,0
14848,14848,2026-06-25,68.14,357,,0
14849,14849,2026-06-25,35.42,31,,0
14850,14850,2026-06-25,430.00,206,,10
14851,14851,2026-06-25,47.23,365,,0
14852,14852,2026-06-25,80.00,280,,2
14853,14853,2026-06-25,34.19,297,,0
14854,14854,2026-06-24,133.58,100,,0
14855,14855,2026-06-25,250.00,361,,0
14856,14856,2026-06-25,500.00,362,,0
14857,14857,2026-06-25,63.08,328,,0
14858,14858,2026-06-24,92.00,274,,5
14859,14859,2026-06-24,80.00,259,,4
14860,14860,2026-06-24,211.00,131,,0
14861,14861,2026-06-25,41.25,194,,0
14862,14862,2026-06-25,91.50,30,,0
14863,14863,2026-06-25,365.33,365,,0
14864,14864,2026-06-25,40.78,203,,0
14865,14865,2026-06-25,48.55,260,,0
14866,14866,2026-06-25,112.32,351,,0
14867,14867,2026-06-25,76.04,339,,0
14868,14868,2026-06-25,75.81,340,,0
14869,14869,2026-06-25,103.00,162,,0
14870,14870,2026-06-25,176.16,119,,0
14871,14871,2026-06-25,115.00,231,,3
14872,14872,2026-06-24,160.00,332,,0
14873,14873,2026-06-25,183.00,244,,2
14874,14874,2026-06-25,183.00,245,,2
14875,14875,2026-06-25,109.00,338,,4
14876,14876,2026-06-25,66.50,291,,1
14877,14877,2026-06-25,160.00,24,,1
14878,14878,2026-06-25,,320,,0
14879,14879,2026-06-24,75.65,174,,0
14880,14880,2026-06-25,122.50,43,,1
14881,14881,2026-06-25,,165,,0
14882,14882,2026-06-25,94.00,335,,0
14883,14883,2026-06-25,93.67,337,,0
14884,14884,2026-06-25,80.59,293,,0
14885,14885,2026-06-25,166.00,34,,1
14886,14886,2026-06-25,379.00,365,,0
14887,14887,2026-06-24,142.00,341,,1
14888,14888,2026-06-25,400.00,226,,0
14889,14889,2026-06-25,24.68,343,,0
14890,14890,2026-06-25,60.88,362,,0
14891,14891,2026-06-24,160.00,357,,0
14892,14892,2026-06-24,185.00,324,,0
14893,14893,2026-06-25,72.00,206,,0
14894,14894,2026-06-25,72.00,206,,0
14895,14895,2026-06-24,77.05,349,,0
14896,14896,2026-06-24,74.88,340,,0
14897,14897,2026-06-24,201.50,80,,0
14898,14898,2026-06-25,165.93,319,,0
14899,14899,2026-06-24,141.50,297,,0
14900,14900,2026-06-24,126.00,365,,0
14901,14901,2026-06-24,218.00,146,,1
14902,14902,2026-06-25,,160,,0
14903,14903,2026-06-25,434.00,343,,1
14904,14904,2026-06-24,107.87,352,,0
14905,14905,2026-06-24,175.56,205,,0
14906,14906,2026-06-25,,191,,0
14907,14907,2026-06-25,,358,,0
14908,14908,2026-06-25,134.50,190,,1
14909,14909,2026-06-25,103.00,61,,1
14910,14910,2026-06-25,91.33,52,,2
14911,14911,2026-06-24,256.50,109,,2
14912,14912,2026-06-24,98.59,238,,0
14913,14913,2026-06-25,72.00,287,,5
14914,14914,2026-06-24,172.00,353,,0
14915,14915,2026-06-25,399.00,258,,0
14916,14916,2026-06-25,127.00,299,,0
14917,14917,2026-06-25,186.50,74,,0
14918,14918,2026-06-25,33.92,348,,0
14919,14919,2026-06-25,147.50,365,,0
14920,14920,2026-06-25,33.92,333,,0
14921,14921,2026-06-25,37.46,338,,0
14922,14922,2026-06-25,136.50,363,,0
14923,14923,2026-06-25,75.88,304,,0
14924,14924,2026-06-25,519.67,361,,0
14925,14925,2026-06-25,448.33,362,,0
14926,14926,2026-06-25,207.80,358,,0
14927,14927,2026-06-25,412.80,345,,0
14928,14928,2026-06-25,214.00,331,,0
14929,14929,2026-06-25,75.00,278,,2
14930,14930,2026-06-25,75.00,254,,1
14931,14931,2026-06-25,260.00,350,,0
14932,14932,2026-06-25,88.84,189,,0
14933,14933,2026-06-25,132.00,293,,0
14934,14934,2026-06-25,120.47,179,,0
14935,14935,2026-06-25,43.15,364,,0
14936,14936,2026-06-25,135.00,330,,0
14937,14937,2026-06-25,275.67,348,,1
14938,14938,2026-06-25,620.00,250,,2
14939,14939,2026-06-25,220.00,246,,1
14940,14940,2026-06-24,149.00,319,,0
14941,14941,2026-06-25,257.00,282,,0
14942,14942,2026-06-25,120.09,264,,0
14943,14943,2026-06-25,651.00,365,,0
14944,14944,2026-06-24,85.72,302,,0
14945,14945,2026-06-25,301.30,287,,0
14946,14946,2026-06-25,206.78,161,,0
14947,14947,2026-06-25,77.29,278,,0
14948,14948,2026-06-25,71.77,293,,0
14949,14949,2026-06-25,357.67,242,,0
14950,14950,2026-06-25,121.71,72,,0
14951,14951,2026-06-25,110.65,56,,0
14952,14952,2026-06-25,77.45,343,,0
14953,14953,2026-06-25,,49,,0
14954,14954,2026-06-25,53.24,341,,0
14955,14955,2026-06-25,800.00,348,,1
14956,14956,2026-06-25,184.19,364,,0
14957,14957,2026-06-25,109.00,313,,0
14958,14958,2026-06-25,97.97,365,,0
14959,14959,2026-06-25,230.00,355,,0
14960,14960,2026-06-25,127.00,91,,0
14961,14961,2026-06-24,163.00,40,,0
14962,14962,2026-06-25,121.00,330,,0
14963,14963,2026-06-25,126.00,325,,0
14964,14964,2026-06-25,42.55,365,,0
14965,14965,2026-06-25,120.00,338,,0
14966,14966,2026-06-25,34.43,323,,0
14967,14967,2026-06-25,26.31,182,,0
14968,14968,2026-06-25,91.46,340,,0
14969,14969,2026-06-25,65.59,61,,0
14970,14970,2026-06-24,229.20,90,,1
14971,14971,2026-06-24,271.50,346,,0
14972,14972,2026-06-25,138.68,90,,0
14973,14973,2026-06-25,61.95,82,,0
14974,14974,2026-06-25,159.21,76,,0
14975,14975,2026-06-25,94.50,72,,0
14976,14976,2026-06-25,62.10,293,,0
14977,14977,2026-06-25,143.00,333,,0
14978,14978,2026-06-24,66.77,15,,0
14979,14979,2026-06-24,80.00,21,,0
14980,14980,2026-06-25,111.26,365,,0
14981,14981,2026-06-25,72.32,365,,0
14982,14982,2026-06-25,53.10,82,,0
14983,14983,2026-06-25,165.85,364,,0
14984,14984,2026-06-25,120.00,234,,0
14985,14985,2026-06-25,297.50,280,,0
14986,14986,2026-06-25,145.87,74,,0
14987,14987,2026-06-25,508.00,281,,0
14988,14988,2026-06-25,308.00,279,,0
14989,14989,2026-06-25,81.00,347,,0
14990,14990,2026-06-25,145.87,82,,0
14991,14991,2026-06-25,414.00,278,,0
14992,14992,2026-06-25,146.40,168,,0
14993,14993,2026-06-25,651.00,278,,0
14994,14994,2026-06-25,651.00,278,,0
14995,14995,2026-06-25,43.15,364,,0
14996,14996,2026-06-25,43.15,364,,0
14997,14997,2026-06-25,47.94,364,,0
14998,14998,2026-06-25,22.48,246,,0
14999,14999,2026-06-25,238.00,230,,0
15000,15000,2026-06-25,148.58,159,,0
15001,15001,2026-06-25,75.00,248,,1
15002,15002,2026-06-25,81.03,365,,0
15003,15003,2026-06-25,75.00,250,,3
15004,15004,2026-06-24,26.55,358,,0
15005,15005,2026-06-25,145.00,325,,0
15006,15006,2026-06-25,71.00,341,,0
15007,15007,2026-06-24,88.49,327,,0
15008,15008,2026-06-24,135.80,84,,0
15009,15009,2026-06-25,,337,,0
15010,15010,2026-06-24,86.00,188,,1
15011,15011,2026-06-24,200.90,91,,0
15012,15012,2026-06-24,485.00,343,,1
15013,15013,2026-06-25,114.00,303,,0
15014,15014,2026-06-25,128.05,89,,0
15015,15015,2026-06-25,200.33,39,,1
15016,15016,2026-06-25,248.00,349,,0
15017,15017,2026-06-25,290.00,283,,0
15018,15018,2026-06-25,58.14,343,,0
15019,15019,2026-06-25,215.00,317,,0
15020,15020,2026-06-25,59.04,307,,0
15021,15021,2026-06-24,160.00,337,,0
15022,15022,2026-06-24,540.00,251,,1
15023,15023,2026-06-24,69.00,356,,0
15024,15024,2026-06-25,75.00,273,,1
15025,15025,2026-06-24,55.84,365,,0
15026,15026,2026-06-25,218.50,82,,0
15027,15027,2026-06-25,165.47,365,,0
15028,15028,2026-06-24,212.00,160,,0
15029,15029,2026-06-25,77.44,334,,0
15030,15030,2026-06-24,60.55,278,,23
15031,15031,2026-06-25,153.50,289,,0
15032,15032,2026-06-24,366.00,343,,0
15033,15033,2026-06-25,1952.00,365,,0
15034,15034,2026-06-24,130.00,256,,0
15035,15035,2026-06-25,103.85,89,,0
15036,15036,2026-06-24,102.50,291,,0
15037,15037,2026-06-24,213.02,244,,0
15038,15038,2026-06-25,277.00,329,,0
15039,15039,2026-06-25,142.00,349,,0
15040,15040,2026-06-25,66.33,95,,0
15041,15041,2026-06-25,102.32,362,,0
15042,15042,2026-06-25,141.91,78,,0
15043,15043,2026-06-24,137.00,330,,0
15044,15044,2026-06-24,,319,,0
15045,15045,2026-06-24,94.84,298,,0
15046,15046,2026-06-25,75.00,283,,1
15047,15047,2026-06-24,237.36,318,,0
15048,15048,2026-06-24,256.40,311,,0
15049,15049,2026-06-25,75.00,301,,0
15050,15050,2026-06-25,75.00,277,,0
15051,15051,2026-06-24,62.64,83,,0
15052,15052,2026-06-25,428.00,199,,0
15053,15053,2026-06-25,428.00,199,,0
15054,15054,2026-06-25,428.00,199,,0
15055,15055,2026-06-25,428.00,199,,0
15056,15056,2026-06-25,428.00,199,,0
15057,15057,2026-06-25,428.00,199,,0
15058,15058,2026-06-25,53.64,283,,0
15059,15059,2026-06-25,,9,,0
15060,15060,2026-06-25,59.88,365,,0
15061,15061,2026-06-25,120.00,253,,0
15062,15062,2026-06-25,105.00,283,,0
15063,15063,2026-06-25,90.00,319,,0
15064,15064,2026-06-24,168.10,281,,0
15065,15065,2026-06-25,128.05,270,,0
15066,15066,2026-06-25,457.00,24,,0
15067,15067,2026-06-25,457.00,24,,0
15068,15068,2026-06-25,260.00,26,,0
15069,15069,2026-06-25,321.00,352,,0
15070,15070,2026-06-25,451.00,198,,0
15071,15071,2026-06-25,451.00,198,,0
15072,15072,2026-06-25,269.00,238,,0
15073,15073,2026-06-25,69.65,365,,0
15074,15074,2026-06-24,71.34,364,,0
15075,15075,2026-06-24,277.00,319,,0
15076,15076,2026-06-25,253.00,291,,0
15077,15077,2026-06-25,97.74,328,,0
15078,15078,2026-06-25,235.00,287,,28
15079,15079,2026-06-25,275.00,316,,42
15080,15080,2026-06-25,295.00,186,,0
15081,15081,2026-06-25,451.00,198,,0
15082,15082,2026-06-25,71.90,169,,0
15083,15083,2026-06-24,70.74,364,,0
15084,15084,2026-06-25,451.00,198,,0
15085,15085,2026-06-24,89.13,365,,0
15086,15086,2026-06-25,89.13,365,,0
15087,15087,2026-06-25,451.00,210,,0
15088,15088,2026-06-25,451.00,198,,0
15089,15089,2026-06-25,451.00,195,,0
15090,15090,2026-06-25,80.00,295,,1
15091,15091,2026-06-25,103.00,324,,0
15092,15092,2026-06-25,135.81,273,,0
15093,15093,2026-06-24,256.40,192,,0
15094,15094,2026-06-25,35.97,339,,0
15095,15095,2026-06-25,49.61,364,,0
15096,15096,2026-06-24,868.35,354,,0
15097,15097,2026-06-24,280.00,342,,0
15098,15098,2026-06-25,81.98,337,,0
15099,15099,2026-06-24,,228,,0
15100,15100,2026-06-25,125.00,347,,0
15101,15101,2026-06-25,58.05,179,,0
15102,15102,2026-06-25,117.00,365,,0
15103,15103,2026-06-25,405.00,241,,10
15104,15104,2026-06-24,275.60,320,,0
15105,15105,2026-06-25,164.93,81,,0
15106,15106,2026-06-25,30.97,338,,0
15107,15107,2026-06-25,95.16,45,,0
15108,15108,2026-06-25,284.25,70,,0
15109,15109,2026-06-25,110.00,365,,0
15110,15110,2026-06-25,223.00,345,,0
15111,15111,2026-06-24,115.09,365,,0
15112,15112,2026-06-25,88.47,245,,0
15113,15113,2026-06-25,288.00,223,,0
15114,15114,2026-06-25,209.12,235,,0
15115,15115,2026-06-25,263.84,227,,0
15116,15116,2026-06-25,208.96,213,,0
15117,15117,2026-06-24,100.13,364,,0
15118,15118,2026-06-25,22.57,34,,0
15119,15119,2026-06-25,230.56,213,,0
15120,15120,2026-06-25,230.56,241,,1
15121,15121,2026-06-25,335.92,245,,0
15122,15122,2026-06-25,239.50,217,,0
15123,15123,2026-06-25,279.50,247,,0
15124,15124,2026-06-25,442.84,233,,0
15125,15125,2026-06-25,572.98,150,,0
15126,15126,2026-06-25,374.56,230,,0
15127,15127,2026-06-25,194.00,223,,0
15128,15128,2026-06-25,269.68,166,,0
15129,15129,2026-06-25,363.50,238,,0
15130,15130,2026-06-25,185.50,221,,0
15131,15131,2026-06-25,323.50,240,,0
15132,15132,2026-06-24,262.80,209,,0
15133,15133,2026-06-24,145.40,270,,0
15134,15134,2026-06-25,123.00,365,,0
15135,15135,2026-06-25,1072.00,233,,0
15136,15136,2026-06-25,43.69,62,,0
15137,15137,2026-06-25,106.15,351,,0
15138,15138,2026-06-24,136.23,365,,0
15139,15139,2026-06-25,68.80,365,,0
15140,15140,2026-06-25,179.00,351,,0
15141,15141,2026-06-25,85.33,349,,0
15142,15142,2026-06-25,,294,,0
15143,15143,2026-06-25,500.00,316,,0
15144,15144,2026-06-24,203.59,361,,0
15145,15145,2026-06-24,166.00,137,,0
15146,15146,2026-06-25,765.00,277,,0
15147,15147,2026-06-25,142.00,352,,0
15148,15148,2026-06-25,142.00,356,,0
15149,15149,2026-06-25,47.15,332,,0
15150,15150,2026-06-25,173.00,331,,0
15151,15151,2026-06-25,110.14,322,,0
15152,15152,2026-06-25,128.59,358,,0
15153,15153,2026-06-25,,364,,0
15154,15154,2026-06-24,151.86,98,,0
15155,15155,2026-06-24,187.00,314,,0
15156,15156,2026-06-25,651.00,34,,0
15157,15157,2026-06-25,91.19,299,,0
15158,15158,2026-06-25,134.00,356,,0
15159,15159,2026-06-25,119.00,365,,0
15160,15160,2026-06-25,156.09,325,,0
15161,15161,2026-06-25,66.00,308,,0
15162,15162,2026-06-25,75.07,299,,0
15163,15163,2026-06-25,,179,,0
15164,15164,2026-06-25,121.00,365,,0
15165,15165,2026-06-25,42.72,78,,0
15166,15166,2026-06-25,140.71,365,,0
15167,15167,2026-06-25,123.30,365,,0
15168,15168,2026-06-25,43.56,33,,0
15169,15169,2026-06-25,50.74,57,,0
15170,15170,2026-06-24,247.33,141,,0
15171,15171,2026-06-25,121.00,329,,0
15172,15172,2026-06-25,137.00,122,,0
15173,15173,2026-06-24,92.00,301,,0
15174,15174,2026-06-25,137.00,143,,0
15175,15175,2026-06-25,168.50,341,,0
15176,15176,2026-06-25,30.47,365,,0
15177,15177,2026-06-24,250.00,267,,0
15178,15178,2026-06-24,316.67,356,,5
15179,15179,2026-06-24,291.67,279,,9
15180,15180,2026-06-25,242.33,284,,19
15181,15181,2026-06-25,266.67,345,,7
15182,15182,2026-06-25,281.67,316,,0
15183,15183,2026-06-25,175.89,364,,0
15184,15184,2026-06-25,91.50,305,,0
15185,15185,2026-06-25,32.84,47,,0
15186,15186,2026-06-25,43.56,47,,0
15187,15187,2026-06-25,91.29,169,,0
15188,15188,2026-06-25,43.56,47,,0
15189,15189,2026-06-25,32.09,316,,0
15190,15190,2026-06-25,37.03,47,,0
15191,15191,2026-06-24,185.00,133,,0
15192,15192,2026-06-25,110.81,364,,0
15193,15193,2026-06-24,187.60,134,,0
15194,15194,2026-06-25,30.34,47,,0
15195,15195,2026-06-25,241.00,309,,14
15196,15196,2026-06-25,146.07,357,,0
15197,15197,2026-06-25,109.00,361,,0
15198,15198,2026-06-25,186.00,121,,0
15199,15199,2026-06-25,96.34,365,,0
15200,15200,2026-06-25,38.09,47,,0
15201,15201,2026-06-25,108.00,354,,0
15202,15202,2026-06-25,55.81,47,,0
15203,15203,2026-06-24,126.00,361,,0
15204,15204,2026-06-25,43.56,45,,0
15205,15205,2026-06-25,45.72,45,,0
15206,15206,2026-06-24,217.80,141,,0
15207,15207,2026-06-25,45.72,45,,0
15208,15208,2026-06-25,,13,,0
15209,15209,2026-06-25,45.69,45,,0
15210,15210,2026-06-25,30.34,45,,0
15211,15211,2026-06-25,31.56,45,,0
15212,15212,2026-06-24,37.00,59,,0
15213,15213,2026-06-25,145.00,365,,0
15214,15214,2026-06-25,39.94,45,,0
15215,15215,2026-06-25,136.00,339,,0
15216,15216,2026-06-25,41.41,45,,0
15217,15217,2026-06-25,32.16,45,,0
15218,15218,2026-06-25,163.00,350,,0
15219,15219,2026-06-25,32.16,45,,0
15220,15220,2026-06-25,39.19,45,,0
15221,15221,2026-06-25,38.19,45,,0
15222,15222,2026-06-25,41.41,62,,0
15223,15223,2026-06-25,91.00,339,,0
15224,15224,2026-06-25,41.41,48,,0
15225,15225,2026-06-25,57.00,45,,0
15226,15226,2026-06-25,87.39,365,,0
15227,15227,2026-06-25,128.00,358,,0
15228,15228,2026-06-25,139.00,351,,0
15229,15229,2026-06-25,115.00,365,,0
15230,15230,2026-06-25,112.00,363,,0
15231,15231,2026-06-24,96.00,67,,0
15232,15232,2026-06-24,88.00,93,,0
15233,15233,2026-06-25,67.48,263,,0
15234,15234,2026-06-25,71.84,247,,0
15235,15235,2026-06-24,92.00,143,,0
15236,15236,2026-06-24,91.20,37,,0
15237,15237,2026-06-25,137.00,344,,0
15238,15238,2026-06-25,111.00,339,,0
15239,15239,2026-06-25,84.00,356,,0
15240,15240,2026-06-25,83.00,84,,0
15241,15241,2026-06-24,100.00,360,,0
15242,15242,2026-06-24,1369.41,179,,0
15243,15243,2026-06-24,253.34,363,,0
15244,15244,2026-06-25,107.00,313,,0
15245,15245,2026-06-25,93.92,37,,0
15246,15246,2026-06-25,43.53,365,,0
15247,15247,2026-06-24,114.50,350,,0
15248,15248,2026-06-25,126.00,312,,0
15249,15249,2026-06-25,174.13,365,,0
15250,15250,2026-06-25,69.00,363,,0
15251,15251,2026-06-25,146.07,363,,0
15252,15252,2026-06-25,100.42,362,,0
15253,15253,2026-06-24,43.69,45,,0
15254,15254,2026-06-24,43.69,45,,0
15255,15255,2026-06-25,,128,,0
15256,15256,2026-06-25,,191,,0
15257,15257,2026-06-24,140.00,123,,0
15258,15258,2026-06-25,,191,,0
15259,15259,2026-06-25,35.33,207,,0
15260,15260,2026-06-24,232.40,137,,0
15261,15261,2026-06-25,31.89,347,,0
15262,15262,2026-06-25,28.32,253,,0
15263,15263,2026-06-25,32.24,298,,0
15264,15264,2026-06-25,32.77,55,,0
15265,15265,2026-06-25,33.96,117,,0
15266,15266,2026-06-25,33.98,118,,0
15267,15267,2026-06-25,93.60,365,,0
15268,15268,2026-06-25,93.60,365,,0
15269,15269,2026-06-25,100.42,363,,0
15270,15270,2026-06-25,114.12,363,,0
15271,15271,2026-06-25,123.25,361,,0
15272,15272,2026-06-25,84.00,352,,0
15273,15273,2026-06-25,84.00,342,,0
15274,15274,2026-06-25,113.00,339,,0
15275,15275,2026-06-25,104.50,349,,0
15276,15276,2026-06-25,79.88,363,,0
15277,15277,2026-06-25,79.88,365,,0
15278,15278,2026-06-25,84.00,356,,0
15279,15279,2026-06-25,42.31,365,,0
15280,15280,2026-06-25,93.87,359,,0
15281,15281,2026-06-25,510.20,254,,0
15282,15282,2026-06-25,135.40,250,,0
15283,15283,2026-06-24,120.97,361,,0
15284,15284,2026-06-25,159.00,356,,0
15285,15285,2026-06-24,189.00,326,,0
15286,15286,2026-06-24,189.00,351,,0
15287,15287,2026-06-25,33.19,32,,0
15288,15288,2026-06-25,27.63,143,,0
15289,15289,2026-06-25,93.87,359,,0
15290,15290,2026-06-25,93.87,359,,0
15291,15291,2026-06-25,183.00,121,,0
15292,15292,2026-06-25,263.00,114,,0
15293,15293,2026-06-25,263.00,132,,0
