property_id,neighborhood_id,property_type,bedrooms,capacity,street_address,price_per_m2_purchased
1,6,Entire rental unit,3,8,,
2,70,Entire rental unit,3,5,,
3,2,Entire rental unit,4,9,,
4,3,Private room in rental unit,,1,,
5,7,Entire condo,1,4,,
6,32,Entire rental unit,2,5,,
7,28,Entire rental unit,3,9,,
8,7,Entire rental unit,1,2,,
9,1,Entire rental unit,4,5,,
10,68,Entire serviced apartment,1,3,,
11,65,Entire rental unit,3,3,,
12,11,Entire rental unit,3,5,,
13,7,Entire rental unit,1,3,,
14,32,Entire rental unit,1,4,,
15,6,Entire rental unit,3,8,,
16,68,Entire rental unit,3,6,,
17,21,Private room in rental unit,,1,,
18,10,Private room in rental unit,,2,,
19,4,Entire rental unit,1,2,,
20,35,Private room in rental unit,,1,,
21,65,Entire rental unit,2,3,,
22,65,Entire rental unit,2,3,,
23,6,Entire rental unit,3,8,,
24,10,Private room in rental unit,1,1,,
25,7,Entire rental unit,3,6,,
26,21,Private room in rental unit,,2,,
27,8,Entire rental unit,4,8,,
28,69,Entire rental unit,4,8,,
29,31,Entire rental unit,2,4,,
30,11,Entire rental unit,1,2,,
31,31,Entire rental unit,2,4,,
32,5,Entire rental unit,1,3,,
33,72,Entire rental unit,3,5,,
34,28,Private room in rental unit,,1,,
35,7,Entire rental unit,3,6,,
36,7,Entire rental unit,3,6,,
37,6,Entire condo,,2,,
38,8,Entire rental unit,3,8,,
39,10,Entire rental unit,1,2,,
40,8,Entire rental unit,2,4,,
41,11,Entire rental unit,2,3,,
42,9,Entire condo,3,6,,
43,23,Entire condo,3,6,,
44,1,Entire serviced apartment,3,5,,
45,66,Entire rental unit,1,4,,
46,9,Entire rental unit,1,2,,
47,4,Entire rental unit,3,6,,
48,31,Entire loft,1,3,,
49,32,Entire home,2,5,,
50,11,Entire rental unit,1,2,,
51,7,Entire rental unit,1,3,,
52,7,Entire rental unit,3,5,,
53,67,Entire condo,1,4,,
54,19,Entire rental unit,1,2,,
55,31,Entire rental unit,3,4,,
56,31,Entire rental unit,3,4,,
57,3,Entire rental unit,1,3,,
58,5,Entire condo,3,6,,
59,9,Entire rental unit,2,4,,
60,4,Entire rental unit,2,3,,
61,31,Entire home,3,3,,
62,69,Entire rental unit,2,4,,
63,10,Entire condo,2,4,,
64,9,Entire rental unit,3,5,,
65,4,Entire rental unit,3,6,,
66,2,Entire rental unit,1,3,,
67,7,Entire rental unit,3,6,,
68,7,Entire rental unit,1,4,,
69,1,Entire rental unit,2,4,,
70,9,Entire rental unit,2,2,,
71,2,Entire rental unit,2,5,,
72,11,Entire rental unit,3,7,,
73,2,Entire serviced apartment,2,6,,
74,4,Entire rental unit,1,4,,
75,27,Entire home,4,8,,
76,7,Entire rental unit,2,4,,
77,5,Private room in rental unit,,1,,
78,31,Entire rental unit,2,6,,
79,8,Entire serviced apartment,2,3,,
80,6,Entire rental unit,2,5,,
81,4,Entire rental unit,1,2,,
82,7,Entire rental unit,1,3,,
83,1,Entire loft,1,4,,
84,7,Entire rental unit,3,6,,
85,2,Entire condo,2,4,,
86,11,Entire rental unit,4,8,,
87,7,Entire loft,1,2,,
88,31,Entire rental unit,2,4,,
89,26,Entire rental unit,2,4,,
90,31,Entire rental unit,2,5,,
91,7,Entire rental unit,1,4,,
92,11,Entire rental unit,1,2,,
93,32,Entire rental unit,2,5,,
94,6,Entire rental unit,2,4,,
95,2,Entire rental unit,2,4,,
96,7,Entire rental unit,2,3,,
97,4,Entire rental unit,3,5,,
98,8,Entire rental unit,2,2,,
99,62,Entire rental unit,3,2,,
100,6,Entire rental unit,2,5,,
101,6,Entire rental unit,2,5,,
102,1,Entire rental unit,2,6,,
103,1,Entire rental unit,2,5,,
104,5,Entire rental unit,3,6,,
105,5,Entire rental unit,4,8,,
106,10,Entire rental unit,2,3,,
107,67,Entire townhouse,2,5,,
108,7,Entire rental unit,4,8,,
109,8,Entire rental unit,3,5,,
110,7,Entire rental unit,2,4,,
111,10,Entire serviced apartment,4,11,,
112,5,Entire loft,1,2,,
113,10,Entire serviced apartment,3,9,,
114,33,Private room in condo,,1,,
115,10,Entire rental unit,2,3,,
116,68,Private room in guest suite,,2,,
117,6,Entire rental unit,2,5,,
118,6,Entire rental unit,1,3,,
119,1,Entire rental unit,4,5,,
120,9,Entire rental unit,3,5,,
121,63,Private room in rental unit,,2,,
122,1,Entire rental unit,1,3,,
123,10,Entire rental unit,1,2,,
124,16,Entire rental unit,1,3,,
125,9,Private room in rental unit,,2,,
126,9,Private room in rental unit,,2,,
127,18,Entire rental unit,1,2,,
128,3,Entire rental unit,1,2,,
129,6,Private room in rental unit,,1,,
130,67,Entire rental unit,3,5,,
131,5,Entire rental unit,4,9,,
132,27,Entire rental unit,4,11,,
133,68,Entire rental unit,3,7,,
134,7,Entire rental unit,2,5,,
135,3,Entire rental unit,1,3,,
136,68,Private room in rental unit,1,2,,
137,6,Entire loft,1,2,,
138,10,Entire rental unit,2,4,,
139,7,Entire rental unit,2,5,,
140,31,Entire rental unit,2,2,,
141,31,Entire rental unit,2,6,,
142,3,Entire rental unit,2,4,,
143,44,Entire rental unit,1,2,,
144,1,Entire rental unit,3,6,,
145,6,Entire rental unit,1,3,,
146,6,Entire rental unit,2,4,,
147,5,Entire loft,3,5,,
148,10,Entire rental unit,2,4,,
149,68,Entire rental unit,2,4,,
150,9,Private room in rental unit,,2,,
151,66,Entire condo,1,4,,
152,7,Entire rental unit,3,6,,
153,66,Entire townhouse,3,3,,
154,7,Private room in rental unit,,2,,
155,10,Entire rental unit,1,3,,
156,68,Private room in rental unit,,3,,
157,11,Entire rental unit,1,4,,
158,52,Private room in floor,,1,,
159,7,Entire townhouse,4,10,,
160,26,Entire rental unit,2,5,,
161,9,Private room in rental unit,,1,,
162,9,Private room in rental unit,,1,,
163,71,Entire home,1,4,,
164,65,Entire rental unit,2,4,,
165,4,Private room in rental unit,2,2,,
166,31,Entire rental unit,2,3,,
167,8,Entire serviced apartment,1,2,,
168,8,Entire serviced apartment,2,4,,
169,7,Entire rental unit,2,3,,
170,7,Entire rental unit,2,4,,
171,11,Entire rental unit,2,4,,
172,5,Entire rental unit,4,6,,
173,5,Entire rental unit,1,2,,
174,7,Entire rental unit,1,2,,
175,5,Entire rental unit,2,4,,
176,5,Entire rental unit,4,6,,
177,5,Entire rental unit,4,6,,
178,7,Entire rental unit,3,6,,
179,7,Entire rental unit,2,4,,
180,7,Entire rental unit,2,6,,
181,7,Entire rental unit,2,6,,
182,7,Entire rental unit,2,6,,
183,31,Entire condo,3,4,,
184,3,Entire rental unit,2,4,,
185,6,Entire rental unit,1,2,,
186,10,Entire rental unit,1,2,,
187,8,Entire serviced apartment,4,8,,
188,1,Entire condo,2,4,,
189,17,Private room in rental unit,,1,,
190,6,Entire rental unit,2,4,,
191,10,Entire rental unit,1,2,,
192,27,Entire rental unit,2,5,,
193,28,Entire rental unit,2,4,,
194,63,Entire rental unit,2,7,,
195,7,Entire condo,1,2,,
196,28,Entire rental unit,4,9,,
197,28,Entire rental unit,4,10,,
198,17,Entire rental unit,2,3,,
199,1,Private room in rental unit,,1,,
200,10,Entire rental unit,1,2,,
201,31,Entire rental unit,4,8,,
202,1,Private room in rental unit,,2,,
203,8,Entire rental unit,3,5,,
204,6,Entire rental unit,3,6,,
205,3,Entire rental unit,1,2,,
206,66,Entire rental unit,2,4,,
207,32,Entire rental unit,4,6,,
208,6,Entire rental unit,2,4,,
209,6,Entire rental unit,2,4,,
210,31,Entire rental unit,3,6,,
211,9,Entire rental unit,2,4,,
212,68,Entire rental unit,1,3,,
213,31,Entire rental unit,3,4,,
214,8,Entire rental unit,7,16,,
215,10,Entire rental unit,2,4,,
216,31,Entire rental unit,1,2,,
217,31,Entire rental unit,1,2,,
218,10,Entire rental unit,,2,,
219,19,Entire rental unit,3,4,,
220,6,Entire rental unit,3,6,,
221,66,Entire condo,1,4,,
222,20,Entire rental unit,1,2,,
223,68,Entire rental unit,3,5,,
224,68,Entire rental unit,3,5,,
225,68,Entire rental unit,3,5,,
226,68,Entire rental unit,3,5,,
227,9,Entire rental unit,2,3,,
228,10,Entire rental unit,2,5,,
229,6,Entire rental unit,3,7,,
230,7,Entire rental unit,1,3,,
231,6,Entire rental unit,3,5,,
232,32,Entire loft,2,4,,
233,68,Entire rental unit,3,8,,
234,10,Entire rental unit,2,4,,
235,20,Entire rental unit,1,2,,
236,31,Entire rental unit,2,4,,
237,19,Entire rental unit,4,7,,
238,31,Entire rental unit,3,6,,
239,8,Entire rental unit,2,4,,
240,5,Entire rental unit,2,5,,
241,8,Entire rental unit,5,9,,
242,68,Private room in home,,3,,
243,7,Entire rental unit,3,6,,
244,31,Entire rental unit,1,2,,
245,19,Entire rental unit,3,6,,
246,67,Entire townhouse,4,10,,
247,9,Entire rental unit,3,5,,
248,7,Entire rental unit,1,3,,
249,37,Entire rental unit,2,4,,
250,20,Entire rental unit,3,3,,
251,7,Entire rental unit,2,4,,
252,6,Entire rental unit,5,8,,
253,26,Entire condo,3,6,,
254,35,Entire townhouse,2,4,,
255,7,Entire rental unit,2,5,,
256,7,Entire rental unit,1,4,,
257,7,Entire rental unit,2,4,,
258,7,Entire rental unit,3,8,,
259,7,Entire rental unit,3,7,,
260,31,Entire rental unit,1,2,,
261,71,Entire rental unit,2,4,,
262,8,Entire rental unit,3,6,,
263,5,Entire rental unit,2,4,,
264,66,Private room in rental unit,,2,,
265,7,Entire rental unit,4,10,,
266,19,Entire rental unit,3,6,,
267,1,Entire rental unit,3,5,,
268,5,Entire rental unit,1,2,,
269,15,Entire condo,1,2,,
270,7,Entire rental unit,4,9,,
271,7,Entire rental unit,2,4,,
272,7,Entire rental unit,4,8,,
273,7,Entire rental unit,,3,,
274,27,Entire rental unit,2,3,,
275,11,Entire rental unit,1,4,,
276,11,Entire serviced apartment,2,6,,
277,11,Entire rental unit,1,4,,
278,32,Entire rental unit,2,4,,
279,4,Entire rental unit,1,2,,
280,11,Entire serviced apartment,3,6,,
281,10,Entire rental unit,4,8,,
282,10,Entire rental unit,,2,,
283,6,Entire rental unit,3,5,,
284,11,Entire rental unit,1,3,,
285,30,Entire rental unit,2,4,,
286,6,Entire rental unit,3,5,,
287,15,Entire rental unit,1,2,,
288,8,Entire rental unit,3,8,,
289,19,Entire rental unit,3,5,,
290,19,Entire rental unit,3,5,,
291,68,Entire rental unit,3,5,,
292,27,Entire rental unit,3,8,,
293,7,Entire rental unit,2,4,,
294,65,Entire condo,1,3,,
295,71,Entire rental unit,2,4,,
296,32,Entire rental unit,2,4,,
297,7,Entire rental unit,3,5,,
298,67,Entire rental unit,2,3,,
299,9,Entire rental unit,4,9,,
300,8,Entire rental unit,1,4,,
301,10,Entire rental unit,3,5,,
302,6,Entire rental unit,3,8,,
303,11,Entire condo,1,2,,
304,11,Entire rental unit,2,5,,
305,27,Entire rental unit,2,4,,
306,31,Entire rental unit,2,4,,
307,9,Entire rental unit,3,4,,
308,8,Entire rental unit,6,12,,
309,10,Entire rental unit,3,6,,
310,8,Entire rental unit,5,12,,
311,10,Entire rental unit,5,13,,
312,6,Entire rental unit,1,3,,
313,7,Entire rental unit,2,4,,
314,8,Entire rental unit,1,2,,
315,19,Entire loft,2,3,,
316,32,Entire rental unit,2,4,,
317,8,Entire rental unit,3,8,,
318,32,Entire rental unit,3,6,,
319,31,Entire loft,1,2,,
320,31,Entire rental unit,2,6,,
321,11,Entire rental unit,1,3,,
322,2,Entire rental unit,2,5,,
323,32,Entire rental unit,3,5,,
324,26,Entire rental unit,2,4,,
325,26,Entire rental unit,2,4,,
326,9,Entire rental unit,2,4,,
327,11,Entire rental unit,4,7,,
328,68,Entire rental unit,3,4,,
329,31,Entire rental unit,2,4,,
330,7,Entire rental unit,4,9,,
331,11,Entire rental unit,1,3,,
332,20,Entire rental unit,1,3,,
333,6,Entire rental unit,2,5,,
334,69,Entire rental unit,3,7,,
335,69,Entire rental unit,2,6,,
336,68,Entire rental unit,2,4,,
337,1,Entire rental unit,3,4,,
338,31,Entire rental unit,3,6,,
339,68,Entire rental unit,2,4,,
340,31,Entire rental unit,2,4,,
341,25,Entire rental unit,4,8,,
342,31,Entire rental unit,2,5,,
343,5,Entire rental unit,3,6,,
344,11,Entire home,3,5,,
345,24,Entire rental unit,2,4,,
346,19,Entire rental unit,1,2,,
347,10,Entire rental unit,3,6,,
348,7,Entire serviced apartment,2,4,,
349,7,Entire rental unit,4,5,,
350,31,Private room in condo,,3,,
351,16,Entire rental unit,2,5,,
352,22,Entire condo,1,4,,
353,7,Entire rental unit,2,4,,
354,32,Entire rental unit,4,8,,
355,38,Entire rental unit,3,5,,
356,8,Room in serviced apartment,2,4,,
357,9,Entire rental unit,2,3,,
358,25,Entire rental unit,1,2,,
359,5,Entire rental unit,1,2,,
360,31,Entire loft,1,2,,
361,31,Entire rental unit,2,6,,
362,31,Entire rental unit,2,4,,
363,8,Entire rental unit,6,14,,
364,31,Entire rental unit,1,2,,
365,7,Entire rental unit,2,4,,
366,5,Entire rental unit,3,5,,
367,34,Entire rental unit,2,4,,
368,4,Private room in casa particular,2,1,,
369,31,Entire loft,1,2,,
370,10,Entire rental unit,2,5,,
371,25,Entire rental unit,4,8,,
372,8,Entire rental unit,3,6,,
373,11,Entire rental unit,3,6,,
374,6,Entire rental unit,4,5,,
375,8,Entire serviced apartment,4,6,,
376,7,Entire rental unit,6,14,,
377,8,Entire rental unit,1,4,,
378,19,Entire rental unit,2,4,,
379,66,Entire rental unit,2,4,,
380,64,Entire rental unit,4,6,,
381,7,Entire rental unit,3,5,,
382,27,Entire rental unit,1,4,,
383,27,Entire rental unit,1,4,,
384,28,Entire rental unit,1,4,,
385,8,Room in serviced apartment,1,4,,
386,32,Entire rental unit,2,6,,
387,27,Private room in rental unit,1,1,,
388,7,Entire rental unit,4,10,,
389,10,Entire rental unit,4,6,,
390,7,Entire rental unit,2,4,,
391,6,Entire rental unit,3,6,,
392,10,Entire rental unit,2,4,,
393,10,Entire rental unit,2,4,,
394,10,Entire rental unit,1,2,,
395,10,Entire rental unit,1,3,,
396,10,Entire rental unit,1,2,,
397,7,Entire rental unit,,2,,
398,8,Entire rental unit,2,4,,
399,11,Entire rental unit,2,4,,
400,27,Entire villa,6,13,,
401,7,Entire rental unit,2,4,,
402,7,Entire rental unit,1,4,,
403,7,Entire rental unit,1,3,,
404,2,Entire rental unit,2,4,,
405,26,Entire rental unit,3,4,,
406,68,Entire condo,1,3,,
407,6,Entire rental unit,2,4,,
408,26,Entire rental unit,2,4,,
409,7,Entire rental unit,3,8,,
410,26,Entire rental unit,1,2,,
411,20,Entire rental unit,1,2,,
412,7,Entire rental unit,3,6,,
413,10,Entire rental unit,2,4,,
414,7,Entire rental unit,6,14,,
415,6,Entire rental unit,2,5,,
416,8,Entire condo,3,6,,
417,7,Entire rental unit,1,3,,
418,9,Entire rental unit,2,5,,
419,10,Entire rental unit,1,2,,
420,10,Entire rental unit,1,3,,
421,10,Entire rental unit,1,2,,
422,8,Entire rental unit,2,4,,
423,31,Entire loft,2,4,,
424,10,Entire rental unit,2,4,,
425,31,Entire serviced apartment,1,2,,
426,30,Entire home,3,6,,
427,7,Entire rental unit,4,14,,
428,31,Entire rental unit,1,2,,
429,66,Entire rental unit,2,6,,
430,5,Entire rental unit,2,3,,
431,11,Entire rental unit,3,6,,
432,7,Entire rental unit,2,6,,
433,5,Entire rental unit,1,2,,
434,17,Entire loft,1,3,,
435,26,Private room in rental unit,,3,,
436,69,Entire rental unit,3,6,,
437,7,Entire rental unit,3,8,,
438,7,Entire rental unit,1,4,,
439,5,Entire rental unit,2,4,,
440,6,Entire rental unit,3,5,,
441,9,Entire loft,1,2,,
442,6,Entire rental unit,2,3,,
443,68,Entire loft,1,4,,
444,5,Entire rental unit,3,5,,
445,27,Entire rental unit,2,4,,
446,69,Entire rental unit,5,10,,
447,64,Entire rental unit,2,4,,
448,31,Entire rental unit,1,2,,
449,31,Entire rental unit,2,3,,
450,10,Entire rental unit,3,4,,
451,7,Entire rental unit,2,4,,
452,31,Entire rental unit,1,2,,
453,31,Entire rental unit,1,3,,
454,1,Entire rental unit,2,4,,
455,31,Entire rental unit,2,4,,
456,17,Entire rental unit,2,4,,
457,11,Entire rental unit,1,4,,
458,67,Entire rental unit,2,4,,
459,31,Entire rental unit,1,3,,
460,31,Entire rental unit,2,3,,
461,31,Entire rental unit,3,6,,
462,31,Entire rental unit,1,3,,
463,19,Entire rental unit,1,4,,
464,6,Entire rental unit,1,4,,
465,31,Entire rental unit,1,3,,
466,9,Entire rental unit,4,10,,
467,7,Entire rental unit,2,4,,
468,5,Entire rental unit,3,6,,
469,11,Entire rental unit,2,5,,
470,27,Private room in rental unit,1,1,,
471,6,Entire rental unit,2,6,,
472,11,Entire rental unit,3,6,,
473,16,Private room in rental unit,,1,,
474,7,Entire rental unit,1,2,,
475,66,Entire rental unit,2,5,,
476,7,Entire rental unit,1,3,,
477,7,Entire rental unit,1,4,,
478,7,Entire rental unit,1,2,,
479,6,Entire rental unit,4,8,,
480,8,Entire serviced apartment,3,6,,
481,70,Private room in rental unit,,1,,
482,12,Entire home,4,3,,
483,32,Entire rental unit,1,4,,
484,9,Entire rental unit,3,5,,
485,10,Entire rental unit,1,2,,
486,19,Entire rental unit,1,4,,
487,18,Entire rental unit,1,3,,
488,10,Entire rental unit,3,6,,
489,29,Private room in home,,2,,
490,8,Entire serviced apartment,1,2,,
491,7,Entire rental unit,3,6,,
492,31,Entire rental unit,1,2,,
493,6,Entire rental unit,3,5,,
494,28,Entire home,6,16,,
495,10,Entire rental unit,3,4,,
496,7,Entire rental unit,3,6,,
497,6,Entire condo,2,4,,
498,64,Entire loft,1,2,,
499,7,Entire rental unit,2,5,,
500,33,Entire rental unit,2,5,,
501,8,Private room in rental unit,,1,,
502,18,Entire loft,,1,,
503,18,Entire loft,,1,,
504,16,Entire rental unit,3,5,,
505,64,Entire rental unit,2,4,,
506,18,Entire rental unit,3,5,,
507,4,Entire rental unit,1,5,,
508,7,Entire serviced apartment,3,6,,
509,7,Entire serviced apartment,2,5,,
510,27,Private room in rental unit,1,1,,
511,32,Entire rental unit,3,6,,
512,19,Entire rental unit,3,4,,
513,33,Entire loft,1,4,,
514,65,Entire rental unit,3,4,,
515,6,Entire rental unit,2,6,,
516,7,Entire rental unit,1,2,,
517,6,Entire rental unit,3,4,,
518,7,Entire rental unit,3,6,,
519,7,Entire rental unit,2,4,,
520,6,Entire rental unit,1,2,,
521,31,Entire rental unit,2,2,,
522,73,Entire rental unit,4,5,,
523,3,Entire rental unit,2,3,,
524,5,Entire rental unit,4,6,,
525,69,Entire rental unit,2,4,,
526,6,Entire rental unit,3,5,,
527,10,Entire rental unit,4,8,,
528,6,Entire rental unit,3,6,,
529,6,Entire rental unit,3,6,,
530,64,Entire rental unit,3,6,,
531,6,Entire rental unit,3,6,,
532,64,Entire rental unit,2,4,,
533,64,Entire rental unit,,2,,
534,6,Entire rental unit,2,4,,
535,8,Private room in rental unit,1,2,,
536,11,Entire rental unit,1,2,,
537,7,Private room in rental unit,,1,,
538,7,Entire rental unit,2,4,,
539,7,Entire rental unit,4,11,,
540,7,Entire condo,1,4,,
541,11,Entire rental unit,2,5,,
542,7,Entire rental unit,3,4,,
543,9,Entire rental unit,3,5,,
544,31,Private room in rental unit,,1,,
545,18,Entire rental unit,1,2,,
546,18,Private room in rental unit,,1,,
547,18,Entire rental unit,1,2,,
548,7,Entire rental unit,3,6,,
549,68,Entire rental unit,2,4,,
550,32,Private room in home,,4,,
551,15,Entire rental unit,2,3,,
552,7,Entire rental unit,2,3,,
553,4,Entire rental unit,1,5,,
554,8,Entire rental unit,1,4,,
555,6,Entire rental unit,1,2,,
556,32,Entire condo,2,4,,
557,32,Entire rental unit,3,4,,
558,6,Entire rental unit,2,6,,
559,9,Entire rental unit,3,5,,
560,7,Private room in bed and breakfast,1,2,,
561,6,Entire rental unit,1,2,,
562,6,Entire rental unit,2,2,,
563,45,Entire rental unit,4,6,,
564,5,Entire rental unit,1,2,,
565,31,Private room in rental unit,2,1,,
566,68,Entire rental unit,1,4,,
567,31,Entire rental unit,1,3,,
568,30,Entire rental unit,2,6,,
569,6,Entire rental unit,2,4,,
570,44,Entire rental unit,2,4,,
571,14,Private room in rental unit,2,1,,
572,68,Entire loft,,4,,
573,2,Entire rental unit,2,4,,
574,2,Entire rental unit,2,4,,
575,67,Entire rental unit,2,5,,
576,7,Private room in hostel,1,6,,
577,7,Private room in hostel,1,8,,
578,4,Private room in hostel,1,12,,
579,19,Entire rental unit,2,4,,
580,8,Entire loft,1,2,,
581,4,Entire rental unit,,2,,
582,23,Entire rental unit,1,3,,
583,7,Entire rental unit,2,4,,
584,7,Entire rental unit,3,7,,
585,18,Entire rental unit,1,3,,
586,7,Entire rental unit,3,5,,
587,68,Entire rental unit,2,5,,
588,31,Entire rental unit,4,6,,
589,6,Entire loft,1,2,,
590,16,Entire rental unit,3,5,,
591,67,Entire rental unit,1,3,,
592,7,Entire condo,4,6,,
593,6,Entire condo,3,5,,
594,26,Entire rental unit,6,12,,
595,31,Entire rental unit,3,6,,
596,33,Entire rental unit,1,4,,
597,8,Entire rental unit,4,9,,
598,6,Entire rental unit,2,4,,
599,7,Entire rental unit,2,6,,
600,7,Entire rental unit,4,8,,
601,19,Entire rental unit,3,5,,
602,10,Entire serviced apartment,3,5,,
603,67,Entire rental unit,3,6,,
604,64,Entire rental unit,2,4,,
605,7,Entire rental unit,2,6,,
606,27,Entire rental unit,1,2,,
607,8,Entire rental unit,1,2,,
608,5,Entire rental unit,2,4,,
609,19,Entire rental unit,3,7,,
610,15,Entire rental unit,3,6,,
611,7,Private room in rental unit,,3,,
612,11,Entire rental unit,2,4,,
613,4,Entire rental unit,1,3,,
614,6,Entire rental unit,8,16,,
615,4,Entire rental unit,3,5,,
616,4,Entire rental unit,3,5,,
617,18,Entire rental unit,3,5,,
618,30,Entire condo,2,5,,
619,4,Private room in rental unit,,2,,
620,2,Entire rental unit,2,4,,
621,5,Entire rental unit,2,4,,
622,8,Entire rental unit,2,4,,
623,8,Entire rental unit,2,4,,
624,71,Entire rental unit,1,3,,
625,31,Entire rental unit,2,4,,
626,30,Entire rental unit,2,4,,
627,31,Entire rental unit,3,7,,
628,10,Entire rental unit,2,3,,
629,8,Entire rental unit,3,6,,
630,11,Entire rental unit,1,2,,
631,3,Entire loft,,2,,
632,10,Entire rental unit,2,3,,
633,10,Entire rental unit,2,3,,
634,68,Entire rental unit,2,5,,
635,8,Entire rental unit,2,6,,
636,31,Entire rental unit,2,5,,
637,6,Entire rental unit,2,5,,
638,25,Entire rental unit,1,2,,
639,10,Entire rental unit,4,6,,
640,6,Entire rental unit,2,5,,
641,20,Entire rental unit,1,2,,
642,7,Entire rental unit,2,3,,
643,7,Entire rental unit,2,3,,
644,68,Entire home,2,4,,
645,64,Entire rental unit,3,6,,
646,7,Entire rental unit,2,4,,
647,19,Entire condo,2,2,,
648,11,Entire rental unit,2,3,,
649,7,Entire rental unit,1,5,,
650,7,Entire condo,2,3,,
651,31,Entire rental unit,2,2,,
652,7,Entire rental unit,2,4,,
653,7,Entire loft,1,2,,
654,11,Entire rental unit,2,3,,
655,8,Entire rental unit,2,4,,
656,32,Entire rental unit,3,6,,
657,5,Entire rental unit,2,2,,
658,5,Entire rental unit,1,3,,
659,7,Entire rental unit,2,5,,
660,10,Entire serviced apartment,2,4,,
661,9,Entire rental unit,2,4,,
662,7,Entire rental unit,1,4,,
663,33,Entire condo,1,2,,
664,6,Entire condo,3,6,,
665,6,Entire rental unit,4,5,,
666,26,Tiny home,1,2,,
667,8,Entire rental unit,2,4,,
668,7,Entire rental unit,2,5,,
669,11,Entire rental unit,2,4,,
670,10,Entire rental unit,3,6,,
671,8,Entire loft,1,2,,
672,4,Private room in condo,,2,,
673,11,Entire rental unit,1,2,,
674,7,Entire rental unit,2,4,,
675,66,Entire rental unit,,2,,
676,10,Private room in rental unit,,1,,
677,5,Entire rental unit,3,6,,
678,31,Entire rental unit,3,5,,
679,31,Entire condo,2,7,,
680,1,Entire rental unit,3,8,,
681,1,Entire rental unit,2,6,,
682,6,Entire rental unit,2,4,,
683,30,Entire home,2,4,,
684,66,Entire rental unit,1,3,,
685,7,Entire rental unit,1,4,,
686,7,Entire rental unit,3,6,,
687,68,Entire rental unit,2,3,,
688,15,Entire rental unit,3,5,,
689,9,Entire rental unit,1,3,,
690,61,Entire townhouse,2,4,,
691,67,Entire rental unit,3,6,,
692,14,Entire rental unit,3,5,,
693,7,Entire rental unit,1,2,,
694,26,Entire rental unit,2,4,,
695,27,Entire rental unit,,2,,
696,8,Entire loft,,2,,
697,17,Private room in rental unit,,1,,
698,7,Entire rental unit,3,6,,
699,10,Entire rental unit,2,4,,
700,26,Entire rental unit,1,2,,
701,6,Entire rental unit,3,4,,
702,1,Entire rental unit,1,2,,
703,5,Entire condo,3,5,,
704,6,Entire rental unit,2,4,,
705,8,Entire serviced apartment,3,6,,
706,10,Entire rental unit,2,4,,
707,27,Entire rental unit,1,3,,
708,27,Entire rental unit,2,4,,
709,7,Entire rental unit,5,13,,
710,31,Entire rental unit,1,4,,
711,27,Entire rental unit,1,2,,
712,8,Entire rental unit,2,4,,
713,7,Entire rental unit,2,4,,
714,1,Entire condo,2,4,,
715,33,Entire rental unit,2,3,,
716,10,Entire rental unit,1,2,,
717,6,Entire condo,3,6,,
718,68,Entire rental unit,2,4,,
719,6,Entire condo,3,5,,
720,6,Entire condo,3,5,,
721,5,Entire rental unit,3,4,,
722,19,Entire rental unit,3,4,,
723,7,Entire rental unit,1,2,,
724,35,Entire rental unit,3,6,,
725,68,Entire loft,2,6,,
726,7,Entire rental unit,1,5,,
727,18,Entire condo,2,4,,
728,7,Entire condo,3,6,,
729,64,Entire rental unit,3,7,,
730,31,Entire loft,2,6,,
731,11,Entire loft,1,3,,
732,31,Entire rental unit,2,4,,
733,7,Private room in bed and breakfast,1,2,,
734,11,Entire rental unit,1,3,,
735,18,Entire rental unit,1,4,,
736,11,Entire rental unit,2,4,,
737,31,Private room in casa particular,,2,,
738,16,Entire rental unit,2,4,,
739,1,Entire rental unit,3,5,,
740,1,Entire rental unit,2,3,,
741,10,Entire serviced apartment,3,6,,
742,10,Entire rental unit,3,3,,
743,60,Entire rental unit,3,5,,
744,68,Entire rental unit,2,6,,
745,34,Entire rental unit,1,3,,
746,8,Entire rental unit,2,4,,
747,11,Entire rental unit,2,3,,
748,64,Entire home,2,2,,
749,7,Entire serviced apartment,2,4,,
750,4,Private room in rental unit,,2,,
751,24,Entire rental unit,2,4,,
752,8,Entire rental unit,3,6,,
753,8,Private room in rental unit,1,2,,
754,11,Entire condo,1,4,,
755,26,Entire rental unit,2,5,,
756,6,Entire rental unit,3,7,,
757,7,Entire rental unit,2,3,,
758,7,Entire rental unit,4,8,,
759,7,Entire rental unit,2,4,,
760,68,Entire condo,2,4,,
761,7,Entire rental unit,3,6,,
762,7,Entire rental unit,2,4,,
763,7,Entire rental unit,3,6,,
764,10,Entire rental unit,2,4,,
765,31,Entire rental unit,2,6,,
766,68,Entire rental unit,2,4,,
767,68,Entire rental unit,1,2,,
768,32,Entire rental unit,2,4,,
769,7,Entire rental unit,2,5,,
770,7,Entire rental unit,4,8,,
771,31,Entire rental unit,1,2,,
772,10,Entire rental unit,2,4,,
773,68,Entire rental unit,2,4,,
774,6,Entire rental unit,2,5,,
775,8,Entire rental unit,3,4,,
776,25,Entire condo,4,8,,
777,3,Entire rental unit,2,3,,
778,31,Entire rental unit,1,4,,
779,19,Entire rental unit,2,4,,
780,25,Private room in rental unit,,1,,
781,3,Entire rental unit,1,2,,
782,7,Entire rental unit,3,3,,
783,7,Entire rental unit,1,5,,
784,33,Entire rental unit,2,4,,
785,14,Entire rental unit,3,8,,
786,1,Entire rental unit,2,4,,
787,7,Entire rental unit,1,5,,
788,11,Entire rental unit,3,6,,
789,7,Entire rental unit,2,6,,
790,8,Entire rental unit,3,6,,
791,3,Entire rental unit,,2,,
792,6,Entire rental unit,1,3,,
793,7,Entire rental unit,4,7,,
794,8,Entire rental unit,2,4,,
795,31,Entire rental unit,3,5,,
796,8,Entire rental unit,2,4,,
797,71,Private room in guesthouse,2,2,,
798,8,Entire rental unit,3,6,,
799,10,Entire rental unit,3,5,,
800,11,Entire rental unit,3,5,,
801,7,Entire rental unit,2,4,,
802,31,Entire loft,1,2,,
803,8,Entire rental unit,1,2,,
804,68,Entire rental unit,1,4,,
805,11,Entire rental unit,2,2,,
806,35,Entire rental unit,3,6,,
807,68,Entire rental unit,2,5,,
808,8,Entire rental unit,4,6,,
809,69,Entire rental unit,3,4,,
810,31,Private room in dome,,2,,
811,8,Entire rental unit,3,6,,
812,7,Entire loft,,4,,
813,69,Entire rental unit,3,6,,
814,2,Entire rental unit,2,4,,
815,2,Entire rental unit,2,5,,
816,10,Entire rental unit,2,4,,
817,7,Entire rental unit,1,4,,
818,26,Entire rental unit,1,2,,
819,11,Entire rental unit,1,2,,
820,31,Entire rental unit,1,2,,
821,8,Entire rental unit,1,3,,
822,8,Entire rental unit,2,3,,
823,8,Entire rental unit,2,4,,
824,8,Entire rental unit,1,3,,
825,8,Entire rental unit,1,3,,
826,8,Entire rental unit,2,4,,
827,8,Entire rental unit,4,6,,
828,7,Entire rental unit,3,5,,
829,7,Entire rental unit,3,6,,
830,7,Entire rental unit,3,6,,
831,7,Entire rental unit,2,3,,
832,11,Entire rental unit,3,4,,
833,6,Entire rental unit,3,4,,
834,32,Entire rental unit,3,6,,
835,11,Entire rental unit,3,6,,
836,3,Entire rental unit,1,2,,
837,7,Entire rental unit,2,5,,
838,6,Entire condo,2,5,,
839,7,Entire rental unit,3,5,,
840,7,Entire rental unit,3,5,,
841,4,Entire rental unit,1,4,,
842,7,Entire rental unit,2,4,,
843,31,Entire rental unit,2,3,,
844,7,Entire rental unit,2,4,,
845,7,Entire rental unit,3,6,,
846,20,Entire rental unit,2,4,,
847,5,Entire rental unit,4,6,,
848,4,Entire loft,1,3,,
849,1,Entire serviced apartment,3,7,,
850,11,Entire rental unit,1,2,,
851,30,Entire rental unit,,2,,
852,11,Entire rental unit,3,4,,
853,20,Entire rental unit,2,5,,
854,9,Entire rental unit,3,6,,
855,8,Entire rental unit,4,6,,
856,11,Entire rental unit,3,6,,
857,10,Entire rental unit,1,4,,
858,67,Entire rental unit,3,6,,
859,4,Entire rental unit,3,6,,
860,7,Entire rental unit,2,4,,
861,11,Entire rental unit,1,2,,
862,8,Entire rental unit,1,4,,
863,10,Entire rental unit,3,4,,
864,7,Entire rental unit,2,4,,
865,11,Entire condo,1,2,,
866,7,Entire rental unit,2,4,,
867,7,Entire rental unit,2,6,,
868,5,Entire rental unit,3,6,,
869,31,Entire rental unit,2,4,,
870,31,Entire rental unit,2,4,,
871,68,Private room in rental unit,,1,,
872,7,Entire rental unit,2,4,,
873,2,Entire rental unit,3,5,,
874,60,Entire rental unit,2,4,,
875,6,Entire rental unit,2,4,,
876,19,Entire condo,1,1,,
877,32,Entire rental unit,1,4,,
878,8,Entire rental unit,4,11,,
879,8,Entire serviced apartment,2,4,,
880,11,Entire rental unit,1,2,,
881,8,Entire rental unit,2,4,,
882,72,Entire rental unit,2,5,,
883,19,Private room in rental unit,,2,,
884,66,Entire rental unit,3,4,,
885,10,Entire serviced apartment,3,3,,
886,20,Entire rental unit,1,3,,
887,10,Entire serviced apartment,1,3,,
888,14,Entire rental unit,1,4,,
889,26,Entire rental unit,3,5,,
890,23,Private room in rental unit,,1,,
891,9,Entire rental unit,2,3,,
892,11,Entire rental unit,2,4,,
893,7,Entire rental unit,2,3,,
894,7,Entire rental unit,2,4,,
895,68,Entire rental unit,2,4,,
896,10,Entire rental unit,3,6,,
897,6,Entire rental unit,3,6,,
898,31,Entire rental unit,2,3,,
899,32,Private room in rental unit,,1,,
900,64,Entire rental unit,2,5,,
901,9,Private room in rental unit,,2,,
902,2,Private room in rental unit,,3,,
903,20,Private room in rental unit,,1,,
904,14,Entire rental unit,2,6,,
905,5,Entire rental unit,2,4,,
906,14,Entire rental unit,1,4,,
907,14,Entire rental unit,1,4,,
908,10,Entire rental unit,4,6,,
909,7,Private room in bed and breakfast,,3,,
910,6,Entire rental unit,3,7,,
911,7,Entire rental unit,6,15,,
912,7,Private room in rental unit,,2,,
913,9,Entire rental unit,3,4,,
914,6,Entire rental unit,4,6,,
915,6,Entire rental unit,4,6,,
916,28,Private room in rental unit,,1,,
917,5,Entire condo,3,6,,
918,31,Entire loft,1,2,,
919,7,Entire rental unit,1,3,,
920,66,Entire rental unit,1,2,,
921,62,Entire rental unit,2,4,,
922,62,Entire rental unit,2,4,,
923,11,Entire rental unit,2,4,,
924,11,Entire rental unit,3,6,,
925,10,Entire rental unit,2,5,,
926,1,Entire rental unit,4,10,,
927,64,Entire rental unit,3,5,,
928,9,Private room in rental unit,,2,,
929,31,Entire rental unit,2,4,,
930,35,Entire rental unit,3,8,,
931,27,Entire rental unit,2,4,,
932,1,Entire rental unit,3,6,,
933,6,Entire rental unit,2,4,,
934,67,Entire rental unit,2,4,,
935,1,Entire rental unit,4,5,,
936,26,Entire rental unit,3,5,,
937,6,Entire rental unit,3,5,,
938,11,Entire rental unit,2,3,,
939,7,Entire rental unit,3,6,,
940,6,Entire rental unit,3,4,,
941,10,Entire rental unit,3,6,,
942,31,Private room in rental unit,,1,,
943,2,Private room in rental unit,,2,,
944,30,Entire home,,2,,
945,66,Private room in rental unit,,2,,
946,2,Private room in rental unit,,2,,
947,7,Entire rental unit,2,4,,
948,7,Private room in rental unit,,2,,
949,28,Entire home,7,14,,
950,7,Entire rental unit,2,3,,
951,10,Entire rental unit,2,3,,
952,8,Entire rental unit,3,5,,
953,32,Entire rental unit,3,5,,
954,7,Entire rental unit,4,8,,
955,17,Private room in rental unit,,1,,
956,10,Entire serviced apartment,1,3,,
957,11,Entire rental unit,4,4,,
958,24,Entire home,2,4,,
959,7,Entire rental unit,2,3,,
960,11,Entire rental unit,1,3,,
961,31,Entire rental unit,2,4,,
962,6,Entire condo,3,6,,
963,31,Entire rental unit,2,4,,
964,31,Entire rental unit,2,4,,
965,31,Entire rental unit,1,2,,
966,8,Entire rental unit,5,8,,
967,34,Entire rental unit,1,2,,
968,7,Entire rental unit,1,3,,
969,4,Entire rental unit,2,4,,
970,7,Entire rental unit,2,4,,
971,25,Private room in home,,1,,
972,25,Private room in home,,1,,
973,7,Entire rental unit,3,4,,
974,7,Entire rental unit,2,6,,
975,6,Private room in rental unit,,1,,
976,19,Entire rental unit,3,4,,
977,28,Entire rental unit,3,5,,
978,72,Entire rental unit,3,6,,
979,7,Entire rental unit,2,4,,
980,9,Entire rental unit,2,3,,
981,5,Entire condo,3,5,,
982,68,Entire rental unit,2,5,,
983,7,Entire rental unit,3,10,,
984,7,Entire rental unit,3,5,,
985,5,Entire rental unit,4,10,,
986,5,Entire rental unit,3,6,,
987,5,Entire rental unit,3,6,,
988,66,Entire rental unit,2,4,,
989,5,Entire condo,3,6,,
990,5,Entire rental unit,3,6,,
991,6,Entire loft,2,4,,
992,10,Entire rental unit,3,5,,
993,64,Entire rental unit,3,4,,
994,10,Entire condo,2,2,,
995,11,Private room in rental unit,2,1,,
996,1,Entire rental unit,4,6,,
997,7,Entire rental unit,2,4,,
998,7,Entire rental unit,2,5,,
999,19,Entire rental unit,2,3,,
1000,64,Entire rental unit,2,3,,
1001,7,Entire rental unit,3,6,,
1002,9,Entire loft,1,2,,
1003,10,Entire loft,1,4,,
1004,8,Entire rental unit,2,4,,
1005,4,Entire rental unit,3,4,,
1006,9,Entire rental unit,2,4,,
1007,11,Entire condo,3,4,,
1008,11,Entire rental unit,2,3,,
1009,36,Entire villa,8,16,,
1010,1,Entire serviced apartment,2,4,,
1011,1,Entire serviced apartment,2,4,,
1012,69,Entire rental unit,2,4,,
1013,11,Entire rental unit,1,2,,
1014,7,Entire rental unit,3,6,,
1015,8,Entire rental unit,2,4,,
1016,68,Entire rental unit,2,4,,
1017,63,Entire rental unit,3,5,,
1018,31,Entire rental unit,1,4,,
1019,26,Entire rental unit,3,5,,
1020,11,Entire rental unit,1,2,,
1021,9,Entire rental unit,3,5,,
1022,9,Entire rental unit,2,4,,
1023,9,Entire rental unit,2,4,,
1024,8,Entire serviced apartment,1,2,,
1025,1,Entire serviced apartment,1,2,,
1026,7,Entire serviced apartment,2,4,,
1027,8,Entire serviced apartment,1,2,,
1028,1,Entire serviced apartment,1,2,,
1029,7,Entire serviced apartment,2,4,,
1030,8,Entire rental unit,3,8,,
1031,8,Entire serviced apartment,2,4,,
1032,8,Entire serviced apartment,2,4,,
1033,9,Entire rental unit,2,4,,
1034,10,Entire rental unit,2,4,,
1035,35,Entire rental unit,1,4,,
1036,24,Entire rental unit,2,3,,
1037,31,Entire rental unit,2,6,,
1038,17,Entire rental unit,1,2,,
1039,31,Entire rental unit,2,6,,
1040,7,Entire serviced apartment,3,5,,
1041,66,Entire rental unit,1,2,,
1042,11,Entire rental unit,2,5,,
1043,31,Private room in rental unit,,2,,
1044,7,Entire serviced apartment,3,5,,
1045,7,Entire serviced apartment,2,4,,
1046,68,Entire rental unit,2,3,,
1047,31,Private room in loft,1,1,,
1048,7,Entire serviced apartment,2,4,,
1049,18,Entire rental unit,3,6,,
1050,2,Entire condo,2,3,,
1051,66,Entire condo,1,3,,
1052,6,Entire rental unit,3,5,,
1053,11,Entire rental unit,2,4,,
1054,7,Entire rental unit,3,6,,
1055,7,Entire rental unit,2,4,,
1056,2,Entire rental unit,4,6,,
1057,7,Entire rental unit,2,5,,
1058,67,Entire rental unit,2,5,,
1059,8,Entire rental unit,3,7,,
1060,2,Private room in rental unit,,2,,
1061,66,Entire rental unit,2,4,,
1062,20,Private room in rental unit,,1,,
1063,52,Private room in rental unit,,2,,
1064,7,Entire rental unit,6,12,,
1065,31,Entire rental unit,1,2,,
1066,7,Private room in rental unit,,2,,
1067,2,Entire rental unit,2,5,,
1068,4,Entire rental unit,2,4,,
1069,28,Private room in condo,,1,,
1070,20,Entire rental unit,2,4,,
1071,7,Entire rental unit,4,8,,
1072,11,Room in aparthotel,1,2,,
1073,11,Entire rental unit,2,4,,
1074,19,Entire rental unit,3,5,,
1075,2,Entire rental unit,1,4,,
1076,7,Entire rental unit,2,2,,
1077,7,Entire rental unit,1,3,,
1078,2,Entire rental unit,2,2,,
1079,71,Entire rental unit,2,4,,
1080,1,Entire rental unit,3,7,,
1081,7,Entire rental unit,3,5,,
1082,5,Private room in rental unit,,2,,
1083,11,Entire rental unit,2,5,,
1084,4,Private room in rental unit,,1,,
1085,6,Entire rental unit,2,4,,
1086,10,Entire rental unit,3,5,,
1087,28,Entire rental unit,2,5,,
1088,19,Entire rental unit,1,4,,
1089,18,Entire rental unit,3,6,,
1090,7,Entire rental unit,5,10,,
1091,6,Entire rental unit,6,15,,
1092,3,Private room in rental unit,,2,,
1093,7,Entire rental unit,2,4,,
1094,20,Entire rental unit,2,4,,
1095,7,Entire rental unit,1,2,,
1096,8,Private room in rental unit,,2,,
1097,31,Entire rental unit,,4,,
1098,7,Entire rental unit,3,8,,
1099,9,Entire rental unit,2,4,,
1100,11,Entire rental unit,2,3,,
1101,9,Entire rental unit,2,5,,
1102,32,Entire loft,4,5,,
1103,7,Entire rental unit,5,10,,
1104,7,Entire rental unit,1,2,,
1105,11,Entire rental unit,2,3,,
1106,31,Room in serviced apartment,1,4,,
1107,25,Entire rental unit,1,2,,
1108,31,Entire rental unit,2,4,,
1109,13,Private room in rental unit,,2,,
1110,31,Entire loft,3,6,,
1111,7,Entire rental unit,6,12,,
1112,31,Entire rental unit,2,4,,
1113,6,Private room in rental unit,,1,,
1114,8,Entire rental unit,1,2,,
1115,6,Entire rental unit,3,5,,
1116,6,Entire rental unit,2,4,,
1117,6,Entire rental unit,2,4,,
1118,11,Entire rental unit,3,6,,
1119,9,Private room in rental unit,,2,,
1120,6,Entire rental unit,3,5,,
1121,31,Entire rental unit,2,4,,
1122,31,Entire rental unit,1,4,,
1123,7,Entire rental unit,5,10,,
1124,7,Entire rental unit,5,10,,
1125,30,Entire rental unit,2,2,,
1126,32,Entire rental unit,2,4,,
1127,7,Shared room in hostel,1,6,,
1128,9,Entire condo,4,10,,
1129,26,Entire rental unit,1,2,,
1130,71,Entire rental unit,4,8,,
1131,71,Entire rental unit,4,8,,
1132,11,Entire rental unit,2,2,,
1133,8,Entire rental unit,1,2,,
1134,7,Entire rental unit,4,8,,
1135,10,Entire rental unit,3,4,,
1136,8,Entire rental unit,1,2,,
1137,6,Entire rental unit,2,4,,
1138,11,Entire loft,1,2,,
1139,69,Entire rental unit,2,6,,
1140,68,Entire rental unit,1,4,,
1141,10,Entire rental unit,2,2,,
1142,15,Entire rental unit,2,6,,
1143,10,Private room in rental unit,,1,,
1144,18,Entire rental unit,2,5,,
1145,68,Entire rental unit,2,4,,
1146,11,Entire rental unit,1,3,,
1147,32,Entire rental unit,2,5,,
1148,31,Entire rental unit,2,2,,
1149,31,Entire rental unit,2,3,,
1150,31,Entire rental unit,2,4,,
1151,7,Entire rental unit,2,4,,
1152,67,Entire rental unit,1,4,,
1153,11,Entire rental unit,3,7,,
1154,68,Entire rental unit,2,4,,
1155,6,Entire rental unit,1,3,,
1156,31,Entire rental unit,1,2,,
1157,3,Entire townhouse,4,8,,
1158,7,Entire rental unit,1,4,,
1159,31,Entire rental unit,3,5,,
1160,7,Entire rental unit,1,3,,
1161,7,Entire rental unit,1,3,,
1162,23,Private room in rental unit,,2,,
1163,7,Entire rental unit,1,2,,
1164,5,Entire condo,1,2,,
1165,7,Entire rental unit,3,5,,
1166,7,Entire rental unit,1,2,,
1167,15,Entire rental unit,1,4,,
1168,31,Entire rental unit,1,2,,
1169,7,Entire rental unit,2,4,,
1170,27,Entire rental unit,2,4,,
1171,18,Entire rental unit,1,2,,
1172,6,Entire rental unit,2,3,,
1173,10,Entire rental unit,2,3,,
1174,10,Private room in rental unit,,2,,
1175,6,Entire condo,1,2,,
1176,11,Entire rental unit,2,4,,
1177,67,Entire rental unit,2,4,,
1178,7,Entire rental unit,9,16,,
1179,67,Entire rental unit,2,4,,
1180,15,Private room in rental unit,,1,,
1181,10,Entire rental unit,2,4,,
1182,7,Entire condo,3,8,,
1183,6,Entire rental unit,1,3,,
1184,7,Entire rental unit,2,4,,
1185,10,Private room in rental unit,,2,,
1186,7,Shared room in hostel,1,6,,
1187,69,Entire rental unit,4,8,,
1188,6,Entire rental unit,2,6,,
1189,1,Private room in rental unit,,2,,
1190,8,Private room in rental unit,,2,,
1191,11,Private room in rental unit,,2,,
1192,5,Entire rental unit,1,4,,
1193,4,Entire rental unit,2,5,,
1194,19,Entire rental unit,2,3,,
1195,71,Entire rental unit,1,3,,
1196,7,Entire rental unit,2,4,,
1197,62,Entire rental unit,2,6,,
1198,19,Entire rental unit,2,4,,
1199,70,Entire rental unit,3,5,,
1200,15,Entire rental unit,3,6,,
1201,8,Entire rental unit,1,4,,
1202,7,Entire rental unit,3,6,,
1203,69,Entire rental unit,2,3,,
1204,11,Entire rental unit,2,4,,
1205,7,Room in boutique hotel,1,2,,
1206,32,Private room in rental unit,,1,,
1207,10,Private room in rental unit,,1,,
1208,67,Entire rental unit,2,4,,
1209,8,Private room in rental unit,,2,,
1210,7,Entire rental unit,3,6,,
1211,11,Entire rental unit,1,2,,
1212,11,Entire rental unit,2,4,,
1213,11,Entire rental unit,2,4,,
1214,11,Entire rental unit,2,4,,
1215,6,Entire rental unit,12,16,,
1216,6,Entire rental unit,5,13,,
1217,7,Entire rental unit,3,6,,
1218,7,Entire rental unit,2,6,,
1219,11,Entire rental unit,2,5,,
1220,11,Entire rental unit,3,7,,
1221,7,Entire condo,3,6,,
1222,65,Private room in rental unit,,2,,
1223,6,Entire rental unit,2,4,,
1224,11,Private room in rental unit,,2,,
1225,1,Entire serviced apartment,5,14,,
1226,2,Entire serviced apartment,1,3,,
1227,31,Private room in rental unit,,2,,
1228,2,Private room in rental unit,,2,,
1229,7,Entire rental unit,3,6,,
1230,11,Entire rental unit,3,6,,
1231,69,Entire rental unit,2,5,,
1232,27,Entire rental unit,1,2,,
1233,68,Entire serviced apartment,1,3,,
1234,68,Entire serviced apartment,2,6,,
1235,68,Private room in rental unit,,1,,
1236,1,Private room in rental unit,,2,,
1237,11,Entire rental unit,2,4,,
1238,6,Private room in rental unit,,2,,
1239,26,Entire rental unit,1,2,,
1240,26,Entire rental unit,2,3,,
1241,33,Entire rental unit,2,4,,
1242,32,Entire rental unit,1,2,,
1243,28,Private room in condo,,1,,
1244,65,Private room in rental unit,1,1,,
1245,68,Private room in bed and breakfast,3,6,,
1246,7,Entire rental unit,1,4,,
1247,27,Entire rental unit,3,5,,
1248,31,Entire rental unit,3,6,,
1249,69,Entire condo,2,4,,
1250,7,Entire rental unit,5,10,,
1251,4,Entire rental unit,1,4,,
1252,9,Entire rental unit,1,2,,
1253,64,Private room in rental unit,,1,,
1254,2,Private room in rental unit,,1,,
1255,6,Private room in rental unit,,1,,
1256,1,Entire rental unit,3,7,,
1257,8,Private room in rental unit,2,2,,
1258,19,Entire rental unit,1,3,,
1259,65,Entire rental unit,4,6,,
1260,31,Entire loft,1,3,,
1261,31,Private room in rental unit,,2,,
1262,11,Entire rental unit,3,6,,
1263,11,Entire serviced apartment,3,6,,
1264,11,Entire rental unit,3,5,,
1265,68,Entire rental unit,1,4,,
1266,7,Entire rental unit,5,14,,
1267,66,Entire rental unit,2,4,,
1268,67,Entire rental unit,2,4,,
1269,67,Entire rental unit,2,4,,
1270,10,Private room in rental unit,,2,,
1271,4,Private room in rental unit,,2,,
1272,1,Entire rental unit,2,4,,
1273,6,Entire rental unit,2,4,,
1274,1,Entire rental unit,2,5,,
1275,18,Private room in loft,1,2,,
1276,28,Entire rental unit,2,5,,
1277,33,Entire rental unit,2,3,,
1278,7,Room in serviced apartment,2,6,,
1279,6,Entire rental unit,1,4,,
1280,2,Entire rental unit,1,5,,
1281,11,Private room in rental unit,2,3,,
1282,1,Entire rental unit,1,2,,
1283,31,Entire rental unit,2,3,,
1284,7,Entire rental unit,,1,,
1285,48,Entire loft,,2,,
1286,8,Private room in condo,,2,,
1287,5,Entire rental unit,4,10,,
1288,11,Private room in rental unit,,2,,
1289,7,Entire rental unit,2,4,,
1290,35,Entire villa,4,7,,
1291,8,Entire rental unit,3,5,,
1292,34,Entire rental unit,3,8,,
1293,7,Entire rental unit,3,5,,
1294,23,Private room in rental unit,,2,,
1295,60,Private room in rental unit,,2,,
1296,67,Entire condo,4,6,,
1297,66,Entire rental unit,6,12,,
1298,69,Entire rental unit,8,14,,
1299,66,Entire rental unit,9,16,,
1300,6,Private room in rental unit,,2,,
1301,9,Entire rental unit,2,4,,
1302,52,Private room in rental unit,,1,,
1303,11,Private room in rental unit,,2,,
1304,67,Entire rental unit,3,8,,
1305,31,Entire rental unit,1,2,,
1306,67,Entire rental unit,1,4,,
1307,7,Entire rental unit,2,6,,
1308,9,Entire rental unit,2,4,,
1309,32,Entire rental unit,2,3,,
1310,4,Private room in rental unit,,3,,
1311,4,Private room in rental unit,,3,,
1312,11,Private room in rental unit,,1,,
1313,26,Entire rental unit,2,5,,
1314,68,Private room in rental unit,,2,,
1315,9,Entire rental unit,2,4,,
1316,10,Entire rental unit,3,6,,
1317,4,Entire condo,5,9,,
1318,2,Private room in rental unit,,2,,
1319,11,Entire rental unit,2,4,,
1320,6,Private room in rental unit,,2,,
1321,8,Entire rental unit,3,6,,
1322,43,Private room in home,,2,,
1323,7,Entire rental unit,3,5,,
1324,9,Private room in rental unit,,1,,
1325,9,Private room in rental unit,,2,,
1326,4,Private room in rental unit,,2,,
1327,7,Entire rental unit,2,4,,
1328,11,Entire rental unit,2,4,,
1329,33,Entire rental unit,3,5,,
1330,15,Private room in rental unit,2,2,,
1331,4,Private room in rental unit,,2,,
1332,5,Private room in rental unit,,1,,
1333,31,Private room in rental unit,,2,,
1334,7,Private room in rental unit,,2,,
1335,7,Entire condo,4,9,,
1336,1,Entire rental unit,1,4,,
1337,32,Entire rental unit,2,6,,
1338,22,Entire guesthouse,1,2,,
1339,4,Private room in rental unit,,1,,
1340,11,Entire rental unit,3,7,,
1341,10,Entire serviced apartment,1,2,,
1342,10,Entire serviced apartment,2,4,,
1343,8,Private room in rental unit,,1,,
1344,31,Entire rental unit,1,3,,
1345,9,Private room in rental unit,,2,,
1346,66,Entire rental unit,1,3,,
1347,2,Private room in rental unit,,2,,
1348,64,Private room in rental unit,,1,,
1349,66,Private room in rental unit,1,1,,
1350,8,Private room in rental unit,,2,,
1351,4,Private room in rental unit,,1,,
1352,31,Entire home,1,4,,
1353,16,Entire rental unit,2,6,,
1354,68,Entire rental unit,1,4,,
1355,69,Entire rental unit,2,5,,
1356,15,Entire rental unit,1,4,,
1357,6,Entire rental unit,2,4,,
1358,1,Entire rental unit,2,3,,
1359,8,Entire rental unit,4,8,,
1360,6,Entire rental unit,3,6,,
1361,66,Entire rental unit,1,2,,
1362,32,Entire rental unit,1,3,,
1363,1,Private room in rental unit,,2,,
1364,7,Private room in rental unit,,1,,
1365,26,Entire rental unit,3,3,,
1366,7,Entire condo,3,7,,
1367,27,Private room in rental unit,,1,,
1368,15,Private room in rental unit,,2,,
1369,1,Private room in rental unit,,2,,
1370,67,Private room in rental unit,,2,,
1371,69,Entire rental unit,4,8,,
1372,8,Entire rental unit,3,6,,
1373,31,Private room in rental unit,,1,,
1374,31,Private room in rental unit,,2,,
1375,5,Entire rental unit,3,5,,
1376,8,Entire rental unit,2,4,,
1377,1,Private room in rental unit,,2,,
1378,41,Entire rental unit,2,4,,
1379,5,Private room in rental unit,,2,,
1380,32,Private room in rental unit,,2,,
1381,16,Private room in rental unit,1,2,,
1382,31,Entire rental unit,2,4,,
1383,19,Entire rental unit,1,4,,
1384,27,Private room in rental unit,,1,,
1385,8,Private room in rental unit,,2,,
1386,11,Entire rental unit,3,6,,
1387,31,Entire condo,4,8,,
1388,68,Private room in rental unit,,2,,
1389,31,Private room in rental unit,,1,,
1390,64,Entire rental unit,2,2,,
1391,35,Private room in rental unit,,2,,
1392,17,Private room in rental unit,,2,,
1393,31,Private room in rental unit,,2,,
1394,10,Entire rental unit,4,4,,
1395,7,Entire rental unit,2,4,,
1396,2,Private room in rental unit,,2,,
1397,7,Private room in rental unit,,2,,
1398,68,Entire rental unit,2,2,,
1399,68,Entire rental unit,2,4,,
1400,19,Entire rental unit,2,4,,
1401,10,Entire rental unit,3,6,,
1402,69,Entire rental unit,2,3,,
1403,31,Private room in rental unit,,2,,
1404,31,Entire rental unit,3,5,,
1405,14,Entire rental unit,3,7,,
1406,71,Entire rental unit,2,3,,
1407,7,Entire rental unit,3,4,,
1408,7,Private room in rental unit,,1,,
1409,16,Private room in rental unit,,2,,
1410,17,Entire rental unit,1,3,,
1411,27,Private room in rental unit,,1,,
1412,6,Entire rental unit,2,3,,
1413,6,Entire rental unit,1,2,,
1414,5,Entire rental unit,3,6,,
1415,6,Entire rental unit,2,4,,
1416,18,Private room in rental unit,,1,,
1417,7,Private room in rental unit,,2,,
1418,5,Entire rental unit,3,6,,
1419,7,Entire rental unit,4,12,,
1420,10,Entire rental unit,3,8,,
1421,10,Entire rental unit,3,8,,
1422,10,Entire rental unit,2,4,,
1423,11,Private room in rental unit,,1,,
1424,43,Private room in guest suite,,2,,
1425,31,Private room in rental unit,,2,,
1426,67,Entire rental unit,3,7,,
1427,7,Entire rental unit,4,12,,
1428,11,Entire rental unit,2,3,,
1429,11,Entire rental unit,1,2,,
1430,17,Private room in rental unit,,1,,
1431,8,Entire rental unit,3,5,,
1432,11,Entire rental unit,2,3,,
1433,14,Entire rental unit,2,4,,
1434,5,Entire rental unit,3,6,,
1435,6,Entire rental unit,2,5,,
1436,10,Entire rental unit,2,4,,
1437,4,Entire rental unit,2,4,,
1438,9,Entire rental unit,3,5,,
1439,64,Entire loft,1,2,,
1440,4,Entire rental unit,2,4,,
1441,10,Entire serviced apartment,3,8,,
1442,10,Entire serviced apartment,5,10,,
1443,10,Entire serviced apartment,2,4,,
1444,67,Entire loft,2,5,,
1445,4,Private room in rental unit,,2,,
1446,2,Private room in condo,,1,,
1447,24,Entire condo,3,6,,
1448,1,Private room in condo,,3,,
1449,31,Private room in rental unit,,1,,
1450,2,Entire rental unit,1,2,,
1451,7,Entire condo,2,4,,
1452,31,Entire rental unit,2,4,,
1453,4,Entire rental unit,1,2,,
1454,27,Private room in rental unit,,2,,
1455,43,Entire rental unit,3,8,,
1456,2,Private room in rental unit,,1,,
1457,10,Entire rental unit,3,6,,
1458,4,Private room in rental unit,,2,,
1459,4,Entire rental unit,3,5,,
1460,35,Entire rental unit,3,4,,
1461,67,Entire loft,1,2,,
1462,4,Entire rental unit,3,4,,
1463,4,Entire rental unit,3,4,,
1464,4,Entire rental unit,3,4,,
1465,32,Entire rental unit,2,4,,
1466,11,Private room in rental unit,,1,,
1467,31,Entire loft,,2,,
1468,6,Entire rental unit,6,15,,
1469,32,Entire rental unit,1,3,,
1470,10,Entire rental unit,1,2,,
1471,19,Entire rental unit,3,5,,
1472,68,Entire serviced apartment,1,3,,
1473,4,Entire rental unit,2,4,,
1474,5,Entire rental unit,1,3,,
1475,18,Private room in condo,,1,,
1476,4,Entire rental unit,1,3,,
1477,17,Private room in serviced apartment,1,1,,
1478,18,Private room in condo,,1,,
1479,11,Entire rental unit,2,2,,
1480,1,Private room in home,,3,,
1481,4,Entire rental unit,1,3,,
1482,32,Private room in rental unit,,1,,
1483,1,Private room in rental unit,,1,,
1484,9,Private room in rental unit,,2,,
1485,8,Entire rental unit,1,2,,
1486,19,Entire condo,3,6,,
1487,1,Entire rental unit,1,2,,
1488,1,Entire rental unit,1,2,,
1489,2,Entire rental unit,2,4,,
1490,2,Entire rental unit,1,2,,
1491,1,Entire rental unit,1,2,,
1492,4,Private room in guest suite,2,1,,
1493,24,Entire rental unit,2,3,,
1494,4,Entire rental unit,3,5,,
1495,11,Entire rental unit,2,4,,
1496,6,Entire rental unit,1,2,,
1497,68,Private room in home,,2,,
1498,32,Entire rental unit,1,3,,
1499,4,Entire loft,1,2,,
1500,6,Entire condo,1,2,,
1501,6,Entire rental unit,3,6,,
1502,7,Entire rental unit,1,2,,
1503,18,Entire rental unit,2,4,,
1504,32,Entire rental unit,2,3,,
1505,31,Entire home,1,2,,
1506,11,Entire rental unit,2,4,,
1507,18,Entire rental unit,2,4,,
1508,18,Entire rental unit,2,4,,
1509,6,Entire rental unit,3,6,,
1510,64,Entire rental unit,3,4,,
1511,16,Private room in rental unit,,2,,
1512,52,Entire condo,2,4,,
1513,7,Entire rental unit,5,12,,
1514,1,Private room in rental unit,,3,,
1515,25,Private room in rental unit,,1,,
1516,67,Entire rental unit,2,4,,
1517,20,Entire rental unit,3,6,,
1518,7,Entire condo,3,8,,
1519,1,Entire rental unit,2,3,,
1520,4,Entire rental unit,1,2,,
1521,10,Entire rental unit,2,5,,
1522,69,Entire rental unit,1,2,,
1523,10,Private room in home,,2,,
1524,68,Private room in rental unit,,2,,
1525,66,Private room in rental unit,,1,,
1526,7,Entire rental unit,6,10,,
1527,15,Private room in loft,1,2,,
1528,10,Entire rental unit,2,5,,
1529,66,Private room in rental unit,,1,,
1530,31,Entire rental unit,2,4,,
1531,6,Entire rental unit,2,4,,
1532,9,Entire rental unit,1,2,,
1533,2,Entire rental unit,2,4,,
1534,31,Entire rental unit,3,6,,
1535,64,Private room in rental unit,,3,,
1536,11,Entire rental unit,2,7,,
1537,28,Entire rental unit,1,2,,
1538,10,Private room in rental unit,,2,,
1539,26,Private room in rental unit,,2,,
1540,6,Entire rental unit,8,16,,
1541,1,Private room in rental unit,,2,,
1542,4,Private room in rental unit,,2,,
1543,18,Entire rental unit,3,6,,
1544,13,Entire rental unit,2,6,,
1545,69,Entire rental unit,3,6,,
1546,7,Entire rental unit,3,6,,
1547,6,Entire rental unit,4,10,,
1548,17,Private room in rental unit,,2,,
1549,69,Entire rental unit,5,10,,
1550,5,Entire rental unit,2,6,,
1551,6,Entire rental unit,1,2,,
1552,31,Entire rental unit,1,2,,
1553,1,Private room in rental unit,1,1,,
1554,7,Entire rental unit,3,6,,
1555,8,Entire rental unit,3,7,,
1556,31,Entire rental unit,2,4,,
1557,31,Entire rental unit,2,4,,
1558,9,Entire rental unit,2,4,,
1559,26,Entire rental unit,3,6,,
1560,69,Entire rental unit,3,6,,
1561,31,Private room in rental unit,,2,,
1562,5,Private room in rental unit,,2,,
1563,7,Entire serviced apartment,2,4,,
1564,7,Entire rental unit,3,6,,
1565,33,Entire condo,2,4,,
1566,32,Entire rental unit,1,4,,
1567,6,Entire rental unit,3,5,,
1568,9,Entire rental unit,4,7,,
1569,31,Entire rental unit,3,5,,
1570,1,Private room in condo,1,3,,
1571,9,Private room in rental unit,2,2,,
1572,18,Entire rental unit,1,2,,
1573,7,Entire rental unit,3,6,,
1574,10,Entire loft,2,2,,
1575,69,Private room in rental unit,,2,,
1576,64,Entire rental unit,3,4,,
1577,64,Entire rental unit,3,4,,
1578,4,Private room in rental unit,,2,,
1579,7,Entire serviced apartment,3,6,,
1580,2,Private room in rental unit,,3,,
1581,70,Private room in rental unit,,3,,
1582,2,Entire guest suite,1,2,,
1583,11,Entire loft,1,4,,
1584,31,Private room in rental unit,,2,,
1585,31,Entire townhouse,3,6,,
1586,32,Private room in rental unit,2,4,,
1587,31,Entire rental unit,,4,,
1588,71,Entire rental unit,2,6,,
1589,7,Entire serviced apartment,2,3,,
1590,7,Entire serviced apartment,2,4,,
1591,7,Private room in rental unit,,2,,
1592,2,Entire loft,1,4,,
1593,2,Entire rental unit,2,4,,
1594,18,Entire rental unit,2,8,,
1595,1,Entire rental unit,1,2,,
1596,7,Private room in rental unit,,1,,
1597,1,Entire rental unit,2,6,,
1598,17,Private room in rental unit,,1,,
1599,2,Private room in rental unit,,1,,
1600,5,Entire rental unit,3,8,,
1601,2,Entire loft,1,4,,
1602,11,Private room in rental unit,,2,,
1603,9,Entire rental unit,4,4,,
1604,6,Entire rental unit,1,2,,
1605,11,Entire rental unit,2,4,,
1606,3,Entire rental unit,,2,,
1607,4,Private room in rental unit,,1,,
1608,2,Private room in guest suite,1,2,,
1609,18,Entire rental unit,4,5,,
1610,15,Private room in rental unit,,3,,
1611,7,Entire rental unit,2,4,,
1612,20,Entire townhouse,5,9,,
1613,8,Private room in bed and breakfast,1,2,,
1614,2,Entire rental unit,3,5,,
1615,7,Entire rental unit,3,5,,
1616,7,Entire rental unit,3,6,,
1617,1,Entire rental unit,2,5,,
1618,31,Entire townhouse,3,6,,
1619,4,Private room in rental unit,,2,,
1620,8,Private room in rental unit,,1,,
1621,6,Entire rental unit,2,4,,
1622,7,Entire rental unit,3,8,,
1623,3,Entire rental unit,,2,,
1624,3,Entire rental unit,,2,,
1625,8,Entire rental unit,3,6,,
1626,4,Entire rental unit,3,6,,
1627,3,Entire loft,,2,,
1628,6,Entire rental unit,2,4,,
1629,4,Private room in rental unit,,2,,
1630,68,Entire loft,2,5,,
1631,71,Entire rental unit,2,3,,
1632,1,Private room in rental unit,,1,,
1633,10,Private room in rental unit,,2,,
1634,4,Entire rental unit,,2,,
1635,11,Entire rental unit,3,5,,
1636,2,Entire rental unit,3,4,,
1637,1,Entire rental unit,2,3,,
1638,4,Entire rental unit,1,3,,
1639,10,Private room in rental unit,,4,,
1640,1,Entire rental unit,2,4,,
1641,2,Entire rental unit,3,4,,
1642,5,Private room in rental unit,,2,,
1643,5,Entire rental unit,4,8,,
1644,10,Private room in rental unit,,2,,
1645,6,Entire rental unit,2,4,,
1646,5,Entire rental unit,2,3,,
1647,31,Entire rental unit,2,6,,
1648,66,Entire rental unit,2,5,,
1649,7,Entire rental unit,5,10,,
1650,9,Entire rental unit,4,4,,
1651,7,Entire rental unit,3,5,,
1652,4,Entire rental unit,3,4,,
1653,65,Private room in rental unit,,1,,
1654,15,Entire rental unit,2,4,,
1655,11,Entire rental unit,3,6,,
1656,33,Private room in rental unit,1,1,,
1657,6,Entire rental unit,3,3,,
1658,6,Entire condo,2,4,,
1659,5,Private room in rental unit,,1,,
1660,2,Entire rental unit,1,3,,
1661,17,Entire rental unit,,4,,
1662,31,Entire rental unit,1,3,,
1663,69,Entire rental unit,2,3,,
1664,7,Private room in rental unit,,1,,
1665,31,Entire townhouse,3,6,,
1666,9,Private room in rental unit,,2,,
1667,31,Entire rental unit,3,5,,
1668,8,Entire rental unit,1,2,,
1669,5,Entire rental unit,4,6,,
1670,31,Entire rental unit,3,5,,
1671,6,Entire rental unit,2,4,,
1672,67,Entire rental unit,3,6,,
1673,1,Private room in rental unit,,4,,
1674,31,Private room in condo,,1,,
1675,13,Private room in rental unit,,1,,
1676,18,Entire rental unit,1,2,,
1677,4,Entire rental unit,2,6,,
1678,27,Entire rental unit,3,6,,
1679,7,Entire rental unit,1,4,,
1680,13,Private room in rental unit,,1,,
1681,13,Private room in rental unit,,2,,
1682,8,Entire rental unit,2,4,,
1683,70,Entire rental unit,3,5,,
1684,11,Entire rental unit,2,4,,
1685,11,Entire rental unit,2,4,,
1686,7,Entire rental unit,2,5,,
1687,8,Private room in rental unit,,2,,
1688,9,Entire rental unit,2,6,,
1689,33,Private room in home,,1,,
1690,10,Entire rental unit,3,5,,
1691,7,Entire rental unit,2,6,,
1692,25,Private room in rental unit,,1,,
1693,7,Entire rental unit,2,6,,
1694,26,Private room in rental unit,,2,,
1695,4,Entire rental unit,,1,,
1696,2,Entire rental unit,2,2,,
1697,9,Private room in rental unit,,1,,
1698,4,Private room in rental unit,,2,,
1699,4,Entire rental unit,,2,,
1700,7,Private room in rental unit,,2,,
1701,8,Entire rental unit,3,5,,
1702,31,Entire rental unit,3,5,,
1703,7,Entire rental unit,2,4,,
1704,31,Entire rental unit,3,6,,
1705,10,Private room in rental unit,,2,,
1706,2,Private room in rental unit,,2,,
1707,9,Private room in rental unit,,2,,
1708,33,Entire condo,3,4,,
1709,2,Entire rental unit,2,4,,
1710,1,Private room in rental unit,,1,,
1711,35,Private room in rental unit,,2,,
1712,18,Private room in rental unit,,1,,
1713,1,Private room in rental unit,2,2,,
1714,26,Entire rental unit,4,10,,
1715,3,Entire rental unit,1,2,,
1716,8,Entire rental unit,1,1,,
1717,31,Entire condo,1,4,,
1718,10,Entire serviced apartment,1,1,,
1719,20,Private room in rental unit,,1,,
1720,67,Entire rental unit,2,4,,
1721,6,Entire condo,3,5,,
1722,3,Entire loft,1,2,,
1723,26,Private room in rental unit,,2,,
1724,4,Private room in rental unit,2,2,,
1725,1,Private room in rental unit,,2,,
1726,32,Private room in condo,,1,,
1727,5,Entire rental unit,3,4,,
1728,23,Private room in rental unit,2,2,,
1729,10,Entire rental unit,2,3,,
1730,23,Private room in rental unit,,1,,
1731,2,Entire rental unit,3,5,,
1732,7,Entire rental unit,2,4,,
1733,5,Entire rental unit,5,9,,
1734,14,Private room in rental unit,,2,,
1735,68,Entire rental unit,3,6,,
1736,26,Private room in rental unit,,2,,
1737,7,Entire rental unit,3,5,,
1738,68,Entire condo,2,4,,
1739,7,Private room in rental unit,,2,,
1740,4,Entire condo,,3,,
1741,45,Private room in rental unit,,1,,
1742,18,Entire rental unit,1,4,,
1743,5,Private room in rental unit,,1,,
1744,10,Private room in condo,,2,,
1745,5,Entire rental unit,4,7,,
1746,4,Entire rental unit,1,2,,
1747,9,Private room in rental unit,,1,,
1748,4,Private room in rental unit,,2,,
1749,31,Entire rental unit,1,4,,
1750,7,Entire rental unit,3,6,,
1751,7,Entire serviced apartment,4,8,,
1752,8,Private room in rental unit,1,1,,
1753,6,Entire rental unit,3,5,,
1754,69,Entire rental unit,2,4,,
1755,31,Entire rental unit,1,2,,
1756,68,Private room in rental unit,,2,,
1757,6,Entire rental unit,,5,,
1758,5,Entire serviced apartment,2,4,,
1759,4,Private room in rental unit,,2,,
1760,7,Entire serviced apartment,2,5,,
1761,18,Entire rental unit,1,4,,
1762,7,Entire serviced apartment,3,7,,
1763,68,Entire rental unit,1,4,,
1764,6,Entire rental unit,3,5,,
1765,9,Entire rental unit,1,4,,
1766,9,Private room in rental unit,,1,,
1767,10,Private room in rental unit,,2,,
1768,2,Private room in rental unit,,2,,
1769,10,Entire rental unit,2,5,,
1770,9,Entire rental unit,3,5,,
1771,68,Entire rental unit,2,4,,
1772,32,Private room in rental unit,,2,,
1773,28,Private room in rental unit,,2,,
1774,13,Private room in rental unit,,1,,
1775,13,Private room in rental unit,,1,,
1776,13,Private room in rental unit,,1,,
1777,11,Private room in condo,2,2,,
1778,5,Entire condo,3,8,,
1779,18,Entire rental unit,1,4,,
1780,18,Entire rental unit,1,4,,
1781,1,Private room in rental unit,,2,,
1782,2,Private room in rental unit,,2,,
1783,11,Private room in rental unit,,2,,
1784,7,Shared room in hostel,2,4,,
1785,1,Shared room in hostel,2,5,,
1786,8,Shared room in hostel,1,6,,
1787,7,Shared room in hostel,1,8,,
1788,7,Entire rental unit,4,8,,
1789,38,Private room in rental unit,,2,,
1790,7,Entire serviced apartment,2,5,,
1791,18,Entire rental unit,1,4,,
1792,10,Entire rental unit,2,6,,
1793,4,Private room in rental unit,,2,,
1794,5,Private room in rental unit,,1,,
1795,31,Entire loft,2,4,,
1796,2,Entire rental unit,1,4,,
1797,10,Entire rental unit,3,6,,
1798,1,Private room in rental unit,,2,,
1799,7,Private room in rental unit,,3,,
1800,4,Entire rental unit,3,6,,
1801,7,Entire rental unit,4,8,,
1802,1,Entire rental unit,2,2,,
1803,10,Entire condo,2,4,,
1804,7,Entire rental unit,3,9,,
1805,7,Entire rental unit,3,5,,
1806,7,Entire rental unit,2,4,,
1807,1,Entire home,4,8,,
1808,69,Entire rental unit,3,5,,
1809,44,Private room in rental unit,,2,,
1810,11,Entire condo,2,4,,
1811,4,Entire rental unit,3,4,,
1812,2,Entire rental unit,3,5,,
1813,6,Private room in rental unit,,2,,
1814,1,Private room in rental unit,,2,,
1815,11,Private room in rental unit,,3,,
1816,32,Private room in rental unit,,2,,
1817,4,Entire rental unit,3,6,,
1818,2,Entire rental unit,3,6,,
1819,60,Private room in rental unit,,2,,
1820,61,Private room in rental unit,,1,,
1821,64,Entire home,1,2,,
1822,6,Private room in rental unit,2,2,,
1823,7,Entire rental unit,3,7,,
1824,8,Entire rental unit,4,7,,
1825,1,Entire rental unit,2,3,,
1826,7,Entire rental unit,3,6,,
1827,31,Entire rental unit,1,2,,
1828,1,Private room in rental unit,,2,,
1829,7,Entire rental unit,1,6,,
1830,1,Entire rental unit,3,6,,
1831,7,Entire rental unit,3,5,,
1832,6,Private room in condo,,2,,
1833,31,Entire rental unit,2,4,,
1834,31,Entire rental unit,2,4,,
1835,6,Entire rental unit,3,6,,
1836,8,Entire rental unit,4,7,,
1837,6,Entire rental unit,1,2,,
1838,5,Private room in rental unit,,2,,
1839,15,Entire rental unit,3,3,,
1840,4,Private room in rental unit,,2,,
1841,7,Entire rental unit,1,4,,
1842,65,Private room in rental unit,2,4,,
1843,7,Entire rental unit,5,10,,
1844,8,Private room in rental unit,,2,,
1845,15,Private room in rental unit,,1,,
1846,35,Private room in rental unit,,2,,
1847,7,Private room in rental unit,,2,,
1848,26,Entire loft,1,2,,
1849,10,Entire rental unit,3,6,,
1850,5,Private room in rental unit,,1,,
1851,18,Private room in rental unit,,2,,
1852,10,Private room in rental unit,,2,,
1853,2,Entire rental unit,3,6,,
1854,68,Entire rental unit,2,4,,
1855,8,Entire rental unit,4,6,,
1856,64,Entire rental unit,3,6,,
1857,26,Entire rental unit,2,4,,
1858,7,Entire rental unit,3,5,,
1859,7,Entire rental unit,3,6,,
1860,7,Entire rental unit,2,4,,
1861,8,Private room in home,,2,,
1862,2,Private room in rental unit,,1,,
1863,9,Private room in rental unit,,2,,
1864,31,Private room in rental unit,,2,,
1865,7,Entire rental unit,3,2,,
1866,72,Private room in rental unit,,1,,
1867,8,Private room in rental unit,,2,,
1868,2,Entire rental unit,2,6,,
1869,31,Entire rental unit,1,2,,
1870,10,Private room in condo,,2,,
1871,5,Entire rental unit,1,1,,
1872,11,Entire rental unit,1,2,,
1873,31,Private room in rental unit,,1,,
1874,31,Private room in rental unit,,2,,
1875,11,Entire rental unit,3,6,,
1876,69,Entire rental unit,3,6,,
1877,35,Private room in rental unit,,2,,
1878,7,Private room in rental unit,,2,,
1879,7,Entire rental unit,2,4,,
1880,1,Entire rental unit,1,2,,
1881,5,Private room in rental unit,,2,,
1882,69,Private room in rental unit,,2,,
1883,1,Private room in rental unit,,2,,
1884,13,Private room in rental unit,,1,,
1885,9,Private room in rental unit,,1,,
1886,21,Private room in rental unit,,1,,
1887,8,Private room in rental unit,,2,,
1888,4,Private room in rental unit,,2,,
1889,4,Private room in rental unit,,2,,
1890,4,Entire serviced apartment,2,4,,
1891,11,Entire rental unit,2,3,,
1892,7,Private room,,2,,
1893,9,Private room in rental unit,,1,,
1894,8,Entire rental unit,2,3,,
1895,7,Entire rental unit,2,4,,
1896,10,Entire serviced apartment,2,4,,
1897,10,Entire serviced apartment,2,4,,
1898,10,Entire serviced apartment,2,4,,
1899,6,Entire condo,3,4,,
1900,2,Private room in rental unit,,2,,
1901,6,Entire rental unit,1,2,,
1902,31,Private room in rental unit,,1,,
1903,6,Private room,,2,,
1904,4,Entire serviced apartment,1,4,,
1905,10,Private room in rental unit,,1,,
1906,2,Private room in rental unit,,2,,
1907,7,Private room in rental unit,,1,,
1908,10,Entire rental unit,3,6,,
1909,6,Private room in condo,,4,,
1910,15,Private room in rental unit,,1,,
1911,4,Private room in rental unit,,2,,
1912,25,Private room in rental unit,,1,,
1913,10,Private room in rental unit,,2,,
1914,24,Entire rental unit,1,2,,
1915,15,Entire rental unit,1,4,,
1916,32,Entire rental unit,3,6,,
1917,8,Private room in rental unit,,2,,
1918,6,Private room in rental unit,,2,,
1919,10,Private room in rental unit,,2,,
1920,32,Entire rental unit,2,5,,
1921,24,Entire rental unit,2,4,,
1922,8,Private room in rental unit,,1,,
1923,4,Entire rental unit,1,4,,
1924,7,Entire rental unit,5,9,,
1925,8,Private room in rental unit,,2,,
1926,31,Private room in rental unit,,2,,
1927,7,Entire rental unit,4,8,,
1928,7,Entire rental unit,4,5,,
1929,7,Entire rental unit,2,4,,
1930,7,Entire rental unit,3,6,,
1931,7,Entire rental unit,2,3,,
1932,10,Private room in rental unit,,2,,
1933,7,Entire rental unit,6,12,,
1934,1,Private room in rental unit,,2,,
1935,7,Private room in rental unit,,1,,
1936,31,Private room in rental unit,,2,,
1937,8,Private room in rental unit,,2,,
1938,66,Entire loft,1,2,,
1939,6,Private room in rental unit,,2,,
1940,8,Private room in rental unit,,2,,
1941,43,Private room in home,,1,,
1942,68,Private room in rental unit,2,2,,
1943,65,Private room in rental unit,2,4,,
1944,16,Private room in rental unit,,2,,
1945,26,Entire condo,2,4,,
1946,7,Entire rental unit,2,4,,
1947,17,Private room in rental unit,,2,,
1948,19,Private room in rental unit,,2,,
1949,2,Entire rental unit,1,4,,
1950,7,Entire rental unit,2,4,,
1951,7,Entire rental unit,1,3,,
1952,7,Entire rental unit,1,2,,
1953,7,Entire rental unit,1,4,,
1954,31,Private room in condo,,2,,
1955,7,Entire rental unit,1,2,,
1956,7,Entire rental unit,2,4,,
1957,7,Entire rental unit,2,3,,
1958,7,Entire rental unit,3,6,,
1959,7,Entire rental unit,3,4,,
1960,19,Private room in rental unit,,2,,
1961,7,Entire rental unit,3,4,,
1962,7,Entire rental unit,4,8,,
1963,7,Entire rental unit,6,12,,
1964,11,Private room in rental unit,,2,,
1965,7,Entire rental unit,2,4,,
1966,4,Private room in rental unit,,2,,
1967,9,Entire rental unit,3,5,,
1968,32,Private room in rental unit,,1,,
1969,1,Private room in rental unit,,2,,
1970,9,Private room in rental unit,,1,,
1971,4,Entire rental unit,1,2,,
1972,31,Entire rental unit,2,3,,
1973,35,Entire rental unit,4,6,,
1974,31,Private room in rental unit,,1,,
1975,33,Entire rental unit,1,2,,
1976,11,Private room in rental unit,,1,,
1977,2,Private room in rental unit,,1,,
1978,65,Private room in rental unit,,1,,
1979,31,Entire rental unit,2,4,,
1980,31,Entire rental unit,1,4,,
1981,31,Entire rental unit,2,4,,
1982,31,Entire rental unit,1,4,,
1983,31,Private room in rental unit,,3,,
1984,1,Entire rental unit,1,2,,
1985,1,Private room in rental unit,,2,,
1986,9,Private room in rental unit,,2,,
1987,15,Private room in rental unit,,1,,
1988,3,Entire condo,1,2,,
1989,31,Private room in rental unit,,2,,
1990,10,Entire rental unit,3,4,,
1991,7,Entire serviced apartment,2,5,,
1992,11,Room in serviced apartment,,3,,
1993,7,Entire serviced apartment,1,2,,
1994,7,Entire serviced apartment,2,4,,
1995,11,Entire rental unit,1,2,,
1996,5,Entire rental unit,4,6,,
1997,7,Entire serviced apartment,1,2,,
1998,4,Private room in condo,,1,,
1999,5,Entire rental unit,4,10,,
2000,41,Private room in rental unit,,2,,
2001,2,Entire loft,,4,,
2002,1,Private room in rental unit,,2,,
2003,2,Entire serviced apartment,3,4,,
2004,1,Entire rental unit,4,4,,
2005,7,Private room in rental unit,,2,,
2006,10,Private room in rental unit,,2,,
2007,16,Private room in rental unit,,1,,
2008,2,Entire loft,1,4,,
2009,4,Private room in rental unit,,1,,
2010,19,Entire rental unit,1,2,,
2011,7,Entire rental unit,9,16,,
2012,68,Entire rental unit,3,6,,
2013,2,Entire rental unit,1,2,,
2014,23,Private room in chalet,,1,,
2015,11,Entire rental unit,2,2,,
2016,2,Entire rental unit,1,2,,
2017,7,Private room in guest suite,2,1,,
2018,32,Private room in floor,,2,,
2019,9,Private room in rental unit,,2,,
2020,6,Entire rental unit,4,6,,
2021,68,Private room in rental unit,,1,,
2022,7,Entire rental unit,1,5,,
2023,5,Entire rental unit,5,10,,
2024,68,Entire rental unit,1,2,,
2025,66,Private room in rental unit,,1,,
2026,66,Private room in rental unit,,1,,
2027,2,Entire rental unit,1,4,,
2028,2,Private room in rental unit,,2,,
2029,69,Private room in rental unit,,2,,
2030,7,Entire rental unit,1,3,,
2031,66,Private room in rental unit,,1,,
2032,2,Private room in rental unit,,2,,
2033,4,Entire rental unit,1,2,,
2034,21,Private room in rental unit,,1,,
2035,10,Entire loft,1,5,,
2036,7,Entire rental unit,3,6,,
2037,7,Private room in rental unit,,1,,
2038,1,Private room in rental unit,,2,,
2039,7,Private room in rental unit,,1,,
2040,5,Private room in rental unit,,2,,
2041,3,Entire rental unit,2,3,,
2042,5,Entire rental unit,2,3,,
2043,7,Entire rental unit,2,3,,
2044,7,Entire rental unit,2,4,,
2045,9,Private room in rental unit,,2,,
2046,10,Entire rental unit,3,3,,
2047,7,Entire rental unit,2,4,,
2048,10,Private room in rental unit,2,2,,
2049,16,Private room in rental unit,,2,,
2050,11,Entire rental unit,,3,,
2051,1,Entire rental unit,2,4,,
2052,1,Private room in rental unit,,2,,
2053,10,Entire rental unit,3,6,,
2054,64,Private room in rental unit,,1,,
2055,10,Private room in rental unit,,1,,
2056,5,Private room in rental unit,,1,,
2057,18,Entire loft,3,10,,
2058,2,Entire rental unit,1,2,,
2059,10,Entire rental unit,2,4,,
2060,61,Entire loft,1,2,,
2061,68,Entire rental unit,3,6,,
2062,6,Entire rental unit,2,3,,
2063,8,Entire rental unit,3,5,,
2064,27,Private room in floor,,2,,
2065,1,Private room in condo,,1,,
2066,1,Entire rental unit,4,4,,
2067,6,Entire rental unit,2,3,,
2068,8,Private room in rental unit,,2,,
2069,8,Private room in rental unit,,2,,
2070,26,Entire rental unit,3,6,,
2071,68,Private room in rental unit,,1,,
2072,1,Private room in rental unit,,2,,
2073,3,Entire rental unit,2,3,,
2074,3,Entire rental unit,1,2,,
2075,7,Entire rental unit,3,3,,
2076,3,Entire rental unit,2,3,,
2077,8,Entire rental unit,2,4,,
2078,6,Entire rental unit,2,3,,
2079,26,Entire rental unit,1,3,,
2080,11,Entire rental unit,2,4,,
2081,1,Private room in rental unit,,2,,
2082,11,Entire rental unit,2,4,,
2083,6,Entire condo,3,6,,
2084,21,Private room in rental unit,,1,,
2085,3,Entire rental unit,2,3,,
2086,2,Entire rental unit,3,6,,
2087,3,Entire rental unit,2,3,,
2088,3,Entire rental unit,2,3,,
2089,10,Entire serviced apartment,1,2,,
2090,10,Entire rental unit,,1,,
2091,11,Entire rental unit,2,5,,
2092,9,Entire rental unit,2,4,,
2093,7,Entire rental unit,2,5,,
2094,1,Entire rental unit,2,4,,
2095,2,Entire rental unit,1,3,,
2096,5,Private room in condo,,1,,
2097,33,Entire rental unit,1,2,,
2098,22,Private room in villa,1,2,,
2099,6,Entire condo,2,5,,
2100,7,Entire rental unit,4,8,,
2101,7,Entire condo,3,6,,
2102,68,Entire rental unit,1,3,,
2103,5,Entire rental unit,3,6,,
2104,4,Entire rental unit,1,4,,
2105,8,Private room in rental unit,,2,,
2106,6,Entire rental unit,2,4,,
2107,2,Entire rental unit,2,4,,
2108,4,Entire rental unit,1,2,,
2109,6,Entire rental unit,2,4,,
2110,26,Private room in rental unit,,2,,
2111,8,Entire rental unit,3,6,,
2112,6,Entire rental unit,2,6,,
2113,8,Entire condo,2,4,,
2114,67,Entire rental unit,2,4,,
2115,26,Private room in rental unit,2,1,,
2116,44,Private room in rental unit,2,2,,
2117,2,Entire rental unit,3,7,,
2118,4,Private room in rental unit,,2,,
2119,6,Entire rental unit,2,4,,
2120,68,Private room in rental unit,,2,,
2121,64,Private room in rental unit,,2,,
2122,31,Private room in rental unit,2,2,,
2123,1,Entire rental unit,1,2,,
2124,14,Entire rental unit,2,4,,
2125,8,Private room in rental unit,2,1,,
2126,2,Entire rental unit,4,8,,
2127,8,Private room in rental unit,1,1,,
2128,18,Entire rental unit,1,2,,
2129,7,Entire rental unit,3,6,,
2130,11,Entire rental unit,2,3,,
2131,11,Entire rental unit,2,3,,
2132,61,Entire rental unit,1,2,,
2133,6,Entire rental unit,3,6,,
2134,31,Entire rental unit,2,2,,
2135,7,Entire rental unit,3,6,,
2136,6,Private room in rental unit,,2,,
2137,2,Entire rental unit,1,3,,
2138,64,Entire rental unit,2,4,,
2139,6,Entire rental unit,3,9,,
2140,7,Entire rental unit,2,4,,
2141,7,Entire rental unit,2,4,,
2142,7,Entire loft,4,7,,
2143,2,Entire rental unit,4,8,,
2144,1,Entire rental unit,1,4,,
2145,1,Entire rental unit,1,4,,
2146,1,Entire rental unit,1,4,,
2147,1,Entire rental unit,2,4,,
2148,1,Entire rental unit,2,6,,
2149,11,Room in aparthotel,2,6,,
2150,6,Entire rental unit,2,6,,
2151,6,Entire rental unit,3,4,,
2152,33,Entire rental unit,2,3,,
2153,64,Entire rental unit,2,4,,
2154,6,Entire rental unit,2,6,,
2155,64,Entire rental unit,3,4,,
2156,11,Entire rental unit,2,5,,
2157,15,Private room in rental unit,1,1,,
2158,7,Entire rental unit,4,8,,
2159,1,Private room in rental unit,,2,,
2160,2,Entire rental unit,1,2,,
2161,2,Private room in rental unit,,1,,
2162,9,Private room in rental unit,,1,,
2163,6,Private room in rental unit,,1,,
2164,6,Private room in rental unit,,1,,
2165,31,Entire rental unit,3,6,,
2166,31,Entire rental unit,,2,,
2167,10,Entire rental unit,2,4,,
2168,6,Private room in rental unit,,1,,
2169,6,Private room in rental unit,,1,,
2170,6,Private room in rental unit,,1,,
2171,6,Private room in rental unit,,1,,
2172,6,Private room in rental unit,,1,,
2173,6,Private room in rental unit,,1,,
2174,6,Private room in rental unit,,1,,
2175,2,Private room in rental unit,,2,,
2176,2,Private room in rental unit,,1,,
2177,36,Private room in home,,2,,
2178,31,Private room in rental unit,,1,,
2179,6,Entire rental unit,2,4,,
2180,18,Entire rental unit,,6,,
2181,18,Entire rental unit,,4,,
2182,18,Entire rental unit,,6,,
2183,18,Entire rental unit,,8,,
2184,18,Entire rental unit,1,6,,
2185,31,Entire rental unit,2,5,,
2186,18,Entire rental unit,,5,,
2187,10,Entire rental unit,4,8,,
2188,15,Entire rental unit,2,4,,
2189,69,Entire rental unit,1,3,,
2190,71,Private room in rental unit,,1,,
2191,7,Entire serviced apartment,1,3,,
2192,6,Entire serviced apartment,1,2,,
2193,15,Private room in rental unit,,1,,
2194,7,Entire serviced apartment,2,3,,
2195,6,Entire rental unit,2,5,,
2196,6,Entire rental unit,3,4,,
2197,15,Private room in rental unit,,1,,
2198,7,Entire rental unit,3,6,,
2199,4,Entire rental unit,1,3,,
2200,2,Entire loft,1,4,,
2201,1,Entire rental unit,2,4,,
2202,69,Entire rental unit,3,6,,
2203,4,Entire rental unit,1,3,,
2204,68,Private room in guest suite,2,2,,
2205,72,Private room in rental unit,,1,,
2206,7,Entire serviced apartment,2,4,,
2207,7,Entire rental unit,2,3,,
2208,26,Entire rental unit,2,2,,
2209,2,Entire rental unit,1,4,,
2210,1,Entire rental unit,3,7,,
2211,10,Entire rental unit,2,3,,
2212,10,Entire rental unit,3,6,,
2213,61,Entire condo,1,2,,
2214,10,Entire rental unit,5,10,,
2215,31,Entire rental unit,4,9,,
2216,10,Entire condo,2,2,,
2217,8,Private room in rental unit,,2,,
2218,6,Entire condo,2,5,,
2219,64,Entire loft,1,2,,
2220,3,Entire rental unit,2,3,,
2221,2,Entire rental unit,2,4,,
2222,9,Entire rental unit,2,5,,
2223,8,Entire rental unit,2,3,,
2224,1,Private room in rental unit,,2,,
2225,10,Entire rental unit,3,5,,
2226,32,Private room in rental unit,,2,,
2227,4,Entire rental unit,3,4,,
2228,7,Entire rental unit,6,12,,
2229,61,Entire rental unit,1,2,,
2230,7,Entire rental unit,6,12,,
2231,37,Entire rental unit,1,2,,
2232,3,Entire rental unit,3,4,,
2233,33,Entire rental unit,2,3,,
2234,30,Private room in home,,2,,
2235,15,Entire condo,2,6,,
2236,10,Private room in rental unit,,2,,
2237,35,Entire loft,2,3,,
2238,8,Entire rental unit,2,4,,
2239,67,Entire rental unit,3,6,,
2240,7,Entire rental unit,3,6,,
2241,31,Entire rental unit,,2,,
2242,31,Entire rental unit,1,2,,
2243,31,Entire rental unit,,2,,
2244,31,Entire rental unit,1,2,,
2245,31,Entire rental unit,,2,,
2246,31,Entire rental unit,,2,,
2247,31,Entire rental unit,,2,,
2248,6,Entire guest suite,1,1,,
2249,15,Private room in rental unit,,2,,
2250,10,Entire rental unit,4,8,,
2251,6,Entire rental unit,3,5,,
2252,11,Private room in rental unit,1,2,,
2253,9,Private room in rental unit,,1,,
2254,33,Private room in rental unit,,2,,
2255,33,Private room in rental unit,,2,,
2256,6,Entire rental unit,,2,,
2257,5,Entire rental unit,,2,,
2258,5,Entire rental unit,,2,,
2259,6,Entire rental unit,,2,,
2260,6,Entire rental unit,,2,,
2261,6,Entire rental unit,,2,,
2262,6,Entire rental unit,,2,,
2263,6,Entire rental unit,,2,,
2264,6,Entire rental unit,,2,,
2265,5,Entire rental unit,,2,,
2266,6,Entire rental unit,,2,,
2267,1,Entire rental unit,3,6,,
2268,2,Private room in rental unit,,2,,
2269,6,Entire loft,,2,,
2270,67,Entire rental unit,3,5,,
2271,10,Entire rental unit,3,5,,
2272,9,Entire loft,1,3,,
2273,2,Private room in rental unit,,2,,
2274,5,Private room in condo,,2,,
2275,9,Entire rental unit,2,4,,
2276,6,Entire rental unit,3,7,,
2277,10,Entire rental unit,4,8,,
2278,7,Entire rental unit,1,4,,
2279,73,Private room in rental unit,,2,,
2280,8,Entire rental unit,2,3,,
2281,8,Entire rental unit,2,4,,
2282,31,Private room in rental unit,,1,,
2283,31,Private room in rental unit,,1,,
2284,8,Entire rental unit,3,9,,
2285,6,Private room in rental unit,2,4,,
2286,9,Entire rental unit,3,5,,
2287,8,Private room in rental unit,,2,,
2288,69,Entire rental unit,2,3,,
2289,11,Entire rental unit,2,4,,
2290,2,Entire rental unit,1,4,,
2291,19,Entire rental unit,3,4,,
2292,1,Entire rental unit,2,6,,
2293,1,Entire rental unit,3,7,,
2294,7,Private room in rental unit,,1,,
2295,32,Private room in rental unit,,1,,
2296,33,Private room in rental unit,,1,,
2297,5,Private room in rental unit,2,1,,
2298,7,Private room in rental unit,,1,,
2299,1,Entire rental unit,2,5,,
2300,8,Private room in rental unit,,1,,
2301,6,Entire rental unit,3,7,,
2302,6,Private room in rental unit,,1,,
2303,11,Private room in casa particular,,2,,
2304,10,Private room in rental unit,,1,,
2305,10,Private room in rental unit,,1,,
2306,26,Private room in rental unit,,2,,
2307,31,Private room in rental unit,,2,,
2308,7,Private room in rental unit,1,1,,
2309,7,Private room in rental unit,,2,,
2310,7,Entire rental unit,1,4,,
2311,7,Entire rental unit,3,10,,
2312,17,Private room in rental unit,,1,,
2313,7,Private room in rental unit,,1,,
2314,7,Private room in rental unit,,2,,
2315,7,Private room in rental unit,1,1,,
2316,7,Private room in rental unit,,1,,
2317,7,Private room in rental unit,,1,,
2318,31,Private room in rental unit,,2,,
2319,7,Private room in rental unit,,2,,
2320,11,Entire rental unit,5,8,,
2321,11,Entire rental unit,4,6,,
2322,4,Entire rental unit,2,4,,
2323,2,Private room in rental unit,2,2,,
2324,68,Entire rental unit,2,5,,
2325,11,Entire rental unit,5,9,,
2326,7,Private room in home,,1,,
2327,10,Entire rental unit,3,5,,
2328,68,Entire serviced apartment,1,2,,
2329,66,Entire rental unit,2,5,,
2330,26,Entire rental unit,1,2,,
2331,1,Private room in rental unit,,2,,
2332,69,Entire rental unit,2,3,,
2333,3,Entire loft,,2,,
2334,7,Entire rental unit,2,4,,
2335,11,Entire rental unit,2,3,,
2336,9,Private room in home,2,3,,
2337,69,Entire rental unit,4,4,,
2338,11,Entire rental unit,2,4,,
2339,1,Entire rental unit,4,7,,
2340,11,Entire rental unit,5,9,,
2341,35,Entire loft,2,3,,
2342,2,Entire rental unit,1,2,,
2343,45,Private room in rental unit,,1,,
2344,64,Entire rental unit,1,4,,
2345,11,Entire rental unit,2,4,,
2346,10,Entire rental unit,4,9,,
2347,62,Private room in rental unit,,2,,
2348,4,Entire rental unit,1,2,,
2349,2,Entire rental unit,1,2,,
2350,4,Private room in serviced apartment,1,1,,
2351,30,Private room in rental unit,,1,,
2352,10,Private room in rental unit,,1,,
2353,7,Entire rental unit,2,5,,
2354,63,Private room in rental unit,2,2,,
2355,9,Private room in rental unit,2,1,,
2356,1,Entire rental unit,3,7,,
2357,8,Entire rental unit,3,6,,
2358,5,Shared room in hostel,,2,,
2359,66,Private room in rental unit,,2,,
2360,6,Shared room in hostel,,2,,
2361,5,Shared room in hostel,,1,,
2362,30,Private room in rental unit,,2,,
2363,13,Private room in rental unit,2,1,,
2364,35,Private room in rental unit,,3,,
2365,7,Entire rental unit,1,4,,
2366,64,Private room in rental unit,,3,,
2367,64,Private room in rental unit,,2,,
2368,7,Entire serviced apartment,2,5,,
2369,7,Entire serviced apartment,2,5,,
2370,68,Entire rental unit,2,6,,
2371,17,Entire rental unit,3,5,,
2372,31,Private room in rental unit,,1,,
2373,5,Private room in condo,,1,,
2374,31,Private room in condo,,1,,
2375,6,Entire rental unit,2,3,,
2376,31,Entire loft,1,2,,
2377,26,Entire rental unit,2,4,,
2378,70,Private room in rental unit,,2,,
2379,68,Entire rental unit,2,4,,
2380,26,Entire rental unit,2,5,,
2381,1,Private room in rental unit,,2,,
2382,66,Entire rental unit,4,7,,
2383,31,Private room in condo,,1,,
2384,69,Entire serviced apartment,2,5,,
2385,70,Entire rental unit,3,5,,
2386,10,Entire rental unit,1,2,,
2387,66,Private room in rental unit,,2,,
2388,8,Private room in rental unit,,2,,
2389,31,Entire rental unit,2,4,,
2390,7,Entire rental unit,3,6,,
2391,14,Entire rental unit,3,6,,
2392,5,Private room in rental unit,1,1,,
2393,10,Entire rental unit,2,3,,
2394,6,Entire rental unit,2,5,,
2395,5,Entire rental unit,3,6,,
2396,5,Entire rental unit,3,6,,
2397,5,Entire rental unit,3,5,,
2398,6,Entire rental unit,1,4,,
2399,7,Entire rental unit,1,4,,
2400,5,Entire rental unit,3,5,,
2401,5,Entire rental unit,3,6,,
2402,5,Entire rental unit,4,7,,
2403,10,Private room in guest suite,,1,,
2404,38,Private room in townhouse,,1,,
2405,6,Entire rental unit,1,4,,
2406,3,Entire loft,,2,,
2407,32,Private room in rental unit,,2,,
2408,11,Entire condo,3,4,,
2409,66,Private room in home,,2,,
2410,7,Entire condo,3,5,,
2411,1,Entire serviced apartment,1,2,,
2412,9,Private room in rental unit,,2,,
2413,7,Entire serviced apartment,6,14,,
2414,2,Entire serviced apartment,1,4,,
2415,19,Entire rental unit,3,4,,
2416,31,Private room in rental unit,,2,,
2417,7,Entire rental unit,3,5,,
2418,19,Entire rental unit,3,7,,
2419,19,Entire rental unit,1,4,,
2420,32,Entire rental unit,1,2,,
2421,13,Private room in rental unit,3,2,,
2422,63,Private room in rental unit,,2,,
2423,7,Private room in rental unit,,1,,
2424,31,Entire rental unit,2,4,,
2425,10,Private room in rental unit,,2,,
2426,2,Entire rental unit,3,5,,
2427,4,Entire rental unit,2,4,,
2428,7,Entire rental unit,2,5,,
2429,8,Entire rental unit,4,6,,
2430,31,Entire rental unit,3,6,,
2431,9,Private room in guest suite,2,2,,
2432,31,Entire serviced apartment,2,5,,
2433,10,Entire rental unit,1,2,,
2434,32,Entire rental unit,2,6,,
2435,66,Entire rental unit,2,3,,
2436,15,Private room,,2,,
2437,11,Entire rental unit,1,2,,
2438,72,Entire rental unit,3,6,,
2439,2,Private room in rental unit,,4,,
2440,7,Entire rental unit,3,7,,
2441,31,Entire rental unit,3,6,,
2442,31,Private room in rental unit,,1,,
2443,17,Private room in home,,2,,
2444,1,Entire rental unit,2,4,,
2445,9,Entire rental unit,2,3,,
2446,6,Private room in rental unit,1,2,,
2447,9,Entire rental unit,2,3,,
2448,7,Entire rental unit,2,5,,
2449,7,Entire rental unit,2,4,,
2450,31,Entire rental unit,2,5,,
2451,4,Private room in rental unit,,2,,
2452,4,Entire rental unit,4,10,,
2453,1,Entire rental unit,4,10,,
2454,18,Private room in rental unit,,1,,
2455,69,Entire rental unit,2,6,,
2456,69,Entire rental unit,2,6,,
2457,7,Private room in rental unit,,1,,
2458,9,Entire rental unit,3,6,,
2459,1,Private room in rental unit,,3,,
2460,1,Entire rental unit,1,2,,
2461,66,Private room in rental unit,,2,,
2462,69,Entire rental unit,2,6,,
2463,69,Entire rental unit,4,10,,
2464,7,Entire rental unit,4,10,,
2465,7,Entire rental unit,2,6,,
2466,69,Entire rental unit,3,8,,
2467,7,Entire rental unit,1,3,,
2468,69,Entire rental unit,3,8,,
2469,69,Entire rental unit,2,6,,
2470,7,Entire rental unit,3,8,,
2471,70,Entire rental unit,3,8,,
2472,7,Entire rental unit,3,8,,
2473,7,Entire rental unit,2,6,,
2474,7,Entire rental unit,1,4,,
2475,7,Entire rental unit,1,4,,
2476,7,Entire rental unit,1,4,,
2477,7,Entire rental unit,1,4,,
2478,1,Entire rental unit,1,2,,
2479,9,Private room in rental unit,,1,,
2480,69,Private room in rental unit,2,1,,
2481,19,Entire rental unit,3,5,,
2482,3,Entire condo,1,2,,
2483,18,Private room in rental unit,,2,,
2484,70,Private room in rental unit,2,1,,
2485,6,Private room in rental unit,,2,,
2486,35,Private room in rental unit,,2,,
2487,19,Entire rental unit,2,6,,
2488,70,Private room in rental unit,,1,,
2489,31,Entire serviced apartment,4,8,,
2490,2,Entire rental unit,1,4,,
2491,7,Entire rental unit,2,4,,
2492,11,Entire rental unit,1,4,,
2493,7,Entire rental unit,3,5,,
2494,62,Private room in rental unit,,1,,
2495,68,Private room in rental unit,,2,,
2496,2,Entire rental unit,2,2,,
2497,32,Private room in rental unit,,2,,
2498,43,Entire guest suite,1,2,,
2499,31,Entire rental unit,1,2,,
2500,4,Private room in rental unit,3,2,,
2501,60,Entire home,4,12,,
2502,8,Private room in chalet,2,3,,
2503,31,Private room in rental unit,,1,,
2504,31,Entire serviced apartment,1,3,,
2505,7,Entire condo,4,7,,
2506,73,Private room in rental unit,,2,,
2507,9,Private room in rental unit,,1,,
2508,30,Private room in rental unit,,2,,
2509,69,Private room in rental unit,,3,,
2510,6,Entire rental unit,4,5,,
2511,6,Entire rental unit,3,6,,
2512,9,Private room in guest suite,2,2,,
2513,10,Entire rental unit,2,4,,
2514,3,Entire loft,1,2,,
2515,31,Private room in rental unit,,1,,
2516,10,Entire rental unit,1,4,,
2517,33,Entire rental unit,4,8,,
2518,1,Private room in rental unit,,2,,
2519,11,Private room in rental unit,,2,,
2520,11,Entire rental unit,2,4,,
2521,10,Entire rental unit,2,4,,
2522,30,Private room in rental unit,,1,,
2523,64,Private room in rental unit,2,4,,
2524,1,Entire loft,1,1,,
2525,8,Private room in rental unit,,2,,
2526,16,Private room in rental unit,,2,,
2527,63,Entire condo,3,4,,
2528,71,Private room in rental unit,2,2,,
2529,5,Entire rental unit,4,8,,
2530,30,Private room in rental unit,,2,,
2531,8,Entire rental unit,4,9,,
2532,10,Entire rental unit,2,3,,
2533,10,Entire rental unit,4,6,,
2534,10,Entire rental unit,4,5,,
2535,8,Entire rental unit,3,4,,
2536,8,Entire rental unit,2,4,,
2537,10,Entire rental unit,4,6,,
2538,5,Entire rental unit,2,4,,
2539,31,Entire rental unit,3,3,,
2540,31,Entire rental unit,2,5,,
2541,11,Entire rental unit,3,5,,
2542,7,Entire rental unit,1,2,,
2543,31,Entire rental unit,1,3,,
2544,31,Entire rental unit,1,3,,
2545,31,Entire rental unit,1,3,,
2546,31,Entire rental unit,3,4,,
2547,6,Private room in rental unit,,1,,
2548,4,Entire condo,2,3,,
2549,6,Entire rental unit,3,6,,
2550,7,Entire rental unit,2,4,,
2551,1,Private room in rental unit,,2,,
2552,1,Private room in rental unit,,2,,
2553,10,Entire rental unit,2,3,,
2554,6,Private room in rental unit,,2,,
2555,6,Private room in condo,,1,,
2556,27,Private room in condo,2,2,,
2557,1,Entire rental unit,2,3,,
2558,2,Private room in rental unit,,2,,
2559,6,Private room in rental unit,,1,,
2560,9,Private room in guest suite,,2,,
2561,35,Private room in home,,1,,
2562,31,Entire rental unit,2,3,,
2563,70,Private room in rental unit,1,1,,
2564,4,Private room in rental unit,,2,,
2565,9,Private room in guest suite,,2,,
2566,63,Private room in rental unit,,2,,
2567,31,Private room in rental unit,,2,,
2568,31,Private room in rental unit,,1,,
2569,31,Private room in rental unit,,2,,
2570,64,Entire townhouse,3,8,,
2571,10,Private room in rental unit,,2,,
2572,6,Entire rental unit,3,6,,
2573,31,Entire rental unit,2,4,,
2574,3,Entire rental unit,2,3,,
2575,46,Private room in rental unit,,1,,
2576,70,Entire townhouse,3,6,,
2577,31,Private room in rental unit,1,1,,
2578,31,Private room in rental unit,,2,,
2579,27,Private room in rental unit,,2,,
2580,31,Private room in rental unit,,1,,
2581,9,Entire rental unit,2,4,,
2582,2,Entire rental unit,2,4,,
2583,11,Entire rental unit,3,5,,
2584,35,Private room in rental unit,,2,,
2585,10,Entire rental unit,2,4,,
2586,4,Entire rental unit,1,2,,
2587,4,Entire rental unit,1,2,,
2588,26,Entire rental unit,1,4,,
2589,26,Entire rental unit,1,4,,
2590,26,Entire rental unit,2,5,,
2591,16,Private room in rental unit,,2,,
2592,9,Private room in rental unit,,1,,
2593,6,Private room in rental unit,,2,,
2594,68,Entire serviced apartment,2,5,,
2595,35,Private room in rental unit,,4,,
2596,7,Entire rental unit,2,5,,
2597,7,Entire rental unit,2,5,,
2598,32,Private room in rental unit,,1,,
2599,9,Private room in rental unit,,2,,
2600,19,Entire rental unit,2,5,,
2601,8,Entire rental unit,2,4,,
2602,37,Entire rental unit,3,5,,
2603,37,Entire rental unit,3,5,,
2604,1,Private room in rental unit,,2,,
2605,2,Private room in serviced apartment,1,2,,
2606,37,Entire rental unit,3,5,,
2607,37,Entire rental unit,1,4,,
2608,37,Entire rental unit,3,5,,
2609,37,Entire rental unit,1,4,,
2610,3,Entire rental unit,2,4,,
2611,2,Private room in rental unit,,2,,
2612,11,Private room in rental unit,,1,,
2613,6,Private room in condo,,2,,
2614,11,Private room in rental unit,,2,,
2615,11,Entire rental unit,2,3,,
2616,6,Entire rental unit,1,2,,
2617,28,Private room in rental unit,,1,,
2618,6,Entire rental unit,2,4,,
2619,2,Private room in rental unit,,2,,
2620,11,Entire rental unit,1,2,,
2621,66,Entire serviced apartment,3,6,,
2622,6,Entire rental unit,3,6,,
2623,1,Private room in rental unit,2,1,,
2624,1,Entire rental unit,1,2,,
2625,7,Private room in rental unit,,2,,
2626,7,Entire rental unit,2,4,,
2627,6,Private room in rental unit,,3,,
2628,1,Private room in rental unit,,1,,
2629,7,Private room in guest suite,,2,,
2630,7,Entire rental unit,2,5,,
2631,66,Entire rental unit,5,10,,
2632,66,Entire rental unit,1,2,,
2633,5,Entire rental unit,1,1,,
2634,31,Entire serviced apartment,5,10,,
2635,61,Entire condo,2,4,,
2636,4,Private room in rental unit,,2,,
2637,18,Private room in rental unit,,2,,
2638,19,Private room in rental unit,,2,,
2639,15,Private room in rental unit,,2,,
2640,60,Private room in rental unit,,2,,
2641,1,Private room in rental unit,,2,,
2642,7,Entire rental unit,3,6,,
2643,7,Entire rental unit,3,5,,
2644,11,Private room in rental unit,,2,,
2645,5,Entire rental unit,3,4,,
2646,11,Entire rental unit,3,4,,
2647,6,Entire rental unit,3,9,,
2648,7,Private room in rental unit,,1,,
2649,30,Private room in rental unit,2,2,,
2650,6,Private room in guest suite,2,2,,
2651,6,Entire rental unit,2,5,,
2652,4,Entire rental unit,,2,,
2653,7,Entire rental unit,2,4,,
2654,7,Entire rental unit,3,6,,
2655,19,Private room,,1,,
2656,68,Private room in rental unit,,1,,
2657,7,Entire rental unit,2,5,,
2658,1,Entire rental unit,2,4,,
2659,66,Private room in rental unit,,1,,
2660,9,Private room in rental unit,,1,,
2661,70,Private room in rental unit,,1,,
2662,26,Entire rental unit,2,4,,
2663,1,Private room in rental unit,2,2,,
2664,11,Entire rental unit,3,5,,
2665,41,Private room in guest suite,,1,,
2666,13,Private room in home,,1,,
2667,3,Entire rental unit,1,3,,
2668,36,Entire villa,8,16,,
2669,8,Entire rental unit,3,6,,
2670,8,Entire rental unit,4,8,,
2671,15,Entire rental unit,3,5,,
2672,15,Entire rental unit,2,3,,
2673,25,Private room,2,1,,
2674,28,Private room in rental unit,,2,,
2675,9,Private room in rental unit,,2,,
2676,68,Entire rental unit,2,3,,
2677,5,Private room in rental unit,,2,,
2678,4,Entire rental unit,1,2,,
2679,7,Entire rental unit,3,5,,
2680,8,Entire rental unit,3,5,,
2681,4,Entire rental unit,3,3,,
2682,5,Private room in rental unit,,2,,
2683,7,Entire rental unit,3,6,,
2684,32,Private room in rental unit,,2,,
2685,7,Private room in rental unit,2,2,,
2686,6,Private room in rental unit,2,2,,
2687,28,Entire rental unit,2,6,,
2688,6,Entire serviced apartment,2,5,,
2689,8,Entire rental unit,2,2,,
2690,44,Private room in rental unit,,1,,
2691,7,Private room in rental unit,,1,,
2692,8,Entire rental unit,2,4,,
2693,68,Private room in rental unit,3,1,,
2694,5,Private room in rental unit,,1,,
2695,11,Private room in rental unit,2,2,,
2696,8,Entire rental unit,4,7,,
2697,8,Entire rental unit,2,4,,
2698,27,Entire rental unit,2,3,,
2699,8,Private room in rental unit,,2,,
2700,27,Entire rental unit,2,3,,
2701,10,Private room in condo,,2,,
2702,5,Private room in rental unit,,2,,
2703,7,Private room in rental unit,1,2,,
2704,14,Entire rental unit,1,2,,
2705,10,Private room in condo,,2,,
2706,6,Private room in rental unit,,1,,
2707,60,Private room in rental unit,,2,,
2708,7,Entire serviced apartment,4,12,,
2709,2,Private room in rental unit,1,2,,
2710,33,Private room in rental unit,,1,,
2711,4,Entire rental unit,2,4,,
2712,8,Entire rental unit,2,4,,
2713,7,Private room in rental unit,,2,,
2714,31,Entire rental unit,2,5,,
2715,35,Private room in rental unit,,2,,
2716,8,Entire rental unit,3,8,,
2717,5,Private room in rental unit,,2,,
2718,71,Private room in rental unit,4,1,,
2719,5,Private room in rental unit,,2,,
2720,11,Entire rental unit,3,6,,
2721,70,Private room in rental unit,,1,,
2722,70,Private room in rental unit,,2,,
2723,32,Entire rental unit,3,6,,
2724,11,Entire loft,,2,,
2725,6,Private room in rental unit,,1,,
2726,4,Private room in hostel,1,2,,
2727,70,Private room in rental unit,,1,,
2728,7,Entire rental unit,3,5,,
2729,1,Entire rental unit,2,4,,
2730,4,Private room in rental unit,,2,,
2731,26,Private room in rental unit,,2,,
2732,9,Entire rental unit,2,4,,
2733,9,Private room in rental unit,,2,,
2734,72,Private room in rental unit,,2,,
2735,67,Entire rental unit,2,5,,
2736,4,Private room in rental unit,,2,,
2737,26,Private room in rental unit,,1,,
2738,63,Private room in guest suite,,1,,
2739,6,Private room in rental unit,,1,,
2740,4,Entire loft,1,2,,
2741,18,Entire rental unit,1,2,,
2742,6,Private room in rental unit,2,1,,
2743,4,Private room in hostel,1,2,,
2744,9,Entire rental unit,4,5,,
2745,7,Private room in hostel,1,3,,
2746,7,Private room in hostel,1,3,,
2747,6,Private room in rental unit,,1,,
2748,7,Entire rental unit,1,2,,
2749,5,Private room in rental unit,,9,,
2750,4,Entire rental unit,2,5,,
2751,1,Entire rental unit,2,4,,
2752,32,Entire rental unit,2,5,,
2753,4,Entire rental unit,3,5,,
2754,67,Private room in rental unit,,2,,
2755,6,Entire rental unit,4,7,,
2756,65,Private room in rental unit,,2,,
2757,18,Private room in rental unit,,2,,
2758,2,Entire rental unit,3,5,,
2759,32,Entire rental unit,3,6,,
2760,18,Entire rental unit,1,2,,
2761,18,Entire rental unit,1,2,,
2762,8,Entire rental unit,3,6,,
2763,8,Entire rental unit,3,5,,
2764,8,Entire rental unit,3,6,,
2765,8,Entire rental unit,3,6,,
2766,8,Entire rental unit,4,8,,
2767,8,Entire rental unit,4,8,,
2768,8,Entire rental unit,4,6,,
2769,8,Entire rental unit,4,3,,
2770,15,Entire rental unit,2,4,,
2771,15,Entire rental unit,3,5,,
2772,15,Entire rental unit,2,3,,
2773,15,Entire rental unit,2,3,,
2774,18,Entire rental unit,2,4,,
2775,7,Entire rental unit,3,9,,
2776,4,Entire rental unit,1,3,,
2777,2,Entire loft,1,4,,
2778,10,Private room in rental unit,,1,,
2779,18,Entire rental unit,1,2,,
2780,2,Entire rental unit,1,2,,
2781,4,Entire rental unit,1,3,,
2782,4,Entire rental unit,1,3,,
2783,4,Entire rental unit,3,8,,
2784,6,Entire rental unit,2,5,,
2785,40,Private room in guest suite,,1,,
2786,15,Entire rental unit,2,4,,
2787,2,Entire rental unit,1,2,,
2788,2,Entire rental unit,1,2,,
2789,4,Entire rental unit,1,2,,
2790,8,Entire rental unit,4,6,,
2791,2,Entire rental unit,2,4,,
2792,8,Entire rental unit,2,2,,
2793,10,Entire rental unit,2,4,,
2794,70,Private room in rental unit,1,1,,
2795,1,Private room in rental unit,2,2,,
2796,46,Private room in guest suite,,2,,
2797,6,Entire rental unit,2,3,,
2798,6,Entire rental unit,2,3,,
2799,37,Private room in townhouse,,1,,
2800,68,Entire rental unit,3,4,,
2801,4,Entire rental unit,1,2,,
2802,4,Entire rental unit,1,2,,
2803,4,Entire rental unit,1,2,,
2804,7,Entire rental unit,1,4,,
2805,4,Entire rental unit,3,6,,
2806,11,Private room in rental unit,1,1,,
2807,8,Private room in rental unit,,2,,
2808,18,Entire rental unit,3,4,,
2809,11,Entire rental unit,2,5,,
2810,31,Private room in rental unit,,2,,
2811,7,Private room in rental unit,1,2,,
2812,6,Entire townhouse,4,8,,
2813,2,Entire rental unit,3,6,,
2814,6,Entire rental unit,3,6,,
2815,6,Entire rental unit,4,10,,
2816,6,Entire rental unit,3,6,,
2817,6,Entire rental unit,3,6,,
2818,59,Private room in rental unit,,2,,
2819,10,Entire rental unit,2,4,,
2820,4,Entire rental unit,3,7,,
2821,4,Entire rental unit,1,3,,
2822,4,Entire rental unit,1,3,,
2823,4,Entire rental unit,1,3,,
2824,4,Entire rental unit,1,3,,
2825,4,Entire rental unit,1,3,,
2826,4,Entire rental unit,1,3,,
2827,2,Entire rental unit,1,4,,
2828,2,Entire loft,1,4,,
2829,27,Entire rental unit,1,2,,
2830,35,Entire rental unit,1,2,,
2831,4,Entire rental unit,1,2,,
2832,10,Entire rental unit,2,4,,
2833,35,Entire rental unit,1,3,,
2834,7,Entire rental unit,2,3,,
2835,68,Entire rental unit,1,2,,
2836,15,Entire rental unit,1,3,,
2837,64,Entire rental unit,2,4,,
2838,15,Entire rental unit,2,4,,
2839,7,Entire rental unit,3,5,,
2840,5,Entire rental unit,3,6,,
2841,64,Entire rental unit,2,4,,
2842,64,Entire rental unit,2,4,,
2843,7,Entire rental unit,6,10,,
2844,4,Entire rental unit,2,4,,
2845,7,Entire rental unit,2,3,,
2846,7,Entire rental unit,2,6,,
2847,7,Entire rental unit,2,4,,
2848,8,Entire rental unit,2,4,,
2849,15,Entire rental unit,1,3,,
2850,64,Entire rental unit,2,4,,
2851,17,Entire rental unit,2,4,,
2852,8,Entire rental unit,2,6,,
2853,8,Entire rental unit,2,5,,
2854,6,Entire rental unit,2,3,,
2855,64,Entire rental unit,2,4,,
2856,64,Entire rental unit,2,4,,
2857,15,Entire rental unit,2,4,,
2858,8,Entire rental unit,2,5,,
2859,6,Entire rental unit,2,4,,
2860,7,Entire rental unit,2,4,,
2861,8,Entire rental unit,2,4,,
2862,64,Entire rental unit,2,4,,
2863,64,Entire rental unit,2,4,,
2864,64,Entire rental unit,2,4,,
2865,5,Entire rental unit,2,4,,
2866,15,Entire rental unit,2,4,,
2867,35,Entire rental unit,2,4,,
2868,64,Entire rental unit,2,4,,
2869,64,Entire rental unit,2,4,,
2870,35,Entire rental unit,2,4,,
2871,64,Entire rental unit,2,3,,
2872,7,Entire rental unit,3,6,,
2873,15,Entire rental unit,1,3,,
2874,15,Entire rental unit,3,6,,
2875,17,Entire rental unit,2,3,,
2876,6,Entire rental unit,2,4,,
2877,7,Entire rental unit,2,3,,
2878,17,Entire rental unit,2,4,,
2879,7,Entire rental unit,2,3,,
2880,8,Entire rental unit,2,6,,
2881,15,Entire rental unit,2,4,,
2882,2,Entire rental unit,4,9,,
2883,8,Entire rental unit,1,2,,
2884,8,Entire rental unit,2,4,,
2885,6,Entire rental unit,2,4,,
2886,7,Entire serviced apartment,1,2,,
2887,28,Entire rental unit,3,5,,
2888,30,Entire rental unit,1,2,,
2889,10,Private room in rental unit,,2,,
2890,17,Entire rental unit,4,7,,
2891,66,Private room in rental unit,,1,,
2892,4,Private room in rental unit,,1,,
2893,4,Private room in rental unit,,2,,
2894,7,Entire serviced apartment,3,6,,
2895,9,Private room in rental unit,,1,,
2896,6,Entire rental unit,2,3,,
2897,8,Private room in guest suite,,1,,
2898,68,Entire rental unit,3,6,,
2899,3,Entire loft,,2,,
2900,18,Entire condo,2,4,,
2901,32,Entire rental unit,1,4,,
2902,32,Entire rental unit,1,4,,
2903,6,Entire rental unit,2,4,,
2904,2,Entire rental unit,1,2,,
2905,3,Entire rental unit,1,2,,
2906,1,Private room in rental unit,,2,,
2907,4,Private room in rental unit,,1,,
2908,44,Private room in rental unit,,1,,
2909,4,Private room in rental unit,2,2,,
2910,31,Entire loft,2,2,,
2911,1,Private room in rental unit,,2,,
2912,15,Entire rental unit,2,5,,
2913,6,Entire rental unit,2,5,,
2914,10,Private room in rental unit,,1,,
2915,4,Entire rental unit,2,6,,
2916,18,Entire rental unit,3,5,,
2917,2,Private room in floor,,1,,
2918,4,Entire rental unit,2,6,,
2919,1,Private room in rental unit,2,2,,
2920,4,Entire rental unit,2,6,,
2921,31,Entire condo,2,4,,
2922,18,Entire rental unit,3,6,,
2923,10,Private room in rental unit,,2,,
2924,3,Entire rental unit,1,2,,
2925,5,Private room in rental unit,,1,,
2926,6,Entire rental unit,2,4,,
2927,6,Entire rental unit,2,5,,
2928,6,Entire rental unit,2,5,,
2929,32,Entire rental unit,2,5,,
2930,32,Entire rental unit,2,4,,
2931,6,Entire rental unit,2,4,,
2932,32,Entire rental unit,2,5,,
2933,6,Entire rental unit,2,5,,
2934,6,Entire rental unit,1,3,,
2935,6,Entire rental unit,1,3,,
2936,4,Entire condo,1,4,,
2937,68,Private room in rental unit,,2,,
2938,35,Entire rental unit,2,4,,
2939,7,Private room in rental unit,,2,,
2940,7,Entire rental unit,5,12,,
2941,5,Entire rental unit,2,4,,
2942,6,Private room in rental unit,,2,,
2943,25,Entire rental unit,3,6,,
2944,7,Entire rental unit,3,5,,
2945,7,Private room in rental unit,,2,,
2946,7,Room in boutique hotel,1,2,,
2947,7,Room in boutique hotel,1,1,,
2948,7,Room in boutique hotel,1,1,,
2949,7,Room in boutique hotel,1,2,,
2950,2,Private room in rental unit,,2,,
2951,7,Room in boutique hotel,1,1,,
2952,33,Private room in serviced apartment,1,1,,
2953,7,Entire rental unit,2,4,,
2954,7,Entire rental unit,2,4,,
2955,1,Private room in rental unit,,2,,
2956,10,Entire loft,1,2,,
2957,11,Entire rental unit,2,5,,
2958,1,Entire rental unit,1,2,,
2959,6,Entire rental unit,3,8,,
2960,6,Entire rental unit,4,11,,
2961,6,Entire rental unit,3,8,,
2962,6,Entire rental unit,3,8,,
2963,64,Entire rental unit,4,10,,
2964,7,Entire rental unit,4,7,,
2965,1,Entire serviced apartment,4,8,,
2966,31,Entire condo,2,7,,
2967,1,Entire rental unit,2,4,,
2968,7,Entire serviced apartment,2,4,,
2969,71,Entire rental unit,2,4,,
2970,4,Private room in rental unit,,2,,
2971,7,Entire rental unit,1,5,,
2972,35,Private room in rental unit,,1,,
2973,1,Private room in rental unit,,1,,
2974,4,Private room in rental unit,,1,,
2975,11,Entire rental unit,2,4,,
2976,6,Entire rental unit,3,6,,
2977,68,Entire rental unit,1,3,,
2978,5,Entire rental unit,1,2,,
2979,9,Private room in rental unit,,1,,
2980,64,Entire rental unit,2,4,,
2981,11,Private room in rental unit,,1,,
2982,7,Entire serviced apartment,1,2,,
2983,6,Private room in rental unit,,2,,
2984,11,Private room in rental unit,,2,,
2985,33,Private room in rental unit,,2,,
2986,30,Entire home,2,4,,
2987,7,Entire rental unit,1,2,,
2988,4,Entire rental unit,2,5,,
2989,31,Entire rental unit,1,2,,
2990,11,Entire rental unit,4,7,,
2991,7,Entire rental unit,3,6,,
2992,68,Entire rental unit,3,5,,
2993,27,Private room in rental unit,,1,,
2994,20,Private room in rental unit,,2,,
2995,7,Entire rental unit,2,4,,
2996,8,Entire rental unit,2,2,,
2997,5,Entire rental unit,3,5,,
2998,2,Entire rental unit,1,2,,
2999,65,Entire rental unit,3,4,,
3000,35,Entire rental unit,3,5,,
3001,5,Entire rental unit,1,4,,
3002,5,Entire rental unit,1,4,,
3003,8,Entire rental unit,1,4,,
3004,7,Entire rental unit,2,4,,
3005,11,Entire rental unit,1,4,,
3006,4,Entire rental unit,7,10,,
3007,31,Entire rental unit,2,3,,
3008,9,Entire rental unit,2,6,,
3009,4,Entire rental unit,3,4,,
3010,7,Entire rental unit,3,8,,
3011,5,Entire condo,4,10,,
3012,15,Private room in rental unit,,1,,
3013,5,Entire rental unit,3,4,,
3014,10,Private room in rental unit,,4,,
3015,2,Entire loft,,3,,
3016,31,Entire rental unit,2,4,,
3017,60,Entire rental unit,3,4,,
3018,7,Entire rental unit,2,3,,
3019,64,Entire rental unit,2,4,,
3020,6,Entire rental unit,2,4,,
3021,6,Entire rental unit,2,4,,
3022,31,Entire rental unit,2,3,,
3023,1,Private room in rental unit,,2,,
3024,9,Private room in rental unit,,2,,
3025,9,Private room in rental unit,,1,,
3026,28,Private room in home,3,7,,
3027,4,Private room in rental unit,,2,,
3028,29,Entire rental unit,2,4,,
3029,11,Entire rental unit,1,4,,
3030,68,Entire rental unit,1,3,,
3031,68,Entire loft,1,5,,
3032,10,Entire rental unit,1,2,,
3033,2,Entire rental unit,1,2,,
3034,2,Entire rental unit,,2,,
3035,8,Entire rental unit,2,4,,
3036,10,Entire rental unit,2,4,,
3037,10,Entire rental unit,2,4,,
3038,8,Entire rental unit,2,6,,
3039,31,Entire rental unit,1,3,,
3040,11,Entire rental unit,2,3,,
3041,63,Private room in rental unit,3,1,,
3042,32,Private room in rental unit,,2,,
3043,1,Entire rental unit,3,6,,
3044,31,Private room in rental unit,,2,,
3045,65,Private room in rental unit,1,2,,
3046,10,Entire rental unit,1,4,,
3047,68,Entire rental unit,2,2,,
3048,17,Private room in rental unit,,2,,
3049,70,Private room in rental unit,,1,,
3050,1,Private room in rental unit,,2,,
3051,1,Private room in rental unit,,2,,
3052,32,Entire rental unit,3,4,,
3053,6,Private room in rental unit,,2,,
3054,7,Entire rental unit,1,4,,
3055,6,Entire rental unit,2,4,,
3056,6,Entire rental unit,2,3,,
3057,11,Private room in rental unit,,1,,
3058,1,Entire rental unit,1,2,,
3059,31,Entire rental unit,2,4,,
3060,1,Private room in rental unit,2,4,,
3061,33,Entire rental unit,3,4,,
3062,32,Entire rental unit,2,5,,
3063,8,Entire rental unit,1,4,,
3064,6,Entire rental unit,2,4,,
3065,6,Entire rental unit,2,3,,
3066,28,Private room in home,,3,,
3067,4,Private room in rental unit,,2,,
3068,10,Entire rental unit,2,3,,
3069,4,Entire rental unit,3,4,,
3070,6,Entire rental unit,2,3,,
3071,7,Entire rental unit,3,6,,
3072,1,Private room in rental unit,2,2,,
3073,8,Entire rental unit,2,4,,
3074,7,Private room in rental unit,,1,,
3075,11,Entire rental unit,2,4,,
3076,10,Entire rental unit,4,10,,
3077,3,Entire rental unit,2,4,,
3078,2,Private room in rental unit,,2,,
3079,9,Entire rental unit,4,9,,
3080,30,Private room in rental unit,,3,,
3081,11,Entire rental unit,3,6,,
3082,7,Entire serviced apartment,2,7,,
3083,44,Private room in rental unit,1,2,,
3084,6,Entire rental unit,2,6,,
3085,7,Entire rental unit,2,4,,
3086,7,Entire rental unit,6,13,,
3087,2,Private room in rental unit,,2,,
3088,6,Entire rental unit,2,6,,
3089,11,Entire rental unit,3,6,,
3090,45,Private room in rental unit,,1,,
3091,10,Entire rental unit,2,2,,
3092,68,Private room in rental unit,,2,,
3093,6,Entire rental unit,3,4,,
3094,27,Private room in rental unit,,2,,
3095,1,Entire rental unit,2,4,,
3096,6,Entire rental unit,1,2,,
3097,34,Entire rental unit,1,2,,
3098,1,Entire serviced apartment,2,3,,
3099,1,Entire serviced apartment,2,4,,
3100,68,Entire rental unit,1,2,,
3101,6,Entire serviced apartment,2,5,,
3102,5,Private room in rental unit,,2,,
3103,8,Entire rental unit,,4,,
3104,26,Room in boutique hotel,,2,,
3105,26,Entire rental unit,,4,,
3106,8,Room in boutique hotel,,2,,
3107,8,Entire rental unit,,4,,
3108,8,Entire rental unit,,4,,
3109,26,Entire rental unit,,4,,
3110,26,Room in boutique hotel,,2,,
3111,8,Entire rental unit,,4,,
3112,8,Room in boutique hotel,,3,,
3113,8,Room in boutique hotel,,2,,
3114,26,Entire rental unit,,4,,
3115,5,Private room in rental unit,,1,,
3116,31,Entire rental unit,2,6,,
3117,11,Entire rental unit,4,6,,
3118,63,Private room in rental unit,,1,,
3119,6,Private room in rental unit,,2,,
3120,32,Private room in rental unit,,2,,
3121,1,Private room in rental unit,,2,,
3122,2,Private room in rental unit,,1,,
3123,2,Entire loft,,3,,
3124,2,Entire loft,,3,,
3125,11,Entire rental unit,2,2,,
3126,35,Entire rental unit,2,4,,
3127,5,Entire rental unit,3,5,,
3128,4,Room in hostel,1,4,,
3129,5,Private room in home,,2,,
3130,1,Entire rental unit,2,4,,
3131,1,Entire condo,1,2,,
3132,1,Entire rental unit,1,2,,
3133,7,Room in hostel,1,4,,
3134,57,Private room in bed and breakfast,3,1,,
3135,15,Private room in home,,2,,
3136,31,Entire rental unit,1,3,,
3137,16,Private room in rental unit,,2,,
3138,18,Entire rental unit,3,4,,
3139,10,Entire condo,2,4,,
3140,7,Entire rental unit,9,16,,
3141,2,Entire rental unit,2,4,,
3142,4,Private room in rental unit,,2,,
3143,8,Private room in rental unit,2,4,,
3144,32,Entire rental unit,2,3,,
3145,7,Entire rental unit,2,4,,
3146,7,Entire rental unit,1,3,,
3147,1,Private room in rental unit,,2,,
3148,4,Room in hostel,1,3,,
3149,4,Room in hostel,1,2,,
3150,15,Entire rental unit,2,4,,
3151,31,Entire rental unit,1,2,,
3152,1,Entire rental unit,1,2,,
3153,11,Entire rental unit,3,5,,
3154,1,Entire rental unit,1,2,,
3155,8,Private room in rental unit,,1,,
3156,2,Private room in rental unit,1,2,,
3157,7,Entire rental unit,1,3,,
3158,7,Entire rental unit,,2,,
3159,7,Entire rental unit,1,2,,
3160,68,Entire rental unit,2,2,,
3161,7,Room in hostel,1,2,,
3162,7,Room in hostel,1,3,,
3163,7,Entire rental unit,1,2,,
3164,10,Entire rental unit,1,2,,
3165,64,Private room in rental unit,,2,,
3166,11,Entire rental unit,2,3,,
3167,10,Private room in rental unit,,1,,
3168,8,Entire rental unit,5,9,,
3169,10,Entire condo,2,4,,
3170,31,Private room in rental unit,,1,,
3171,31,Entire rental unit,2,4,,
3172,9,Private room in rental unit,,2,,
3173,6,Entire rental unit,1,3,,
3174,6,Entire rental unit,1,2,,
3175,7,Entire rental unit,5,8,,
3176,31,Entire rental unit,3,4,,
3177,9,Entire rental unit,3,4,,
3178,7,Entire rental unit,3,5,,
3179,9,Entire rental unit,2,3,,
3180,19,Entire rental unit,2,4,,
3181,7,Entire rental unit,1,2,,
3182,67,Entire rental unit,2,4,,
3183,69,Entire rental unit,2,4,,
3184,32,Entire rental unit,1,2,,
3185,7,Entire rental unit,3,6,,
3186,70,Private room in rental unit,,2,,
3187,10,Entire rental unit,3,6,,
3188,1,Entire rental unit,1,2,,
3189,1,Entire rental unit,2,4,,
3190,1,Entire rental unit,1,2,,
3191,1,Entire condo,2,4,,
3192,7,Entire rental unit,2,3,,
3193,5,Entire rental unit,1,2,,
3194,10,Entire rental unit,4,10,,
3195,11,Entire rental unit,2,7,,
3196,32,Entire rental unit,1,2,,
3197,31,Entire rental unit,1,2,,
3198,7,Entire rental unit,2,5,,
3199,50,Entire loft,1,4,,
3200,7,Entire rental unit,2,4,,
3201,16,Private room in rental unit,,1,,
3202,7,Entire rental unit,1,2,,
3203,7,Room in boutique hotel,1,1,,
3204,7,Room in boutique hotel,1,3,,
3205,7,Room in boutique hotel,1,3,,
3206,7,Room in boutique hotel,1,3,,
3207,7,Room in boutique hotel,1,2,,
3208,7,Room in boutique hotel,1,2,,
3209,3,Entire rental unit,3,4,,
3210,10,Private room in rental unit,2,2,,
3211,7,Entire rental unit,3,5,,
3212,72,Private room in rental unit,1,1,,
3213,33,Private room in rental unit,,2,,
3214,7,Entire rental unit,1,4,,
3215,71,Entire rental unit,1,4,,
3216,9,Entire rental unit,3,6,,
3217,9,Private room in rental unit,2,2,,
3218,9,Entire rental unit,1,4,,
3219,27,Entire rental unit,1,3,,
3220,9,Private room in rental unit,2,1,,
3221,11,Private room in rental unit,,2,,
3222,7,Entire rental unit,2,4,,
3223,5,Entire rental unit,1,4,,
3224,31,Entire rental unit,2,4,,
3225,68,Entire serviced apartment,2,5,,
3226,7,Private room in rental unit,,2,,
3227,3,Entire rental unit,1,2,,
3228,26,Entire rental unit,3,5,,
3229,8,Entire rental unit,2,2,,
3230,19,Entire rental unit,3,4,,
3231,19,Entire rental unit,2,3,,
3232,2,Entire loft,,2,,
3233,2,Entire loft,,2,,
3234,2,Entire loft,,2,,
3235,2,Private room in rental unit,,2,,
3236,70,Entire rental unit,2,3,,
3237,69,Entire rental unit,3,6,,
3238,28,Private room in home,,2,,
3239,28,Private room in home,,2,,
3240,10,Entire rental unit,1,2,,
3241,7,Entire rental unit,6,8,,
3242,24,Entire rental unit,3,4,,
3243,31,Room in aparthotel,1,2,,
3244,17,Private room in rental unit,,2,,
3245,7,Entire rental unit,3,6,,
3246,11,Entire loft,1,2,,
3247,1,Entire condo,1,2,,
3248,7,Entire rental unit,3,6,,
3249,8,Private room in rental unit,3,1,,
3250,27,Private room in rental unit,,2,,
3251,69,Entire rental unit,4,8,,
3252,29,Private room in rental unit,1,2,,
3253,6,Private room in rental unit,,1,,
3254,6,Entire rental unit,2,4,,
3255,6,Entire rental unit,4,6,,
3256,10,Entire rental unit,1,2,,
3257,8,Entire rental unit,3,6,,
3258,17,Private room in rental unit,,2,,
3259,8,Private room in rental unit,,1,,
3260,66,Entire rental unit,2,4,,
3261,7,Entire rental unit,3,4,,
3262,3,Private room in rental unit,,1,,
3263,4,Entire rental unit,,2,,
3264,4,Entire rental unit,,2,,
3265,68,Entire rental unit,1,3,,
3266,13,Private room in serviced apartment,1,2,,
3267,6,Entire rental unit,4,6,,
3268,70,Entire serviced apartment,2,5,,
3269,52,Private room in condo,,2,,
3270,70,Private room in rental unit,,1,,
3271,65,Entire rental unit,2,4,,
3272,7,Entire rental unit,1,3,,
3273,68,Entire condo,1,3,,
3274,21,Private room in rental unit,,1,,
3275,16,Entire rental unit,2,4,,
3276,3,Entire rental unit,1,2,,
3277,3,Entire rental unit,1,2,,
3278,7,Room in boutique hotel,1,2,,
3279,3,Entire rental unit,1,2,,
3280,31,Entire rental unit,1,2,,
3281,1,Entire rental unit,2,5,,
3282,26,Entire rental unit,1,2,,
3283,3,Entire rental unit,1,2,,
3284,4,Entire rental unit,2,3,,
3285,3,Entire loft,1,2,,
3286,3,Entire rental unit,1,2,,
3287,3,Entire rental unit,1,2,,
3288,3,Entire loft,1,2,,
3289,10,Entire rental unit,3,6,,
3290,1,Entire rental unit,1,2,,
3291,32,Entire rental unit,3,4,,
3292,19,Private room in rental unit,,2,,
3293,5,Entire rental unit,3,4,,
3294,1,Private room in rental unit,,2,,
3295,7,Entire rental unit,3,6,,
3296,34,Private room in rental unit,,1,,
3297,5,Entire rental unit,2,6,,
3298,6,Entire rental unit,2,6,,
3299,71,Entire rental unit,2,4,,
3300,5,Entire rental unit,3,4,,
3301,10,Entire rental unit,2,4,,
3302,11,Entire serviced apartment,1,2,,
3303,71,Private room in rental unit,,3,,
3304,5,Private room in rental unit,2,2,,
3305,71,Private room in rental unit,,2,,
3306,7,Entire rental unit,2,4,,
3307,4,Entire rental unit,1,2,,
3308,1,Private room in condo,,4,,
3309,6,Private room in hostel,1,2,,
3310,5,Private room in hostel,1,1,,
3311,6,Private room in hostel,1,3,,
3312,31,Private room in rental unit,,2,,
3313,1,Private room in rental unit,,2,,
3314,1,Private room in rental unit,,2,,
3315,6,Entire rental unit,3,6,,
3316,19,Private room in rental unit,,2,,
3317,64,Entire rental unit,3,4,,
3318,10,Private room in hostel,1,3,,
3319,10,Room in boutique hotel,1,2,,
3320,10,Room in boutique hotel,1,2,,
3321,10,Room in boutique hotel,1,3,,
3322,17,Private room in rental unit,3,4,,
3323,24,Private room in rental unit,,1,,
3324,31,Entire rental unit,2,4,,
3325,6,Entire rental unit,2,5,,
3326,18,Entire rental unit,3,4,,
3327,18,Entire rental unit,3,3,,
3328,16,Private room in rental unit,,2,,
3329,7,Entire rental unit,3,6,,
3330,2,Entire rental unit,3,8,,
3331,7,Entire rental unit,4,8,,
3332,10,Private room in rental unit,,2,,
3333,3,Entire rental unit,2,2,,
3334,26,Entire rental unit,2,4,,
3335,61,Private room in rental unit,,1,,
3336,64,Entire rental unit,2,4,,
3337,68,Entire rental unit,2,4,,
3338,6,Private room in rental unit,1,1,,
3339,22,Entire home,4,8,,
3340,72,Private room in rental unit,,1,,
3341,18,Entire rental unit,3,7,,
3342,26,Entire rental unit,2,5,,
3343,26,Entire rental unit,2,5,,
3344,8,Entire rental unit,,4,,
3345,26,Entire rental unit,2,5,,
3346,2,Entire rental unit,2,4,,
3347,26,Entire rental unit,2,5,,
3348,26,Entire rental unit,2,5,,
3349,18,Entire rental unit,2,5,,
3350,1,Entire rental unit,1,3,,
3351,11,Entire rental unit,,4,,
3352,1,Private room in rental unit,,2,,
3353,5,Entire rental unit,2,4,,
3354,7,Entire rental unit,2,4,,
3355,7,Entire rental unit,3,5,,
3356,6,Private room in rental unit,1,1,,
3357,1,Entire loft,1,4,,
3358,31,Entire rental unit,1,2,,
3359,67,Entire condo,2,4,,
3360,10,Private room in rental unit,1,2,,
3361,6,Private room in home,,3,,
3362,1,Entire loft,1,4,,
3363,9,Private room in rental unit,,2,,
3364,5,Private room in rental unit,,1,,
3365,31,Entire rental unit,4,6,,
3366,11,Entire rental unit,2,4,,
3367,17,Private room in rental unit,,1,,
3368,9,Private room in rental unit,,1,,
3369,15,Entire rental unit,2,4,,
3370,2,Entire serviced apartment,3,6,,
3371,66,Entire rental unit,2,4,,
3372,2,Private room in rental unit,,2,,
3373,22,Entire home,1,3,,
3374,5,Entire serviced apartment,2,4,,
3375,7,Entire serviced apartment,3,7,,
3376,9,Private room in rental unit,2,4,,
3377,17,Entire rental unit,3,6,,
3378,7,Entire loft,2,3,,
3379,11,Entire rental unit,2,7,,
3380,15,Entire rental unit,2,4,,
3381,9,Private room in rental unit,,1,,
3382,8,Private room in rental unit,2,2,,
3383,7,Private room in hostel,1,2,,
3384,7,Private room in bed and breakfast,,3,,
3385,15,Entire rental unit,2,4,,
3386,7,Entire serviced apartment,2,4,,
3387,6,Room in serviced apartment,1,3,,
3388,26,Shared room in loft,2,1,,
3389,8,Entire rental unit,4,11,,
3390,15,Entire rental unit,2,4,,
3391,15,Entire rental unit,2,4,,
3392,6,Room in boutique hotel,1,2,,
3393,6,Room in boutique hotel,1,2,,
3394,6,Room in boutique hotel,1,2,,
3395,7,Entire rental unit,2,4,,
3396,7,Entire rental unit,1,2,,
3397,7,Entire rental unit,3,5,,
3398,4,Entire rental unit,1,2,,
3399,10,Private room in rental unit,,1,,
3400,10,Private room in rental unit,,1,,
3401,10,Entire rental unit,1,2,,
3402,64,Entire rental unit,2,4,,
3403,9,Entire condo,2,3,,
3404,15,Entire rental unit,2,4,,
3405,7,Private room in loft,1,2,,
3406,35,Private room in rental unit,2,1,,
3407,8,Entire rental unit,4,5,,
3408,15,Entire rental unit,2,4,,
3409,38,Private room in home,,2,,
3410,7,Entire rental unit,2,3,,
3411,7,Entire serviced apartment,1,2,,
3412,11,Private room in rental unit,,2,,
3413,3,Entire rental unit,2,3,,
3414,7,Entire serviced apartment,2,4,,
3415,8,Entire serviced apartment,2,3,,
3416,22,Entire home,2,4,,
3417,7,Private room in rental unit,,3,,
3418,19,Entire serviced apartment,1,5,,
3419,7,Entire serviced apartment,2,4,,
3420,1,Entire rental unit,3,7,,
3421,14,Entire loft,1,1,,
3422,2,Private room in rental unit,,2,,
3423,1,Private room in rental unit,,2,,
3424,6,Entire rental unit,3,6,,
3425,2,Entire rental unit,1,4,,
3426,71,Private room in rental unit,2,2,,
3427,8,Private room in rental unit,,2,,
3428,2,Private room in rental unit,,1,,
3429,37,Entire rental unit,2,4,,
3430,27,Private room in rental unit,,1,,
3431,7,Entire rental unit,4,7,,
3432,68,Private room in home,,2,,
3433,6,Private room in rental unit,,2,,
3434,11,Private room in rental unit,,2,,
3435,7,Entire rental unit,3,6,,
3436,7,Entire rental unit,2,4,,
3437,7,Entire rental unit,3,6,,
3438,7,Entire rental unit,4,8,,
3439,7,Entire rental unit,3,6,,
3440,2,Entire rental unit,1,4,,
3441,2,Entire rental unit,2,6,,
3442,1,Entire rental unit,2,6,,
3443,1,Entire rental unit,1,4,,
3444,1,Entire rental unit,2,6,,
3445,9,Private room in rental unit,,2,,
3446,7,Private room in rental unit,,1,,
3447,17,Private room in rental unit,,1,,
3448,7,Private room in condo,,1,,
3449,7,Entire rental unit,3,6,,
3450,11,Entire rental unit,1,3,,
3451,1,Entire rental unit,1,4,,
3452,6,Entire rental unit,2,5,,
3453,67,Entire rental unit,3,7,,
3454,6,Entire rental unit,3,6,,
3455,15,Entire rental unit,3,5,,
3456,27,Entire rental unit,4,7,,
3457,8,Entire rental unit,1,4,,
3458,9,Private room in townhouse,,2,,
3459,9,Private room in townhouse,,2,,
3460,8,Private room in rental unit,,2,,
3461,7,Entire rental unit,1,3,,
3462,1,Private room in rental unit,,2,,
3463,68,Entire serviced apartment,1,2,,
3464,68,Entire serviced apartment,2,4,,
3465,25,Private room in rental unit,,3,,
3466,3,Private room in rental unit,1,2,,
3467,7,Entire rental unit,3,7,,
3468,6,Private room in rental unit,,4,,
3469,62,Private room in rental unit,,1,,
3470,31,Entire condo,2,4,,
3471,11,Private room in rental unit,,2,,
3472,7,Private room in rental unit,,1,,
3473,3,Boat,3,6,,
3474,72,Private room in condo,,2,,
3475,6,Entire rental unit,2,3,,
3476,9,Entire rental unit,3,5,,
3477,1,Entire rental unit,1,2,,
3478,60,Entire rental unit,4,5,,
3479,17,Entire rental unit,4,4,,
3480,6,Private room in rental unit,,1,,
3481,68,Entire serviced apartment,2,5,,
3482,4,Room in boutique hotel,1,1,,
3483,6,Entire serviced apartment,2,5,,
3484,68,Entire serviced apartment,2,3,,
3485,68,Entire serviced apartment,2,4,,
3486,7,Entire rental unit,2,6,,
3487,3,Private room in rental unit,,2,,
3488,69,Entire serviced apartment,1,3,,
3489,68,Entire serviced apartment,3,7,,
3490,68,Entire serviced apartment,2,5,,
3491,68,Entire serviced apartment,1,3,,
3492,31,Private room in rental unit,,1,,
3493,6,Entire rental unit,1,2,,
3494,6,Private room in rental unit,,1,,
3495,3,Entire rental unit,,2,,
3496,4,Entire rental unit,1,3,,
3497,4,Room in boutique hotel,1,2,,
3498,32,Entire rental unit,3,6,,
3499,6,Private room in rental unit,,1,,
3500,7,Entire rental unit,2,5,,
3501,60,Entire rental unit,2,4,,
3502,10,Entire rental unit,3,5,,
3503,9,Room in hotel,1,2,,
3504,64,Entire condo,2,3,,
3505,9,Entire rental unit,1,3,,
3506,18,Entire loft,1,2,,
3507,1,Entire loft,1,2,,
3508,11,Entire rental unit,3,6,,
3509,6,Entire rental unit,2,6,,
3510,4,Entire rental unit,2,4,,
3511,1,Private room in rental unit,,2,,
3512,27,Entire condo,1,4,,
3513,31,Entire rental unit,1,4,,
3514,1,Private room in rental unit,,2,,
3515,1,Private room in rental unit,,2,,
3516,2,Private room in rental unit,,1,,
3517,35,Entire loft,1,1,,
3518,6,Entire rental unit,2,4,,
3519,7,Entire rental unit,4,7,,
3520,7,Entire rental unit,3,5,,
3521,7,Entire rental unit,3,5,,
3522,8,Entire rental unit,3,6,,
3523,7,Entire rental unit,1,2,,
3524,8,Entire rental unit,3,5,,
3525,8,Entire rental unit,3,5,,
3526,7,Entire rental unit,3,6,,
3527,33,Private room in rental unit,,2,,
3528,1,Private room in rental unit,,1,,
3529,3,Entire rental unit,1,3,,
3530,11,Entire rental unit,2,3,,
3531,70,Entire rental unit,2,4,,
3532,18,Entire rental unit,2,4,,
3533,2,Entire rental unit,2,4,,
3534,4,Room in boutique hotel,1,2,,
3535,4,Room in boutique hotel,1,3,,
3536,4,Room in boutique hotel,3,2,,
3537,4,Room in boutique hotel,1,2,,
3538,4,Room in boutique hotel,1,2,,
3539,4,Room in boutique hotel,1,2,,
3540,4,Room in boutique hotel,1,2,,
3541,4,Room in boutique hotel,1,3,,
3542,4,Room in boutique hotel,1,2,,
3543,6,Entire rental unit,3,4,,
3544,73,Entire rental unit,3,4,,
3545,67,Entire rental unit,3,6,,
3546,4,Entire rental unit,2,4,,
3547,11,Private room in rental unit,,2,,
3548,7,Entire rental unit,1,3,,
3549,7,Entire rental unit,3,5,,
3550,7,Entire rental unit,3,5,,
3551,7,Entire rental unit,3,5,,
3552,4,Room in boutique hotel,1,4,,
3553,2,Entire rental unit,1,2,,
3554,7,Private room in rental unit,,1,,
3555,1,Entire rental unit,1,2,,
3556,9,Private room in rental unit,,2,,
3557,31,Entire rental unit,2,4,,
3558,4,Entire rental unit,2,3,,
3559,22,Private room in villa,1,2,,
3560,32,Entire rental unit,3,5,,
3561,4,Private room in rental unit,,1,,
3562,7,Entire rental unit,2,3,,
3563,69,Entire rental unit,3,6,,
3564,1,Entire rental unit,1,2,,
3565,4,Private room in rental unit,,2,,
3566,25,Private room in rental unit,,2,,
3567,7,Private room in rental unit,,1,,
3568,7,Private room in rental unit,,1,,
3569,11,Private room in rental unit,,2,,
3570,11,Entire rental unit,2,4,,
3571,32,Room in boutique hotel,1,2,,
3572,32,Room in boutique hotel,1,2,,
3573,7,Entire rental unit,4,5,,
3574,4,Entire rental unit,1,2,,
3575,2,Private room in rental unit,,2,,
3576,7,Entire rental unit,3,3,,
3577,6,Entire rental unit,2,4,,
3578,7,Entire rental unit,4,8,,
3579,7,Entire rental unit,3,8,,
3580,64,Entire rental unit,1,3,,
3581,8,Entire rental unit,3,6,,
3582,66,Entire rental unit,2,4,,
3583,11,Entire rental unit,2,4,,
3584,7,Room in boutique hotel,1,2,,
3585,7,Room in boutique hotel,1,2,,
3586,7,Room in boutique hotel,1,2,,
3587,7,Room in boutique hotel,1,2,,
3588,7,Room in boutique hotel,1,2,,
3589,7,Room in boutique hotel,1,2,,
3590,7,Entire rental unit,2,4,,
3591,44,Entire rental unit,1,5,,
3592,1,Private room in rental unit,,2,,
3593,65,Entire rental unit,3,6,,
3594,8,Entire rental unit,5,8,,
3595,6,Entire rental unit,3,5,,
3596,1,Private room in rental unit,,2,,
3597,8,Entire rental unit,3,5,,
3598,32,Entire rental unit,2,4,,
3599,66,Entire rental unit,2,4,,
3600,7,Entire rental unit,,2,,
3601,7,Entire condo,4,6,,
3602,10,Private room in hostel,6,16,,
3603,8,Entire condo,1,2,,
3604,73,Private room in rental unit,2,1,,
3605,27,Private room in rental unit,,1,,
3606,5,Entire rental unit,4,7,,
3607,7,Entire serviced apartment,1,2,,
3608,1,Entire loft,2,4,,
3609,27,Entire rental unit,2,3,,
3610,4,Entire rental unit,3,5,,
3611,4,Entire rental unit,4,6,,
3612,1,Private room in rental unit,,1,,
3613,9,Entire rental unit,4,5,,
3614,8,Entire rental unit,4,6,,
3615,6,Entire rental unit,4,8,,
3616,41,Entire rental unit,3,4,,
3617,9,Entire rental unit,2,4,,
3618,3,Entire rental unit,1,3,,
3619,31,Entire rental unit,1,2,,
3620,72,Private room in home,,2,,
3621,2,Entire rental unit,2,6,,
3622,6,Entire rental unit,2,5,,
3623,65,Private room in rental unit,,1,,
3624,4,Entire rental unit,4,6,,
3625,63,Entire rental unit,2,3,,
3626,4,Entire rental unit,3,4,,
3627,6,Entire rental unit,2,5,,
3628,25,Entire rental unit,1,2,,
3629,7,Entire rental unit,2,5,,
3630,26,Private room in casa particular,,1,,
3631,4,Private room in rental unit,,2,,
3632,68,Entire condo,3,4,,
3633,2,Entire rental unit,1,2,,
3634,67,Entire condo,2,3,,
3635,44,Entire rental unit,2,4,,
3636,28,Private room in rental unit,2,4,,
3637,26,Private room in rental unit,,2,,
3638,8,Private room in rental unit,,2,,
3639,1,Entire rental unit,1,2,,
3640,3,Entire rental unit,1,2,,
3641,69,Entire rental unit,3,6,,
3642,69,Entire rental unit,2,4,,
3643,33,Private room in rental unit,,1,,
3644,6,Entire serviced apartment,2,5,,
3645,1,Entire rental unit,1,2,,
3646,2,Entire loft,1,2,,
3647,6,Entire rental unit,8,16,,
3648,8,Entire rental unit,2,4,,
3649,3,Entire rental unit,2,5,,
3650,3,Entire rental unit,3,6,,
3651,2,Entire rental unit,3,6,,
3652,2,Private room in rental unit,2,2,,
3653,3,Entire rental unit,1,2,,
3654,64,Private room in rental unit,,2,,
3655,30,Entire chalet,4,8,,
3656,28,Entire rental unit,3,6,,
3657,3,Entire rental unit,1,2,,
3658,31,Entire rental unit,2,5,,
3659,62,Private room in rental unit,,1,,
3660,16,Entire rental unit,1,2,,
3661,61,Private room in rental unit,,2,,
3662,7,Entire rental unit,2,5,,
3663,15,Private room in rental unit,,1,,
3664,1,Entire rental unit,2,3,,
3665,16,Entire rental unit,2,2,,
3666,8,Private room in rental unit,,1,,
3667,32,Entire rental unit,2,3,,
3668,1,Entire rental unit,1,2,,
3669,31,Private room in rental unit,1,1,,
3670,67,Entire serviced apartment,2,5,,
3671,6,Entire serviced apartment,2,2,,
3672,6,Entire serviced apartment,2,5,,
3673,6,Entire serviced apartment,1,3,,
3674,32,Entire serviced apartment,2,5,,
3675,8,Entire rental unit,2,3,,
3676,4,Entire condo,1,2,,
3677,7,Entire rental unit,3,8,,
3678,4,Entire rental unit,,2,,
3679,35,Entire rental unit,4,8,,
3680,2,Entire rental unit,2,4,,
3681,18,Entire rental unit,1,2,,
3682,7,Entire rental unit,4,10,,
3683,4,Entire rental unit,2,4,,
3684,4,Entire rental unit,3,5,,
3685,11,Private room in rental unit,,2,,
3686,3,Entire rental unit,2,4,,
3687,1,Entire rental unit,1,2,,
3688,4,Entire rental unit,1,2,,
3689,33,Private room in rental unit,3,2,,
3690,2,Entire rental unit,1,2,,
3691,19,Entire rental unit,3,5,,
3692,32,Entire rental unit,4,10,,
3693,18,Private room in rental unit,1,2,,
3694,35,Entire rental unit,2,6,,
3695,1,Entire rental unit,3,6,,
3696,7,Entire rental unit,3,10,,
3697,1,Entire rental unit,3,6,,
3698,1,Entire rental unit,3,6,,
3699,1,Entire rental unit,3,6,,
3700,31,Private room in rental unit,,1,,
3701,1,Entire rental unit,3,3,,
3702,11,Private room in rental unit,,1,,
3703,28,Private room in home,,2,,
3704,28,Private room in home,,2,,
3705,29,Private room in home,,1,,
3706,29,Private room in home,,2,,
3707,29,Private room in home,,2,,
3708,10,Private room in rental unit,,2,,
3709,50,Private room in home,,2,,
3710,64,Entire rental unit,2,3,,
3711,4,Entire rental unit,1,4,,
3712,18,Room in hotel,1,2,,
3713,7,Entire rental unit,1,2,,
3714,66,Entire rental unit,2,4,,
3715,9,Entire rental unit,3,5,,
3716,9,Entire rental unit,5,6,,
3717,66,Entire rental unit,2,4,,
3718,2,Entire rental unit,2,4,,
3719,2,Entire rental unit,2,4,,
3720,2,Entire rental unit,2,4,,
3721,2,Entire rental unit,2,4,,
3722,2,Entire rental unit,2,4,,
3723,18,Entire rental unit,3,7,,
3724,2,Entire rental unit,2,4,,
3725,2,Entire rental unit,2,4,,
3726,2,Entire rental unit,2,4,,
3727,2,Entire rental unit,2,4,,
3728,2,Entire rental unit,2,2,,
3729,2,Entire rental unit,2,4,,
3730,35,Entire rental unit,1,2,,
3731,68,Entire rental unit,2,5,,
3732,69,Entire rental unit,2,5,,
3733,60,Entire rental unit,3,6,,
3734,6,Entire loft,1,4,,
3735,31,Entire rental unit,1,4,,
3736,33,Entire rental unit,2,3,,
3737,31,Entire rental unit,2,4,,
3738,31,Entire rental unit,3,6,,
3739,66,Entire rental unit,1,2,,
3740,31,Private room in rental unit,,1,,
3741,67,Private room in rental unit,,1,,
3742,66,Private room in rental unit,,1,,
3743,66,Private room in rental unit,,1,,
3744,27,Private room in rental unit,,1,,
3745,9,Private room in rental unit,,1,,
3746,3,Entire rental unit,1,3,,
3747,3,Entire rental unit,1,3,,
3748,4,Entire rental unit,1,3,,
3749,3,Entire rental unit,1,3,,
3750,4,Entire rental unit,1,3,,
3751,4,Entire rental unit,1,2,,
3752,7,Entire serviced apartment,1,2,,
3753,68,Entire loft,1,2,,
3754,31,Private room in rental unit,1,1,,
3755,3,Entire rental unit,1,3,,
3756,27,Private room in rental unit,,1,,
3757,3,Entire rental unit,1,3,,
3758,27,Private room in rental unit,,1,,
3759,27,Private room in rental unit,,1,,
3760,7,Private room in rental unit,1,1,,
3761,7,Private room in rental unit,,1,,
3762,7,Private room in rental unit,,1,,
3763,8,Entire rental unit,1,4,,
3764,4,Private room in rental unit,1,1,,
3765,7,Private room in rental unit,,1,,
3766,7,Private room in rental unit,,1,,
3767,7,Private room in rental unit,,1,,
3768,7,Private room in rental unit,,2,,
3769,31,Private room in rental unit,,2,,
3770,7,Private room in rental unit,,2,,
3771,7,Room in boutique hotel,1,2,,
3772,64,Entire rental unit,4,5,,
3773,3,Entire rental unit,2,4,,
3774,32,Private room in rental unit,,1,,
3775,2,Private room in rental unit,,2,,
3776,6,Entire loft,1,2,,
3777,31,Entire rental unit,1,2,,
3778,1,Private room in home,,1,,
3779,1,Private room in home,,1,,
3780,17,Entire rental unit,2,2,,
3781,11,Entire rental unit,2,3,,
3782,31,Entire rental unit,1,2,,
3783,7,Entire serviced apartment,1,2,,
3784,37,Entire rental unit,1,4,,
3785,3,Entire rental unit,1,2,,
3786,5,Entire rental unit,3,6,,
3787,62,Entire rental unit,2,3,,
3788,10,Entire rental unit,3,5,,
3789,8,Entire rental unit,2,4,,
3790,33,Private room in rental unit,,1,,
3791,7,Entire rental unit,2,4,,
3792,28,Entire rental unit,1,3,,
3793,32,Entire rental unit,1,2,,
3794,69,Entire serviced apartment,2,5,,
3795,32,Room in serviced apartment,2,4,,
3796,13,Entire rental unit,1,2,,
3797,6,Private room in rental unit,,1,,
3798,7,Private room in hostel,1,2,,
3799,5,Entire rental unit,3,5,,
3800,69,Entire rental unit,3,6,,
3801,9,Entire rental unit,2,4,,
3802,14,Entire rental unit,2,3,,
3803,6,Entire rental unit,2,4,,
3804,9,Entire rental unit,5,9,,
3805,6,Entire rental unit,3,6,,
3806,6,Entire rental unit,3,6,,
3807,1,Private room in rental unit,,2,,
3808,3,Entire rental unit,1,2,,
3809,2,Boat,4,7,,
3810,8,Entire loft,1,2,,
3811,3,Private room in rental unit,1,2,,
3812,68,Entire rental unit,2,4,,
3813,67,Entire rental unit,3,7,,
3814,4,Entire rental unit,1,4,,
3815,2,Entire loft,1,2,,
3816,31,Entire rental unit,1,3,,
3817,7,Entire rental unit,2,4,,
3818,1,Private room in rental unit,,2,,
3819,4,Entire rental unit,2,4,,
3820,2,Entire rental unit,3,8,,
3821,31,Entire rental unit,2,4,,
3822,7,Entire rental unit,5,8,,
3823,7,Entire rental unit,6,10,,
3824,6,Entire rental unit,4,5,,
3825,2,Private room in rental unit,,2,,
3826,68,Entire rental unit,3,5,,
3827,3,Entire rental unit,1,2,,
3828,7,Private room in hostel,1,1,,
3829,7,Private room in hostel,1,2,,
3830,69,Entire rental unit,1,2,,
3831,7,Entire serviced apartment,2,5,,
3832,14,Entire rental unit,3,5,,
3833,10,Private room in rental unit,2,2,,
3834,9,Entire rental unit,1,4,,
3835,11,Entire rental unit,,1,,
3836,32,Entire rental unit,1,4,,
3837,18,Entire rental unit,2,3,,
3838,8,Private room in rental unit,,1,,
3839,8,Entire rental unit,2,4,,
3840,2,Entire rental unit,1,3,,
3841,2,Private room in rental unit,,2,,
3842,7,Entire rental unit,1,3,,
3843,24,Entire rental unit,2,4,,
3844,15,Entire rental unit,2,4,,
3845,4,Private room in bed and breakfast,,2,,
3846,18,Private room in rental unit,,1,,
3847,1,Entire rental unit,2,4,,
3848,8,Entire rental unit,2,4,,
3849,31,Private room in rental unit,,1,,
3850,7,Room in boutique hotel,1,2,,
3851,31,Private room in rental unit,,1,,
3852,31,Private room in rental unit,,2,,
3853,31,Private room in rental unit,,2,,
3854,27,Private room in rental unit,,1,,
3855,7,Private room in hostel,1,2,,
3856,7,Private room in hostel,1,2,,
3857,21,Entire rental unit,4,5,,
3858,6,Entire rental unit,2,6,,
3859,7,Private room in rental unit,1,3,,
3860,8,Entire rental unit,1,2,,
3861,8,Entire rental unit,1,2,,
3862,6,Entire rental unit,2,3,,
3863,32,Room in serviced apartment,2,4,,
3864,6,Room in serviced apartment,2,3,,
3865,32,Room in serviced apartment,2,3,,
3866,32,Room in serviced apartment,2,4,,
3867,32,Entire rental unit,2,3,,
3868,32,Room in serviced apartment,2,4,,
3869,6,Room in serviced apartment,2,3,,
3870,32,Room in serviced apartment,2,3,,
3871,4,Entire rental unit,1,2,,
3872,4,Entire rental unit,1,2,,
3873,1,Entire loft,1,4,,
3874,8,Private room in condo,,1,,
3875,27,Entire rental unit,1,3,,
3876,5,Entire rental unit,1,2,,
3877,63,Entire rental unit,2,4,,
3878,4,Entire rental unit,1,3,,
3879,66,Entire rental unit,4,8,,
3880,7,Entire rental unit,2,3,,
3881,68,Entire rental unit,2,6,,
3882,7,Private room in hostel,1,3,,
3883,7,Entire rental unit,2,3,,
3884,7,Room in hotel,2,4,,
3885,1,Private room in rental unit,1,2,,
3886,31,Room in hotel,1,2,,
3887,31,Room in hotel,1,2,,
3888,1,Private room in rental unit,,2,,
3889,31,Entire rental unit,2,3,,
3890,31,Entire rental unit,2,3,,
3891,4,Entire rental unit,2,5,,
3892,1,Private room in rental unit,,2,,
3893,7,Room in serviced apartment,3,6,,
3894,7,Entire rental unit,3,6,,
3895,7,Entire serviced apartment,2,4,,
3896,3,Entire rental unit,1,2,,
3897,7,Entire rental unit,2,4,,
3898,68,Private room in bed and breakfast,2,2,,
3899,68,Entire rental unit,1,4,,
3900,7,Entire rental unit,6,15,,
3901,14,Room in serviced apartment,1,3,,
3902,14,Room in serviced apartment,1,2,,
3903,7,Entire rental unit,3,11,,
3904,7,Entire rental unit,6,14,,
3905,7,Entire rental unit,6,12,,
3906,6,Entire rental unit,4,6,,
3907,6,Entire rental unit,3,4,,
3908,10,Private room in rental unit,,2,,
3909,7,Entire rental unit,6,15,,
3910,7,Entire rental unit,3,8,,
3911,7,Entire rental unit,4,8,,
3912,60,Private room in rental unit,,1,,
3913,5,Entire rental unit,4,6,,
3914,8,Entire rental unit,2,4,,
3915,1,Entire loft,1,4,,
3916,1,Private room in rental unit,,2,,
3917,27,Entire rental unit,3,6,,
3918,63,Private room in rental unit,,2,,
3919,25,Private room in rental unit,,1,,
3920,68,Entire rental unit,3,6,,
3921,6,Private room in rental unit,,2,,
3922,7,Room in boutique hotel,1,2,,
3923,7,Room in boutique hotel,1,3,,
3924,7,Room in boutique hotel,1,4,,
3925,7,Room in boutique hotel,1,3,,
3926,17,Entire rental unit,3,6,,
3927,10,Entire rental unit,3,4,,
3928,11,Entire rental unit,1,2,,
3929,2,Entire rental unit,1,2,,
3930,44,Private room in rental unit,,2,,
3931,2,Private room in rental unit,,2,,
3932,68,Entire rental unit,3,4,,
3933,8,Entire rental unit,4,8,,
3934,2,Private room in rental unit,,1,,
3935,13,Private room in rental unit,,2,,
3936,17,Entire rental unit,2,4,,
3937,6,Private room in rental unit,,2,,
3938,9,Entire rental unit,2,4,,
3939,18,Entire rental unit,2,4,,
3940,15,Private room in rental unit,,2,,
3941,8,Entire rental unit,4,8,,
3942,8,Entire rental unit,4,8,,
3943,31,Entire rental unit,1,2,,
3944,60,Entire rental unit,3,4,,
3945,7,Entire rental unit,3,5,,
3946,18,Private room in condo,,1,,
3947,10,Entire rental unit,3,5,,
3948,8,Private room in rental unit,,2,,
3949,2,Entire rental unit,2,4,,
3950,3,Entire rental unit,2,3,,
3951,1,Entire rental unit,,2,,
3952,8,Entire rental unit,2,4,,
3953,68,Entire rental unit,2,4,,
3954,20,Private room in rental unit,,1,,
3955,64,Private room in serviced apartment,,1,,
3956,10,Entire rental unit,3,6,,
3957,7,Entire rental unit,1,4,,
3958,8,Entire rental unit,1,2,,
3959,64,Entire rental unit,3,4,,
3960,7,Entire serviced apartment,5,10,,
3961,4,Entire home,5,11,,
3962,31,Entire rental unit,2,4,,
3963,7,Entire rental unit,3,6,,
3964,31,Private room in rental unit,,1,,
3965,31,Private room in rental unit,,1,,
3966,31,Private room in rental unit,,2,,
3967,31,Private room in rental unit,,2,,
3968,31,Private room in rental unit,,1,,
3969,8,Entire rental unit,2,4,,
3970,2,Entire rental unit,,2,,
3971,52,Entire rental unit,3,4,,
3972,8,Entire rental unit,2,4,,
3973,8,Entire rental unit,2,4,,
3974,8,Entire rental unit,2,4,,
3975,2,Entire rental unit,3,4,,
3976,7,Entire rental unit,2,4,,
3977,8,Entire rental unit,2,4,,
3978,16,Private room in rental unit,,2,,
3979,65,Private room in rental unit,1,2,,
3980,7,Entire rental unit,5,10,,
3981,8,Entire rental unit,2,4,,
3982,14,Private room in rental unit,,3,,
3983,69,Entire rental unit,2,3,,
3984,33,Private room in rental unit,,2,,
3985,64,Entire rental unit,2,4,,
3986,64,Entire rental unit,2,4,,
3987,6,Entire rental unit,2,4,,
3988,31,Entire serviced apartment,1,3,,
3989,31,Entire serviced apartment,2,4,,
3990,31,Entire serviced apartment,2,5,,
3991,31,Entire serviced apartment,2,4,,
3992,9,Shared room in hostel,1,1,,
3993,9,Shared room in hostel,1,1,,
3994,2,Private room in rental unit,,2,,
3995,19,Shared room in hostel,1,1,,
3996,9,Shared room in hostel,1,1,,
3997,31,Entire rental unit,3,5,,
3998,32,Private room in rental unit,,1,,
3999,31,Entire rental unit,2,5,,
4000,31,Casa particular,2,4,,
4001,2,Entire rental unit,7,8,,
4002,31,Entire rental unit,2,4,,
4003,7,Entire rental unit,2,4,,
4004,7,Private room in rental unit,,2,,
4005,7,Entire rental unit,2,4,,
4006,22,Entire home,10,10,,
4007,7,Entire rental unit,2,5,,
4008,26,Entire serviced apartment,2,5,,
4009,31,Entire serviced apartment,2,6,,
4010,4,Entire serviced apartment,4,7,,
4011,6,Entire serviced apartment,2,4,,
4012,6,Entire serviced apartment,2,4,,
4013,6,Entire rental unit,2,4,,
4014,7,Entire rental unit,3,4,,
4015,7,Entire serviced apartment,2,6,,
4016,7,Entire serviced apartment,6,12,,
4017,7,Entire serviced apartment,2,6,,
4018,6,Entire serviced apartment,2,6,,
4019,6,Entire serviced apartment,2,4,,
4020,4,Entire serviced apartment,2,4,,
4021,4,Entire serviced apartment,4,7,,
4022,2,Entire serviced apartment,3,7,,
4023,2,Entire serviced apartment,3,7,,
4024,2,Entire serviced apartment,3,7,,
4025,2,Entire serviced apartment,3,7,,
4026,7,Entire rental unit,2,4,,
4027,7,Entire rental unit,2,4,,
4028,7,Entire rental unit,2,4,,
4029,7,Entire rental unit,1,2,,
4030,10,Entire serviced apartment,5,10,,
4031,7,Entire serviced apartment,3,8,,
4032,7,Entire serviced apartment,1,2,,
4033,31,Entire rental unit,1,2,,
4034,10,Private room in rental unit,2,2,,
4035,6,Private room in rental unit,1,2,,
4036,10,Entire rental unit,2,4,,
4037,8,Entire rental unit,4,8,,
4038,10,Entire rental unit,3,6,,
4039,72,Private room in rental unit,,1,,
4040,7,Entire rental unit,4,5,,
4041,64,Private room in rental unit,,2,,
4042,2,Private room in rental unit,,2,,
4043,1,Entire serviced apartment,4,10,,
4044,8,Private room in rental unit,1,1,,
4045,7,Entire serviced apartment,3,6,,
4046,10,Entire rental unit,2,4,,
4047,10,Entire rental unit,2,4,,
4048,5,Entire rental unit,4,9,,
4049,1,Private room in rental unit,,2,,
4050,11,Entire loft,,2,,
4051,2,Entire serviced apartment,1,3,,
4052,67,Entire serviced apartment,4,8,,
4053,3,Entire rental unit,1,2,,
4054,35,Private room in rental unit,,1,,
4055,9,Entire serviced apartment,3,5,,
4056,11,Entire rental unit,3,4,,
4057,31,Entire rental unit,2,6,,
4058,2,Entire rental unit,12,16,,
4059,10,Entire rental unit,1,4,,
4060,10,Entire rental unit,3,6,,
4061,4,Private room in rental unit,,4,,
4062,6,Private room in rental unit,,2,,
4063,4,Private room in rental unit,,2,,
4064,6,Entire rental unit,2,2,,
4065,2,Entire serviced apartment,3,5,,
4066,68,Entire vacation home,3,6,,
4067,20,Private room in condo,1,2,,
4068,60,Entire rental unit,3,6,,
4069,5,Entire rental unit,4,8,,
4070,11,Entire rental unit,8,16,,
4071,7,Entire rental unit,3,6,,
4072,7,Entire rental unit,3,8,,
4073,7,Entire rental unit,3,6,,
4074,5,Entire rental unit,2,6,,
4075,7,Entire rental unit,3,4,,
4076,10,Private room in rental unit,,1,,
4077,1,Private room in rental unit,,2,,
4078,1,Entire rental unit,2,3,,
4079,34,Entire townhouse,1,5,,
4080,1,Entire rental unit,2,3,,
4081,11,Entire rental unit,3,6,,
4082,11,Entire rental unit,2,3,,
4083,11,Entire rental unit,2,4,,
4084,10,Private room in rental unit,,2,,
4085,2,Private room in rental unit,,2,,
4086,6,Entire rental unit,3,5,,
4087,4,Entire rental unit,3,6,,
4088,68,Entire home,3,6,,
4089,69,Entire condo,3,6,,
4090,1,Entire rental unit,2,4,,
4091,1,Entire serviced apartment,3,6,,
4092,1,Entire serviced apartment,3,6,,
4093,1,Entire serviced apartment,3,6,,
4094,68,Entire rental unit,2,5,,
4095,5,Entire rental unit,3,4,,
4096,31,Entire rental unit,1,3,,
4097,31,Entire rental unit,2,4,,
4098,26,Entire rental unit,1,4,,
4099,30,Entire rental unit,3,5,,
4100,70,Private room in rental unit,2,2,,
4101,3,Entire rental unit,1,2,,
4102,11,Entire rental unit,2,5,,
4103,7,Entire rental unit,4,10,,
4104,44,Private room in rental unit,,2,,
4105,11,Entire loft,3,7,,
4106,9,Private room in rental unit,,2,,
4107,4,Entire rental unit,2,4,,
4108,7,Shared room in hostel,1,1,,
4109,2,Entire rental unit,3,6,,
4110,8,Private room in rental unit,,2,,
4111,18,Private room in rental unit,,1,,
4112,10,Private room in condo,,1,,
4113,4,Entire rental unit,2,3,,
4114,1,Entire rental unit,1,2,,
4115,7,Shared room in hostel,1,1,,
4116,9,Entire rental unit,3,7,,
4117,46,Private room in rental unit,,1,,
4118,24,Private room in rental unit,,2,,
4119,68,Entire rental unit,1,3,,
4120,68,Entire rental unit,1,3,,
4121,64,Entire rental unit,2,6,,
4122,68,Entire rental unit,2,5,,
4123,2,Private room in rental unit,2,4,,
4124,68,Entire rental unit,2,5,,
4125,68,Entire rental unit,3,7,,
4126,2,Entire rental unit,4,8,,
4127,68,Entire rental unit,1,3,,
4128,68,Entire rental unit,1,3,,
4129,1,Private room in rental unit,,1,,
4130,66,Room in aparthotel,1,4,,
4131,8,Private room in rental unit,,2,,
4132,46,Private room in rental unit,,1,,
4133,4,Private room in rental unit,,2,,
4134,14,Private room in rental unit,,2,,
4135,31,Room in aparthotel,1,4,,
4136,70,Entire serviced apartment,3,5,,
4137,2,Entire rental unit,3,6,,
4138,7,Entire serviced apartment,2,4,,
4139,1,Entire rental unit,1,2,,
4140,7,Entire rental unit,2,4,,
4141,7,Entire serviced apartment,2,4,,
4142,4,Entire rental unit,2,4,,
4143,7,Entire serviced apartment,2,4,,
4144,7,Entire serviced apartment,2,3,,
4145,2,Entire rental unit,5,9,,
4146,9,Private room in hostel,1,6,,
4147,9,Room in hostel,1,6,,
4148,9,Private room in hostel,1,4,,
4149,9,Private room in hostel,1,4,,
4150,9,Room in hostel,1,2,,
4151,7,Entire serviced apartment,1,2,,
4152,9,Room in hostel,1,2,,
4153,32,Entire serviced apartment,2,6,,
4154,46,Private room in rental unit,,1,,
4155,5,Private room in rental unit,,2,,
4156,7,Entire serviced apartment,1,2,,
4157,10,Room in boutique hotel,1,4,,
4158,35,Private room in rental unit,1,1,,
4159,1,Private room in rental unit,,2,,
4160,9,Entire rental unit,2,4,,
4161,6,Private room in rental unit,,2,,
4162,4,Entire rental unit,2,3,,
4163,7,Entire rental unit,2,5,,
4164,31,Entire serviced apartment,2,4,,
4165,31,Entire serviced apartment,2,4,,
4166,1,Private room in rental unit,,1,,
4167,1,Private room in dome,,1,,
4168,1,Private room in dome,,1,,
4169,31,Entire serviced apartment,3,5,,
4170,10,Room in boutique hotel,,2,,
4171,31,Entire condo,1,3,,
4172,72,Entire rental unit,3,5,,
4173,65,Entire condo,4,6,,
4174,2,Private room in rental unit,1,4,,
4175,32,Private room in rental unit,,2,,
4176,31,Entire rental unit,4,13,,
4177,26,Entire rental unit,1,4,,
4178,11,Entire rental unit,3,5,,
4179,11,Entire rental unit,3,6,,
4180,11,Entire rental unit,3,6,,
4181,31,Entire rental unit,1,3,,
4182,11,Entire rental unit,3,6,,
4183,10,Room in boutique hotel,,4,,
4184,10,Room in boutique hotel,,2,,
4185,10,Room in boutique hotel,,2,,
4186,10,Room in boutique hotel,,3,,
4187,1,Entire rental unit,2,3,,
4188,10,Room in boutique hotel,,3,,
4189,10,Room in boutique hotel,1,2,,
4190,11,Private room in rental unit,,4,,
4191,64,Private room in rental unit,,1,,
4192,68,Entire rental unit,2,4,,
4193,1,Entire rental unit,3,5,,
4194,7,Entire rental unit,3,5,,
4195,1,Entire rental unit,2,3,,
4196,1,Entire rental unit,2,3,,
4197,8,Private room in rental unit,,1,,
4198,37,Entire rental unit,1,3,,
4199,5,Entire rental unit,2,4,,
4200,31,Entire rental unit,1,2,,
4201,9,Private room in rental unit,1,1,,
4202,31,Entire rental unit,2,4,,
4203,65,Entire loft,1,2,,
4204,3,Private room in loft,1,2,,
4205,11,Entire rental unit,1,2,,
4206,2,Private room in rental unit,1,3,,
4207,2,Entire rental unit,3,6,,
4208,4,Entire rental unit,3,5,,
4209,31,Room in hotel,1,2,,
4210,31,Room in hotel,1,2,,
4211,7,Room in hotel,2,2,,
4212,31,Private room in hostel,1,4,,
4213,31,Private room in hostel,1,6,,
4214,31,Shared room in hostel,,1,,
4215,9,Entire rental unit,1,2,,
4216,1,Entire rental unit,1,2,,
4217,7,Entire rental unit,3,7,,
4218,30,Entire condo,2,3,,
4219,19,Entire rental unit,1,4,,
4220,31,Private room in rental unit,,1,,
4221,31,Private room in rental unit,,2,,
4222,3,Entire rental unit,1,2,,
4223,19,Entire condo,2,4,,
4224,31,Private room in rental unit,,2,,
4225,31,Private room in rental unit,,1,,
4226,31,Private room in rental unit,,1,,
4227,31,Private room in rental unit,,1,,
4228,31,Private room in rental unit,,2,,
4229,31,Private room in rental unit,,2,,
4230,31,Private room in rental unit,,1,,
4231,2,Entire rental unit,1,2,,
4232,2,Entire rental unit,3,5,,
4233,9,Private room in rental unit,,2,,
4234,31,Entire rental unit,2,4,,
4235,10,Private room in rental unit,1,1,,
4236,11,Entire rental unit,2,4,,
4237,32,Entire rental unit,1,2,,
4238,3,Private room in rental unit,,1,,
4239,32,Private room in rental unit,,1,,
4240,44,Private room in rental unit,1,1,,
4241,32,Room in aparthotel,3,7,,
4242,32,Room in aparthotel,1,2,,
4243,4,Entire rental unit,1,3,,
4244,7,Entire serviced apartment,2,3,,
4245,4,Entire loft,,2,,
4246,4,Entire rental unit,3,5,,
4247,60,Private room in rental unit,,1,,
4248,7,Entire condo,4,10,,
4249,60,Private room in rental unit,,2,,
4250,1,Room in boutique hotel,1,2,,
4251,1,Room in boutique hotel,1,3,,
4252,1,Room in boutique hotel,1,3,,
4253,1,Room in boutique hotel,1,3,,
4254,1,Entire serviced apartment,1,3,,
4255,1,Entire serviced apartment,1,5,,
4256,15,Private room in bed and breakfast,,1,,
4257,2,Entire rental unit,3,8,,
4258,31,Entire rental unit,2,4,,
4259,19,Entire rental unit,2,4,,
4260,19,Entire rental unit,1,4,,
4261,15,Private room in rental unit,,1,,
4262,31,Private room in rental unit,,2,,
4263,66,Room in boutique hotel,1,2,,
4264,66,Room in boutique hotel,1,3,,
4265,66,Room in boutique hotel,1,4,,
4266,46,Private room in rental unit,,1,,
4267,64,Private room in rental unit,,2,,
4268,70,Entire rental unit,3,4,,
4269,31,Private room in rental unit,,2,,
4270,2,Entire rental unit,,2,,
4271,2,Entire rental unit,,2,,
4272,2,Entire rental unit,,2,,
4273,8,Entire rental unit,1,4,,
4274,32,Entire rental unit,2,6,,
4275,2,Private room in condo,,1,,
4276,1,Entire rental unit,2,4,,
4277,64,Private room in rental unit,,2,,
4278,71,Private room in rental unit,3,1,,
4279,7,Private room in rental unit,,2,,
4280,1,Private room in rental unit,2,4,,
4281,10,Entire rental unit,1,3,,
4282,10,Entire rental unit,1,3,,
4283,15,Entire rental unit,3,7,,
4284,64,Entire rental unit,2,4,,
4285,2,Entire rental unit,2,5,,
4286,15,Private room in rental unit,,2,,
4287,70,Private room in rental unit,,1,,
4288,7,Private room in rental unit,,2,,
4289,7,Private room in condo,,1,,
4290,1,Private room in rental unit,,1,,
4291,11,Entire rental unit,4,5,,
4292,2,Entire rental unit,1,2,,
4293,2,Entire rental unit,,2,,
4294,4,Entire rental unit,,2,,
4295,10,Entire rental unit,,2,,
4296,31,Entire serviced apartment,1,4,,
4297,3,Private room in rental unit,,3,,
4298,51,Entire rental unit,3,6,,
4299,4,Private room in condo,,2,,
4300,6,Entire rental unit,1,2,,
4301,11,Entire rental unit,2,4,,
4302,28,Private room in rental unit,,1,,
4303,70,Private room in rental unit,,2,,
4304,70,Private room in rental unit,0,1,,
4305,1,Entire serviced apartment,3,6,,
4306,1,Entire rental unit,1,2,,
4307,68,Entire rental unit,,2,,
4308,31,Private room in home,,1,,
4309,35,Private room in rental unit,,1,,
4310,68,Entire loft,2,4,,
4311,4,Entire rental unit,1,2,,
4312,71,Entire rental unit,4,8,,
4313,9,Entire loft,,2,,
4314,7,Entire rental unit,3,6,,
4315,19,Entire rental unit,3,6,,
4316,19,Entire rental unit,2,4,,
4317,19,Entire rental unit,3,6,,
4318,19,Entire rental unit,1,4,,
4319,7,Entire rental unit,1,3,,
4320,7,Entire rental unit,1,2,,
4321,4,Private room in rental unit,,2,,
4322,8,Entire rental unit,3,2,,
4323,4,Entire rental unit,1,1,,
4324,2,Dome,1,1,,
4325,4,Private room in rental unit,,2,,
4326,31,Entire loft,1,2,,
4327,31,Private room in rental unit,,1,,
4328,4,Entire rental unit,1,2,,
4329,8,Entire rental unit,2,4,,
4330,45,Entire rental unit,2,3,,
4331,4,Private room in condo,1,2,,
4332,1,Private room in rental unit,,2,,
4333,8,Entire rental unit,4,6,,
4334,68,Private room in rental unit,,2,,
4335,1,Entire condo,2,4,,
4336,66,Private room in guest suite,,1,,
4337,1,Entire rental unit,3,4,,
4338,8,Entire rental unit,1,3,,
4339,8,Entire rental unit,1,3,,
4340,2,Entire rental unit,1,3,,
4341,2,Entire rental unit,1,2,,
4342,2,Entire rental unit,1,3,,
4343,2,Entire rental unit,1,2,,
4344,2,Entire serviced apartment,1,3,,
4345,2,Entire rental unit,2,4,,
4346,3,Entire rental unit,2,3,,
4347,8,Entire rental unit,1,2,,
4348,8,Entire rental unit,3,5,,
4349,7,Entire rental unit,1,2,,
4350,22,Entire home,3,8,,
4351,26,Private room in rental unit,,1,,
4352,70,Private room in rental unit,,2,,
4353,6,Private room in rental unit,,2,,
4354,10,Entire rental unit,4,5,,
4355,68,Entire rental unit,2,5,,
4356,7,Private room in hostel,1,2,,
4357,7,Private room in hostel,,2,,
4358,31,Private room in hostel,1,2,,
4359,14,Entire rental unit,3,4,,
4360,10,Private room in rental unit,,1,,
4361,15,Private room in rental unit,,1,,
4362,43,Private room in home,1,2,,
4363,4,Entire rental unit,,2,,
4364,70,Entire rental unit,2,2,,
4365,2,Private room in rental unit,,5,,
4366,37,Private room in condo,,1,,
4367,4,Private room in rental unit,,2,,
4368,65,Private room in rental unit,,1,,
4369,31,Entire rental unit,2,6,,
4370,11,Private room in rental unit,,2,,
4371,30,Private room in rental unit,,2,,
4372,32,Private room in rental unit,,2,,
4373,31,Entire rental unit,5,10,,
4374,2,Entire rental unit,1,4,,
4375,3,Entire rental unit,1,4,,
4376,65,Private room in rental unit,3,2,,
4377,1,Entire rental unit,2,4,,
4378,2,Private room in rental unit,,2,,
4379,31,Entire rental unit,3,6,,
4380,11,Private room in rental unit,,2,,
4381,68,Entire rental unit,1,3,,
4382,11,Entire condo,3,5,,
4383,7,Entire rental unit,2,4,,
4384,9,Entire rental unit,3,7,,
4385,28,Room in hotel,1,2,,
4386,28,Room in hotel,1,2,,
4387,28,Room in hotel,2,4,,
4388,63,Entire rental unit,2,4,,
4389,7,Entire rental unit,2,4,,
4390,11,Entire rental unit,2,4,,
4391,31,Private room in guest suite,,4,,
4392,4,Entire rental unit,1,2,,
4393,1,Entire rental unit,1,2,,
4394,73,Entire rental unit,1,4,,
4395,73,Entire rental unit,2,5,,
4396,31,Private room in rental unit,,2,,
4397,4,Entire rental unit,2,4,,
4398,18,Private room in rental unit,,1,,
4399,10,Entire rental unit,4,6,,
4400,9,Private room in rental unit,2,3,,
4401,7,Entire rental unit,1,2,,
4402,6,Private room in rental unit,,1,,
4403,31,Private room in rental unit,,1,,
4404,11,Private room in guest suite,,1,,
4405,31,Private room in rental unit,,2,,
4406,18,Entire rental unit,2,4,,
4407,37,Entire rental unit,2,3,,
4408,46,Private room in rental unit,,1,,
4409,7,Entire rental unit,2,4,,
4410,1,Private room in condo,,1,,
4411,7,Room in hotel,1,2,,
4412,2,Entire rental unit,2,2,,
4413,28,Private room in rental unit,,1,,
4414,8,Entire rental unit,5,10,,
4415,1,Room in hostel,1,2,,
4416,1,Room in hostel,1,3,,
4417,7,Private room in hostel,1,2,,
4418,27,Entire rental unit,2,3,,
4419,7,Entire rental unit,5,7,,
4420,3,Entire rental unit,1,1,,
4421,68,Entire rental unit,1,2,,
4422,4,Entire loft,,2,,
4423,18,Entire rental unit,2,4,,
4424,5,Entire rental unit,1,2,,
4425,8,Entire rental unit,1,3,,
4426,18,Entire rental unit,2,4,,
4427,1,Entire loft,1,2,,
4428,19,Entire rental unit,2,4,,
4429,7,Entire rental unit,2,4,,
4430,10,Entire condo,2,5,,
4431,18,Entire rental unit,2,4,,
4432,7,Entire rental unit,1,4,,
4433,1,Entire serviced apartment,1,2,,
4434,2,Entire serviced apartment,2,3,,
4435,4,Entire rental unit,2,4,,
4436,68,Entire rental unit,2,2,,
4437,7,Entire rental unit,2,4,,
4438,19,Entire rental unit,1,2,,
4439,2,Room in hotel,1,4,,
4440,2,Room in hotel,1,4,,
4441,2,Private room in condo,,1,,
4442,2,Room in hotel,1,4,,
4443,2,Room in hotel,1,2,,
4444,2,Room in hotel,,2,,
4445,4,Private room in condo,,2,,
4446,2,Entire rental unit,3,6,,
4447,2,Entire rental unit,3,6,,
4448,7,Entire rental unit,3,8,,
4449,6,Private room in rental unit,,2,,
4450,2,Private room in rental unit,,1,,
4451,66,Entire rental unit,2,4,,
4452,67,Entire rental unit,2,4,,
4453,31,Private room in rental unit,,1,,
4454,64,Entire rental unit,2,3,,
4455,48,Private room in rental unit,2,2,,
4456,46,Private room in rental unit,,2,,
4457,4,Private room in rental unit,,2,,
4458,3,Entire rental unit,1,2,,
4459,45,Private room in rental unit,,2,,
4460,8,Entire rental unit,3,4,,
4461,7,Entire rental unit,2,4,,
4462,18,Entire rental unit,2,4,,
4463,11,Private room in rental unit,,1,,
4464,4,Entire rental unit,2,2,,
4465,11,Entire rental unit,4,8,,
4466,2,Entire rental unit,,2,,
4467,7,Entire rental unit,2,3,,
4468,7,Room in hostel,1,2,,
4469,7,Shared room in hostel,1,4,,
4470,7,Shared room in hostel,1,4,,
4471,7,Room in hostel,1,2,,
4472,3,Private room in rental unit,,1,,
4473,69,Entire rental unit,3,8,,
4474,9,Private room in rental unit,,1,,
4475,10,Room in boutique hotel,,3,,
4476,10,Room in boutique hotel,,3,,
4477,69,Entire rental unit,2,4,,
4478,69,Entire rental unit,1,2,,
4479,11,Entire rental unit,3,3,,
4480,4,Entire rental unit,,2,,
4481,6,Entire rental unit,3,6,,
4482,29,Entire rental unit,1,2,,
4483,11,Entire rental unit,3,6,,
4484,19,Private room in rental unit,,2,,
4485,7,Private room in rental unit,,2,,
4486,3,Entire rental unit,2,3,,
4487,67,Entire serviced apartment,1,3,,
4488,3,Entire rental unit,2,3,,
4489,67,Entire serviced apartment,1,3,,
4490,31,Entire rental unit,2,4,,
4491,35,Private room in rental unit,,1,,
4492,2,Entire rental unit,3,4,,
4493,64,Private room in rental unit,,3,,
4494,7,Entire rental unit,4,6,,
4495,66,Entire rental unit,2,4,,
4496,31,Entire rental unit,2,4,,
4497,10,Entire rental unit,2,2,,
4498,1,Entire rental unit,,2,,
4499,66,Entire rental unit,3,8,,
4500,18,Private room in rental unit,,1,,
4501,7,Entire rental unit,3,5,,
4502,32,Entire rental unit,3,6,,
4503,9,Entire rental unit,1,4,,
4504,1,Entire rental unit,4,5,,
4505,4,Entire loft,1,2,,
4506,4,Entire rental unit,,2,,
4507,4,Entire rental unit,,2,,
4508,67,Private room in rental unit,,2,,
4509,10,Entire rental unit,4,5,,
4510,5,Entire rental unit,3,7,,
4511,9,Entire rental unit,2,4,,
4512,1,Private room in rental unit,2,2,,
4513,9,Entire rental unit,2,4,,
4514,27,Entire rental unit,3,5,,
4515,66,Entire rental unit,2,4,,
4516,31,Private room in rental unit,,1,,
4517,26,Private room in rental unit,,1,,
4518,31,Private room in rental unit,,1,,
4519,1,Entire rental unit,2,3,,
4520,35,Private room in home,,2,,
4521,1,Entire rental unit,2,3,,
4522,68,Entire rental unit,3,5,,
4523,10,Entire rental unit,1,4,,
4524,66,Entire rental unit,3,7,,
4525,66,Entire rental unit,4,8,,
4526,8,Entire rental unit,1,4,,
4527,8,Entire rental unit,2,5,,
4528,31,Private room in rental unit,,2,,
4529,27,Private room in rental unit,,1,,
4530,31,Private room in rental unit,,1,,
4531,31,Private room in rental unit,,1,,
4532,69,Entire rental unit,3,8,,
4533,1,Entire rental unit,,2,,
4534,10,Entire rental unit,,2,,
4535,19,Entire rental unit,1,2,,
4536,60,Private room in rental unit,,2,,
4537,7,Private room in rental unit,1,1,,
4538,31,Private room in rental unit,2,2,,
4539,66,Entire rental unit,4,8,,
4540,66,Entire rental unit,4,8,,
4541,66,Entire rental unit,4,8,,
4542,4,Entire rental unit,4,8,,
4543,66,Entire rental unit,4,8,,
4544,10,Entire rental unit,3,6,,
4545,1,Entire rental unit,,2,,
4546,11,Entire rental unit,3,5,,
4547,9,Private room in rental unit,,1,,
4548,1,Entire rental unit,,2,,
4549,1,Entire rental unit,,2,,
4550,4,Entire rental unit,3,5,,
4551,6,Entire rental unit,4,8,,
4552,13,Private room in rental unit,,2,,
4553,10,Private room in rental unit,,1,,
4554,32,Entire serviced apartment,2,4,,
4555,19,Entire rental unit,,4,,
4556,32,Entire serviced apartment,2,4,,
4557,2,Entire rental unit,,2,,
4558,4,Private room in rental unit,,2,,
4559,5,Private room in rental unit,,2,,
4560,3,Entire rental unit,2,3,,
4561,48,Private room in rental unit,,1,,
4562,3,Private room in rental unit,,2,,
4563,10,Entire serviced apartment,1,3,,
4564,10,Entire serviced apartment,1,3,,
4565,10,Entire serviced apartment,2,6,,
4566,32,Entire rental unit,3,6,,
4567,68,Private room in rental unit,,2,,
4568,60,Entire rental unit,3,7,,
4569,60,Entire rental unit,2,3,,
4570,4,Room in hotel,1,2,,
4571,7,Shared room in hostel,1,6,,
4572,27,Entire serviced apartment,1,4,,
4573,11,Entire rental unit,2,4,,
4574,4,Entire rental unit,,2,,
4575,4,Entire rental unit,,2,,
4576,7,Entire condo,2,4,,
4577,15,Entire rental unit,2,5,,
4578,11,Entire rental unit,8,16,,
4579,2,Entire rental unit,2,4,,
4580,28,Private room in rental unit,,1,,
4581,7,Private room in rental unit,1,1,,
4582,37,Entire guest suite,2,4,,
4583,4,Entire rental unit,1,2,,
4584,5,Entire rental unit,3,7,,
4585,10,Entire rental unit,1,3,,
4586,5,Entire rental unit,3,6,,
4587,5,Entire rental unit,3,6,,
4588,2,Entire rental unit,2,4,,
4589,7,Entire rental unit,2,4,,
4590,7,Private room in rental unit,,1,,
4591,31,Entire rental unit,2,6,,
4592,30,Entire rental unit,2,6,,
4593,31,Entire rental unit,1,4,,
4594,31,Entire rental unit,1,3,,
4595,30,Entire rental unit,2,4,,
4596,30,Entire rental unit,1,4,,
4597,11,Entire rental unit,2,3,,
4598,7,Private room in rental unit,,2,,
4599,69,Entire rental unit,2,4,,
4600,1,Private room in rental unit,,1,,
4601,6,Entire rental unit,3,8,,
4602,2,Private room in rental unit,,2,,
4603,2,Entire rental unit,2,4,,
4604,46,Private room in rental unit,,1,,
4605,7,Private room in rental unit,,2,,
4606,7,Entire rental unit,2,2,,
4607,7,Entire rental unit,2,4,,
4608,30,Entire rental unit,3,6,,
4609,4,Entire rental unit,3,5,,
4610,65,Entire rental unit,2,5,,
4611,6,Entire rental unit,3,5,,
4612,5,Private room in rental unit,,2,,
4613,6,Entire rental unit,,10,,
4614,6,Entire rental unit,10,16,,
4615,6,Entire rental unit,10,16,,
4616,2,Entire rental unit,12,16,,
4617,9,Entire rental unit,2,6,,
4618,1,Entire rental unit,2,4,,
4619,10,Private room in rental unit,,1,,
4620,7,Private room in hostel,1,2,,
4621,9,Entire rental unit,2,3,,
4622,11,Entire rental unit,6,12,,
4623,48,Private room in rental unit,1,2,,
4624,48,Private room in rental unit,,1,,
4625,31,Private room in rental unit,,1,,
4626,7,Private room in rental unit,1,1,,
4627,27,Entire rental unit,1,2,,
4628,4,Entire rental unit,9,15,,
4629,68,Entire rental unit,2,4,,
4630,2,Entire rental unit,3,4,,
4631,6,Entire rental unit,2,4,,
4632,11,Entire rental unit,2,4,,
4633,1,Entire rental unit,2,4,,
4634,9,Entire condo,3,4,,
4635,18,Private room in rental unit,,2,,
4636,60,Entire rental unit,3,5,,
4637,10,Entire serviced apartment,4,9,,
4638,10,Entire serviced apartment,3,7,,
4639,3,Entire home,4,8,,
4640,60,Entire rental unit,1,2,,
4641,68,Entire rental unit,2,3,,
4642,4,Room in hotel,1,2,,
4643,4,Room in hotel,1,2,,
4644,3,Room in hotel,1,2,,
4645,3,Room in hotel,1,1,,
4646,1,Entire rental unit,2,6,,
4647,44,Private room in rental unit,,1,,
4648,7,Entire rental unit,2,4,,
4649,2,Private room in rental unit,3,1,,
4650,64,Entire rental unit,2,5,,
4651,69,Entire rental unit,2,2,,
4652,6,Entire rental unit,2,6,,
4653,31,Entire rental unit,2,3,,
4654,31,Entire rental unit,2,3,,
4655,1,Entire rental unit,3,5,,
4656,2,Entire rental unit,2,5,,
4657,4,Entire rental unit,2,6,,
4658,2,Entire rental unit,,4,,
4659,2,Entire rental unit,8,14,,
4660,7,Private room in rental unit,2,4,,
4661,31,Entire condo,5,10,,
4662,33,Entire rental unit,3,4,,
4663,16,Entire rental unit,2,3,,
4664,31,Shared room in hostel,1,1,,
4665,31,Shared room in hostel,1,1,,
4666,31,Shared room in hostel,1,1,,
4667,2,Room in hotel,1,3,,
4668,4,Entire rental unit,7,12,,
4669,2,Private room in rental unit,,2,,
4670,68,Entire rental unit,3,5,,
4671,11,Entire rental unit,2,3,,
4672,31,Entire rental unit,1,4,,
4673,31,Entire rental unit,2,6,,
4674,31,Entire rental unit,2,5,,
4675,31,Entire rental unit,2,6,,
4676,31,Entire rental unit,2,5,,
4677,1,Entire rental unit,2,6,,
4678,1,Entire rental unit,2,6,,
4679,68,Entire rental unit,1,2,,
4680,68,Entire rental unit,2,3,,
4681,68,Entire rental unit,1,6,,
4682,3,Entire rental unit,1,2,,
4683,2,Room in hotel,1,1,,
4684,72,Entire rental unit,2,4,,
4685,33,Entire rental unit,1,3,,
4686,8,Room in hotel,1,2,,
4687,7,Private room in rental unit,,2,,
4688,2,Private room in rental unit,,1,,
4689,19,Private room in rental unit,,2,,
4690,4,Entire rental unit,7,11,,
4691,11,Entire rental unit,2,4,,
4692,1,Entire rental unit,2,3,,
4693,10,Private room in hostel,1,3,,
4694,10,Private room in hostel,1,6,,
4695,7,Room in boutique hotel,1,2,,
4696,7,Room in boutique hotel,1,2,,
4697,7,Room in boutique hotel,1,3,,
4698,7,Room in boutique hotel,1,4,,
4699,10,Entire rental unit,3,4,,
4700,3,Entire rental unit,1,3,,
4701,17,Entire rental unit,3,4,,
4702,19,Entire rental unit,3,4,,
4703,27,Entire rental unit,3,6,,
4704,11,Entire rental unit,6,12,,
4705,4,Entire rental unit,10,15,,
4706,2,Private room in home,1,1,,
4707,2,Private room in home,,1,,
4708,11,Entire rental unit,3,6,,
4709,11,Entire rental unit,3,6,,
4710,15,Entire rental unit,3,6,,
4711,15,Entire rental unit,2,4,,
4712,1,Entire rental unit,2,4,,
4713,66,Entire loft,1,2,,
4714,1,Private room in rental unit,,4,,
4715,4,Entire rental unit,2,4,,
4716,17,Private room in rental unit,1,5,,
4717,10,Private room in rental unit,,1,,
4718,4,Entire rental unit,6,9,,
4719,7,Entire vacation home,1,3,,
4720,6,Entire rental unit,2,5,,
4721,31,Entire loft,,2,,
4722,7,Shared room in hostel,,1,,
4723,7,Shared room in hostel,,1,,
4724,2,Entire rental unit,9,13,,
4725,4,Entire rental unit,9,12,,
4726,5,Entire rental unit,4,5,,
4727,64,Entire rental unit,2,4,,
4728,70,Entire rental unit,3,5,,
4729,11,Entire rental unit,3,6,,
4730,19,Entire rental unit,1,2,,
4731,11,Entire rental unit,,2,,
4732,7,Entire rental unit,3,6,,
4733,68,Entire rental unit,2,3,,
4734,68,Entire rental unit,3,4,,
4735,68,Entire rental unit,3,4,,
4736,9,Entire rental unit,2,6,,
4737,3,Entire rental unit,1,4,,
4738,7,Entire loft,1,2,,
4739,5,Private room in rental unit,,1,,
4740,6,Entire rental unit,3,4,,
4741,1,Private room in rental unit,,2,,
4742,68,Entire rental unit,1,3,,
4743,65,Entire rental unit,2,6,,
4744,31,Entire rental unit,1,3,,
4745,3,Entire rental unit,1,2,,
4746,7,Entire rental unit,4,7,,
4747,2,Private room in rental unit,,1,,
4748,35,Private room in rental unit,,2,,
4749,2,Private room in rental unit,1,1,,
4750,68,Entire rental unit,2,4,,
4751,4,Entire condo,2,4,,
4752,8,Entire rental unit,2,4,,
4753,6,Entire rental unit,3,5,,
4754,32,Entire rental unit,1,2,,
4755,64,Private room in rental unit,,6,,
4756,4,Entire rental unit,6,11,,
4757,9,Entire rental unit,2,4,,
4758,10,Entire rental unit,3,3,,
4759,1,Private room in townhouse,3,2,,
4760,10,Private room in rental unit,,2,,
4761,6,Entire rental unit,3,6,,
4762,17,Entire rental unit,1,3,,
4763,6,Entire rental unit,3,8,,
4764,7,Entire rental unit,5,10,,
4765,1,Entire rental unit,,2,,
4766,4,Entire rental unit,3,4,,
4767,4,Entire rental unit,2,4,,
4768,31,Entire rental unit,1,3,,
4769,63,Entire rental unit,2,4,,
4770,31,Entire rental unit,1,3,,
4771,34,Private room in rental unit,,2,,
4772,68,Entire rental unit,2,3,,
4773,3,Entire rental unit,1,2,,
4774,2,Entire rental unit,5,10,,
4775,31,Entire rental unit,3,6,,
4776,7,Entire serviced apartment,1,2,,
4777,68,Entire loft,4,6,,
4778,30,Entire home,5,8,,
4779,7,Entire rental unit,5,12,,
4780,7,Private room in rental unit,,1,,
4781,19,Entire condo,3,6,,
4782,10,Entire rental unit,5,9,,
4783,2,Entire rental unit,2,6,,
4784,1,Entire rental unit,3,5,,
4785,15,Entire rental unit,1,1,,
4786,38,Entire guest suite,2,4,,
4787,31,Entire rental unit,2,4,,
4788,20,Entire rental unit,3,6,,
4789,18,Entire rental unit,2,2,,
4790,4,Entire loft,,2,,
4791,10,Entire rental unit,2,3,,
4792,3,Entire rental unit,2,2,,
4793,10,Entire rental unit,1,4,,
4794,2,Private room in rental unit,,2,,
4795,7,Entire rental unit,2,4,,
4796,9,Private room in condo,,2,,
4797,6,Entire rental unit,3,4,,
4798,6,Entire rental unit,2,3,,
4799,6,Entire rental unit,3,3,,
4800,6,Entire rental unit,3,3,,
4801,6,Entire rental unit,2,2,,
4802,7,Entire rental unit,3,6,,
4803,7,Private room in hostel,1,3,,
4804,46,Private room in rental unit,,1,,
4805,31,Entire rental unit,1,4,,
4806,1,Private room in rental unit,,3,,
4807,11,Entire rental unit,4,8,,
4808,26,Entire rental unit,2,4,,
4809,66,Room in boutique hotel,1,2,,
4810,60,Entire rental unit,1,4,,
4811,2,Entire rental unit,3,7,,
4812,5,Entire rental unit,2,4,,
4813,68,Private room in guest suite,,2,,
4814,7,Private room in rental unit,,2,,
4815,1,Entire rental unit,1,2,,
4816,3,Entire rental unit,2,4,,
4817,31,Entire rental unit,3,4,,
4818,3,Entire rental unit,2,4,,
4819,7,Entire rental unit,4,7,,
4820,10,Entire rental unit,2,4,,
4821,44,Entire rental unit,2,4,,
4822,6,Private room in rental unit,,1,,
4823,2,Entire rental unit,1,2,,
4824,31,Entire serviced apartment,1,4,,
4825,2,Entire rental unit,1,2,,
4826,2,Entire rental unit,1,2,,
4827,10,Entire rental unit,3,6,,
4828,52,Private room in rental unit,,1,,
4829,2,Entire rental unit,3,6,,
4830,65,Entire rental unit,2,3,,
4831,65,Entire rental unit,2,3,,
4832,9,Entire rental unit,2,5,,
4833,10,Entire rental unit,2,4,,
4834,8,Private room in rental unit,,1,,
4835,7,Entire rental unit,1,4,,
4836,3,Entire rental unit,,2,,
4837,17,Private room in condo,,2,,
4838,7,Entire serviced apartment,2,4,,
4839,10,Entire rental unit,2,3,,
4840,68,Entire rental unit,2,3,,
4841,72,Entire rental unit,3,5,,
4842,70,Entire rental unit,3,5,,
4843,72,Entire rental unit,2,4,,
4844,7,Entire rental unit,1,4,,
4845,18,Entire rental unit,4,8,,
4846,66,Private room in bed and breakfast,,4,,
4847,8,Entire rental unit,3,6,,
4848,8,Entire rental unit,1,2,,
4849,8,Entire rental unit,1,2,,
4850,9,Entire rental unit,2,5,,
4851,9,Entire rental unit,2,5,,
4852,8,Entire rental unit,2,5,,
4853,8,Entire rental unit,2,5,,
4854,5,Entire rental unit,3,4,,
4855,26,Room in aparthotel,2,4,,
4856,10,Entire rental unit,1,2,,
4857,1,Private room in rental unit,,3,,
4858,4,Entire rental unit,2,4,,
4859,66,Private room in bed and breakfast,1,2,,
4860,45,Entire rental unit,2,4,,
4861,9,Entire rental unit,1,3,,
4862,9,Entire rental unit,4,6,,
4863,26,Entire serviced apartment,3,5,,
4864,9,Entire rental unit,4,5,,
4865,9,Entire rental unit,1,2,,
4866,67,Private room in rental unit,,1,,
4867,7,Entire rental unit,2,4,,
4868,10,Entire rental unit,2,4,,
4869,31,Entire rental unit,2,4,,
4870,11,Entire rental unit,10,16,,
4871,36,Entire rental unit,3,6,,
4872,2,Entire rental unit,3,5,,
4873,31,Entire home,3,8,,
4874,3,Entire rental unit,1,4,,
4875,67,Private room in rental unit,,1,,
4876,37,Entire rental unit,1,3,,
4877,69,Entire rental unit,3,5,,
4878,7,Entire rental unit,2,3,,
4879,10,Entire rental unit,2,3,,
4880,18,Entire rental unit,4,5,,
4881,7,Entire condo,3,6,,
4882,9,Private room in rental unit,,1,,
4883,16,Entire rental unit,3,5,,
4884,18,Entire rental unit,2,4,,
4885,18,Entire rental unit,2,4,,
4886,18,Entire rental unit,2,4,,
4887,11,Entire rental unit,4,6,,
4888,64,Entire rental unit,1,3,,
4889,64,Entire rental unit,2,3,,
4890,8,Entire serviced apartment,2,4,,
4891,64,Entire rental unit,2,3,,
4892,7,Entire rental unit,1,4,,
4893,8,Entire rental unit,3,6,,
4894,68,Entire serviced apartment,1,3,,
4895,17,Entire rental unit,3,5,,
4896,61,Entire rental unit,3,6,,
4897,61,Entire rental unit,3,5,,
4898,4,Entire loft,,2,,
4899,68,Entire rental unit,3,5,,
4900,1,Entire guest suite,1,2,,
4901,17,Entire rental unit,2,4,,
4902,15,Entire rental unit,2,4,,
4903,3,Private room in rental unit,1,2,,
4904,45,Private room in rental unit,,1,,
4905,4,Entire rental unit,1,2,,
4906,27,Private room in rental unit,3,2,,
4907,26,Entire rental unit,1,2,,
4908,6,Entire rental unit,3,4,,
4909,31,Entire rental unit,2,5,,
4910,10,Entire rental unit,1,3,,
4911,7,Private room in rental unit,,1,,
4912,7,Private room in rental unit,,1,,
4913,4,Private room in rental unit,1,1,,
4914,7,Private room in rental unit,,1,,
4915,7,Private room in hostel,1,8,,
4916,7,Private room in hostel,1,6,,
4917,7,Private room in hostel,1,4,,
4918,8,Private room in rental unit,,1,,
4919,48,Private room in rental unit,1,2,,
4920,9,Private room in rental unit,,1,,
4921,10,Entire rental unit,1,3,,
4922,28,Entire rental unit,1,3,,
4923,31,Entire rental unit,1,3,,
4924,18,Entire rental unit,3,7,,
4925,7,Entire serviced apartment,3,5,,
4926,18,Entire rental unit,,2,,
4927,17,Entire rental unit,2,3,,
4928,18,Entire rental unit,1,2,,
4929,18,Entire rental unit,3,7,,
4930,9,Entire rental unit,2,6,,
4931,6,Entire rental unit,5,9,,
4932,7,Entire rental unit,3,3,,
4933,7,Entire rental unit,3,4,,
4934,10,Entire rental unit,2,4,,
4935,10,Entire rental unit,2,4,,
4936,7,Entire rental unit,2,2,,
4937,19,Room in hotel,1,4,,
4938,33,Private room in casa particular,,3,,
4939,61,Entire serviced apartment,3,6,,
4940,17,Entire rental unit,4,6,,
4941,10,Entire rental unit,2,4,,
4942,37,Entire rental unit,1,2,,
4943,5,Entire rental unit,4,7,,
4944,8,Entire rental unit,3,4,,
4945,7,Entire rental unit,3,5,,
4946,7,Entire rental unit,6,15,,
4947,1,Entire rental unit,1,2,,
4948,2,Private room in hostel,,1,,
4949,2,Private room in hostel,1,3,,
4950,2,Private room in hostel,,2,,
4951,2,Private room in hostel,,3,,
4952,2,Private room in hostel,1,2,,
4953,72,Entire rental unit,3,6,,
4954,35,Entire rental unit,3,5,,
4955,9,Private room in rental unit,,1,,
4956,2,Entire serviced apartment,1,3,,
4957,7,Entire rental unit,3,6,,
4958,44,Entire rental unit,3,4,,
4959,7,Entire rental unit,3,5,,
4960,7,Entire rental unit,2,2,,
4961,7,Entire rental unit,3,3,,
4962,5,Entire rental unit,2,5,,
4963,1,Entire rental unit,2,5,,
4964,2,Entire rental unit,1,2,,
4965,32,Entire rental unit,2,4,,
4966,19,Entire home,4,10,,
4967,2,Entire rental unit,1,2,,
4968,66,Entire rental unit,2,4,,
4969,2,Entire rental unit,1,2,,
4970,24,Entire rental unit,2,3,,
4971,7,Entire rental unit,4,8,,
4972,7,Entire rental unit,2,2,,
4973,8,Entire rental unit,2,6,,
4974,1,Entire rental unit,3,5,,
4975,7,Entire rental unit,3,5,,
4976,64,Entire rental unit,2,4,,
4977,2,Entire rental unit,1,2,,
4978,3,Entire rental unit,3,4,,
4979,4,Entire rental unit,1,2,,
4980,31,Entire rental unit,1,2,,
4981,31,Entire rental unit,2,4,,
4982,8,Entire rental unit,2,3,,
4983,6,Room in aparthotel,1,4,,
4984,6,Room in aparthotel,1,4,,
4985,4,Entire rental unit,2,4,,
4986,8,Entire rental unit,,2,,
4987,6,Entire rental unit,2,4,,
4988,17,Entire rental unit,3,3,,
4989,2,Entire rental unit,2,3,,
4990,7,Room in boutique hotel,1,1,,
4991,7,Room in boutique hotel,1,2,,
4992,7,Room in boutique hotel,1,3,,
4993,7,Room in boutique hotel,1,4,,
4994,7,Room in boutique hotel,1,3,,
4995,7,Room in boutique hotel,1,2,,
4996,7,Room in boutique hotel,1,2,,
4997,31,Entire rental unit,3,6,,
4998,6,Entire rental unit,2,5,,
4999,7,Entire rental unit,2,5,,
5000,1,Private room in rental unit,,3,,
5001,6,Private room in rental unit,,2,,
5002,2,Private room in rental unit,,1,,
5003,7,Entire rental unit,3,4,,
5004,5,Entire rental unit,1,4,,
5005,1,Entire rental unit,1,2,,
5006,66,Entire rental unit,2,4,,
5007,7,Private room in rental unit,,1,,
5008,1,Private room in rental unit,,1,,
5009,2,Entire rental unit,2,4,,
5010,1,Entire rental unit,3,6,,
5011,7,Entire rental unit,2,3,,
5012,2,Entire rental unit,3,3,,
5013,7,Entire rental unit,2,4,,
5014,1,Private room in rental unit,,1,,
5015,11,Private room in rental unit,,1,,
5016,4,Room in boutique hotel,1,2,,
5017,7,Entire rental unit,2,4,,
5018,6,Entire condo,2,2,,
5019,69,Entire rental unit,2,3,,
5020,3,Entire loft,1,2,,
5021,1,Entire rental unit,2,4,,
5022,3,Entire rental unit,2,3,,
5023,6,Entire rental unit,3,6,,
5024,5,Entire rental unit,3,6,,
5025,5,Entire rental unit,3,6,,
5026,65,Private room in rental unit,2,4,,
5027,68,Entire rental unit,2,4,,
5028,1,Private room in rental unit,,2,,
5029,7,Private room in rental unit,,1,,
5030,1,Private room in rental unit,1,2,,
5031,6,Private room in rental unit,,2,,
5032,3,Entire rental unit,3,3,,
5033,33,Entire guest suite,1,2,,
5034,4,Entire rental unit,2,4,,
5035,7,Private room in guesthouse,1,2,,
5036,6,Entire rental unit,2,3,,
5037,6,Entire rental unit,2,3,,
5038,6,Entire rental unit,2,3,,
5039,6,Entire rental unit,2,3,,
5040,6,Entire rental unit,2,3,,
5041,6,Entire rental unit,2,3,,
5042,6,Entire rental unit,2,3,,
5043,6,Entire rental unit,2,3,,
5044,6,Entire rental unit,2,3,,
5045,6,Entire rental unit,2,3,,
5046,60,Entire rental unit,1,2,,
5047,1,Entire rental unit,1,2,,
5048,1,Entire rental unit,1,2,,
5049,69,Entire condo,2,4,,
5050,18,Private room in rental unit,,1,,
5051,7,Entire rental unit,3,7,,
5052,28,Entire rental unit,3,7,,
5053,5,Entire rental unit,3,6,,
5054,3,Entire rental unit,1,2,,
5055,67,Entire rental unit,2,5,,
5056,4,Entire rental unit,1,2,,
5057,8,Entire rental unit,6,15,,
5058,8,Entire rental unit,6,15,,
5059,7,Entire rental unit,6,15,,
5060,44,Private room in home,,2,,
5061,2,Entire loft,1,2,,
5062,15,Private room in loft,1,2,,
5063,3,Entire rental unit,1,4,,
5064,5,Entire rental unit,2,5,,
5065,18,Entire rental unit,2,4,,
5066,35,Entire rental unit,3,5,,
5067,31,Entire rental unit,,4,,
5068,1,Private room in rental unit,,1,,
5069,6,Entire rental unit,1,4,,
5070,1,Entire condo,1,2,,
5071,7,Private room in hostel,1,3,,
5072,7,Private room in hostel,1,2,,
5073,10,Entire rental unit,4,6,,
5074,11,Entire rental unit,3,6,,
5075,6,Private room in rental unit,,2,,
5076,6,Entire rental unit,3,8,,
5077,31,Entire rental unit,2,4,,
5078,31,Private room in rental unit,,1,,
5079,26,Entire rental unit,2,5,,
5080,4,Entire rental unit,3,6,,
5081,4,Entire rental unit,2,6,,
5082,11,Private room in rental unit,,2,,
5083,2,Entire rental unit,2,3,,
5084,4,Entire rental unit,,2,,
5085,2,Entire rental unit,2,6,,
5086,1,Entire rental unit,2,5,,
5087,2,Entire rental unit,1,4,,
5088,1,Entire rental unit,1,4,,
5089,2,Entire rental unit,,3,,
5090,7,Room in boutique hotel,1,2,,
5091,3,Private room in rental unit,,2,,
5092,10,Entire rental unit,2,3,,
5093,10,Entire rental unit,1,2,,
5094,10,Entire rental unit,2,5,,
5095,10,Entire rental unit,2,2,,
5096,67,Private room in rental unit,,1,,
5097,11,Entire rental unit,1,2,,
5098,2,Entire rental unit,2,3,,
5099,2,Entire rental unit,2,2,,
5100,2,Entire rental unit,1,2,,
5101,28,Entire rental unit,2,3,,
5102,5,Private room in condo,2,2,,
5103,1,Entire rental unit,2,3,,
5104,2,Entire rental unit,1,2,,
5105,1,Entire rental unit,2,3,,
5106,2,Entire rental unit,1,3,,
5107,4,Entire rental unit,1,3,,
5108,18,Room in hotel,1,2,,
5109,10,Entire rental unit,3,5,,
5110,7,Private room in guesthouse,,2,,
5111,18,Private room in rental unit,,1,,
5112,8,Entire rental unit,4,8,,
5113,2,Private room in rental unit,,1,,
5114,19,Entire rental unit,2,4,,
5115,10,Room in boutique hotel,1,3,,
5116,20,Private room in rental unit,,2,,
5117,4,Entire rental unit,2,3,,
5118,31,Entire rental unit,4,8,,
5119,31,Entire rental unit,4,5,,
5120,31,Entire rental unit,3,7,,
5121,3,Entire rental unit,3,4,,
5122,7,Entire rental unit,1,2,,
5123,26,Entire vacation home,4,7,,
5124,6,Entire rental unit,2,4,,
5125,7,Private room in rental unit,,2,,
5126,31,Entire rental unit,3,3,,
5127,31,Entire rental unit,3,3,,
5128,31,Entire rental unit,2,4,,
5129,31,Entire rental unit,3,3,,
5130,31,Entire rental unit,3,6,,
5131,31,Entire rental unit,3,3,,
5132,31,Entire rental unit,3,3,,
5133,11,Private room in rental unit,,2,,
5134,11,Entire rental unit,2,4,,
5135,11,Entire rental unit,2,3,,
5136,24,Entire rental unit,2,3,,
5137,24,Entire rental unit,2,3,,
5138,8,Entire rental unit,1,2,,
5139,4,Private room in bed and breakfast,2,4,,
5140,1,Entire rental unit,2,4,,
5141,4,Private room in bed and breakfast,1,3,,
5142,11,Private room in casa particular,,2,,
5143,8,Entire rental unit,2,4,,
5144,64,Entire rental unit,2,4,,
5145,8,Entire rental unit,2,6,,
5146,8,Entire rental unit,2,6,,
5147,8,Entire rental unit,2,6,,
5148,8,Entire rental unit,2,6,,
5149,8,Entire rental unit,2,6,,
5150,8,Entire rental unit,2,6,,
5151,8,Entire rental unit,2,6,,
5152,8,Entire rental unit,2,6,,
5153,8,Entire rental unit,2,6,,
5154,8,Entire rental unit,2,6,,
5155,8,Entire rental unit,1,3,,
5156,10,Entire rental unit,3,6,,
5157,64,Entire rental unit,2,4,,
5158,17,Entire rental unit,2,4,,
5159,7,Private room in hostel,1,2,,
5160,7,Private room in rental unit,,2,,
5161,3,Entire condo,2,2,,
5162,18,Entire rental unit,1,3,,
5163,1,Private room in rental unit,,1,,
5164,26,Private room in rental unit,1,1,,
5165,26,Private room in rental unit,1,2,,
5166,26,Entire rental unit,4,7,,
5167,26,Entire rental unit,5,8,,
5168,32,Private room in rental unit,1,1,,
5169,4,Entire rental unit,1,2,,
5170,1,Entire rental unit,2,2,,
5171,10,Room in hotel,1,4,,
5172,7,Private room in hostel,1,2,,
5173,2,Entire rental unit,2,4,,
5174,7,Private room in hostel,1,1,,
5175,7,Private room in hostel,1,3,,
5176,7,Private room in hostel,1,3,,
5177,7,Private room in hostel,1,4,,
5178,7,Private room in hostel,1,4,,
5179,18,Entire rental unit,2,4,,
5180,18,Entire rental unit,,2,,
5181,18,Entire rental unit,,2,,
5182,7,Private room in hostel,1,2,,
5183,11,Private room in rental unit,,1,,
5184,7,Private room in hostel,1,2,,
5185,7,Private room in hostel,1,2,,
5186,7,Private room in hostel,1,3,,
5187,7,Private room in hostel,1,2,,
5188,7,Private room in hostel,1,1,,
5189,24,Entire rental unit,2,4,,
5190,7,Entire rental unit,4,6,,
5191,8,Private room in rental unit,,4,,
5192,7,Private room in rental unit,,4,,
5193,9,Entire rental unit,1,2,,
5194,6,Entire rental unit,2,4,,
5195,6,Entire rental unit,2,4,,
5196,6,Entire rental unit,2,4,,
5197,6,Entire rental unit,2,4,,
5198,6,Entire rental unit,2,4,,
5199,6,Entire rental unit,2,4,,
5200,6,Entire rental unit,2,4,,
5201,6,Entire rental unit,2,4,,
5202,6,Entire rental unit,2,4,,
5203,6,Entire rental unit,2,4,,
5204,6,Entire rental unit,2,4,,
5205,6,Entire rental unit,2,4,,
5206,64,Private room in rental unit,,1,,
5207,7,Entire rental unit,3,6,,
5208,4,Entire rental unit,3,4,,
5209,8,Entire rental unit,3,7,,
5210,64,Entire rental unit,2,3,,
5211,6,Entire rental unit,3,4,,
5212,10,Entire rental unit,3,6,,
5213,10,Entire rental unit,2,4,,
5214,64,Entire rental unit,2,6,,
5215,26,Entire rental unit,,2,,
5216,10,Entire rental unit,2,4,,
5217,16,Room in hotel,1,4,,
5218,18,Room in hotel,1,2,,
5219,2,Entire rental unit,,2,,
5220,10,Entire rental unit,2,4,,
5221,2,Entire rental unit,,2,,
5222,3,Entire rental unit,2,3,,
5223,7,Private room in bed and breakfast,1,2,,
5224,10,Entire rental unit,2,4,,
5225,10,Private room in hostel,,6,,
5226,26,Entire rental unit,2,3,,
5227,1,Private room in hostel,1,1,,
5228,10,Private room in hostel,,2,,
5229,10,Private room in hostel,,4,,
5230,10,Private room in hostel,,4,,
5231,10,Private room in hostel,,4,,
5232,10,Private room in hostel,,2,,
5233,10,Private room in hostel,,4,,
5234,1,Private room in hostel,1,2,,
5235,7,Private room in bed and breakfast,,2,,
5236,5,Entire rental unit,2,6,,
5237,2,Entire rental unit,,2,,
5238,8,Private room in bed and breakfast,,2,,
5239,10,Private room in bed and breakfast,1,2,,
5240,8,Entire rental unit,3,6,,
5241,68,Entire rental unit,2,4,,
5242,68,Entire rental unit,2,5,,
5243,7,Room in boutique hotel,1,2,,
5244,7,Room in boutique hotel,1,2,,
5245,31,Entire rental unit,3,7,,
5246,11,Entire rental unit,4,8,,
5247,66,Entire rental unit,3,5,,
5248,5,Entire condo,2,4,,
5249,5,Entire rental unit,1,4,,
5250,4,Entire rental unit,,2,,
5251,9,Entire rental unit,2,6,,
5252,1,Private room in rental unit,,4,,
5253,4,Entire rental unit,1,2,,
5254,10,Entire serviced apartment,1,3,,
5255,7,Entire rental unit,1,2,,
5256,65,Private room in bed and breakfast,,1,,
5257,1,Private room in rental unit,,1,,
5258,31,Entire rental unit,2,5,,
5259,31,Entire rental unit,2,5,,
5260,7,Entire villa,9,15,,
5261,31,Entire rental unit,2,5,,
5262,31,Entire rental unit,2,5,,
5263,31,Entire rental unit,,5,,
5264,31,Entire rental unit,2,5,,
5265,1,Entire rental unit,2,3,,
5266,10,Room in hotel,1,2,,
5267,68,Entire rental unit,1,2,,
5268,7,Private room in bed and breakfast,,2,,
5269,4,Entire condo,2,3,,
5270,4,Private room in hostel,1,3,,
5271,1,Entire rental unit,2,4,,
5272,4,Entire rental unit,,2,,
5273,5,Entire rental unit,4,8,,
5274,4,Entire rental unit,,2,,
5275,4,Entire rental unit,2,4,,
5276,15,Entire condo,1,2,,
5277,7,Entire rental unit,5,10,,
5278,4,Entire rental unit,1,2,,
5279,16,Room in hotel,1,2,,
5280,23,Private room in bed and breakfast,,7,,
5281,10,Private room in hostel,1,1,,
5282,10,Private room in hostel,1,1,,
5283,10,Private room in hostel,1,2,,
5284,10,Private room in hostel,1,2,,
5285,10,Private room in hostel,1,3,,
5286,10,Private room in bed and breakfast,,2,,
5287,4,Entire rental unit,2,3,,
5288,2,Entire rental unit,2,5,,
5289,7,Entire rental unit,3,8,,
5290,2,Entire rental unit,1,4,,
5291,4,Entire rental unit,1,2,,
5292,5,Entire rental unit,3,6,,
5293,4,Entire rental unit,1,3,,
5294,7,Entire loft,4,8,,
5295,5,Entire rental unit,3,6,,
5296,8,Private room in hostel,1,4,,
5297,8,Private room in hostel,1,6,,
5298,8,Private room in hostel,1,8,,
5299,8,Shared room in hostel,1,1,,
5300,8,Shared room in hostel,1,1,,
5301,8,Shared room in hostel,1,1,,
5302,8,Shared room in hostel,1,1,,
5303,6,Entire rental unit,2,3,,
5304,5,Entire rental unit,1,4,,
5305,31,Shared room in hostel,1,1,,
5306,7,Entire rental unit,3,6,,
5307,7,Entire rental unit,3,6,,
5308,2,Private room in rental unit,,2,,
5309,8,Shared room in hostel,1,1,,
5310,64,Entire rental unit,3,6,,
5311,8,Shared room in hostel,1,1,,
5312,8,Shared room in hostel,1,1,,
5313,8,Shared room in hostel,1,1,,
5314,8,Shared room in hostel,1,1,,
5315,8,Shared room in hostel,1,1,,
5316,31,Entire rental unit,,3,,
5317,64,Entire rental unit,3,6,,
5318,7,Entire serviced apartment,2,5,,
5319,8,Entire rental unit,5,10,,
5320,7,Entire serviced apartment,1,3,,
5321,7,Entire serviced apartment,1,3,,
5322,7,Entire serviced apartment,1,3,,
5323,7,Entire serviced apartment,1,3,,
5324,7,Entire serviced apartment,1,3,,
5325,7,Entire serviced apartment,1,3,,
5326,7,Entire serviced apartment,1,3,,
5327,7,Entire serviced apartment,1,2,,
5328,7,Entire serviced apartment,1,2,,
5329,7,Entire serviced apartment,1,2,,
5330,1,Entire serviced apartment,1,2,,
5331,19,Entire serviced apartment,1,3,,
5332,19,Entire serviced apartment,2,4,,
5333,19,Entire serviced apartment,2,4,,
5334,19,Entire serviced apartment,1,4,,
5335,19,Entire rental unit,1,4,,
5336,19,Entire serviced apartment,1,4,,
5337,19,Entire serviced apartment,1,4,,
5338,19,Entire serviced apartment,1,4,,
5339,8,Entire rental unit,5,10,,
5340,10,Private room in rental unit,,1,,
5341,19,Entire serviced apartment,1,3,,
5342,24,Entire rental unit,1,2,,
5343,10,Entire rental unit,2,6,,
5344,34,Entire rental unit,1,1,,
5345,3,Entire rental unit,1,2,,
5346,7,Entire rental unit,2,4,,
5347,7,Private room in rental unit,,2,,
5348,64,Entire rental unit,2,3,,
5349,7,Entire serviced apartment,2,5,,
5350,7,Entire rental unit,1,3,,
5351,19,Entire rental unit,1,4,,
5352,1,Entire rental unit,1,2,,
5353,7,Entire serviced apartment,1,3,,
5354,7,Entire rental unit,2,5,,
5355,19,Entire rental unit,1,3,,
5356,19,Entire rental unit,1,3,,
5357,18,Entire rental unit,3,7,,
5358,2,Entire rental unit,2,4,,
5359,2,Entire rental unit,4,8,,
5360,10,Entire rental unit,1,2,,
5361,8,Shared room in hostel,1,1,,
5362,8,Shared room in hostel,1,1,,
5363,6,Entire rental unit,2,2,,
5364,6,Entire rental unit,2,2,,
5365,4,Entire rental unit,,2,,
5366,33,Entire rental unit,2,4,,
5367,1,Entire rental unit,3,5,,
5368,31,Entire rental unit,2,5,,
5369,2,Entire rental unit,1,2,,
5370,31,Entire rental unit,1,4,,
5371,31,Entire rental unit,1,4,,
5372,31,Entire rental unit,1,4,,
5373,31,Entire rental unit,1,2,,
5374,32,Entire rental unit,2,6,,
5375,67,Entire rental unit,2,4,,
5376,7,Entire rental unit,2,4,,
5377,7,Entire serviced apartment,1,2,,
5378,8,Entire rental unit,1,2,,
5379,7,Entire serviced apartment,1,2,,
5380,7,Entire serviced apartment,1,2,,
5381,6,Entire serviced apartment,2,4,,
5382,6,Entire serviced apartment,2,4,,
5383,6,Entire serviced apartment,1,2,,
5384,6,Entire serviced apartment,1,2,,
5385,6,Entire serviced apartment,2,4,,
5386,6,Entire serviced apartment,2,4,,
5387,6,Entire serviced apartment,2,4,,
5388,6,Entire serviced apartment,4,8,,
5389,6,Entire serviced apartment,3,6,,
5390,1,Entire rental unit,1,2,,
5391,1,Entire rental unit,1,2,,
5392,2,Entire rental unit,2,4,,
5393,32,Entire rental unit,1,2,,
5394,1,Entire rental unit,1,2,,
5395,1,Entire rental unit,1,2,,
5396,7,Entire rental unit,2,5,,
5397,2,Entire rental unit,2,3,,
5398,31,Entire rental unit,2,4,,
5399,2,Entire rental unit,2,3,,
5400,35,Entire loft,1,3,,
5401,4,Entire rental unit,,2,,
5402,1,Entire rental unit,2,4,,
5403,7,Entire rental unit,2,4,,
5404,38,Entire rental unit,1,2,,
5405,4,Entire rental unit,,2,,
5406,4,Entire rental unit,5,7,,
5407,7,Entire serviced apartment,1,2,,
5408,7,Entire rental unit,2,4,,
5409,7,Entire rental unit,1,2,,
5410,10,Private room in rental unit,,2,,
5411,9,Entire rental unit,1,2,,
5412,10,Private room in bed and breakfast,,2,,
5413,33,Entire serviced apartment,2,4,,
5414,32,Entire serviced apartment,2,4,,
5415,4,Entire rental unit,,2,,
5416,7,Entire rental unit,4,8,,
5417,15,Entire rental unit,3,5,,
5418,3,Entire rental unit,2,2,,
5419,18,Entire rental unit,3,7,,
5420,1,Entire rental unit,2,5,,
5421,44,Entire loft,1,2,,
5422,4,Entire rental unit,4,6,,
5423,8,Private room in rental unit,2,4,,
5424,5,Entire rental unit,1,4,,
5425,68,Entire rental unit,3,5,,
5426,4,Entire rental unit,1,2,,
5427,4,Entire rental unit,1,2,,
5428,1,Entire rental unit,1,2,,
5429,7,Room in hotel,1,2,,
5430,28,Entire rental unit,1,2,,
5431,1,Entire rental unit,2,5,,
5432,4,Entire rental unit,,2,,
5433,1,Private room in rental unit,,2,,
5434,31,Entire rental unit,2,5,,
5435,31,Entire rental unit,2,5,,
5436,31,Entire rental unit,2,5,,
5437,7,Entire rental unit,2,4,,
5438,7,Shared room in hostel,,6,,
5439,8,Entire rental unit,2,4,,
5440,7,Private room in hostel,1,6,,
5441,62,Private room in rental unit,,1,,
5442,31,Entire rental unit,1,4,,
5443,32,Private room in rental unit,,2,,
5444,35,Private room in rental unit,,1,,
5445,2,Entire place,1,1,,
5446,24,Entire rental unit,2,4,,
5447,24,Entire rental unit,2,4,,
5448,4,Entire condo,3,6,,
5449,7,Entire rental unit,2,4,,
5450,11,Room in boutique hotel,1,2,,
5451,5,Entire rental unit,4,6,,
5452,3,Entire rental unit,1,2,,
5453,5,Entire rental unit,4,6,,
5454,33,Entire rental unit,3,4,,
5455,1,Entire serviced apartment,3,6,,
5456,4,Entire rental unit,4,8,,
5457,2,Entire rental unit,2,4,,
5458,14,Entire rental unit,3,6,,
5459,26,Entire rental unit,2,3,,
5460,14,Entire rental unit,3,6,,
5461,7,Room in hotel,1,2,,
5462,7,Entire rental unit,2,4,,
5463,10,Entire rental unit,5,10,,
5464,14,Entire rental unit,3,5,,
5465,26,Private room in hostel,1,2,,
5466,3,Entire rental unit,1,2,,
5467,26,Entire loft,,2,,
5468,10,Private room in rental unit,1,1,,
5469,10,Entire serviced apartment,2,4,,
5470,10,Entire rental unit,1,3,,
5471,4,Entire rental unit,2,4,,
5472,3,Entire rental unit,1,2,,
5473,6,Private room in rental unit,,4,,
5474,10,Entire serviced apartment,2,4,,
5475,1,Entire rental unit,1,4,,
5476,5,Entire rental unit,1,4,,
5477,2,Entire rental unit,1,2,,
5478,32,Private room in rental unit,,1,,
5479,10,Entire rental unit,3,6,,
5480,17,Entire rental unit,1,4,,
5481,21,Room in hotel,1,2,,
5482,8,Entire rental unit,3,5,,
5483,1,Private room in dome,,1,,
5484,27,Entire rental unit,2,4,,
5485,2,Entire rental unit,2,4,,
5486,2,Entire rental unit,3,5,,
5487,1,Entire rental unit,2,4,,
5488,64,Private room in rental unit,,2,,
5489,9,Entire rental unit,2,4,,
5490,23,Entire home,2,4,,
5491,8,Entire loft,1,4,,
5492,7,Entire rental unit,2,4,,
5493,60,Entire loft,,3,,
5494,10,Entire condo,3,8,,
5495,10,Entire rental unit,4,8,,
5496,6,Entire rental unit,2,4,,
5497,6,Entire rental unit,2,3,,
5498,68,Entire condo,1,4,,
5499,6,Private room in rental unit,,2,,
5500,5,Entire rental unit,3,6,,
5501,5,Entire rental unit,3,6,,
5502,18,Entire rental unit,1,2,,
5503,21,Room in hotel,1,2,,
5504,2,Entire rental unit,1,2,,
5505,23,Private room in bed and breakfast,,3,,
5506,26,Private room in hostel,1,2,,
5507,11,Room in boutique hotel,1,2,,
5508,32,Private room in rental unit,,2,,
5509,32,Private room in rental unit,,1,,
5510,31,Entire rental unit,3,6,,
5511,8,Entire rental unit,2,5,,
5512,4,Entire rental unit,3,5,,
5513,15,Entire rental unit,2,4,,
5514,7,Entire condo,2,5,,
5515,7,Private room in rental unit,,2,,
5516,32,Entire serviced apartment,2,3,,
5517,19,Entire rental unit,2,4,,
5518,4,Entire rental unit,1,2,,
5519,6,Entire rental unit,2,4,,
5520,7,Private room in rental unit,,1,,
5521,7,Entire condo,2,3,,
5522,2,Entire rental unit,1,2,,
5523,7,Entire rental unit,1,3,,
5524,1,Entire rental unit,1,2,,
5525,31,Entire rental unit,2,4,,
5526,31,Entire rental unit,1,2,,
5527,31,Entire rental unit,3,6,,
5528,1,Entire rental unit,,1,,
5529,69,Entire condo,1,2,,
5530,72,Private room in rental unit,,1,,
5531,10,Entire rental unit,5,11,,
5532,1,Entire rental unit,2,4,,
5533,8,Entire rental unit,2,5,,
5534,31,Entire rental unit,2,4,,
5535,7,Entire rental unit,1,2,,
5536,1,Entire rental unit,2,6,,
5537,5,Private room in rental unit,,1,,
5538,7,Private room in rental unit,,1,,
5539,7,Entire rental unit,2,4,,
5540,14,Private room in rental unit,,2,,
5541,6,Entire serviced apartment,3,6,,
5542,7,Private room in hostel,1,2,,
5543,7,Room in hotel,1,4,,
5544,7,Room in hotel,1,4,,
5545,68,Entire rental unit,3,5,,
5546,1,Entire rental unit,3,4,,
5547,4,Entire rental unit,1,2,,
5548,16,Private room in rental unit,2,2,,
5549,8,Entire rental unit,1,2,,
5550,1,Private room in dome,,1,,
5551,7,Private room in rental unit,1,2,,
5552,64,Private room in hostel,,10,,
5553,10,Private room in hostel,1,2,,
5554,31,Entire rental unit,2,6,,
5555,3,Entire rental unit,1,2,,
5556,8,Entire rental unit,2,5,,
5557,3,Entire condo,2,4,,
5558,8,Entire rental unit,3,5,,
5559,11,Entire rental unit,3,7,,
5560,31,Entire rental unit,2,5,,
5561,2,Entire rental unit,2,4,,
5562,2,Entire rental unit,2,4,,
5563,4,Entire rental unit,2,4,,
5564,10,Entire rental unit,3,6,,
5565,8,Entire rental unit,3,6,,
5566,6,Entire rental unit,2,4,,
5567,9,Entire loft,,2,,
5568,4,Room in boutique hotel,1,2,,
5569,4,Room in boutique hotel,1,3,,
5570,68,Entire rental unit,2,4,,
5571,7,Entire rental unit,6,15,,
5572,64,Private room in rental unit,,2,,
5573,7,Entire rental unit,2,4,,
5574,2,Entire rental unit,3,8,,
5575,5,Entire rental unit,3,6,,
5576,5,Entire rental unit,3,6,,
5577,5,Entire rental unit,3,6,,
5578,5,Entire rental unit,3,6,,
5579,5,Entire rental unit,3,6,,
5580,5,Entire rental unit,3,6,,
5581,7,Private room in hostel,1,2,,
5582,9,Entire rental unit,3,7,,
5583,15,Entire rental unit,3,4,,
5584,3,Entire rental unit,1,2,,
5585,2,Entire rental unit,2,4,,
5586,7,Entire rental unit,2,4,,
5587,8,Entire rental unit,3,6,,
5588,4,Room in boutique hotel,1,1,,
5589,6,Entire serviced apartment,4,8,,
5590,33,Entire serviced apartment,4,7,,
5591,32,Entire serviced apartment,2,4,,
5592,5,Entire rental unit,2,6,,
5593,4,Entire rental unit,3,6,,
5594,2,Entire rental unit,3,6,,
5595,2,Entire rental unit,3,6,,
5596,68,Entire rental unit,2,6,,
5597,4,Room in boutique hotel,1,2,,
5598,4,Room in boutique hotel,1,3,,
5599,4,Room in boutique hotel,1,2,,
5600,3,Entire rental unit,1,2,,
5601,7,Private room in hostel,1,1,,
5602,7,Private room in hostel,1,2,,
5603,7,Private room in hostel,1,2,,
5604,7,Private room in hostel,1,2,,
5605,7,Private room in hostel,1,2,,
5606,7,Private room in hostel,1,3,,
5607,7,Private room in hostel,1,4,,
5608,3,Entire rental unit,2,4,,
5609,3,Entire rental unit,2,4,,
5610,66,Entire rental unit,2,4,,
5611,68,Entire rental unit,3,6,,
5612,19,Entire rental unit,3,4,,
5613,3,Entire rental unit,2,4,,
5614,7,Entire serviced apartment,2,5,,
5615,26,Entire rental unit,2,4,,
5616,70,Entire rental unit,3,4,,
5617,7,Entire rental unit,2,4,,
5618,10,Entire rental unit,3,7,,
5619,8,Entire rental unit,4,9,,
5620,9,Entire rental unit,3,5,,
5621,6,Entire serviced apartment,4,8,,
5622,2,Entire rental unit,1,2,,
5623,8,Entire rental unit,2,4,,
5624,7,Entire rental unit,1,2,,
5625,10,Entire rental unit,2,4,,
5626,10,Entire rental unit,2,4,,
5627,10,Entire rental unit,2,3,,
5628,10,Entire rental unit,2,4,,
5629,1,Entire condo,2,2,,
5630,7,Entire rental unit,1,2,,
5631,7,Private room in hostel,1,1,,
5632,7,Private room in hostel,1,2,,
5633,7,Private room in hostel,1,3,,
5634,7,Private room in hostel,1,4,,
5635,7,Entire rental unit,1,2,,
5636,7,Entire rental unit,1,2,,
5637,7,Entire rental unit,2,2,,
5638,6,Entire rental unit,2,4,,
5639,1,Entire condo,1,2,,
5640,6,Entire rental unit,2,4,,
5641,32,Entire condo,2,5,,
5642,10,Entire rental unit,2,4,,
5643,11,Entire rental unit,2,4,,
5644,42,Entire villa,5,15,,
5645,18,Private room in rental unit,2,8,,
5646,42,Entire villa,8,15,,
5647,4,Entire rental unit,1,2,,
5648,1,Entire rental unit,2,2,,
5649,7,Entire rental unit,4,8,,
5650,1,Entire rental unit,1,4,,
5651,10,Entire rental unit,3,3,,
5652,18,Private room in rental unit,,1,,
5653,5,Entire rental unit,2,4,,
5654,16,Entire rental unit,3,4,,
5655,23,Private room in rental unit,2,2,,
5656,20,Private room in condo,,2,,
5657,6,Entire rental unit,1,2,,
5658,31,Entire loft,2,4,,
5659,24,Private room in rental unit,,2,,
5660,24,Private room in rental unit,,2,,
5661,19,Entire rental unit,1,2,,
5662,19,Entire rental unit,1,2,,
5663,21,Entire loft,,2,,
5664,64,Entire condo,1,4,,
5665,7,Private room in hostel,4,2,,
5666,7,Private room in hostel,4,4,,
5667,7,Private room in hostel,4,4,,
5668,7,Private room in hostel,1,2,,
5669,7,Private room in hostel,1,2,,
5670,7,Room in boutique hotel,1,2,,
5671,7,Private room in hostel,1,3,,
5672,24,Private room in rental unit,,2,,
5673,8,Entire rental unit,4,7,,
5674,6,Entire condo,3,4,,
5675,11,Entire rental unit,3,6,,
5676,5,Entire rental unit,3,6,,
5677,4,Entire condo,1,2,,
5678,7,Private room in hostel,1,2,,
5679,7,Private room in hostel,1,2,,
5680,7,Private room in hostel,1,3,,
5681,8,Entire condo,1,2,,
5682,2,Entire rental unit,4,8,,
5683,2,Private room in hostel,1,1,,
5684,2,Private room in hostel,1,2,,
5685,2,Private room in hostel,1,2,,
5686,2,Private room in hostel,1,3,,
5687,1,Entire serviced apartment,2,3,,
5688,11,Entire rental unit,2,5,,
5689,7,Room in hotel,,1,,
5690,24,Entire rental unit,1,2,,
5691,7,Room in hotel,,2,,
5692,31,Entire rental unit,2,4,,
5693,2,Entire rental unit,2,3,,
5694,7,Room in boutique hotel,,3,,
5695,7,Room in boutique hotel,,4,,
5696,7,Room in boutique hotel,,4,,
5697,7,Room in boutique hotel,1,2,,
5698,11,Entire serviced apartment,4,6,,
5699,8,Entire rental unit,3,6,,
5700,5,Entire condo,2,3,,
5701,2,Entire rental unit,2,4,,
5702,7,Entire rental unit,1,2,,
5703,18,Private room in rental unit,,1,,
5704,8,Entire rental unit,2,4,,
5705,11,Entire rental unit,1,2,,
5706,31,Entire rental unit,1,4,,
5707,4,Entire rental unit,2,4,,
5708,69,Entire condo,1,2,,
5709,7,Entire rental unit,2,5,,
5710,31,Entire rental unit,2,3,,
5711,68,Entire condo,2,4,,
5712,69,Entire rental unit,2,4,,
5713,2,Entire rental unit,1,4,,
5714,7,Entire rental unit,2,4,,
5715,68,Entire rental unit,3,3,,
5716,7,Entire rental unit,3,6,,
5717,6,Entire rental unit,2,5,,
5718,17,Entire rental unit,2,2,,
5719,6,Entire rental unit,2,6,,
5720,31,Entire rental unit,2,4,,
5721,4,Entire rental unit,2,3,,
5722,9,Entire rental unit,2,6,,
5723,2,Entire rental unit,1,4,,
5724,14,Private room in rental unit,,2,,
5725,8,Entire rental unit,3,7,,
5726,11,Entire rental unit,3,7,,
5727,8,Entire rental unit,2,3,,
5728,26,Entire rental unit,2,4,,
5729,26,Private room in hostel,3,5,,
5730,17,Entire rental unit,2,4,,
5731,7,Entire condo,1,2,,
5732,31,Entire rental unit,1,2,,
5733,2,Private room in rental unit,,2,,
5734,7,Entire rental unit,4,8,,
5735,7,Entire rental unit,5,10,,
5736,6,Entire condo,3,6,,
5737,32,Entire serviced apartment,2,3,,
5738,31,Entire rental unit,3,7,,
5739,7,Room in hotel,1,3,,
5740,10,Entire rental unit,2,6,,
5741,68,Private room in rental unit,,2,,
5742,8,Entire rental unit,4,10,,
5743,1,Entire rental unit,3,4,,
5744,8,Entire rental unit,1,2,,
5745,8,Entire rental unit,3,6,,
5746,2,Entire rental unit,2,4,,
5747,6,Entire rental unit,2,4,,
5748,26,Entire rental unit,2,4,,
5749,5,Entire rental unit,3,5,,
5750,5,Entire rental unit,3,5,,
5751,6,Entire rental unit,3,5,,
5752,5,Entire rental unit,3,5,,
5753,6,Entire rental unit,3,5,,
5754,9,Entire rental unit,3,10,,
5755,10,Entire loft,2,2,,
5756,22,Entire guesthouse,1,2,,
5757,1,Private room in rental unit,,2,,
5758,26,Entire condo,2,4,,
5759,4,Entire rental unit,2,4,,
5760,4,Entire rental unit,1,2,,
5761,2,Room in hotel,1,2,,
5762,35,Entire loft,2,4,,
5763,26,Entire rental unit,2,4,,
5764,7,Entire rental unit,1,2,,
5765,31,Entire rental unit,2,4,,
5766,31,Entire rental unit,3,5,,
5767,2,Entire rental unit,3,7,,
5768,31,Entire rental unit,3,4,,
5769,3,Entire loft,1,2,,
5770,7,Entire rental unit,,4,,
5771,7,Entire rental unit,2,4,,
5772,7,Entire rental unit,2,4,,
5773,1,Entire rental unit,,2,,
5774,1,Entire rental unit,2,4,,
5775,7,Entire rental unit,4,10,,
5776,31,Entire rental unit,3,5,,
5777,9,Entire rental unit,4,7,,
5778,10,Entire rental unit,4,7,,
5779,1,Entire rental unit,4,6,,
5780,31,Entire rental unit,2,3,,
5781,7,Entire serviced apartment,2,4,,
5782,3,Entire rental unit,2,4,,
5783,31,Entire rental unit,1,3,,
5784,66,Entire rental unit,1,2,,
5785,26,Entire rental unit,2,4,,
5786,4,Private room in rental unit,1,2,,
5787,1,Entire rental unit,2,3,,
5788,19,Entire rental unit,1,2,,
5789,33,Entire condo,3,4,,
5790,2,Private room in rental unit,,2,,
5791,3,Entire rental unit,2,3,,
5792,9,Entire condo,3,5,,
5793,31,Entire rental unit,2,5,,
5794,2,Entire rental unit,2,4,,
5795,11,Private room in rental unit,,2,,
5796,8,Entire rental unit,3,6,,
5797,1,Entire condo,1,2,,
5798,19,Entire rental unit,3,6,,
5799,31,Entire rental unit,2,5,,
5800,1,Entire rental unit,,2,,
5801,7,Entire rental unit,2,3,,
5802,1,Private room in casa particular,,2,,
5803,8,Entire rental unit,1,2,,
5804,9,Entire rental unit,3,6,,
5805,7,Entire rental unit,2,4,,
5806,7,Room in boutique hotel,1,2,,
5807,2,Room in hotel,,2,,
5808,2,Room in hotel,1,2,,
5809,2,Room in hotel,1,2,,
5810,2,Room in hotel,,3,,
5811,7,Entire rental unit,3,10,,
5812,1,Room in hotel,,2,,
5813,7,Room in hotel,1,2,,
5814,1,Room in hotel,,5,,
5815,6,Entire rental unit,3,5,,
5816,1,Room in hotel,1,4,,
5817,1,Room in hotel,,3,,
5818,1,Room in hotel,,2,,
5819,7,Entire rental unit,2,4,,
5820,4,Room in hotel,,2,,
5821,4,Room in hotel,,2,,
5822,4,Room in hotel,,3,,
5823,4,Room in hotel,,2,,
5824,7,Room in boutique hotel,1,2,,
5825,7,Room in boutique hotel,1,2,,
5826,4,Room in boutique hotel,1,3,,
5827,4,Room in boutique hotel,1,2,,
5828,7,Room in boutique hotel,1,3,,
5829,7,Room in boutique hotel,1,3,,
5830,1,Entire condo,2,3,,
5831,6,Entire rental unit,4,4,,
5832,10,Entire rental unit,3,6,,
5833,2,Room in hotel,1,2,,
5834,2,Room in hotel,,3,,
5835,2,Room in hotel,,2,,
5836,7,Room in hotel,1,3,,
5837,7,Room in hotel,1,2,,
5838,7,Room in hotel,1,4,,
5839,64,Room in hotel,,2,,
5840,7,Entire rental unit,2,4,,
5841,7,Room in hotel,,2,,
5842,7,Room in hotel,,3,,
5843,7,Room in hotel,,2,,
5844,2,Room in hotel,,2,,
5845,2,Room in hotel,,3,,
5846,2,Room in hotel,,4,,
5847,2,Room in hotel,,2,,
5848,2,Room in hotel,,3,,
5849,7,Entire rental unit,3,6,,
5850,2,Room in hotel,,3,,
5851,2,Room in hotel,,2,,
5852,2,Room in hotel,,2,,
5853,1,Private room in rental unit,,2,,
5854,1,Tiny home,1,1,,
5855,3,Entire rental unit,1,2,,
5856,26,Entire condo,4,8,,
5857,2,Room in hotel,,2,,
5858,28,Room in hotel,1,2,,
5859,7,Room in hotel,,2,,
5860,8,Room in hotel,,4,,
5861,7,Room in hotel,,4,,
5862,65,Room in hotel,1,2,,
5863,64,Room in hotel,1,3,,
5864,15,Room in hotel,,2,,
5865,15,Room in hotel,,3,,
5866,15,Room in hotel,,2,,
5867,15,Room in hotel,,2,,
5868,7,Entire rental unit,2,4,,
5869,10,Room in hotel,,2,,
5870,10,Room in hotel,,2,,
5871,10,Room in hotel,,4,,
5872,10,Room in hotel,,2,,
5873,7,Room in hotel,,2,,
5874,7,Room in hotel,,3,,
5875,7,Room in hotel,,2,,
5876,7,Room in hotel,,2,,
5877,2,Private room in condo,,2,,
5878,15,Room in hotel,1,2,,
5879,5,Entire rental unit,3,6,,
5880,6,Entire rental unit,3,5,,
5881,6,Entire rental unit,3,5,,
5882,5,Entire rental unit,2,4,,
5883,31,Entire rental unit,2,5,,
5884,6,Entire rental unit,3,6,,
5885,69,Entire rental unit,2,3,,
5886,7,Room in hotel,1,2,,
5887,7,Room in hotel,1,2,,
5888,7,Room in hotel,1,2,,
5889,7,Room in hotel,1,2,,
5890,7,Room in hotel,1,4,,
5891,7,Room in hotel,1,2,,
5892,64,Room in hotel,,3,,
5893,2,Room in hotel,,3,,
5894,21,Entire rental unit,1,8,,
5895,10,Entire rental unit,2,4,,
5896,5,Entire serviced apartment,1,4,,
5897,29,Entire condo,2,4,,
5898,7,Room in boutique hotel,1,2,,
5899,68,Entire rental unit,2,4,,
5900,7,Entire rental unit,5,13,,
5901,10,Entire rental unit,2,5,,
5902,6,Entire rental unit,3,5,,
5903,7,Private room in hostel,1,2,,
5904,3,Entire rental unit,1,2,,
5905,4,Entire rental unit,1,2,,
5906,7,Private room in hostel,1,3,,
5907,11,Entire rental unit,2,4,,
5908,7,Entire rental unit,2,5,,
5909,4,Entire rental unit,3,5,,
5910,8,Entire rental unit,3,5,,
5911,8,Entire rental unit,1,3,,
5912,8,Entire rental unit,4,8,,
5913,8,Entire condo,2,5,,
5914,7,Entire rental unit,3,6,,
5915,10,Entire rental unit,1,4,,
5916,7,Entire rental unit,1,3,,
5917,2,Entire rental unit,2,3,,
5918,2,Entire rental unit,1,2,,
5919,5,Entire rental unit,3,5,,
5920,4,Entire rental unit,1,3,,
5921,1,Private room in rental unit,,1,,
5922,7,Entire rental unit,4,8,,
5923,30,Entire rental unit,3,5,,
5924,2,Entire rental unit,2,7,,
5925,7,Private room in rental unit,1,3,,
5926,2,Entire rental unit,2,4,,
5927,5,Entire rental unit,3,5,,
5928,8,Entire rental unit,3,6,,
5929,68,Entire rental unit,3,8,,
5930,7,Entire rental unit,5,10,,
5931,4,Entire rental unit,2,4,,
5932,11,Private room in rental unit,,1,,
5933,31,Entire serviced apartment,3,6,,
5934,11,Entire rental unit,2,4,,
5935,32,Entire condo,2,5,,
5936,1,Room in boutique hotel,2,4,,
5937,18,Room in hotel,1,2,,
5938,18,Room in hotel,1,3,,
5939,3,Entire serviced apartment,1,3,,
5940,7,Entire rental unit,3,8,,
5941,7,Entire rental unit,1,2,,
5942,7,Entire rental unit,2,4,,
5943,7,Entire rental unit,5,10,,
5944,1,Private room in hostel,1,2,,
5945,1,Private room in hostel,1,2,,
5946,1,Private room in hostel,1,2,,
5947,1,Private room in hostel,1,2,,
5948,1,Private room in hostel,1,2,,
5949,1,Private room in hostel,1,2,,
5950,1,Private room in hostel,1,1,,
5951,10,Private room in rental unit,,1,,
5952,2,Entire rental unit,3,6,,
5953,7,Entire rental unit,2,4,,
5954,7,Entire rental unit,3,6,,
5955,10,Room in hotel,1,2,,
5956,8,Entire rental unit,2,4,,
5957,7,Room in hotel,,2,,
5958,21,Room in boutique hotel,1,2,,
5959,21,Room in boutique hotel,1,2,,
5960,23,Room in boutique hotel,1,3,,
5961,23,Room in boutique hotel,1,2,,
5962,23,Room in boutique hotel,1,2,,
5963,26,Entire rental unit,2,4,,
5964,11,Entire loft,2,6,,
5965,31,Entire serviced apartment,2,4,,
5966,7,Entire rental unit,2,4,,
5967,31,Entire serviced apartment,3,6,,
5968,31,Entire serviced apartment,2,4,,
5969,31,Entire serviced apartment,3,6,,
5970,31,Entire serviced apartment,2,4,,
5971,31,Entire serviced apartment,3,6,,
5972,31,Entire serviced apartment,2,4,,
5973,7,Private room in hostel,1,2,,
5974,7,Private room in hostel,1,3,,
5975,7,Private room in hostel,1,3,,
5976,7,Private room in hostel,2,4,,
5977,7,Room in boutique hotel,1,2,,
5978,7,Room in hotel,1,2,,
5979,7,Room in hotel,1,2,,
5980,7,Room in boutique hotel,1,2,,
5981,7,Room in hotel,1,2,,
5982,37,Private room in casa particular,,2,,
5983,7,Room in hotel,1,2,,
5984,8,Room in hotel,1,2,,
5985,8,Room in hotel,2,4,,
5986,7,Room in hotel,1,2,,
5987,7,Room in hotel,1,4,,
5988,7,Room in hotel,1,1,,
5989,7,Room in boutique hotel,1,2,,
5990,7,Room in hotel,1,1,,
5991,7,Room in hotel,1,2,,
5992,7,Room in hotel,1,2,,
5993,7,Room in hotel,1,3,,
5994,32,Entire rental unit,2,4,,
5995,32,Entire rental unit,2,5,,
5996,32,Entire rental unit,2,5,,
5997,32,Entire rental unit,2,5,,
5998,32,Entire rental unit,2,4,,
5999,4,Private room in rental unit,1,1,,
6000,26,Private room in rental unit,,2,,
6001,26,Private room in rental unit,,1,,
6002,8,Entire rental unit,3,6,,
6003,26,Private room in rental unit,,1,,
6004,8,Room in hotel,1,2,,
6005,5,Entire condo,3,7,,
6006,31,Entire rental unit,3,6,,
6007,26,Private room in rental unit,,1,,
6008,26,Private room in rental unit,,1,,
6009,26,Private room in rental unit,,1,,
6010,26,Private room in rental unit,,2,,
6011,31,Private room in rental unit,,2,,
6012,31,Private room in rental unit,,1,,
6013,31,Private room in rental unit,,1,,
6014,31,Shared room in rental unit,1,2,,
6015,31,Private room in rental unit,,1,,
6016,31,Private room in rental unit,,1,,
6017,31,Private room in rental unit,,1,,
6018,4,Room in boutique hotel,1,3,,
6019,4,Room in boutique hotel,1,3,,
6020,31,Private room in rental unit,,1,,
6021,31,Private room in rental unit,,1,,
6022,1,Private room in rental unit,,1,,
6023,2,Private room in rental unit,,1,,
6024,8,Entire rental unit,1,2,,
6025,1,Private room in rental unit,1,1,,
6026,1,Private room in rental unit,,2,,
6027,1,Private room in rental unit,,1,,
6028,2,Private room in rental unit,,1,,
6029,60,Private room in rental unit,,2,,
6030,1,Private room in rental unit,,1,,
6031,2,Private room in rental unit,,1,,
6032,2,Private room in rental unit,,2,,
6033,1,Private room in rental unit,,1,,
6034,2,Private room in rental unit,,1,,
6035,2,Private room in rental unit,,1,,
6036,2,Shared room in rental unit,1,2,,
6037,5,Private room in rental unit,,1,,
6038,5,Private room in rental unit,,1,,
6039,7,Private room in rental unit,,2,,
6040,5,Private room in rental unit,,1,,
6041,7,Private room in rental unit,,1,,
6042,31,Entire rental unit,2,4,,
6043,11,Entire loft,,2,,
6044,27,Entire rental unit,1,2,,
6045,27,Entire rental unit,3,5,,
6046,27,Entire rental unit,3,5,,
6047,31,Private room in condo,,2,,
6048,27,Entire rental unit,2,4,,
6049,27,Entire rental unit,3,5,,
6050,27,Entire rental unit,2,4,,
6051,7,Room in hotel,,2,,
6052,27,Entire rental unit,3,5,,
6053,7,Room in hotel,,2,,
6054,7,Room in hotel,,2,,
6055,7,Room in hotel,,3,,
6056,27,Entire rental unit,3,5,,
6057,7,Entire rental unit,1,2,,
6058,6,Entire rental unit,2,4,,
6059,5,Entire rental unit,3,5,,
6060,27,Entire rental unit,3,5,,
6061,7,Entire rental unit,1,2,,
6062,27,Entire rental unit,3,5,,
6063,7,Entire rental unit,1,2,,
6064,27,Entire rental unit,2,4,,
6065,27,Entire rental unit,2,5,,
6066,7,Entire rental unit,1,2,,
6067,7,Entire rental unit,1,2,,
6068,7,Entire rental unit,1,2,,
6069,1,Entire condo,2,3,,
6070,8,Entire rental unit,3,6,,
6071,8,Entire rental unit,2,4,,
6072,7,Private room in rental unit,,1,,
6073,4,Entire loft,1,2,,
6074,7,Private room in rental unit,,1,,
6075,7,Private room in rental unit,,2,,
6076,7,Private room in rental unit,,1,,
6077,6,Private room in rental unit,,1,,
6078,6,Private room in rental unit,,1,,
6079,6,Private room in rental unit,,1,,
6080,10,Entire rental unit,4,7,,
6081,17,Private room in rental unit,,2,,
6082,2,Entire rental unit,3,5,,
6083,4,Entire rental unit,1,2,,
6084,7,Entire rental unit,5,14,,
6085,11,Entire rental unit,1,2,,
6086,6,Private room in rental unit,,1,,
6087,68,Entire rental unit,1,2,,
6088,9,Private room in rental unit,,2,,
6089,7,Entire rental unit,1,2,,
6090,33,Entire rental unit,4,6,,
6091,23,Entire villa,4,8,,
6092,10,Private room in rental unit,,1,,
6093,9,Private room in rental unit,,1,,
6094,9,Private room in rental unit,,1,,
6095,64,Entire rental unit,1,2,,
6096,7,Entire serviced apartment,2,4,,
6097,7,Entire rental unit,2,3,,
6098,11,Entire rental unit,3,6,,
6099,20,Entire rental unit,1,2,,
6100,3,Entire rental unit,1,2,,
6101,3,Entire rental unit,1,2,,
6102,3,Entire rental unit,1,2,,
6103,3,Entire rental unit,1,2,,
6104,8,Entire serviced apartment,2,4,,
6105,6,Entire rental unit,2,4,,
6106,17,Entire guesthouse,1,1,,
6107,39,Entire rental unit,3,3,,
6108,9,Entire loft,,2,,
6109,9,Private room in rental unit,,1,,
6110,9,Entire loft,,2,,
6111,1,Entire serviced apartment,3,6,,
6112,9,Private room in rental unit,,1,,
6113,9,Private room in rental unit,,1,,
6114,9,Private room in rental unit,,1,,
6115,9,Private room in rental unit,,2,,
6116,9,Private room in rental unit,,2,,
6117,10,Private room in rental unit,,1,,
6118,8,Entire rental unit,4,7,,
6119,10,Private room in rental unit,,1,,
6120,9,Private room in rental unit,,1,,
6121,9,Private room in rental unit,,1,,
6122,10,Private room in rental unit,,1,,
6123,10,Private room in rental unit,,1,,
6124,9,Private room in rental unit,,1,,
6125,17,Private room in rental unit,,2,,
6126,18,Private room in rental unit,,1,,
6127,18,Private room in rental unit,,1,,
6128,18,Private room in rental unit,,2,,
6129,17,Private room in rental unit,1,2,,
6130,5,Entire rental unit,3,6,,
6131,3,Entire rental unit,1,2,,
6132,3,Entire rental unit,1,2,,
6133,11,Entire rental unit,2,4,,
6134,2,Room in hotel,1,4,,
6135,7,Entire rental unit,2,3,,
6136,7,Entire rental unit,1,2,,
6137,8,Entire rental unit,2,5,,
6138,63,Entire rental unit,4,6,,
6139,4,Entire rental unit,2,6,,
6140,11,Entire rental unit,3,5,,
6141,4,Entire rental unit,3,8,,
6142,11,Entire rental unit,1,4,,
6143,7,Entire vacation home,2,5,,
6144,8,Entire rental unit,4,10,,
6145,3,Entire rental unit,1,2,,
6146,2,Room in hotel,1,4,,
6147,2,Room in hotel,1,3,,
6148,5,Entire rental unit,4,6,,
6149,64,Entire serviced apartment,1,2,,
6150,31,Entire rental unit,2,4,,
6151,26,Entire rental unit,2,4,,
6152,1,Room in hotel,1,2,,
6153,1,Room in hotel,,2,,
6154,2,Room in hotel,1,2,,
6155,1,Room in hotel,1,2,,
6156,2,Room in hotel,1,3,,
6157,2,Room in hotel,,4,,
6158,24,Room in hotel,1,2,,
6159,24,Room in hotel,1,2,,
6160,24,Room in hotel,1,3,,
6161,24,Room in hotel,1,4,,
6162,4,Entire serviced apartment,1,3,,
6163,7,Room in boutique hotel,1,4,,
6164,1,Room in boutique hotel,1,1,,
6165,1,Room in boutique hotel,1,2,,
6166,2,Room in boutique hotel,1,2,,
6167,2,Room in boutique hotel,1,2,,
6168,1,Room in boutique hotel,1,2,,
6169,62,Entire rental unit,3,6,,
6170,9,Entire rental unit,2,4,,
6171,2,Room in hotel,1,2,,
6172,13,Room in hotel,1,3,,
6173,5,Entire rental unit,4,7,,
6174,8,Entire rental unit,3,6,,
6175,31,Entire rental unit,1,2,,
6176,6,Entire rental unit,2,3,,
6177,7,Entire rental unit,2,4,,
6178,8,Entire rental unit,2,4,,
6179,7,Entire rental unit,2,4,,
6180,8,Entire rental unit,3,5,,
6181,32,Entire rental unit,2,4,,
6182,4,Entire rental unit,2,4,,
6183,10,Entire rental unit,2,4,,
6184,10,Entire rental unit,2,4,,
6185,4,Entire rental unit,3,6,,
6186,7,Entire rental unit,3,5,,
6187,7,Entire rental unit,1,2,,
6188,10,Entire rental unit,2,4,,
6189,31,Entire rental unit,1,3,,
6190,4,Entire rental unit,1,2,,
6191,31,Entire rental unit,1,2,,
6192,26,Entire rental unit,2,3,,
6193,8,Entire rental unit,3,5,,
6194,26,Entire rental unit,3,6,,
6195,8,Entire rental unit,3,6,,
6196,2,Entire rental unit,1,2,,
6197,3,Entire rental unit,1,2,,
6198,7,Room in hotel,1,2,,
6199,21,Room in hotel,1,1,,
6200,21,Room in hotel,1,3,,
6201,7,Room in hotel,1,2,,
6202,4,Room in hotel,1,2,,
6203,4,Room in hotel,1,2,,
6204,4,Entire rental unit,1,2,,
6205,9,Room in hotel,1,2,,
6206,9,Room in hotel,1,3,,
6207,9,Room in hotel,1,2,,
6208,9,Room in hotel,1,2,,
6209,7,Room in hotel,1,2,,
6210,7,Room in hotel,1,3,,
6211,7,Room in hotel,1,2,,
6212,1,Room in hotel,1,2,,
6213,1,Room in hotel,1,2,,
6214,1,Room in hotel,1,2,,
6215,9,Entire rental unit,4,8,,
6216,32,Private room in hostel,1,2,,
6217,32,Private room in hostel,1,2,,
6218,1,Private room in rental unit,2,4,,
6219,4,Private room in casa particular,,1,,
6220,17,Entire rental unit,2,5,,
6221,7,Entire rental unit,3,5,,
6222,9,Entire rental unit,3,4,,
6223,7,Entire serviced apartment,1,2,,
6224,10,Entire vacation home,1,3,,
6225,10,Entire vacation home,2,4,,
6226,10,Entire vacation home,3,5,,
6227,1,Entire rental unit,2,4,,
6228,1,Entire rental unit,3,6,,
6229,1,Entire rental unit,4,12,,
6230,1,Entire rental unit,2,4,,
6231,1,Entire rental unit,2,4,,
6232,1,Entire rental unit,1,2,,
6233,1,Entire rental unit,1,2,,
6234,1,Entire rental unit,2,4,,
6235,1,Entire rental unit,2,4,,
6236,1,Entire condo,2,3,,
6237,2,Room in hotel,1,2,,
6238,32,Entire rental unit,1,2,,
6239,8,Entire rental unit,3,7,,
6240,8,Entire rental unit,3,7,,
6241,8,Entire rental unit,3,5,,
6242,9,Entire rental unit,4,8,,
6243,5,Entire rental unit,3,5,,
6244,6,Entire rental unit,3,6,,
6245,6,Entire rental unit,3,6,,
6246,6,Entire rental unit,3,6,,
6247,6,Entire rental unit,3,4,,
6248,31,Entire rental unit,3,7,,
6249,31,Entire serviced apartment,3,7,,
6250,31,Entire serviced apartment,3,7,,
6251,19,Entire rental unit,2,4,,
6252,4,Entire rental unit,3,6,,
6253,7,Entire rental unit,2,4,,
6254,7,Entire rental unit,4,8,,
6255,7,Entire rental unit,5,10,,
6256,7,Entire rental unit,7,16,,
6257,10,Entire rental unit,3,6,,
6258,6,Entire rental unit,4,7,,
6259,1,Room in hotel,1,2,,
6260,1,Room in hotel,1,2,,
6261,8,Room in hotel,1,2,,
6262,6,Entire loft,1,2,,
6263,8,Entire rental unit,3,7,,
6264,8,Entire rental unit,3,7,,
6265,8,Entire rental unit,3,7,,
6266,9,Room in hotel,1,2,,
6267,9,Room in hotel,1,2,,
6268,9,Room in hotel,1,3,,
6269,3,Entire rental unit,2,2,,
6270,7,Entire rental unit,3,6,,
6271,34,Entire rental unit,3,7,,
6272,8,Entire rental unit,2,4,,
6273,32,Entire rental unit,1,3,,
6274,31,Entire rental unit,2,4,,
6275,9,Entire rental unit,1,2,,
6276,1,Private room in casa particular,,2,,
6277,31,Private room in hostel,,4,,
6278,31,Private room in hostel,1,6,,
6279,31,Private room in hostel,1,8,,
6280,1,Room in hotel,1,2,,
6281,18,Entire serviced apartment,2,4,,
6282,31,Private room in hostel,1,6,,
6283,1,Room in hotel,1,2,,
6284,1,Room in hotel,1,2,,
6285,1,Room in hotel,1,2,,
6286,1,Room in hotel,1,4,,
6287,1,Entire condo,1,2,,
6288,64,Private room in hostel,1,10,,
6289,64,Private room in hostel,,10,,
6290,64,Private room in hostel,,8,,
6291,64,Private room in hostel,,10,,
6292,20,Private room in rental unit,3,2,,
6293,7,Private room in rental unit,,2,,
6294,19,Entire rental unit,3,4,,
6295,64,Shared room in hostel,1,1,,
6296,64,Shared room in hostel,1,1,,
6297,64,Shared room in hostel,1,1,,
6298,64,Shared room in hostel,1,1,,
6299,64,Shared room in hostel,1,1,,
6300,64,Shared room in hostel,1,1,,
6301,64,Shared room in hostel,1,1,,
6302,64,Shared room in hostel,1,1,,
6303,64,Shared room in hostel,,1,,
6304,64,Shared room in hostel,1,1,,
6305,64,Private room in hostel,1,8,,
6306,8,Private room in hostel,1,10,,
6307,8,Private room in hostel,1,8,,
6308,8,Room in boutique hotel,1,12,,
6309,8,Private room in hostel,1,14,,
6310,8,Private room in hostel,1,6,,
6311,8,Private room in hostel,1,8,,
6312,8,Private room in hostel,1,10,,
6313,10,Entire rental unit,2,3,,
6314,7,Entire rental unit,1,2,,
6315,11,Entire serviced apartment,3,5,,
6316,1,Room in hotel,1,2,,
6317,7,Entire rental unit,1,2,,
6318,7,Entire rental unit,1,2,,
6319,3,Entire rental unit,1,2,,
6320,1,Room in hotel,1,1,,
6321,7,Entire rental unit,1,2,,
6322,2,Room in hotel,1,2,,
6323,7,Entire rental unit,1,2,,
6324,68,Entire condo,2,1,,
6325,3,Entire rental unit,1,2,,
6326,7,Entire rental unit,2,6,,
6327,2,Entire rental unit,2,5,,
6328,64,Entire rental unit,3,5,,
6329,31,Entire rental unit,1,2,,
6330,7,Entire rental unit,2,4,,
6331,26,Entire rental unit,3,6,,
6332,7,Entire rental unit,3,6,,
6333,31,Entire rental unit,2,6,,
6334,27,Entire rental unit,3,6,,
6335,26,Entire rental unit,2,4,,
6336,26,Entire rental unit,3,6,,
6337,15,Entire rental unit,2,2,,
6338,7,Entire rental unit,2,4,,
6339,9,Entire rental unit,1,3,,
6340,9,Entire rental unit,2,4,,
6341,9,Entire rental unit,2,4,,
6342,9,Entire rental unit,2,5,,
6343,9,Entire rental unit,2,5,,
6344,9,Entire rental unit,2,5,,
6345,7,Private room in hostel,1,4,,
6346,8,Entire rental unit,4,4,,
6347,11,Entire rental unit,2,4,,
6348,32,Entire rental unit,2,3,,
6349,31,Private room in rental unit,,1,,
6350,31,Private room in rental unit,,1,,
6351,31,Private room in rental unit,,1,,
6352,31,Private room in rental unit,,1,,
6353,31,Private room in rental unit,,1,,
6354,31,Private room in rental unit,,1,,
6355,31,Entire serviced apartment,1,2,,
6356,6,Entire rental unit,1,2,,
6357,31,Entire rental unit,2,4,,
6358,19,Entire loft,,2,,
6359,11,Entire rental unit,2,5,,
6360,7,Private room in hostel,1,4,,
6361,7,Private room in hostel,1,2,,
6362,1,Private room in rental unit,,2,,
6363,7,Private room in rental unit,1,3,,
6364,7,Private room in bed and breakfast,,2,,
6365,8,Private room in bed and breakfast,2,4,,
6366,7,Entire rental unit,3,7,,
6367,7,Private room in bed and breakfast,,2,,
6368,7,Private room in rental unit,1,4,,
6369,4,Entire rental unit,2,2,,
6370,4,Entire rental unit,2,2,,
6371,4,Entire rental unit,2,2,,
6372,4,Entire rental unit,2,2,,
6373,9,Entire rental unit,4,8,,
6374,8,Entire condo,1,3,,
6375,6,Entire rental unit,2,3,,
6376,31,Entire condo,2,4,,
6377,6,Entire rental unit,2,5,,
6378,35,Entire rental unit,1,3,,
6379,26,Entire serviced apartment,2,3,,
6380,26,Entire serviced apartment,2,2,,
6381,26,Entire serviced apartment,1,1,,
6382,26,Entire serviced apartment,1,2,,
6383,9,Entire rental unit,2,4,,
6384,9,Entire rental unit,3,8,,
6385,10,Entire serviced apartment,1,4,,
6386,10,Entire serviced apartment,3,5,,
6387,5,Entire rental unit,2,4,,
6388,7,Entire rental unit,2,5,,
6389,1,Entire serviced apartment,1,2,,
6390,1,Entire loft,1,3,,
6391,3,Entire rental unit,1,2,,
6392,20,Entire rental unit,3,6,,
6393,31,Entire rental unit,1,2,,
6394,7,Entire rental unit,2,4,,
6395,31,Entire rental unit,1,2,,
6396,9,Entire rental unit,2,4,,
6397,8,Entire rental unit,3,5,,
6398,7,Entire rental unit,2,4,,
6399,2,Entire vacation home,1,4,,
6400,7,Entire rental unit,2,4,,
6401,8,Entire rental unit,2,4,,
6402,7,Entire rental unit,1,2,,
6403,7,Entire rental unit,1,2,,
6404,7,Entire rental unit,2,4,,
6405,4,Entire rental unit,2,2,,
6406,2,Entire rental unit,3,6,,
6407,2,Entire rental unit,2,4,,
6408,7,Private room in rental unit,1,1,,
6409,61,Entire rental unit,3,4,,
6410,7,Private room in rental unit,,1,,
6411,7,Private room in rental unit,,1,,
6412,7,Private room in rental unit,,1,,
6413,7,Private room in rental unit,1,1,,
6414,7,Private room in rental unit,,1,,
6415,6,Entire serviced apartment,3,5,,
6416,67,Entire vacation home,2,3,,
6417,7,Private room in rental unit,,1,,
6418,7,Private room in rental unit,,1,,
6419,7,Private room in rental unit,,1,,
6420,7,Private room in rental unit,,1,,
6421,7,Private room in rental unit,,1,,
6422,8,Entire rental unit,2,4,,
6423,10,Private room in hostel,1,5,,
6424,1,Entire rental unit,2,2,,
6425,10,Entire rental unit,3,5,,
6426,8,Entire vacation home,2,4,,
6427,7,Entire rental unit,1,4,,
6428,7,Entire rental unit,3,5,,
6429,7,Entire rental unit,3,5,,
6430,8,Entire rental unit,3,6,,
6431,7,Entire rental unit,2,4,,
6432,7,Entire rental unit,4,8,,
6433,7,Entire rental unit,2,4,,
6434,7,Entire rental unit,2,4,,
6435,5,Entire rental unit,2,4,,
6436,1,Private room in rental unit,4,1,,
6437,1,Private room in rental unit,,1,,
6438,1,Private room in rental unit,4,1,,
6439,1,Private room in rental unit,4,1,,
6440,6,Entire rental unit,1,2,,
6441,31,Entire rental unit,2,3,,
6442,7,Entire rental unit,2,3,,
6443,7,Entire rental unit,1,2,,
6444,31,Entire rental unit,1,2,,
6445,7,Entire rental unit,2,5,,
6446,1,Entire rental unit,1,2,,
6447,7,Entire rental unit,1,3,,
6448,31,Entire rental unit,2,3,,
6449,31,Entire rental unit,2,4,,
6450,18,Entire serviced apartment,3,8,,
6451,18,Entire serviced apartment,3,8,,
6452,31,Entire rental unit,2,3,,
6453,4,Entire rental unit,3,6,,
6454,31,Entire rental unit,2,3,,
6455,32,Entire rental unit,4,8,,
6456,65,Private room in condo,,1,,
6457,4,Entire rental unit,1,3,,
6458,4,Entire rental unit,1,2,,
6459,4,Entire rental unit,,2,,
6460,11,Entire condo,2,4,,
6461,2,Entire rental unit,1,2,,
6462,9,Entire rental unit,2,4,,
6463,4,Entire loft,1,3,,
6464,31,Entire serviced apartment,2,3,,
6465,1,Entire rental unit,3,6,,
6466,1,Entire rental unit,2,4,,
6467,1,Entire rental unit,3,6,,
6468,1,Entire rental unit,2,4,,
6469,1,Entire rental unit,2,4,,
6470,5,Entire rental unit,3,5,,
6471,5,Entire rental unit,3,5,,
6472,11,Entire rental unit,2,3,,
6473,5,Entire rental unit,2,5,,
6474,11,Entire rental unit,1,2,,
6475,11,Private room in hostel,1,2,,
6476,11,Private room in hostel,1,3,,
6477,7,Entire serviced apartment,1,2,,
6478,9,Entire rental unit,4,3,,
6479,11,Private room in hostel,1,3,,
6480,11,Private room in hostel,1,2,,
6481,11,Entire rental unit,3,4,,
6482,15,Private room in hostel,1,2,,
6483,15,Private room in hostel,1,1,,
6484,1,Entire rental unit,2,4,,
6485,5,Entire rental unit,4,7,,
6486,7,Entire rental unit,2,3,,
6487,1,Entire rental unit,3,6,,
6488,1,Entire rental unit,2,4,,
6489,1,Entire rental unit,3,6,,
6490,1,Entire rental unit,2,4,,
6491,1,Entire rental unit,3,6,,
6492,8,Entire rental unit,3,5,,
6493,5,Entire rental unit,2,5,,
6494,5,Entire rental unit,3,5,,
6495,5,Entire rental unit,3,7,,
6496,5,Entire rental unit,2,4,,
6497,20,Entire rental unit,4,7,,
6498,11,Entire rental unit,2,4,,
6499,7,Entire rental unit,2,3,,
6500,8,Entire serviced apartment,2,3,,
6501,6,Entire condo,2,5,,
6502,6,Entire rental unit,2,4,,
6503,8,Entire serviced apartment,1,2,,
6504,8,Entire serviced apartment,2,3,,
6505,11,Entire vacation home,2,8,,
6506,10,Entire rental unit,2,4,,
6507,10,Entire rental unit,2,4,,
6508,68,Entire rental unit,2,2,,
6509,7,Private room in hostel,1,3,,
6510,24,Entire rental unit,1,2,,
6511,6,Entire rental unit,3,5,,
6512,6,Entire rental unit,3,5,,
6513,1,Private room in hostel,1,1,,
6514,1,Room in hotel,1,2,,
6515,1,Room in hotel,1,2,,
6516,1,Room in hotel,1,3,,
6517,1,Private room in hostel,1,4,,
6518,8,Entire rental unit,3,6,,
6519,7,Private room in rental unit,5,1,,
6520,11,Shared room in hostel,1,8,,
6521,29,Entire condo,2,6,,
6522,2,Entire rental unit,2,5,,
6523,11,Shared room in boutique hotel,1,6,,
6524,2,Entire rental unit,2,5,,
6525,5,Entire rental unit,3,6,,
6526,5,Entire rental unit,3,6,,
6527,11,Shared room in hostel,1,8,,
6528,31,Private room in rental unit,,1,,
6529,31,Private room in rental unit,,1,,
6530,27,Private room in rental unit,,1,,
6531,11,Shared room in hostel,1,8,,
6532,31,Private room in rental unit,,1,,
6533,31,Private room in rental unit,,1,,
6534,31,Private room in rental unit,,2,,
6535,31,Private room in rental unit,,1,,
6536,31,Private room in rental unit,,1,,
6537,31,Private room in rental unit,,1,,
6538,11,Entire rental unit,2,3,,
6539,6,Private room in casa particular,1,2,,
6540,14,Entire townhouse,3,6,,
6541,7,Entire rental unit,3,6,,
6542,8,Entire serviced apartment,2,3,,
6543,8,Entire serviced apartment,1,2,,
6544,8,Entire serviced apartment,2,3,,
6545,66,Entire rental unit,1,4,,
6546,8,Entire serviced apartment,1,2,,
6547,8,Entire serviced apartment,2,3,,
6548,8,Entire serviced apartment,1,2,,
6549,23,Private room in bed and breakfast,,1,,
6550,27,Entire rental unit,1,3,,
6551,6,Entire rental unit,3,5,,
6552,6,Entire rental unit,3,5,,
6553,6,Entire rental unit,3,5,,
6554,40,Entire rental unit,3,3,,
6555,7,Entire rental unit,4,10,,
6556,9,Entire rental unit,2,6,,
6557,8,Entire rental unit,2,6,,
6558,8,Entire rental unit,2,6,,
6559,10,Entire rental unit,3,6,,
6560,4,Private room in rental unit,,2,,
6561,31,Entire rental unit,1,2,,
6562,6,Entire rental unit,4,5,,
6563,10,Entire rental unit,2,4,,
6564,45,Entire rental unit,2,4,,
6565,44,Entire rental unit,2,4,,
6566,9,Entire rental unit,3,5,,
6567,5,Entire rental unit,2,2,,
6568,10,Private room in rental unit,,1,,
6569,1,Entire rental unit,2,3,,
6570,6,Entire rental unit,3,5,,
6571,7,Entire rental unit,1,2,,
6572,15,Entire rental unit,2,3,,
6573,7,Shared room in hostel,1,1,,
6574,7,Private room in hostel,1,2,,
6575,7,Shared room in hostel,1,1,,
6576,7,Private room in hostel,1,3,,
6577,7,Private room in hostel,1,2,,
6578,7,Private room in hostel,1,4,,
6579,7,Private room in hostel,1,1,,
6580,7,Private room in hostel,1,2,,
6581,9,Entire rental unit,3,5,,
6582,8,Entire rental unit,1,3,,
6583,64,Entire rental unit,1,2,,
6584,3,Entire rental unit,2,4,,
6585,2,Entire rental unit,2,3,,
6586,11,Private room,,1,,
6587,8,Entire rental unit,3,6,,
6588,13,Private room in condo,,1,,
6589,14,Private room in casa particular,,1,,
6590,8,Entire condo,1,4,,
6591,1,Entire rental unit,1,1,,
6592,64,Entire rental unit,2,4,,
6593,72,Entire rental unit,1,2,,
6594,1,Private room in rental unit,,2,,
6595,5,Entire rental unit,2,4,,
6596,7,Entire condo,4,8,,
6597,1,Entire rental unit,2,3,,
6598,1,Entire rental unit,2,3,,
6599,2,Private room in loft,,2,,
6600,6,Entire rental unit,2,5,,
6601,2,Entire rental unit,,2,,
6602,2,Private room in rental unit,1,2,,
6603,7,Shared room in hostel,1,8,,
6604,7,Shared room in hostel,1,4,,
6605,2,Entire condo,3,6,,
6606,7,Entire condo,1,2,,
6607,6,Entire condo,2,3,,
6608,8,Private room in rental unit,,1,,
6609,8,Entire rental unit,3,8,,
6610,7,Entire rental unit,5,12,,
6611,7,Entire rental unit,5,13,,
6612,7,Entire rental unit,3,9,,
6613,7,Entire rental unit,3,6,,
6614,7,Entire rental unit,2,5,,
6615,7,Entire rental unit,2,5,,
6616,7,Entire rental unit,3,3,,
6617,7,Entire rental unit,3,8,,
6618,35,Private room in rental unit,,1,,
6619,33,Entire condo,1,3,,
6620,31,Entire rental unit,2,3,,
6621,7,Entire condo,2,4,,
6622,7,Entire condo,1,3,,
6623,7,Entire condo,1,4,,
6624,27,Entire condo,3,5,,
6625,7,Entire rental unit,1,2,,
6626,26,Entire rental unit,2,4,,
6627,19,Entire rental unit,2,3,,
6628,7,Entire condo,1,4,,
6629,7,Entire condo,2,6,,
6630,7,Entire condo,3,5,,
6631,7,Entire condo,3,5,,
6632,7,Entire serviced apartment,1,2,,
6633,7,Entire condo,2,4,,
6634,7,Entire condo,2,4,,
6635,7,Entire rental unit,1,2,,
6636,7,Entire condo,1,4,,
6637,7,Entire condo,3,6,,
6638,8,Entire rental unit,2,2,,
6639,70,Entire serviced apartment,3,7,,
6640,7,Entire condo,1,4,,
6641,10,Entire rental unit,2,4,,
6642,8,Entire rental unit,3,6,,
6643,32,Entire condo,3,6,,
6644,18,Entire home,2,5,,
6645,7,Entire rental unit,1,2,,
6646,5,Entire condo,3,6,,
6647,6,Entire condo,3,6,,
6648,26,Entire condo,2,4,,
6649,25,Entire condo,2,3,,
6650,26,Entire condo,2,4,,
6651,27,Entire condo,2,4,,
6652,5,Entire rental unit,1,4,,
6653,3,Entire rental unit,1,2,,
6654,11,Entire rental unit,2,4,,
6655,26,Entire rental unit,3,4,,
6656,67,Entire rental unit,3,8,,
6657,31,Entire rental unit,2,3,,
6658,6,Entire rental unit,1,2,,
6659,31,Entire loft,1,2,,
6660,26,Room in hotel,1,1,,
6661,4,Entire rental unit,2,4,,
6662,4,Entire rental unit,3,6,,
6663,9,Entire vacation home,6,10,,
6664,26,Entire rental unit,1,2,,
6665,26,Room in hotel,1,2,,
6666,31,Room in hotel,1,2,,
6667,31,Entire rental unit,1,2,,
6668,19,Entire rental unit,2,3,,
6669,6,Entire rental unit,1,3,,
6670,3,Entire rental unit,1,2,,
6671,9,Entire rental unit,4,5,,
6672,31,Entire rental unit,1,2,,
6673,68,Entire rental unit,1,4,,
6674,31,Entire rental unit,1,2,,
6675,31,Entire rental unit,2,3,,
6676,31,Entire rental unit,1,2,,
6677,2,Entire serviced apartment,2,3,,
6678,10,Entire rental unit,3,5,,
6679,4,Private room in rental unit,,1,,
6680,1,Entire rental unit,3,8,,
6681,26,Entire rental unit,1,2,,
6682,5,Entire rental unit,3,6,,
6683,66,Entire rental unit,2,4,,
6684,31,Entire rental unit,3,5,,
6685,6,Entire rental unit,3,5,,
6686,8,Entire rental unit,2,3,,
6687,7,Entire rental unit,3,5,,
6688,4,Entire rental unit,3,5,,
6689,9,Entire rental unit,4,4,,
6690,66,Entire rental unit,2,4,,
6691,66,Entire rental unit,3,4,,
6692,7,Entire vacation home,1,2,,
6693,2,Entire rental unit,4,5,,
6694,26,Private room in hostel,1,1,,
6695,26,Private room in hostel,1,2,,
6696,26,Private room in hostel,1,1,,
6697,26,Private room in hostel,1,2,,
6698,1,Private room in rental unit,,2,,
6699,2,Entire rental unit,1,2,,
6700,6,Entire rental unit,2,5,,
6701,3,Entire rental unit,1,2,,
6702,18,Entire rental unit,3,4,,
6703,1,Entire rental unit,2,4,,
6704,4,Entire rental unit,1,2,,
6705,33,Entire condo,2,3,,
6706,69,Entire rental unit,2,4,,
6707,31,Entire rental unit,3,5,,
6708,7,Entire rental unit,2,3,,
6709,20,Entire rental unit,4,7,,
6710,1,Private room in hostel,1,3,,
6711,1,Private room in hostel,1,1,,
6712,1,Private room in hostel,1,2,,
6713,73,Entire rental unit,3,5,,
6714,1,Private room in hostel,1,2,,
6715,2,Private room in hostel,1,2,,
6716,1,Private room in hostel,1,2,,
6717,62,Entire rental unit,2,7,,
6718,2,Private room in rental unit,1,2,,
6719,2,Entire rental unit,2,3,,
6720,2,Entire rental unit,2,3,,
6721,2,Private room in rental unit,1,2,,
6722,2,Entire rental unit,2,3,,
6723,44,Entire loft,1,2,,
6724,35,Entire rental unit,2,5,,
6725,5,Entire rental unit,3,6,,
6726,2,Private room in loft,,2,,
6727,2,Private room in loft,,2,,
6728,68,Entire rental unit,2,4,,
6729,26,Entire rental unit,1,2,,
6730,26,Entire rental unit,1,2,,
6731,26,Entire rental unit,1,2,,
6732,68,Entire rental unit,3,4,,
6733,6,Entire rental unit,4,4,,
6734,7,Entire serviced apartment,2,3,,
6735,7,Entire serviced apartment,1,3,,
6736,45,Entire rental unit,2,3,,
6737,3,Entire rental unit,2,3,,
6738,26,Entire rental unit,2,4,,
6739,53,Private room in rental unit,,2,,
6740,19,Entire rental unit,3,4,,
6741,67,Boat,2,4,,
6742,35,Entire rental unit,2,5,,
6743,19,Entire rental unit,2,4,,
6744,68,Private room in rental unit,,1,,
6745,60,Private room in rental unit,,2,,
6746,1,Room in boutique hotel,1,2,,
6747,19,Entire rental unit,2,4,,
6748,8,Entire rental unit,4,7,,
6749,10,Entire rental unit,3,3,,
6750,7,Entire rental unit,2,4,,
6751,32,Entire rental unit,2,4,,
6752,18,Entire rental unit,2,4,,
6753,10,Room in boutique hotel,1,4,,
6754,7,Entire serviced apartment,2,3,,
6755,4,Entire rental unit,1,2,,
6756,3,Entire rental unit,,2,,
6757,7,Entire rental unit,1,2,,
6758,31,Entire rental unit,2,4,,
6759,48,Entire rental unit,4,4,,
6760,7,Entire rental unit,2,3,,
6761,7,Entire rental unit,2,3,,
6762,7,Entire rental unit,2,3,,
6763,7,Entire rental unit,2,3,,
6764,6,Entire rental unit,3,5,,
6765,5,Entire rental unit,2,4,,
6766,7,Entire rental unit,2,4,,
6767,7,Entire rental unit,3,6,,
6768,7,Entire rental unit,2,4,,
6769,10,Entire rental unit,1,5,,
6770,7,Entire serviced apartment,2,5,,
6771,7,Entire serviced apartment,2,5,,
6772,7,Entire rental unit,2,3,,
6773,4,Entire rental unit,1,2,,
6774,32,Entire rental unit,2,5,,
6775,43,Private room in rental unit,,1,,
6776,70,Entire rental unit,3,5,,
6777,31,Entire rental unit,3,5,,
6778,2,Entire rental unit,4,8,,
6779,7,Entire rental unit,1,4,,
6780,10,Entire rental unit,2,4,,
6781,1,Entire rental unit,2,4,,
6782,44,Entire rental unit,3,3,,
6783,70,Entire rental unit,3,4,,
6784,18,Private room in rental unit,1,2,,
6785,11,Entire rental unit,2,4,,
6786,8,Entire serviced apartment,2,4,,
6787,6,Entire serviced apartment,4,10,,
6788,6,Entire serviced apartment,3,8,,
6789,3,Entire rental unit,1,2,,
6790,6,Entire rental unit,2,6,,
6791,1,Entire rental unit,1,2,,
6792,3,Entire rental unit,1,2,,
6793,67,Entire rental unit,2,4,,
6794,27,Entire rental unit,3,7,,
6795,16,Private room in condo,,2,,
6796,2,Entire rental unit,2,5,,
6797,1,Entire rental unit,2,3,,
6798,7,Entire rental unit,4,10,,
6799,6,Entire rental unit,3,5,,
6800,10,Entire rental unit,2,6,,
6801,66,Private room in rental unit,,3,,
6802,7,Entire rental unit,7,15,,
6803,7,Entire rental unit,4,7,,
6804,5,Entire rental unit,2,6,,
6805,8,Entire rental unit,3,5,,
6806,7,Entire rental unit,3,6,,
6807,64,Entire rental unit,4,6,,
6808,10,Entire rental unit,2,4,,
6809,7,Entire rental unit,1,2,,
6810,5,Entire rental unit,4,7,,
6811,14,Entire rental unit,2,4,,
6812,6,Private room in rental unit,2,1,,
6813,9,Entire rental unit,2,4,,
6814,22,Private room in chalet,,2,,
6815,32,Entire rental unit,2,4,,
6816,9,Entire rental unit,2,4,,
6817,11,Room in boutique hotel,1,2,,
6818,66,Entire rental unit,1,4,,
6819,35,Entire rental unit,2,5,,
6820,7,Entire rental unit,4,6,,
6821,4,Entire rental unit,2,3,,
6822,10,Entire rental unit,2,2,,
6823,22,Private room in serviced apartment,1,2,,
6824,1,Entire rental unit,2,3,,
6825,31,Entire rental unit,2,4,,
6826,7,Entire rental unit,3,5,,
6827,34,Entire rental unit,2,6,,
6828,9,Entire condo,2,3,,
6829,15,Entire condo,2,4,,
6830,4,Entire loft,1,2,,
6831,2,Entire rental unit,,4,,
6832,8,Entire rental unit,3,5,,
6833,31,Entire rental unit,3,5,,
6834,4,Private room in hostel,1,2,,
6835,1,Entire rental unit,2,3,,
6836,31,Entire rental unit,1,3,,
6837,10,Entire rental unit,3,5,,
6838,10,Entire rental unit,3,5,,
6839,10,Entire rental unit,2,4,,
6840,10,Entire rental unit,3,5,,
6841,10,Entire rental unit,3,5,,
6842,10,Entire rental unit,2,5,,
6843,10,Entire rental unit,3,5,,
6844,15,Entire rental unit,2,5,,
6845,7,Entire rental unit,1,4,,
6846,31,Entire rental unit,1,2,,
6847,10,Entire rental unit,3,5,,
6848,15,Entire rental unit,1,2,,
6849,69,Camper/RV,1,2,,
6850,3,Entire rental unit,2,3,,
6851,10,Entire rental unit,3,6,,
6852,10,Entire rental unit,2,3,,
6853,9,Entire rental unit,2,4,,
6854,41,Private room in home,,2,,
6855,9,Entire rental unit,3,5,,
6856,10,Entire rental unit,2,3,,
6857,10,Entire rental unit,3,3,,
6858,10,Entire rental unit,2,4,,
6859,10,Entire rental unit,2,5,,
6860,10,Entire rental unit,2,5,,
6861,10,Entire rental unit,3,5,,
6862,1,Entire rental unit,2,4,,
6863,2,Entire rental unit,1,2,,
6864,2,Entire rental unit,1,2,,
6865,61,Entire rental unit,1,2,,
6866,11,Entire rental unit,2,4,,
6867,19,Private room in rental unit,,2,,
6868,10,Entire rental unit,2,3,,
6869,6,Entire rental unit,2,3,,
6870,34,Private room in casa particular,1,2,,
6871,4,Entire rental unit,2,4,,
6872,1,Private room in rental unit,,1,,
6873,4,Private room in hostel,1,4,,
6874,8,Entire rental unit,2,4,,
6875,17,Entire rental unit,2,6,,
6876,65,Entire condo,2,5,,
6877,7,Entire rental unit,1,2,,
6878,7,Entire rental unit,2,4,,
6879,18,Entire rental unit,4,5,,
6880,31,Entire rental unit,2,4,,
6881,68,Entire rental unit,3,6,,
6882,4,Entire rental unit,,2,,
6883,4,Private room in hostel,1,3,,
6884,4,Private room in hostel,1,2,,
6885,10,Entire rental unit,2,4,,
6886,10,Entire rental unit,3,5,,
6887,10,Entire rental unit,2,4,,
6888,10,Entire rental unit,3,5,,
6889,5,Entire rental unit,2,4,,
6890,26,Entire rental unit,1,2,,
6891,26,Entire rental unit,1,2,,
6892,26,Entire rental unit,1,2,,
6893,26,Entire rental unit,1,2,,
6894,26,Entire rental unit,1,2,,
6895,11,Entire rental unit,2,4,,
6896,10,Entire rental unit,3,6,,
6897,25,Entire condo,1,3,,
6898,31,Private room in rental unit,,1,,
6899,2,Private room in rental unit,,1,,
6900,7,Entire rental unit,2,4,,
6901,2,Private room in rental unit,,1,,
6902,5,Entire rental unit,3,6,,
6903,4,Entire rental unit,2,4,,
6904,7,Entire rental unit,5,12,,
6905,67,Entire rental unit,3,6,,
6906,19,Entire loft,1,2,,
6907,11,Room in boutique hotel,1,2,,
6908,4,Entire rental unit,1,2,,
6909,4,Entire rental unit,1,2,,
6910,4,Entire rental unit,1,2,,
6911,4,Entire rental unit,1,2,,
6912,30,Entire rental unit,2,3,,
6913,7,Private room in rental unit,,1,,
6914,17,Entire rental unit,3,5,,
6915,7,Entire serviced apartment,1,2,,
6916,65,Entire rental unit,2,5,,
6917,31,Entire rental unit,1,2,,
6918,9,Private room in rental unit,1,2,,
6919,4,Entire serviced apartment,2,3,,
6920,1,Entire rental unit,1,2,,
6921,10,Entire rental unit,2,3,,
6922,10,Entire rental unit,3,4,,
6923,66,Entire rental unit,3,4,,
6924,69,Entire rental unit,2,6,,
6925,6,Entire rental unit,2,4,,
6926,1,Entire rental unit,2,4,,
6927,11,Entire vacation home,3,6,,
6928,5,Entire rental unit,3,6,,
6929,24,Entire rental unit,2,3,,
6930,59,Entire rental unit,1,2,,
6931,7,Entire rental unit,1,3,,
6932,7,Entire rental unit,2,6,,
6933,7,Entire rental unit,1,3,,
6934,7,Entire rental unit,2,6,,
6935,18,Private room in rental unit,,1,,
6936,31,Entire rental unit,2,3,,
6937,31,Entire rental unit,2,3,,
6938,31,Entire rental unit,2,3,,
6939,8,Entire rental unit,2,3,,
6940,7,Entire rental unit,3,5,,
6941,10,Entire rental unit,2,4,,
6942,67,Entire rental unit,3,6,,
6943,11,Entire rental unit,2,4,,
6944,7,Entire rental unit,2,6,,
6945,7,Entire rental unit,2,6,,
6946,7,Entire rental unit,2,6,,
6947,6,Entire rental unit,3,6,,
6948,2,Private room in loft,,2,,
6949,2,Entire rental unit,2,3,,
6950,11,Entire rental unit,2,4,,
6951,9,Entire rental unit,2,3,,
6952,5,Entire rental unit,4,8,,
6953,18,Entire rental unit,3,6,,
6954,31,Entire rental unit,2,3,,
6955,8,Entire rental unit,1,2,,
6956,3,Entire rental unit,3,4,,
6957,6,Entire rental unit,2,3,,
6958,18,Entire rental unit,1,2,,
6959,9,Entire rental unit,2,2,,
6960,8,Entire rental unit,2,3,,
6961,71,Private room in bed and breakfast,,2,,
6962,53,Private room in rental unit,,2,,
6963,7,Entire condo,4,8,,
6964,7,Entire rental unit,2,4,,
6965,17,Entire loft,1,2,,
6966,32,Private room in rental unit,1,1,,
6967,23,Entire rental unit,2,4,,
6968,6,Entire rental unit,2,4,,
6969,5,Entire rental unit,3,5,,
6970,19,Entire rental unit,1,2,,
6971,7,Private room in rental unit,,2,,
6972,7,Entire rental unit,5,10,,
6973,7,Private room in rental unit,,2,,
6974,19,Private room in rental unit,1,2,,
6975,11,Entire condo,4,6,,
6976,35,Private room in condo,1,1,,
6977,26,Private room in rental unit,,1,,
6978,1,Entire serviced apartment,2,3,,
6979,11,Entire rental unit,2,4,,
6980,6,Entire rental unit,3,6,,
6981,9,Private room in rental unit,1,2,,
6982,18,Private room in rental unit,,2,,
6983,66,Entire rental unit,2,4,,
6984,32,Entire rental unit,3,5,,
6985,7,Private room in rental unit,,1,,
6986,32,Entire rental unit,3,5,,
6987,7,Private room in rental unit,5,1,,
6988,7,Private room in rental unit,1,1,,
6989,7,Private room in rental unit,,1,,
6990,2,Entire condo,2,4,,
6991,7,Entire rental unit,2,4,,
6992,6,Entire rental unit,1,3,,
6993,15,Entire rental unit,4,5,,
6994,8,Entire rental unit,4,5,,
6995,18,Private room in rental unit,0,2,,
6996,31,Entire rental unit,3,6,,
6997,26,Entire rental unit,2,4,,
6998,8,Entire rental unit,3,5,,
6999,71,Entire rental unit,1,2,,
7000,2,Private room in rental unit,,1,,
7001,1,Entire rental unit,2,4,,
7002,3,Entire condo,1,2,,
7003,1,Entire loft,1,2,,
7004,8,Entire rental unit,3,5,,
7005,32,Private room in guest suite,,2,,
7006,31,Entire rental unit,1,2,,
7007,67,Entire rental unit,1,2,,
7008,67,Entire rental unit,2,4,,
7009,23,Entire rental unit,1,2,,
7010,23,Entire rental unit,1,2,,
7011,23,Entire rental unit,1,2,,
7012,23,Entire rental unit,1,1,,
7013,23,Entire rental unit,1,2,,
7014,65,Private room in rental unit,,1,,
7015,67,Entire rental unit,3,8,,
7016,31,Entire rental unit,3,7,,
7017,31,Private room in rental unit,1,2,,
7018,7,Entire rental unit,1,2,,
7019,32,Entire rental unit,1,2,,
7020,11,Entire rental unit,2,4,,
7021,2,Entire rental unit,3,5,,
7022,11,Entire rental unit,3,4,,
7023,32,Entire loft,,2,,
7024,2,Entire rental unit,1,4,,
7025,7,Entire rental unit,2,4,,
7026,30,Private room in rental unit,,2,,
7027,7,Private room in condo,5,1,,
7028,5,Entire rental unit,2,6,,
7029,32,Entire condo,2,5,,
7030,8,Entire rental unit,2,4,,
7031,11,Entire rental unit,3,4,,
7032,28,Entire rental unit,3,6,,
7033,7,Entire rental unit,1,2,,
7034,2,Private room in rental unit,8,1,,
7035,8,Entire rental unit,1,2,,
7036,26,Private room in rental unit,,1,,
7037,27,Private room in rental unit,1,1,,
7038,26,Private room in rental unit,1,2,,
7039,26,Private room in rental unit,,2,,
7040,10,Entire condo,2,4,,
7041,17,Entire rental unit,3,6,,
7042,15,Entire rental unit,1,3,,
7043,11,Entire rental unit,6,13,,
7044,8,Entire rental unit,2,3,,
7045,11,Entire rental unit,3,4,,
7046,11,Entire rental unit,4,13,,
7047,1,Entire rental unit,1,2,,
7048,7,Entire rental unit,2,4,,
7049,9,Private room in condo,,2,,
7050,66,Entire vacation home,4,7,,
7051,7,Entire rental unit,2,4,,
7052,7,Private room in rental unit,4,2,,
7053,31,Private room in casa particular,1,2,,
7054,8,Private room in rental unit,5,1,,
7055,7,Private room in rental unit,4,1,,
7056,11,Entire rental unit,3,4,,
7057,2,Entire rental unit,1,4,,
7058,17,Entire rental unit,1,4,,
7059,17,Entire rental unit,2,5,,
7060,27,Entire rental unit,1,2,,
7061,3,Entire rental unit,3,5,,
7062,2,Entire rental unit,2,5,,
7063,1,Entire rental unit,1,2,,
7064,2,Private room in rental unit,,1,,
7065,2,Private room in rental unit,4,1,,
7066,10,Entire rental unit,2,4,,
7067,9,Entire rental unit,2,4,,
7068,3,Entire rental unit,,2,,
7069,68,Entire loft,1,2,,
7070,4,Entire serviced apartment,1,2,,
7071,6,Entire rental unit,1,3,,
7072,8,Private room in rental unit,4,2,,
7073,7,Private room in rental unit,4,1,,
7074,1,Entire rental unit,3,6,,
7075,1,Entire rental unit,2,2,,
7076,2,Entire loft,1,2,,
7077,2,Private room in rental unit,1,1,,
7078,7,Private room in rental unit,4,1,,
7079,11,Private room in rental unit,,2,,
7080,10,Entire rental unit,2,3,,
7081,11,Entire rental unit,2,4,,
7082,10,Entire rental unit,3,4,,
7083,1,Entire rental unit,1,2,,
7084,8,Entire rental unit,1,2,,
7085,6,Entire rental unit,3,6,,
7086,32,Entire rental unit,3,5,,
7087,64,Entire rental unit,4,6,,
7088,6,Entire rental unit,2,4,,
7089,19,Entire rental unit,2,4,,
7090,19,Entire rental unit,3,4,,
7091,11,Entire rental unit,2,4,,
7092,17,Entire rental unit,4,4,,
7093,1,Entire rental unit,2,3,,
7094,2,Private room in rental unit,1,1,,
7095,2,Private room in loft,1,1,,
7096,9,Entire rental unit,1,2,,
7097,10,Shared room in condo,1,2,,
7098,3,Entire rental unit,3,4,,
7099,68,Entire rental unit,2,5,,
7100,37,Entire rental unit,1,2,,
7101,34,Entire condo,,1,,
7102,7,Private room in rental unit,4,1,,
7103,2,Private room in rental unit,1,1,,
7104,26,Entire rental unit,1,2,,
7105,17,Entire rental unit,1,2,,
7106,7,Room in hotel,,2,,
7107,4,Private room in bed and breakfast,1,2,,
7108,4,Private room in bed and breakfast,1,2,,
7109,10,Entire rental unit,2,5,,
7110,7,Entire condo,2,3,,
7111,41,Private room in casa particular,1,2,,
7112,43,Entire condo,2,3,,
7113,68,Entire rental unit,2,4,,
7114,8,Entire rental unit,2,4,,
7115,64,Entire rental unit,2,4,,
7116,7,Entire rental unit,1,2,,
7117,64,Entire serviced apartment,4,8,,
7118,6,Entire rental unit,4,10,,
7119,7,Entire rental unit,1,2,,
7120,26,Entire rental unit,1,1,,
7121,32,Entire condo,3,5,,
7122,17,Entire rental unit,4,7,,
7123,18,Entire condo,2,4,,
7124,3,Entire rental unit,1,2,,
7125,7,Entire condo,1,2,,
7126,4,Entire rental unit,2,4,,
7127,1,Entire rental unit,2,4,,
7128,1,Entire rental unit,2,4,,
7129,1,Entire rental unit,2,5,,
7130,1,Entire rental unit,1,4,,
7131,1,Entire rental unit,1,4,,
7132,31,Entire rental unit,3,4,,
7133,8,Entire rental unit,4,4,,
7134,15,Entire rental unit,1,2,,
7135,5,Entire rental unit,3,5,,
7136,3,Entire rental unit,2,3,,
7137,6,Entire rental unit,3,6,,
7138,9,Entire rental unit,4,7,,
7139,71,Private room in rental unit,,1,,
7140,13,Private room in rental unit,,1,,
7141,31,Entire rental unit,2,4,,
7142,8,Private room in rental unit,5,2,,
7143,10,Entire rental unit,3,5,,
7144,7,Private room in rental unit,5,1,,
7145,7,Private room in rental unit,5,1,,
7146,61,Entire serviced apartment,3,6,,
7147,31,Entire serviced apartment,1,2,,
7148,10,Entire rental unit,1,2,,
7149,1,Entire rental unit,6,6,,
7150,31,Entire serviced apartment,1,2,,
7151,10,Entire rental unit,4,7,,
7152,68,Entire rental unit,2,4,,
7153,4,Entire rental unit,4,4,,
7154,64,Entire rental unit,1,2,,
7155,18,Private room in rental unit,,1,,
7156,1,Entire rental unit,1,2,,
7157,7,Private room in rental unit,1,3,,
7158,7,Entire rental unit,2,4,,
7159,10,Private room in rental unit,,2,,
7160,64,Entire rental unit,2,4,,
7161,3,Entire rental unit,2,4,,
7162,73,Private room in rental unit,,5,,
7163,17,Entire rental unit,4,5,,
7164,17,Entire rental unit,4,5,,
7165,7,Entire rental unit,2,4,,
7166,1,Entire rental unit,2,2,,
7167,7,Entire rental unit,1,2,,
7168,7,Entire rental unit,2,4,,
7169,8,Entire rental unit,3,5,,
7170,7,Entire rental unit,3,5,,
7171,7,Entire rental unit,2,3,,
7172,61,Entire rental unit,1,3,,
7173,32,Entire rental unit,2,3,,
7174,71,Private room in home,,2,,
7175,68,Entire rental unit,2,4,,
7176,69,Entire rental unit,2,2,,
7177,10,Entire rental unit,2,5,,
7178,2,Room in hotel,1,2,,
7179,1,Entire condo,1,3,,
7180,7,Entire rental unit,1,2,,
7181,9,Entire condo,1,2,,
7182,38,Private room in home,,2,,
7183,8,Entire condo,2,3,,
7184,8,Entire condo,1,2,,
7185,2,Room in hotel,1,2,,
7186,2,Room in hotel,1,1,,
7187,2,Room in hotel,1,2,,
7188,2,Room in hotel,1,1,,
7189,2,Room in hotel,1,1,,
7190,2,Room in hotel,1,1,,
7191,2,Room in hotel,1,3,,
7192,4,Entire loft,1,2,,
7193,1,Entire serviced apartment,1,4,,
7194,8,Entire serviced apartment,,1,,
7195,9,Private room in rental unit,,1,,
7196,18,Private room in rental unit,,1,,
7197,17,Entire loft,1,2,,
7198,31,Entire condo,3,4,,
7199,8,Entire rental unit,2,3,,
7200,8,Entire rental unit,1,2,,
7201,34,Private room in condo,,1,,
7202,31,Entire condo,,4,,
7203,11,Entire rental unit,3,6,,
7204,1,Entire serviced apartment,1,2,,
7205,2,Entire rental unit,1,2,,
7206,2,Entire serviced apartment,2,4,,
7207,26,Entire rental unit,2,4,,
7208,2,Entire rental unit,1,2,,
7209,2,Private room in rental unit,,1,,
7210,7,Entire rental unit,3,6,,
7211,7,Private room in rental unit,,1,,
7212,9,Entire rental unit,3,8,,
7213,7,Private room in rental unit,,2,,
7214,9,Entire rental unit,2,5,,
7215,43,Entire vacation home,2,4,,
7216,1,Entire rental unit,4,12,,
7217,1,Entire rental unit,4,12,,
7218,1,Entire rental unit,3,6,,
7219,7,Private room in rental unit,,2,,
7220,61,Entire condo,1,2,,
7221,15,Entire rental unit,3,7,,
7222,7,Private room in rental unit,,1,,
7223,2,Private room in rental unit,,2,,
7224,7,Private room in rental unit,,1,,
7225,4,Entire loft,2,4,,
7226,4,Private room in rental unit,,2,,
7227,64,Entire guest suite,1,1,,
7228,11,Entire condo,1,2,,
7229,4,Private room in rental unit,,2,,
7230,4,Private room in rental unit,,2,,
7231,21,Entire rental unit,1,4,,
7232,8,Entire rental unit,1,2,,
7233,4,Entire condo,2,3,,
7234,6,Entire rental unit,2,5,,
7235,9,Private room in rental unit,,1,,
7236,10,Entire rental unit,3,4,,
7237,34,Entire rental unit,1,2,,
7238,65,Entire rental unit,2,2,,
7239,31,Entire rental unit,3,5,,
7240,2,Entire condo,2,4,,
7241,7,Entire rental unit,5,9,,
7242,5,Entire rental unit,3,6,,
7243,68,Entire rental unit,2,4,,
7244,31,Entire rental unit,2,6,,
7245,4,Entire rental unit,4,8,,
7246,17,Entire vacation home,1,2,,
7247,6,Entire condo,1,3,,
7248,17,Entire vacation home,3,12,,
7249,7,Private room in hostel,1,2,,
7250,7,Private room in hostel,1,3,,
7251,7,Private room in hostel,1,2,,
7252,7,Room in hotel,1,2,,
7253,7,Entire rental unit,2,2,,
7254,7,Entire rental unit,2,4,,
7255,8,Entire rental unit,1,2,,
7256,7,Entire rental unit,2,4,,
7257,8,Entire rental unit,3,5,,
7258,4,Entire serviced apartment,1,2,,
7259,4,Entire rental unit,3,6,,
7260,4,Entire serviced apartment,3,6,,
7261,70,Entire home,3,8,,
7262,31,Entire rental unit,1,4,,
7263,7,Entire condo,2,4,,
7264,5,Entire rental unit,2,4,,
7265,18,Entire rental unit,1,2,,
7266,3,Entire rental unit,1,2,,
7267,31,Entire rental unit,3,5,,
7268,8,Entire rental unit,1,2,,
7269,7,Entire rental unit,3,6,,
7270,26,Private room in rental unit,1,2,,
7271,8,Private room in rental unit,,2,,
7272,11,Entire condo,1,2,,
7273,4,Entire rental unit,3,6,,
7274,10,Entire rental unit,3,5,,
7275,26,Entire rental unit,2,4,,
7276,6,Entire rental unit,2,4,,
7277,10,Entire serviced apartment,1,2,,
7278,24,Room in hotel,,2,,
7279,20,Room in hotel,1,2,,
7280,24,Room in hotel,,2,,
7281,64,Room in hotel,,2,,
7282,5,Entire rental unit,4,5,,
7283,4,Entire rental unit,,2,,
7284,4,Entire rental unit,,2,,
7285,8,Private room in rental unit,,2,,
7286,7,Entire rental unit,1,2,,
7287,8,Entire condo,2,4,,
7288,27,Entire rental unit,2,4,,
7289,64,Entire rental unit,2,4,,
7290,65,Entire rental unit,1,2,,
7291,25,Room in hotel,,2,,
7292,25,Room in hotel,,3,,
7293,6,Entire rental unit,3,6,,
7294,39,Entire rental unit,3,3,,
7295,8,Entire rental unit,2,4,,
7296,27,Room in hotel,1,2,,
7297,27,Room in hotel,1,3,,
7298,7,Entire rental unit,2,4,,
7299,27,Room in hotel,,3,,
7300,27,Room in hotel,1,4,,
7301,1,Entire rental unit,2,4,,
7302,4,Entire rental unit,2,4,,
7303,24,Room in hotel,,2,,
7304,1,Room in hotel,1,2,,
7305,59,Room in hotel,,2,,
7306,9,Room in hotel,,2,,
7307,32,Private room in townhouse,,1,,
7308,44,Entire rental unit,2,3,,
7309,2,Entire rental unit,1,2,,
7310,7,Entire rental unit,3,6,,
7311,27,Entire rental unit,2,4,,
7312,3,Entire rental unit,1,2,,
7313,7,Entire serviced apartment,2,3,,
7314,33,Entire condo,2,5,,
7315,4,Entire rental unit,2,3,,
7316,7,Entire serviced apartment,2,3,,
7317,4,Entire loft,1,2,,
7318,6,Entire rental unit,4,6,,
7319,27,Entire rental unit,3,5,,
7320,2,Entire serviced apartment,1,2,,
7321,7,Entire rental unit,2,4,,
7322,8,Entire rental unit,4,4,,
7323,7,Entire rental unit,4,8,,
7324,9,Room in hotel,,1,,
7325,10,Entire rental unit,2,5,,
7326,11,Entire rental unit,,2,,
7327,6,Entire rental unit,3,6,,
7328,6,Entire rental unit,3,5,,
7329,6,Entire rental unit,2,7,,
7330,6,Entire rental unit,4,9,,
7331,8,Entire rental unit,2,4,,
7332,7,Entire rental unit,4,8,,
7333,6,Entire rental unit,2,6,,
7334,6,Entire rental unit,4,7,,
7335,66,Entire rental unit,1,4,,
7336,11,Entire rental unit,2,6,,
7337,67,Entire rental unit,3,6,,
7338,6,Entire rental unit,3,6,,
7339,6,Entire rental unit,3,8,,
7340,9,Entire rental unit,2,6,,
7341,32,Entire rental unit,3,8,,
7342,31,Entire rental unit,2,6,,
7343,2,Entire rental unit,1,2,,
7344,2,Entire rental unit,1,2,,
7345,2,Entire rental unit,1,2,,
7346,66,Entire loft,1,2,,
7347,66,Entire loft,1,2,,
7348,70,Entire rental unit,3,5,,
7349,4,Entire rental unit,1,2,,
7350,2,Entire rental unit,3,5,,
7351,10,Entire rental unit,2,4,,
7352,8,Private room in rental unit,,1,,
7353,28,Entire rental unit,1,2,,
7354,11,Entire rental unit,3,6,,
7355,7,Entire rental unit,2,4,,
7356,31,Entire rental unit,1,2,,
7357,31,Entire rental unit,1,3,,
7358,4,Entire rental unit,1,2,,
7359,31,Entire rental unit,1,4,,
7360,11,Entire rental unit,3,6,,
7361,9,Entire rental unit,2,4,,
7362,31,Private room in rental unit,,1,,
7363,10,Entire rental unit,2,6,,
7364,71,Entire rental unit,,2,,
7365,31,Entire rental unit,1,3,,
7366,64,Room in hotel,1,3,,
7367,64,Room in hotel,1,3,,
7368,64,Room in hotel,1,2,,
7369,64,Room in hotel,1,2,,
7370,10,Entire condo,2,3,,
7371,1,Entire condo,3,5,,
7372,31,Entire rental unit,2,4,,
7373,18,Entire loft,2,4,,
7374,5,Entire rental unit,4,5,,
7375,18,Entire rental unit,2,4,,
7376,18,Entire rental unit,2,5,,
7377,31,Entire rental unit,2,4,,
7378,32,Entire rental unit,2,3,,
7379,7,Entire rental unit,1,2,,
7380,71,Entire rental unit,3,5,,
7381,8,Entire rental unit,2,3,,
7382,71,Entire rental unit,3,5,,
7383,7,Private room in rental unit,1,2,,
7384,7,Entire rental unit,2,4,,
7385,31,Entire rental unit,4,7,,
7386,7,Entire rental unit,2,4,,
7387,15,Entire rental unit,4,8,,
7388,27,Entire rental unit,2,4,,
7389,71,Entire rental unit,3,5,,
7390,7,Entire rental unit,1,2,,
7391,7,Entire rental unit,2,4,,
7392,8,Entire rental unit,2,3,,
7393,9,Private room in rental unit,,1,,
7394,1,Entire condo,2,5,,
7395,11,Entire rental unit,3,7,,
7396,4,Entire rental unit,1,3,,
7397,32,Entire rental unit,1,3,,
7398,9,Entire rental unit,1,4,,
7399,11,Entire rental unit,1,2,,
7400,4,Entire loft,1,2,,
7401,2,Entire rental unit,8,16,,
7402,39,Private room in rental unit,,1,,
7403,7,Private room in rental unit,,1,,
7404,7,Entire rental unit,4,8,,
7405,66,Entire rental unit,3,6,,
7406,31,Entire rental unit,3,4,,
7407,1,Private room in rental unit,5,1,,
7408,7,Entire rental unit,3,6,,
7409,10,Entire rental unit,2,6,,
7410,5,Private room in rental unit,,1,,
7411,1,Private room in rental unit,5,1,,
7412,6,Entire serviced apartment,2,4,,
7413,10,Entire rental unit,2,5,,
7414,4,Entire rental unit,1,2,,
7415,3,Entire rental unit,1,3,,
7416,18,Entire rental unit,2,4,,
7417,37,Entire rental unit,2,4,,
7418,8,Entire rental unit,2,3,,
7419,9,Private room in rental unit,,1,,
7420,1,Entire loft,1,2,,
7421,66,Entire rental unit,,2,,
7422,66,Entire rental unit,,2,,
7423,1,Entire rental unit,2,2,,
7424,6,Entire rental unit,3,8,,
7425,71,Private room in casa particular,,2,,
7426,2,Entire rental unit,2,4,,
7427,4,Entire condo,2,5,,
7428,31,Entire rental unit,2,6,,
7429,27,Entire rental unit,2,4,,
7430,9,Entire rental unit,1,4,,
7431,66,Entire rental unit,4,7,,
7432,7,Private room in rental unit,,2,,
7433,11,Private room in casa particular,,1,,
7434,26,Private room in rental unit,8,1,,
7435,7,Entire rental unit,3,6,,
7436,31,Entire rental unit,2,5,,
7437,10,Entire rental unit,3,5,,
7438,4,Entire rental unit,1,2,,
7439,8,Entire rental unit,1,2,,
7440,8,Entire condo,3,4,,
7441,8,Entire condo,1,2,,
7442,7,Entire rental unit,1,2,,
7443,2,Private room in rental unit,5,1,,
7444,8,Entire rental unit,1,2,,
7445,7,Entire rental unit,1,2,,
7446,7,Entire rental unit,2,4,,
7447,8,Entire rental unit,2,4,,
7448,5,Private room in rental unit,5,1,,
7449,5,Private room in rental unit,5,1,,
7450,7,Entire rental unit,1,2,,
7451,7,Entire rental unit,1,2,,
7452,37,Private room in rental unit,,1,,
7453,4,Entire serviced apartment,1,2,,
7454,31,Entire rental unit,1,2,,
7455,5,Private room in rental unit,4,1,,
7456,2,Private room in rental unit,8,1,,
7457,7,Entire rental unit,1,2,,
7458,2,Private room in rental unit,8,1,,
7459,64,Private room in rental unit,,2,,
7460,7,Entire rental unit,3,6,,
7461,10,Entire rental unit,2,4,,
7462,1,Entire loft,1,2,,
7463,2,Private room in rental unit,7,1,,
7464,2,Private room in rental unit,7,1,,
7465,1,Private room in rental unit,3,1,,
7466,7,Private room in rental unit,5,1,,
7467,7,Private room in rental unit,5,1,,
7468,31,Entire condo,4,8,,
7469,9,Entire rental unit,3,5,,
7470,7,Entire rental unit,3,6,,
7471,6,Entire rental unit,3,5,,
7472,8,Private room in rental unit,1,1,,
7473,6,Entire condo,1,2,,
7474,2,Entire loft,1,4,,
7475,8,Entire rental unit,4,3,,
7476,8,Private room in rental unit,8,1,,
7477,26,Private room in rental unit,8,1,,
7478,7,Private room in rental unit,7,1,,
7479,7,Private room in rental unit,7,1,,
7480,2,Private room in rental unit,8,1,,
7481,64,Private room in rental unit,,2,,
7482,70,Entire rental unit,3,5,,
7483,2,Private room in rental unit,8,1,,
7484,17,Entire rental unit,4,5,,
7485,68,Private room in casa particular,2,3,,
7486,30,Entire rental unit,1,2,,
7487,32,Entire rental unit,4,10,,
7488,31,Entire rental unit,2,3,,
7489,7,Private room in rental unit,,1,,
7490,7,Private room in rental unit,,1,,
7491,7,Private room in rental unit,,2,,
7492,7,Private room in rental unit,,2,,
7493,7,Private room in rental unit,1,1,,
7494,7,Private room in rental unit,1,2,,
7495,7,Private room in rental unit,1,2,,
7496,7,Private room in rental unit,1,2,,
7497,7,Private room in rental unit,,1,,
7498,7,Private room in rental unit,,2,,
7499,7,Private room in rental unit,,2,,
7500,7,Private room in rental unit,,2,,
7501,11,Entire rental unit,6,12,,
7502,6,Entire rental unit,2,2,,
7503,15,Entire rental unit,2,4,,
7504,2,Entire rental unit,3,6,,
7505,6,Entire rental unit,3,7,,
7506,11,Entire rental unit,3,8,,
7507,2,Private room in rental unit,9,1,,
7508,32,Entire rental unit,1,2,,
7509,4,Entire rental unit,,2,,
7510,7,Entire rental unit,2,4,,
7511,10,Entire rental unit,4,6,,
7512,10,Entire rental unit,3,6,,
7513,3,Entire rental unit,1,2,,
7514,7,Private room in bed and breakfast,,2,,
7515,9,Entire rental unit,3,7,,
7516,15,Entire rental unit,2,4,,
7517,4,Entire rental unit,1,2,,
7518,24,Entire rental unit,3,4,,
7519,15,Entire home,2,3,,
7520,6,Entire rental unit,1,3,,
7521,26,Entire rental unit,3,6,,
7522,6,Private room in rental unit,3,1,,
7523,10,Entire rental unit,3,6,,
7524,5,Private room in rental unit,,1,,
7525,10,Entire rental unit,2,4,,
7526,26,Entire rental unit,4,5,,
7527,11,Entire rental unit,1,2,,
7528,7,Private room in rental unit,2,2,,
7529,8,Entire rental unit,3,5,,
7530,1,Entire rental unit,2,7,,
7531,7,Private room in bed and breakfast,,1,,
7532,7,Entire rental unit,3,6,,
7533,10,Entire rental unit,2,3,,
7534,9,Entire rental unit,4,7,,
7535,27,Entire rental unit,3,7,,
7536,7,Private room in rental unit,,2,,
7537,9,Entire rental unit,4,7,,
7538,9,Entire rental unit,4,7,,
7539,18,Entire rental unit,2,5,,
7540,7,Entire rental unit,5,10,,
7541,1,Room in hotel,1,3,,
7542,1,Room in hotel,1,3,,
7543,1,Private room in hostel,1,3,,
7544,1,Private room in hostel,1,2,,
7545,1,Private room in hostel,1,2,,
7546,31,Entire rental unit,2,4,,
7547,26,Entire rental unit,4,7,,
7548,26,Entire rental unit,3,5,,
7549,1,Entire rental unit,1,2,,
7550,10,Entire rental unit,3,4,,
7551,35,Entire rental unit,2,5,,
7552,6,Entire rental unit,3,5,,
7553,31,Entire rental unit,1,2,,
7554,20,Entire rental unit,3,4,,
7555,1,Entire rental unit,1,2,,
7556,67,Entire rental unit,3,5,,
7557,7,Private room in rental unit,1,1,,
7558,9,Entire rental unit,4,5,,
7559,9,Entire rental unit,2,4,,
7560,31,Entire rental unit,2,3,,
7561,3,Entire rental unit,2,4,,
7562,31,Entire rental unit,3,7,,
7563,31,Entire rental unit,1,2,,
7564,10,Entire rental unit,5,9,,
7565,37,Entire rental unit,2,4,,
7566,10,Entire rental unit,3,5,,
7567,14,Entire rental unit,2,4,,
7568,29,Private room in rental unit,,1,,
7569,7,Entire rental unit,2,6,,
7570,31,Entire rental unit,1,2,,
7571,6,Entire rental unit,4,9,,
7572,7,Private room in rental unit,,2,,
7573,7,Private room in rental unit,,1,,
7574,7,Private room in rental unit,1,1,,
7575,7,Private room in bed and breakfast,1,2,,
7576,7,Private room in rental unit,1,2,,
7577,31,Entire rental unit,1,2,,
7578,31,Entire rental unit,1,2,,
7579,26,Private room in rental unit,1,2,,
7580,8,Entire rental unit,2,4,,
7581,25,Entire rental unit,3,6,,
7582,7,Entire rental unit,2,4,,
7583,4,Entire rental unit,1,2,,
7584,18,Entire rental unit,1,2,,
7585,7,Entire rental unit,4,8,,
7586,8,Entire rental unit,2,4,,
7587,7,Private room in hostel,1,3,,
7588,7,Entire rental unit,3,6,,
7589,2,Entire rental unit,1,2,,
7590,7,Private room in hostel,1,4,,
7591,7,Private room in hostel,1,4,,
7592,7,Entire rental unit,3,5,,
7593,18,Entire rental unit,1,2,,
7594,66,Entire rental unit,2,5,,
7595,72,Private room in rental unit,,1,,
7596,18,Entire rental unit,3,6,,
7597,68,Entire rental unit,1,4,,
7598,6,Entire rental unit,2,4,,
7599,8,Entire rental unit,2,3,,
7600,11,Entire rental unit,3,4,,
7601,7,Entire rental unit,1,3,,
7602,7,Entire rental unit,1,2,,
7603,61,Entire rental unit,1,3,,
7604,31,Entire rental unit,1,2,,
7605,7,Entire rental unit,2,4,,
7606,7,Entire rental unit,1,4,,
7607,4,Entire rental unit,1,2,,
7608,4,Entire rental unit,1,2,,
7609,4,Entire rental unit,1,2,,
7610,4,Entire rental unit,1,2,,
7611,7,Entire rental unit,2,4,,
7612,27,Entire rental unit,2,4,,
7613,1,Private room in rental unit,,1,,
7614,8,Entire rental unit,2,4,,
7615,11,Entire rental unit,1,2,,
7616,10,Entire rental unit,2,4,,
7617,1,Entire rental unit,2,2,,
7618,34,Private room in casa particular,,1,,
7619,6,Private room in condo,,1,,
7620,33,Private room in rental unit,1,1,,
7621,7,Entire rental unit,4,7,,
7622,1,Entire rental unit,1,4,,
7623,1,Entire rental unit,2,5,,
7624,1,Entire rental unit,2,5,,
7625,9,Entire rental unit,3,6,,
7626,17,Entire rental unit,1,4,,
7627,8,Entire rental unit,2,3,,
7628,10,Entire rental unit,3,5,,
7629,26,Private room in rental unit,,1,,
7630,3,Entire rental unit,3,4,,
7631,18,Entire rental unit,2,5,,
7632,4,Entire rental unit,1,2,,
7633,4,Entire rental unit,1,2,,
7634,8,Entire rental unit,2,3,,
7635,2,Entire rental unit,2,4,,
7636,10,Entire rental unit,3,4,,
7637,10,Entire rental unit,2,3,,
7638,31,Entire rental unit,2,3,,
7639,6,Private room in rental unit,,2,,
7640,6,Private room in rental unit,,1,,
7641,6,Private room in rental unit,,2,,
7642,6,Private room in rental unit,,1,,
7643,1,Entire rental unit,3,4,,
7644,1,Entire rental unit,1,2,,
7645,35,Entire rental unit,1,1,,
7646,6,Entire rental unit,2,3,,
7647,8,Private room in rental unit,1,1,,
7648,44,Entire rental unit,4,4,,
7649,18,Entire rental unit,2,4,,
7650,10,Entire rental unit,3,4,,
7651,11,Entire rental unit,2,4,,
7652,68,Entire rental unit,1,2,,
7653,9,Entire rental unit,3,4,,
7654,6,Entire rental unit,1,4,,
7655,4,Entire rental unit,1,2,,
7656,8,Entire rental unit,4,7,,
7657,8,Private room in rental unit,1,1,,
7658,6,Entire rental unit,4,4,,
7659,8,Entire rental unit,,2,,
7660,6,Entire rental unit,4,4,,
7661,9,Entire rental unit,1,2,,
7662,3,Entire rental unit,1,2,,
7663,5,Entire rental unit,4,6,,
7664,5,Entire rental unit,4,8,,
7665,1,Entire rental unit,2,4,,
7666,68,Entire rental unit,2,5,,
7667,6,Entire rental unit,1,2,,
7668,32,Entire serviced apartment,2,3,,
7669,7,Entire rental unit,2,3,,
7670,7,Entire rental unit,1,2,,
7671,70,Entire home,3,6,,
7672,18,Entire rental unit,4,6,,
7673,19,Entire rental unit,2,4,,
7674,8,Private room in rental unit,1,1,,
7675,9,Shared room in hotel,1,1,,
7676,8,Private room in rental unit,,1,,
7677,19,Entire rental unit,2,3,,
7678,19,Entire rental unit,2,3,,
7679,18,Entire rental unit,2,3,,
7680,19,Entire rental unit,2,4,,
7681,31,Entire rental unit,1,3,,
7682,26,Entire rental unit,2,4,,
7683,8,Entire rental unit,2,4,,
7684,8,Entire rental unit,2,4,,
7685,1,Entire rental unit,3,7,,
7686,8,Entire rental unit,2,4,,
7687,10,Entire rental unit,2,4,,
7688,3,Entire rental unit,1,4,,
7689,4,Private room in rental unit,1,1,,
7690,4,Private room in rental unit,1,2,,
7691,4,Entire rental unit,1,2,,
7692,9,Room in hotel,1,1,,
7693,4,Private room in rental unit,1,1,,
7694,4,Private room in rental unit,1,2,,
7695,4,Entire rental unit,1,2,,
7696,10,Entire rental unit,2,4,,
7697,31,Private room in rental unit,,2,,
7698,31,Private room in rental unit,,1,,
7699,68,Entire rental unit,1,2,,
7700,31,Entire rental unit,3,5,,
7701,8,Entire rental unit,2,4,,
7702,7,Entire rental unit,2,4,,
7703,4,Entire rental unit,1,2,,
7704,26,Entire rental unit,,1,,
7705,6,Entire rental unit,2,4,,
7706,6,Entire rental unit,2,4,,
7707,7,Entire rental unit,5,9,,
7708,31,Entire rental unit,1,3,,
7709,26,Entire condo,3,4,,
7710,4,Private room in rental unit,,2,,
7711,4,Private room in rental unit,,1,,
7712,4,Private room in rental unit,,1,,
7713,1,Entire rental unit,4,10,,
7714,6,Entire rental unit,4,7,,
7715,7,Entire rental unit,5,9,,
7716,8,Entire rental unit,3,5,,
7717,6,Entire rental unit,4,6,,
7718,1,Private room in rental unit,,2,,
7719,1,Entire rental unit,1,3,,
7720,6,Entire rental unit,3,6,,
7721,7,Entire rental unit,1,3,,
7722,10,Entire rental unit,2,4,,
7723,63,Private room in rental unit,,2,,
7724,7,Entire rental unit,1,3,,
7725,8,Entire rental unit,3,5,,
7726,10,Entire rental unit,3,5,,
7727,8,Entire rental unit,2,3,,
7728,9,Private room in rental unit,,1,,
7729,7,Entire rental unit,2,4,,
7730,8,Entire rental unit,2,4,,
7731,8,Entire rental unit,2,4,,
7732,5,Entire rental unit,1,2,,
7733,1,Entire rental unit,2,3,,
7734,8,Entire rental unit,3,5,,
7735,10,Entire rental unit,3,5,,
7736,34,Entire rental unit,3,4,,
7737,18,Entire rental unit,1,2,,
7738,11,Entire condo,3,6,,
7739,10,Entire rental unit,2,5,,
7740,17,Private room in rental unit,1,2,,
7741,17,Private room in rental unit,,2,,
7742,17,Private room in rental unit,1,2,,
7743,17,Private room in rental unit,1,2,,
7744,2,Entire rental unit,2,4,,
7745,8,Entire rental unit,3,5,,
7746,22,Entire home,1,2,,
7747,8,Entire rental unit,3,5,,
7748,5,Private room in rental unit,,1,,
7749,5,Private room in rental unit,,1,,
7750,4,Entire rental unit,3,6,,
7751,5,Private room in rental unit,,1,,
7752,5,Private room in rental unit,1,1,,
7753,8,Entire rental unit,1,2,,
7754,9,Entire rental unit,1,2,,
7755,67,Entire rental unit,2,4,,
7756,8,Entire rental unit,3,5,,
7757,70,Private room in rental unit,,1,,
7758,7,Entire rental unit,4,8,,
7759,7,Entire rental unit,4,8,,
7760,26,Entire rental unit,1,2,,
7761,3,Entire rental unit,1,2,,
7762,3,Entire rental unit,1,2,,
7763,35,Private room in rental unit,,1,,
7764,8,Entire rental unit,2,3,,
7765,8,Entire rental unit,2,4,,
7766,18,Entire rental unit,4,7,,
7767,2,Entire rental unit,2,4,,
7768,2,Entire condo,2,4,,
7769,8,Entire rental unit,2,4,,
7770,8,Entire rental unit,2,4,,
7771,11,Entire rental unit,1,2,,
7772,8,Private room in rental unit,,2,,
7773,8,Private room in rental unit,1,2,,
7774,70,Entire rental unit,2,3,,
7775,9,Private room in guest suite,2,4,,
7776,7,Entire rental unit,2,2,,
7777,9,Entire rental unit,3,5,,
7778,2,Entire rental unit,3,5,,
7779,9,Entire rental unit,4,7,,
7780,7,Entire rental unit,3,7,,
7781,26,Entire rental unit,3,6,,
7782,2,Entire rental unit,2,4,,
7783,1,Entire rental unit,,2,,
7784,29,Entire home,3,6,,
7785,2,Entire rental unit,1,2,,
7786,1,Entire rental unit,1,3,,
7787,4,Entire rental unit,2,4,,
7788,15,Entire rental unit,1,3,,
7789,5,Private room in rental unit,,1,,
7790,7,Entire rental unit,1,4,,
7791,7,Entire rental unit,1,4,,
7792,7,Entire rental unit,3,7,,
7793,7,Entire rental unit,1,4,,
7794,7,Entire rental unit,1,4,,
7795,7,Entire rental unit,3,7,,
7796,8,Entire rental unit,3,5,,
7797,7,Entire rental unit,1,4,,
7798,7,Entire rental unit,1,4,,
7799,7,Entire rental unit,1,4,,
7800,7,Entire rental unit,2,5,,
7801,7,Entire rental unit,4,10,,
7802,65,Private room in condo,1,2,,
7803,8,Entire rental unit,3,5,,
7804,13,Entire rental unit,3,6,,
7805,8,Entire rental unit,2,4,,
7806,66,Entire rental unit,1,3,,
7807,66,Tiny home,1,3,,
7808,10,Entire rental unit,4,6,,
7809,9,Entire rental unit,1,4,,
7810,39,Private room in rental unit,,1,,
7811,10,Entire condo,2,2,,
7812,27,Entire rental unit,2,3,,
7813,8,Entire rental unit,2,4,,
7814,7,Entire rental unit,2,4,,
7815,7,Entire rental unit,2,4,,
7816,7,Entire rental unit,2,4,,
7817,7,Entire rental unit,2,4,,
7818,7,Entire rental unit,2,4,,
7819,7,Entire rental unit,2,4,,
7820,10,Entire rental unit,1,2,,
7821,7,Entire rental unit,2,4,,
7822,7,Entire rental unit,2,4,,
7823,7,Entire rental unit,2,4,,
7824,7,Entire rental unit,2,4,,
7825,7,Entire rental unit,2,4,,
7826,7,Entire rental unit,2,4,,
7827,7,Entire rental unit,2,4,,
7828,7,Entire rental unit,2,4,,
7829,7,Entire rental unit,2,5,,
7830,7,Entire rental unit,2,4,,
7831,10,Entire rental unit,1,3,,
7832,68,Entire rental unit,2,2,,
7833,7,Entire rental unit,2,4,,
7834,1,Entire rental unit,1,2,,
7835,26,Private room in rental unit,1,2,,
7836,3,Private room in condo,1,1,,
7837,1,Entire rental unit,2,4,,
7838,4,Entire rental unit,1,2,,
7839,10,Private room in rental unit,,1,,
7840,31,Entire rental unit,2,3,,
7841,11,Private room in rental unit,1,1,,
7842,3,Entire rental unit,2,3,,
7843,1,Entire rental unit,,2,,
7844,7,Entire rental unit,2,4,,
7845,3,Entire rental unit,2,4,,
7846,5,Entire rental unit,2,5,,
7847,1,Private room in rental unit,,1,,
7848,65,Private room in rental unit,1,2,,
7849,11,Entire rental unit,1,2,,
7850,68,Entire rental unit,2,5,,
7851,26,Entire rental unit,4,7,,
7852,15,Entire rental unit,2,4,,
7853,18,Entire rental unit,2,4,,
7854,15,Entire rental unit,2,4,,
7855,7,Entire rental unit,2,4,,
7856,71,Entire rental unit,1,3,,
7857,11,Entire rental unit,2,3,,
7858,18,Entire rental unit,1,3,,
7859,3,Entire rental unit,1,2,,
7860,4,Entire rental unit,3,6,,
7861,7,Entire rental unit,2,3,,
7862,19,Private room in rental unit,3,1,,
7863,14,Entire rental unit,1,2,,
7864,10,Entire rental unit,2,4,,
7865,2,Private room in hostel,1,2,,
7866,31,Entire loft,1,6,,
7867,10,Entire rental unit,2,4,,
7868,64,Entire rental unit,3,4,,
7869,1,Entire rental unit,,2,,
7870,7,Entire rental unit,4,8,,
7871,18,Private room in rental unit,,2,,
7872,30,Private room in rental unit,,1,,
7873,5,Entire rental unit,1,2,,
7874,68,Entire rental unit,3,5,,
7875,9,Entire rental unit,2,5,,
7876,9,Entire rental unit,2,5,,
7877,9,Entire rental unit,2,5,,
7878,9,Entire rental unit,2,5,,
7879,9,Entire rental unit,2,5,,
7880,7,Entire rental unit,2,3,,
7881,5,Entire rental unit,4,5,,
7882,7,Entire rental unit,3,6,,
7883,2,Entire rental unit,1,2,,
7884,2,Entire rental unit,1,2,,
7885,6,Private room in rental unit,1,1,,
7886,18,Entire rental unit,4,6,,
7887,14,Entire rental unit,4,7,,
7888,7,Entire rental unit,2,4,,
7889,7,Entire rental unit,2,4,,
7890,7,Entire rental unit,2,4,,
7891,26,Room in hotel,1,2,,
7892,8,Entire rental unit,3,6,,
7893,7,Entire rental unit,3,5,,
7894,7,Entire rental unit,1,2,,
7895,8,Entire rental unit,3,5,,
7896,9,Entire rental unit,2,5,,
7897,9,Entire rental unit,2,5,,
7898,9,Entire rental unit,2,5,,
7899,9,Entire rental unit,2,5,,
7900,9,Entire rental unit,2,5,,
7901,9,Entire rental unit,2,5,,
7902,9,Entire rental unit,2,5,,
7903,9,Entire rental unit,2,5,,
7904,6,Entire rental unit,2,4,,
7905,9,Entire rental unit,2,5,,
7906,9,Entire rental unit,2,5,,
7907,6,Entire rental unit,1,2,,
7908,11,Entire rental unit,2,4,,
7909,4,Entire rental unit,3,5,,
7910,7,Entire rental unit,3,6,,
7911,10,Entire rental unit,,2,,
7912,19,Entire rental unit,2,4,,
7913,19,Entire rental unit,2,4,,
7914,19,Entire rental unit,2,3,,
7915,2,Entire condo,2,4,,
7916,10,Entire rental unit,1,2,,
7917,30,Private room in rental unit,1,2,,
7918,11,Entire rental unit,3,6,,
7919,68,Entire rental unit,3,8,,
7920,4,Private room in rental unit,1,1,,
7921,9,Entire serviced apartment,3,5,,
7922,9,Entire rental unit,2,4,,
7923,8,Entire rental unit,2,4,,
7924,8,Entire rental unit,2,4,,
7925,4,Entire rental unit,1,2,,
7926,45,Entire rental unit,2,4,,
7927,15,Entire rental unit,2,3,,
7928,26,Private room in rental unit,,2,,
7929,31,Entire rental unit,5,8,,
7930,27,Entire rental unit,2,3,,
7931,7,Entire rental unit,1,3,,
7932,34,Private room in townhouse,,2,,
7933,7,Entire rental unit,3,4,,
7934,5,Entire rental unit,4,6,,
7935,4,Entire rental unit,1,2,,
7936,8,Entire rental unit,1,2,,
7937,8,Entire rental unit,2,4,,
7938,8,Entire rental unit,2,4,,
7939,16,Entire rental unit,2,4,,
7940,17,Private room in rental unit,,2,,
7941,3,Entire rental unit,1,4,,
7942,17,Private room in rental unit,1,2,,
7943,17,Private room in home,,2,,
7944,27,Entire serviced apartment,1,4,,
7945,31,Entire rental unit,3,5,,
7946,10,Entire rental unit,1,2,,
7947,18,Entire rental unit,1,2,,
7948,18,Entire rental unit,3,6,,
7949,18,Entire rental unit,2,4,,
7950,18,Entire rental unit,1,2,,
7951,15,Entire rental unit,3,6,,
7952,18,Entire rental unit,3,6,,
7953,18,Entire rental unit,3,6,,
7954,2,Entire rental unit,,2,,
7955,27,Entire serviced apartment,2,6,,
7956,27,Entire serviced apartment,2,6,,
7957,68,Room in hotel,1,2,,
7958,27,Entire serviced apartment,3,6,,
7959,68,Room in hotel,1,2,,
7960,68,Room in hotel,1,2,,
7961,10,Private room in rental unit,1,2,,
7962,10,Private room in rental unit,,2,,
7963,10,Private room in rental unit,1,2,,
7964,10,Private room in rental unit,,2,,
7965,28,Entire rental unit,2,5,,
7966,17,Entire rental unit,3,8,,
7967,17,Private room in home,,2,,
7968,17,Private room in home,,1,,
7969,17,Private room in home,,1,,
7970,33,Entire townhouse,5,10,,
7971,8,Entire rental unit,1,2,,
7972,70,Entire rental unit,2,3,,
7973,31,Room in hotel,1,5,,
7974,11,Entire rental unit,2,3,,
7975,5,Private room in rental unit,,1,,
7976,1,Entire rental unit,1,2,,
7977,31,Entire rental unit,5,8,,
7978,8,Entire rental unit,1,2,,
7979,6,Entire rental unit,1,2,,
7980,26,Entire rental unit,3,6,,
7981,68,Entire serviced apartment,1,2,,
7982,9,Entire rental unit,2,3,,
7983,7,Entire rental unit,2,4,,
7984,7,Entire rental unit,2,4,,
7985,31,Room in hotel,1,4,,
7986,61,Private room in rental unit,,2,,
7987,18,Private room in rental unit,,2,,
7988,2,Entire rental unit,3,5,,
7989,18,Entire rental unit,2,5,,
7990,31,Entire rental unit,2,3,,
7991,8,Private room in rental unit,,1,,
7992,8,Private room in rental unit,,1,,
7993,8,Private room in rental unit,,2,,
7994,8,Private room in rental unit,,2,,
7995,3,Entire rental unit,2,4,,
7996,19,Entire rental unit,3,6,,
7997,17,Private room in home,1,1,,
7998,17,Private room in home,,2,,
7999,17,Private room in home,,2,,
8000,17,Private room in home,1,2,,
8001,17,Private room in home,1,2,,
8002,17,Private room in home,1,2,,
8003,2,Entire rental unit,1,2,,
8004,31,Room in hotel,1,5,,
8005,31,Room in hotel,1,4,,
8006,7,Entire rental unit,1,4,,
8007,60,Entire rental unit,3,5,,
8008,10,Entire rental unit,3,5,,
8009,7,Entire rental unit,3,6,,
8010,15,Entire home,4,8,,
8011,6,Entire rental unit,3,7,,
8012,1,Entire rental unit,2,6,,
8013,34,Entire townhouse,3,5,,
8014,4,Private room in rental unit,,2,,
8015,7,Entire rental unit,2,3,,
8016,4,Entire rental unit,1,3,,
8017,7,Entire rental unit,4,6,,
8018,3,Entire rental unit,2,4,,
8019,31,Entire rental unit,3,6,,
8020,9,Entire rental unit,2,4,,
8021,8,Entire rental unit,2,4,,
8022,9,Entire rental unit,2,4,,
8023,8,Entire rental unit,2,4,,
8024,17,Private room in rental unit,,1,,
8025,15,Entire rental unit,1,2,,
8026,31,Room in hotel,1,2,,
8027,5,Entire rental unit,3,6,,
8028,7,Entire rental unit,1,2,,
8029,7,Entire rental unit,2,4,,
8030,70,Entire rental unit,3,5,,
8031,7,Entire rental unit,4,10,,
8032,2,Entire rental unit,2,4,,
8033,2,Entire rental unit,2,4,,
8034,3,Entire rental unit,1,2,,
8035,37,Entire rental unit,1,3,,
8036,7,Entire rental unit,4,7,,
8037,11,Entire rental unit,1,2,,
8038,2,Entire rental unit,2,4,,
8039,31,Entire rental unit,5,8,,
8040,68,Private room in home,,1,,
8041,68,Private room in home,,1,,
8042,7,Entire rental unit,3,5,,
8043,7,Entire rental unit,1,2,,
8044,66,Entire rental unit,3,5,,
8045,66,Entire rental unit,2,5,,
8046,66,Entire rental unit,3,5,,
8047,66,Entire rental unit,3,4,,
8048,7,Entire rental unit,2,4,,
8049,27,Entire rental unit,1,2,,
8050,9,Entire rental unit,1,2,,
8051,19,Entire rental unit,3,6,,
8052,19,Entire rental unit,3,6,,
8053,7,Private room in hostel,1,2,,
8054,2,Entire rental unit,2,4,,
8055,24,Entire rental unit,3,5,,
8056,64,Private room in rental unit,,2,,
8057,7,Entire rental unit,1,2,,
8058,63,Private room in rental unit,,2,,
8059,63,Private room in rental unit,,1,,
8060,2,Entire rental unit,2,4,,
8061,1,Entire rental unit,2,2,,
8062,10,Entire rental unit,2,4,,
8063,10,Entire rental unit,2,3,,
8064,2,Entire rental unit,1,2,,
8065,15,Entire rental unit,1,4,,
8066,15,Entire rental unit,1,4,,
8067,15,Entire rental unit,2,6,,
8068,15,Entire rental unit,2,6,,
8069,61,Entire rental unit,3,4,,
8070,68,Private room in home,,2,,
8071,6,Entire rental unit,3,4,,
8072,8,Entire rental unit,1,2,,
8073,1,Entire rental unit,2,4,,
8074,59,Entire rental unit,2,4,,
8075,18,Entire rental unit,2,4,,
8076,1,Entire rental unit,1,2,,
8077,31,Private room in rental unit,1,1,,
8078,2,Entire rental unit,1,2,,
8079,7,Private room in rental unit,1,2,,
8080,2,Private room in rental unit,,2,,
8081,2,Private room in rental unit,,1,,
8082,2,Private room in rental unit,,2,,
8083,7,Private room in rental unit,,1,,
8084,7,Private room in guesthouse,1,2,,
8085,26,Entire rental unit,3,6,,
8086,2,Entire rental unit,2,4,,
8087,15,Private room in rental unit,1,1,,
8088,1,Private room in rental unit,,1,,
8089,4,Entire rental unit,,2,,
8090,2,Entire rental unit,2,4,,
8091,63,Entire rental unit,2,3,,
8092,68,Entire condo,2,2,,
8093,35,Private room in rental unit,,1,,
8094,35,Private room in rental unit,,2,,
8095,3,Entire rental unit,1,2,,
8096,11,Entire rental unit,3,4,,
8097,63,Entire rental unit,2,3,,
8098,11,Entire rental unit,3,4,,
8099,2,Entire rental unit,1,3,,
8100,27,Entire rental unit,3,6,,
8101,10,Entire rental unit,2,3,,
8102,5,Entire rental unit,3,6,,
8103,31,Entire home,3,6,,
8104,7,Entire rental unit,1,2,,
8105,7,Entire rental unit,2,3,,
8106,8,Private room in rental unit,,2,,
8107,8,Entire rental unit,2,4,,
8108,26,Entire rental unit,5,9,,
8109,9,Entire rental unit,2,5,,
8110,9,Entire rental unit,2,5,,
8111,9,Entire rental unit,2,5,,
8112,9,Entire rental unit,2,5,,
8113,8,Entire rental unit,3,6,,
8114,9,Entire rental unit,1,4,,
8115,8,Entire rental unit,3,6,,
8116,9,Entire rental unit,3,6,,
8117,8,Entire rental unit,1,4,,
8118,8,Entire rental unit,3,6,,
8119,8,Entire rental unit,1,4,,
8120,8,Entire rental unit,3,6,,
8121,8,Entire rental unit,1,4,,
8122,8,Entire rental unit,1,4,,
8123,26,Entire rental unit,4,7,,
8124,2,Entire rental unit,1,2,,
8125,2,Entire loft,1,2,,
8126,15,Entire rental unit,1,2,,
8127,11,Entire home,1,4,,
8128,8,Entire rental unit,1,2,,
8129,31,Entire rental unit,3,3,,
8130,1,Entire rental unit,1,2,,
8131,4,Entire rental unit,1,2,,
8132,66,Private room in rental unit,1,1,,
8133,72,Entire condo,3,5,,
8134,6,Entire rental unit,1,2,,
8135,8,Entire rental unit,1,2,,
8136,10,Entire rental unit,3,6,,
8137,19,Entire home,1,3,,
8138,8,Entire rental unit,2,3,,
8139,8,Entire rental unit,2,6,,
8140,8,Entire rental unit,4,6,,
8141,27,Entire rental unit,4,7,,
8142,6,Entire rental unit,1,4,,
8143,9,Private room in rental unit,1,2,,
8144,2,Entire rental unit,1,2,,
8145,9,Entire rental unit,3,6,,
8146,44,Entire rental unit,1,2,,
8147,9,Entire rental unit,4,8,,
8148,2,Entire rental unit,1,4,,
8149,8,Entire rental unit,4,5,,
8150,1,Entire rental unit,2,3,,
8151,1,Entire rental unit,2,3,,
8152,2,Entire rental unit,1,4,,
8153,2,Entire rental unit,1,4,,
8154,2,Entire rental unit,2,6,,
8155,6,Entire rental unit,1,2,,
8156,6,Entire rental unit,1,2,,
8157,6,Entire rental unit,2,4,,
8158,69,Entire rental unit,3,5,,
8159,6,Entire rental unit,2,4,,
8160,6,Entire rental unit,3,4,,
8161,17,Entire rental unit,4,6,,
8162,18,Entire rental unit,2,4,,
8163,32,Entire rental unit,2,4,,
8164,70,Private room in rental unit,,2,,
8165,26,Entire rental unit,1,4,,
8166,32,Entire rental unit,2,4,,
8167,8,Entire rental unit,3,5,,
8168,7,Entire rental unit,1,2,,
8169,27,Entire rental unit,1,2,,
8170,27,Entire rental unit,1,2,,
8171,27,Entire rental unit,2,5,,
8172,26,Entire rental unit,3,5,,
8173,9,Entire rental unit,4,8,,
8174,2,Entire rental unit,1,2,,
8175,65,Entire rental unit,,4,,
8176,31,Entire condo,2,4,,
8177,1,Entire rental unit,2,4,,
8178,5,Entire rental unit,3,5,,
8179,18,Entire rental unit,3,6,,
8180,9,Entire rental unit,1,2,,
8181,1,Entire rental unit,,2,,
8182,1,Private room in rental unit,,1,,
8183,3,Entire rental unit,1,2,,
8184,10,Private room in rental unit,2,1,,
8185,26,Entire rental unit,2,4,,
8186,10,Entire rental unit,2,3,,
8187,32,Entire home,4,5,,
8188,7,Entire rental unit,2,6,,
8189,6,Entire rental unit,1,2,,
8190,1,Entire rental unit,3,14,,
8191,1,Entire rental unit,1,2,,
8192,3,Entire rental unit,2,6,,
8193,5,Private room in rental unit,1,2,,
8194,3,Entire rental unit,1,4,,
8195,9,Entire rental unit,2,3,,
8196,31,Entire rental unit,2,6,,
8197,32,Entire condo,2,2,,
8198,27,Entire rental unit,3,6,,
8199,17,Private room in guesthouse,1,1,,
8200,7,Entire serviced apartment,1,3,,
8201,7,Entire serviced apartment,2,6,,
8202,63,Entire rental unit,1,2,,
8203,63,Entire rental unit,,3,,
8204,19,Entire rental unit,3,5,,
8205,35,Entire rental unit,1,2,,
8206,3,Entire rental unit,2,3,,
8207,7,Entire rental unit,2,4,,
8208,7,Entire rental unit,2,5,,
8209,2,Entire rental unit,2,4,,
8210,63,Entire rental unit,,3,,
8211,63,Entire rental unit,,3,,
8212,63,Entire rental unit,2,3,,
8213,63,Entire rental unit,2,3,,
8214,11,Entire rental unit,2,5,,
8215,27,Entire rental unit,3,5,,
8216,27,Entire rental unit,1,4,,
8217,7,Entire rental unit,2,4,,
8218,2,Entire rental unit,2,4,,
8219,29,Entire rental unit,3,4,,
8220,67,Entire rental unit,2,5,,
8221,7,Private room in rental unit,1,1,,
8222,7,Private room in rental unit,1,1,,
8223,7,Private room in rental unit,2,1,,
8224,7,Private room in rental unit,,1,,
8225,7,Private room in rental unit,,2,,
8226,8,Entire rental unit,3,6,,
8227,31,Entire rental unit,1,3,,
8228,3,Entire rental unit,2,3,,
8229,25,Entire rental unit,1,2,,
8230,4,Private room in rental unit,,1,,
8231,8,Private room in rental unit,,2,,
8232,31,Private room in rental unit,1,1,,
8233,8,Private room in rental unit,1,1,,
8234,5,Entire rental unit,4,6,,
8235,1,Entire rental unit,1,2,,
8236,32,Entire rental unit,3,4,,
8237,7,Private room in rental unit,,1,,
8238,8,Private room in rental unit,1,1,,
8239,31,Entire rental unit,3,6,,
8240,21,Entire rental unit,2,2,,
8241,7,Entire rental unit,4,8,,
8242,15,Entire rental unit,3,3,,
8243,8,Entire rental unit,2,4,,
8244,18,Entire rental unit,3,6,,
8245,7,Entire rental unit,1,4,,
8246,1,Entire rental unit,2,2,,
8247,1,Entire rental unit,4,7,,
8248,26,Entire rental unit,1,4,,
8249,17,Entire rental unit,4,5,,
8250,32,Entire rental unit,,2,,
8251,68,Entire rental unit,2,2,,
8252,6,Entire rental unit,3,5,,
8253,32,Entire home,4,5,,
8254,68,Entire rental unit,2,4,,
8255,2,Entire rental unit,2,4,,
8256,1,Entire rental unit,2,4,,
8257,60,Entire rental unit,2,5,,
8258,14,Entire rental unit,1,2,,
8259,11,Entire rental unit,1,2,,
8260,18,Entire rental unit,2,5,,
8261,68,Entire rental unit,1,4,,
8262,7,Private room in rental unit,,2,,
8263,68,Entire rental unit,2,4,,
8264,7,Entire rental unit,4,7,,
8265,67,Entire rental unit,1,2,,
8266,4,Private room in rental unit,,1,,
8267,31,Entire rental unit,1,2,,
8268,17,Entire rental unit,4,6,,
8269,10,Entire rental unit,4,6,,
8270,17,Entire condo,2,4,,
8271,15,Entire rental unit,4,10,,
8272,10,Entire rental unit,4,6,,
8273,64,Entire rental unit,4,7,,
8274,8,Entire rental unit,2,4,,
8275,8,Entire rental unit,2,4,,
8276,3,Entire rental unit,1,2,,
8277,68,Entire rental unit,2,4,,
8278,68,Entire rental unit,2,4,,
8279,1,Entire rental unit,1,2,,
8280,7,Entire rental unit,1,4,,
8281,10,Entire rental unit,4,7,,
8282,10,Entire rental unit,3,3,,
8283,15,Entire townhouse,5,10,,
8284,4,Entire rental unit,2,4,,
8285,68,Entire rental unit,2,5,,
8286,68,Entire condo,2,4,,
8287,15,Entire rental unit,2,4,,
8288,15,Entire rental unit,1,3,,
8289,15,Entire rental unit,,2,,
8290,8,Private room in rental unit,,1,,
8291,7,Private room in rental unit,,2,,
8292,8,Private room in rental unit,,1,,
8293,31,Entire rental unit,2,4,,
8294,4,Entire rental unit,2,3,,
8295,6,Entire rental unit,2,3,,
8296,7,Private room in rental unit,,1,,
8297,8,Private room in rental unit,,1,,
8298,8,Private room in rental unit,,1,,
8299,31,Entire rental unit,1,3,,
8300,70,Private room in rental unit,,2,,
8301,7,Entire rental unit,1,2,,
8302,8,Entire rental unit,1,2,,
8303,31,Entire rental unit,1,2,,
8304,7,Entire rental unit,3,6,,
8305,6,Entire rental unit,2,4,,
8306,1,Private room in rental unit,,1,,
8307,72,Private room in rental unit,,1,,
8308,2,Private room in rental unit,,2,,
8309,5,Entire rental unit,2,4,,
8310,67,Entire rental unit,3,6,,
8311,18,Entire rental unit,2,4,,
8312,7,Entire rental unit,3,5,,
8313,1,Entire rental unit,3,6,,
8314,68,Entire rental unit,2,5,,
8315,4,Entire rental unit,1,2,,
8316,5,Private room in rental unit,,2,,
8317,37,Entire rental unit,2,2,,
8318,69,Private room in rental unit,,1,,
8319,69,Private room in rental unit,2,1,,
8320,5,Private room in rental unit,,2,,
8321,7,Private room in rental unit,,2,,
8322,19,Entire rental unit,4,7,,
8323,19,Private room in rental unit,,1,,
8324,8,Entire rental unit,3,5,,
8325,19,Private room in rental unit,,1,,
8326,10,Entire rental unit,1,2,,
8327,7,Entire rental unit,2,5,,
8328,30,Entire rental unit,2,6,,
8329,5,Entire rental unit,1,2,,
8330,2,Private room in rental unit,,2,,
8331,45,Private room in rental unit,,1,,
8332,25,Private room in rental unit,,1,,
8333,8,Entire rental unit,2,4,,
8334,27,Entire rental unit,1,2,,
8335,11,Entire home,3,8,,
8336,1,Entire rental unit,1,2,,
8337,35,Private room in rental unit,,2,,
8338,3,Entire rental unit,1,2,,
8339,2,Entire rental unit,4,6,,
8340,1,Entire rental unit,4,7,,
8341,28,Entire rental unit,3,4,,
8342,16,Entire rental unit,2,4,,
8343,23,Entire rental unit,2,4,,
8344,27,Entire rental unit,1,1,,
8345,5,Entire rental unit,,2,,
8346,10,Entire rental unit,2,3,,
8347,10,Entire rental unit,2,3,,
8348,5,Entire rental unit,2,3,,
8349,6,Entire condo,4,5,,
8350,6,Private room in rental unit,,1,,
8351,71,Entire rental unit,2,4,,
8352,5,Entire rental unit,,2,,
8353,9,Entire rental unit,1,2,,
8354,25,Entire rental unit,2,3,,
8355,4,Entire rental unit,1,2,,
8356,1,Private room in rental unit,,1,,
8357,9,Entire rental unit,2,4,,
8358,67,Entire rental unit,2,4,,
8359,60,Private room in rental unit,1,1,,
8360,6,Entire rental unit,1,2,,
8361,8,Entire rental unit,3,6,,
8362,8,Entire rental unit,2,4,,
8363,11,Entire rental unit,3,3,,
8364,25,Private room in rental unit,,1,,
8365,11,Entire rental unit,3,5,,
8366,11,Entire rental unit,3,3,,
8367,31,Entire rental unit,3,5,,
8368,11,Entire rental unit,5,5,,
8369,11,Entire rental unit,1,2,,
8370,8,Entire condo,1,3,,
8371,25,Private room in rental unit,1,1,,
8372,31,Entire rental unit,3,4,,
8373,25,Private room in rental unit,1,1,,
8374,31,Entire rental unit,3,5,,
8375,31,Entire rental unit,3,6,,
8376,31,Entire rental unit,3,6,,
8377,64,Private room in rental unit,,2,,
8378,1,Private room in rental unit,,1,,
8379,4,Entire rental unit,2,4,,
8380,6,Entire rental unit,2,4,,
8381,2,Private room in rental unit,,1,,
8382,2,Private room in rental unit,1,1,,
8383,1,Private room in rental unit,1,1,,
8384,31,Entire serviced apartment,1,2,,
8385,28,Entire rental unit,1,2,,
8386,31,Entire rental unit,1,2,,
8387,31,Entire serviced apartment,1,2,,
8388,70,Entire rental unit,3,5,,
8389,9,Private room in rental unit,1,2,,
8390,9,Private room in rental unit,1,1,,
8391,3,Entire condo,2,4,,
8392,64,Private room in rental unit,,1,,
8393,64,Private room in rental unit,,2,,
8394,68,Private room in rental unit,,1,,
8395,68,Private room in rental unit,,2,,
8396,68,Private room in rental unit,,1,,
8397,71,Entire rental unit,2,3,,
8398,7,Entire rental unit,1,2,,
8399,2,Entire rental unit,3,6,,
8400,66,Entire serviced apartment,3,5,,
8401,27,Private room in rental unit,,2,,
8402,27,Private room in rental unit,,1,,
8403,26,Private room in rental unit,,1,,
8404,26,Private room in rental unit,,1,,
8405,1,Entire rental unit,2,3,,
8406,11,Entire condo,2,4,,
8407,23,Entire rental unit,2,4,,
8408,7,Entire rental unit,2,5,,
8409,70,Entire condo,2,4,,
8410,64,Private room in home,,1,,
8411,6,Entire rental unit,1,2,,
8412,2,Entire rental unit,1,2,,
8413,7,Entire rental unit,2,4,,
8414,17,Private room in rental unit,,2,,
8415,1,Private room in rental unit,,1,,
8416,1,Entire rental unit,2,4,,
8417,17,Private room in rental unit,,2,,
8418,8,Entire rental unit,2,4,,
8419,6,Entire rental unit,1,2,,
8420,9,Entire rental unit,2,3,,
8421,5,Entire rental unit,3,6,,
8422,33,Entire rental unit,3,4,,
8423,1,Entire rental unit,2,4,,
8424,2,Entire rental unit,2,5,,
8425,1,Private room in rental unit,,2,,
8426,35,Entire rental unit,1,2,,
8427,5,Entire rental unit,2,3,,
8428,67,Entire rental unit,4,8,,
8429,10,Entire rental unit,4,7,,
8430,1,Private room in rental unit,1,3,,
8431,10,Private room in rental unit,,2,,
8432,26,Entire rental unit,2,4,,
8433,9,Entire rental unit,3,5,,
8434,27,Entire rental unit,1,3,,
8435,6,Entire rental unit,3,4,,
8436,68,Entire rental unit,1,4,,
8437,7,Entire rental unit,2,4,,
8438,7,Entire rental unit,3,6,,
8439,4,Entire rental unit,3,5,,
8440,44,Entire rental unit,2,3,,
8441,5,Entire rental unit,1,2,,
8442,6,Private room in casa particular,,1,,
8443,8,Entire rental unit,2,3,,
8444,7,Room in hotel,1,2,,
8445,10,Entire rental unit,3,6,,
8446,6,Entire rental unit,2,4,,
8447,7,Private room in rental unit,,2,,
8448,7,Entire rental unit,4,8,,
8449,8,Entire rental unit,1,2,,
8450,5,Entire rental unit,2,3,,
8451,4,Entire rental unit,3,4,,
8452,11,Entire rental unit,1,2,,
8453,2,Private room in rental unit,1,2,,
8454,7,Private room in rental unit,1,1,,
8455,7,Private room in rental unit,,1,,
8456,2,Entire rental unit,2,5,,
8457,7,Private room in rental unit,,1,,
8458,8,Entire rental unit,1,2,,
8459,2,Entire rental unit,2,4,,
8460,2,Entire rental unit,2,4,,
8461,18,Private room in rental unit,,1,,
8462,2,Entire rental unit,2,4,,
8463,2,Entire rental unit,2,4,,
8464,8,Entire rental unit,2,6,,
8465,72,Private room in rental unit,,1,,
8466,9,Entire rental unit,2,4,,
8467,31,Private room in rental unit,1,3,,
8468,31,Private room in rental unit,1,2,,
8469,1,Entire rental unit,2,4,,
8470,11,Private room in condo,1,2,,
8471,4,Entire rental unit,2,4,,
8472,4,Entire rental unit,3,5,,
8473,41,Private room in home,,2,,
8474,11,Entire rental unit,2,4,,
8475,38,Private room in home,,2,,
8476,9,Entire rental unit,2,4,,
8477,4,Entire rental unit,1,2,,
8478,1,Entire rental unit,1,2,,
8479,8,Entire rental unit,1,2,,
8480,6,Entire rental unit,2,3,,
8481,3,Entire rental unit,2,4,,
8482,11,Entire rental unit,3,4,,
8483,68,Entire rental unit,2,4,,
8484,68,Entire rental unit,2,4,,
8485,68,Entire rental unit,2,4,,
8486,68,Entire rental unit,2,4,,
8487,1,Entire rental unit,,2,,
8488,66,Entire rental unit,1,4,,
8489,68,Entire rental unit,3,4,,
8490,7,Entire rental unit,2,4,,
8491,8,Entire rental unit,1,2,,
8492,9,Entire rental unit,1,2,,
8493,60,Entire rental unit,2,3,,
8494,8,Entire rental unit,3,6,,
8495,7,Entire rental unit,1,2,,
8496,17,Entire rental unit,1,2,,
8497,2,Entire rental unit,1,2,,
8498,31,Entire rental unit,2,4,,
8499,8,Private room in rental unit,,2,,
8500,68,Private room in rental unit,,1,,
8501,33,Entire loft,1,1,,
8502,18,Room in hotel,1,2,,
8503,4,Entire rental unit,2,4,,
8504,52,Private room in rental unit,,2,,
8505,3,Entire rental unit,1,2,,
8506,7,Entire rental unit,2,3,,
8507,17,Entire rental unit,4,4,,
8508,22,Entire chalet,3,8,,
8509,3,Camper/RV,1,3,,
8510,7,Private room in rental unit,,2,,
8511,5,Room in hotel,1,2,,
8512,16,Entire rental unit,2,3,,
8513,26,Entire rental unit,3,5,,
8514,17,Entire rental unit,1,2,,
8515,5,Entire rental unit,2,6,,
8516,9,Private room in rental unit,1,2,,
8517,9,Private room in rental unit,1,1,,
8518,23,Entire rental unit,2,4,,
8519,6,Entire rental unit,1,3,,
8520,35,Private room in rental unit,,1,,
8521,10,Private room in rental unit,,1,,
8522,18,Private room in rental unit,,1,,
8523,60,Entire rental unit,3,5,,
8524,60,Entire rental unit,2,4,,
8525,4,Entire rental unit,1,3,,
8526,10,Entire rental unit,2,5,,
8527,15,Private room in rental unit,,1,,
8528,15,Entire rental unit,1,2,,
8529,45,Entire rental unit,2,4,,
8530,19,Entire rental unit,3,4,,
8531,11,Private room in rental unit,,3,,
8532,69,Entire rental unit,2,3,,
8533,11,Entire rental unit,3,4,,
8534,8,Entire rental unit,1,2,,
8535,66,Entire rental unit,4,10,,
8536,7,Private room in rental unit,,1,,
8537,26,Entire rental unit,2,3,,
8538,64,Entire rental unit,3,6,,
8539,67,Entire rental unit,3,6,,
8540,17,Entire rental unit,,2,,
8541,23,Entire rental unit,1,2,,
8542,8,Entire rental unit,2,4,,
8543,2,Entire rental unit,3,6,,
8544,10,Entire rental unit,2,6,,
8545,2,Entire rental unit,2,5,,
8546,28,Entire rental unit,1,2,,
8547,2,Entire rental unit,2,4,,
8548,8,Private room in rental unit,1,1,,
8549,25,Private room in rental unit,,1,,
8550,25,Private room in rental unit,,1,,
8551,25,Private room in rental unit,1,1,,
8552,25,Private room in rental unit,1,1,,
8553,25,Private room in rental unit,1,1,,
8554,25,Private room in rental unit,1,1,,
8555,4,Entire rental unit,1,2,,
8556,7,Entire rental unit,3,6,,
8557,66,Private room in condo,2,2,,
8558,5,Entire rental unit,3,4,,
8559,2,Entire rental unit,1,2,,
8560,1,Entire rental unit,2,3,,
8561,7,Entire rental unit,2,4,,
8562,68,Entire rental unit,2,3,,
8563,15,Entire rental unit,4,5,,
8564,2,Entire rental unit,1,2,,
8565,2,Entire rental unit,1,2,,
8566,68,Private room in home,,2,,
8567,68,Private room in home,,2,,
8568,4,Entire home,1,2,,
8569,68,Private room in home,,2,,
8570,2,Entire rental unit,2,4,,
8571,68,Entire rental unit,2,4,,
8572,5,Private room in rental unit,,1,,
8573,6,Entire rental unit,3,6,,
8574,68,Private room in tiny home,,2,,
8575,64,Entire rental unit,2,4,,
8576,66,Entire rental unit,1,2,,
8577,14,Private room in rental unit,,2,,
8578,31,Entire rental unit,2,3,,
8579,36,Private room in rental unit,,3,,
8580,14,Private room in rental unit,1,1,,
8581,9,Private room in bed and breakfast,,1,,
8582,4,Private room in rental unit,,2,,
8583,14,Entire rental unit,1,4,,
8584,66,Entire rental unit,1,2,,
8585,32,Private room in rental unit,,1,,
8586,10,Entire rental unit,3,5,,
8587,64,Entire guest suite,1,2,,
8588,68,Private room in rental unit,1,1,,
8589,6,Entire rental unit,3,6,,
8590,68,Private room in rental unit,1,1,,
8591,18,Entire rental unit,4,8,,
8592,1,Entire rental unit,4,7,,
8593,68,Entire rental unit,1,2,,
8594,15,Entire rental unit,2,4,,
8595,37,Entire rental unit,2,4,,
8596,31,Entire condo,1,2,,
8597,64,Entire rental unit,2,3,,
8598,26,Entire rental unit,4,6,,
8599,3,Entire rental unit,1,2,,
8600,7,Private room in condo,,1,,
8601,33,Entire rental unit,1,2,,
8602,3,Private room in rental unit,,2,,
8603,15,Private room in rental unit,1,2,,
8604,1,Entire rental unit,2,4,,
8605,9,Entire rental unit,3,5,,
8606,9,Entire rental unit,3,5,,
8607,9,Entire rental unit,3,6,,
8608,9,Entire rental unit,3,7,,
8609,9,Entire rental unit,3,5,,
8610,9,Entire rental unit,3,4,,
8611,9,Entire rental unit,3,5,,
8612,9,Entire rental unit,3,5,,
8613,9,Entire rental unit,3,6,,
8614,9,Entire rental unit,3,6,,
8615,9,Entire rental unit,3,5,,
8616,9,Entire rental unit,3,5,,
8617,9,Entire rental unit,3,4,,
8618,9,Entire rental unit,3,6,,
8619,9,Entire rental unit,3,5,,
8620,9,Entire rental unit,3,6,,
8621,68,Entire rental unit,1,2,,
8622,1,Entire rental unit,1,2,,
8623,2,Entire rental unit,1,2,,
8624,31,Private room in rental unit,1,1,,
8625,18,Entire rental unit,2,4,,
8626,6,Entire rental unit,1,2,,
8627,5,Private room in rental unit,,2,,
8628,11,Private room in condo,,1,,
8629,14,Private room in rental unit,,1,,
8630,14,Private room in rental unit,1,1,,
8631,6,Entire rental unit,3,6,,
8632,32,Entire rental unit,3,5,,
8633,11,Entire rental unit,2,4,,
8634,11,Entire rental unit,4,8,,
8635,3,Entire rental unit,1,2,,
8636,6,Entire rental unit,3,6,,
8637,4,Entire rental unit,3,4,,
8638,64,Private room in rental unit,1,1,,
8639,8,Entire rental unit,5,8,,
8640,2,Private room in rental unit,2,2,,
8641,27,Entire rental unit,3,5,,
8642,7,Entire rental unit,1,2,,
8643,4,Entire rental unit,1,2,,
8644,6,Entire rental unit,2,4,,
8645,72,Private room in rental unit,,1,,
8646,4,Private room in rental unit,1,1,,
8647,71,Private room in rental unit,3,4,,
8648,64,Private room in rental unit,4,4,,
8649,2,Entire rental unit,2,4,,
8650,10,Entire rental unit,9,15,,
8651,11,Entire rental unit,3,4,,
8652,31,Entire rental unit,2,3,,
8653,2,Entire rental unit,1,2,,
8654,31,Entire rental unit,3,5,,
8655,1,Entire rental unit,2,4,,
8656,7,Entire rental unit,,2,,
8657,9,Entire rental unit,1,2,,
8658,6,Entire rental unit,3,5,,
8659,3,Entire rental unit,1,2,,
8660,31,Private room in rental unit,,2,,
8661,2,Private room in rental unit,,2,,
8662,19,Entire rental unit,3,6,,
8663,3,Entire rental unit,3,5,,
8664,10,Entire rental unit,2,6,,
8665,2,Entire rental unit,2,4,,
8666,2,Entire rental unit,2,4,,
8667,31,Entire rental unit,3,7,,
8668,8,Entire rental unit,2,4,,
8669,62,Private room in rental unit,1,1,,
8670,62,Private room in rental unit,,2,,
8671,11,Entire condo,3,5,,
8672,1,Entire rental unit,4,8,,
8673,65,Entire rental unit,2,2,,
8674,10,Entire rental unit,3,6,,
8675,18,Entire rental unit,2,4,,
8676,2,Entire rental unit,3,6,,
8677,19,Entire rental unit,1,2,,
8678,7,Entire rental unit,4,5,,
8679,66,Entire rental unit,2,4,,
8680,31,Entire rental unit,2,6,,
8681,2,Entire rental unit,1,4,,
8682,2,Entire rental unit,2,4,,
8683,7,Entire rental unit,1,2,,
8684,11,Entire rental unit,1,3,,
8685,4,Entire rental unit,2,4,,
8686,45,Entire rental unit,3,5,,
8687,67,Boat,1,2,,
8688,66,Entire rental unit,2,4,,
8689,66,Entire rental unit,2,4,,
8690,6,Entire condo,2,3,,
8691,27,Private room in home,,2,,
8692,7,Room in hotel,1,2,,
8693,7,Entire rental unit,3,7,,
8694,31,Entire rental unit,2,4,,
8695,9,Private room in rental unit,1,2,,
8696,25,Private room in rental unit,1,1,,
8697,25,Private room in rental unit,2,1,,
8698,1,Entire rental unit,1,2,,
8699,6,Private room in rental unit,1,1,,
8700,1,Private room in rental unit,,1,,
8701,15,Entire rental unit,2,4,,
8702,27,Entire rental unit,1,2,,
8703,31,Entire rental unit,3,6,,
8704,11,Entire rental unit,2,4,,
8705,9,Entire rental unit,5,10,,
8706,7,Room in hotel,1,4,,
8707,7,Room in hotel,1,2,,
8708,31,Entire rental unit,2,2,,
8709,4,Entire rental unit,3,4,,
8710,9,Entire rental unit,,3,,
8711,8,Entire rental unit,,3,,
8712,8,Entire rental unit,1,2,,
8713,10,Entire rental unit,2,2,,
8714,19,Entire rental unit,4,4,,
8715,7,Entire rental unit,2,4,,
8716,62,Private room in rental unit,,2,,
8717,62,Private room in rental unit,,4,,
8718,32,Private room in rental unit,,1,,
8719,7,Entire rental unit,3,5,,
8720,62,Entire rental unit,1,2,,
8721,4,Entire rental unit,,2,,
8722,62,Entire rental unit,2,3,,
8723,9,Entire rental unit,2,2,,
8724,4,Entire rental unit,1,2,,
8725,7,Entire rental unit,3,4,,
8726,4,Entire rental unit,5,7,,
8727,7,Entire rental unit,3,6,,
8728,1,Entire rental unit,1,2,,
8729,1,Entire rental unit,1,2,,
8730,1,Entire rental unit,1,2,,
8731,3,Entire rental unit,2,2,,
8732,19,Entire rental unit,1,2,,
8733,68,Entire rental unit,,2,,
8734,4,Entire rental unit,2,2,,
8735,4,Entire rental unit,2,3,,
8736,4,Entire rental unit,2,2,,
8737,4,Entire rental unit,3,5,,
8738,9,Entire rental unit,2,3,,
8739,1,Entire rental unit,1,2,,
8740,8,Entire rental unit,2,4,,
8741,7,Room in hotel,1,2,,
8742,7,Room in hotel,1,3,,
8743,10,Entire rental unit,1,2,,
8744,31,Entire rental unit,2,4,,
8745,10,Entire rental unit,3,6,,
8746,7,Room in hotel,1,3,,
8747,7,Room in hotel,1,4,,
8748,14,Entire rental unit,2,3,,
8749,3,Entire rental unit,1,2,,
8750,7,Entire rental unit,6,12,,
8751,11,Entire rental unit,2,4,,
8752,2,Entire rental unit,2,4,,
8753,2,Entire rental unit,1,3,,
8754,1,Entire rental unit,1,2,,
8755,26,Entire rental unit,2,4,,
8756,71,Entire rental unit,3,5,,
8757,71,Entire rental unit,2,4,,
8758,71,Entire rental unit,2,6,,
8759,50,Private room in rental unit,,2,,
8760,70,Entire rental unit,1,4,,
8761,1,Entire rental unit,1,2,,
8762,71,Entire rental unit,1,2,,
8763,1,Entire rental unit,4,9,,
8764,8,Entire rental unit,1,2,,
8765,8,Entire rental unit,1,2,,
8766,1,Entire rental unit,1,2,,
8767,11,Entire rental unit,1,3,,
8768,5,Room in hotel,1,2,,
8769,5,Room in hotel,1,3,,
8770,5,Room in hotel,1,4,,
8771,2,Private room in condo,,2,,
8772,5,Room in hotel,1,3,,
8773,5,Room in hotel,1,4,,
8774,5,Room in hotel,1,4,,
8775,5,Room in hotel,1,4,,
8776,5,Room in hotel,1,5,,
8777,5,Room in hotel,1,5,,
8778,10,Entire rental unit,2,5,,
8779,11,Entire rental unit,8,16,,
8780,4,Private room in rental unit,,1,,
8781,11,Entire rental unit,6,12,,
8782,7,Entire rental unit,2,4,,
8783,4,Entire rental unit,1,4,,
8784,1,Entire rental unit,1,2,,
8785,68,Entire rental unit,2,5,,
8786,4,Entire rental unit,2,2,,
8787,26,Entire rental unit,2,4,,
8788,7,Entire rental unit,4,9,,
8789,1,Entire rental unit,1,2,,
8790,1,Entire rental unit,1,2,,
8791,1,Entire rental unit,1,2,,
8792,1,Entire rental unit,1,2,,
8793,11,Entire rental unit,1,2,,
8794,68,Entire rental unit,2,5,,
8795,31,Entire rental unit,1,2,,
8796,3,Entire rental unit,1,2,,
8797,7,Private room in rental unit,,2,,
8798,69,Entire rental unit,1,4,,
8799,27,Entire rental unit,2,4,,
8800,10,Private room in rental unit,1,2,,
8801,10,Private room in rental unit,1,2,,
8802,2,Entire rental unit,2,5,,
8803,26,Entire rental unit,2,4,,
8804,1,Private room in rental unit,,1,,
8805,11,Entire rental unit,2,4,,
8806,11,Entire rental unit,2,4,,
8807,31,Entire rental unit,3,6,,
8808,2,Entire rental unit,4,9,,
8809,9,Entire rental unit,2,4,,
8810,7,Entire rental unit,2,2,,
8811,70,Entire rental unit,4,4,,
8812,4,Private room in condo,,2,,
8813,4,Private room in rental unit,,2,,
8814,1,Entire rental unit,1,2,,
8815,10,Private room in rental unit,,1,,
8816,3,Entire rental unit,1,3,,
8817,6,Entire rental unit,2,4,,
8818,9,Entire rental unit,3,6,,
8819,64,Entire rental unit,2,6,,
8820,30,Entire rental unit,3,4,,
8821,27,Entire rental unit,4,7,,
8822,2,Entire condo,2,4,,
8823,10,Entire rental unit,1,4,,
8824,26,Entire rental unit,3,6,,
8825,10,Entire rental unit,2,6,,
8826,10,Entire rental unit,1,4,,
8827,10,Entire rental unit,1,2,,
8828,10,Entire rental unit,1,3,,
8829,1,Entire rental unit,,2,,
8830,1,Entire rental unit,,2,,
8831,20,Private room in serviced apartment,1,2,,
8832,20,Private room in serviced apartment,1,2,,
8833,19,Entire rental unit,3,4,,
8834,1,Entire rental unit,3,5,,
8835,10,Entire rental unit,1,5,,
8836,1,Entire rental unit,3,5,,
8837,7,Entire rental unit,2,3,,
8838,1,Entire rental unit,1,2,,
8839,26,Entire rental unit,1,2,,
8840,67,Entire rental unit,3,6,,
8841,10,Entire rental unit,1,2,,
8842,71,Entire rental unit,2,4,,
8843,30,Private room in rental unit,1,1,,
8844,33,Private room in rental unit,,1,,
8845,9,Entire rental unit,3,5,,
8846,10,Entire rental unit,4,7,,
8847,60,Entire rental unit,2,4,,
8848,44,Entire rental unit,2,3,,
8849,31,Entire rental unit,1,2,,
8850,8,Entire rental unit,4,8,,
8851,60,Entire rental unit,2,4,,
8852,7,Entire rental unit,2,4,,
8853,8,Entire rental unit,2,3,,
8854,52,Private room in rental unit,1,2,,
8855,72,Entire rental unit,1,2,,
8856,70,Entire rental unit,3,6,,
8857,27,Entire rental unit,1,2,,
8858,7,Entire rental unit,3,6,,
8859,7,Entire rental unit,2,4,,
8860,16,Entire rental unit,4,6,,
8861,1,Entire rental unit,2,2,,
8862,10,Entire rental unit,2,4,,
8863,17,Entire rental unit,1,3,,
8864,1,Entire rental unit,2,3,,
8865,7,Entire rental unit,2,3,,
8866,26,Entire rental unit,4,7,,
8867,19,Entire rental unit,2,4,,
8868,9,Entire rental unit,2,3,,
8869,2,Entire rental unit,1,12,,
8870,13,Private room in rental unit,1,2,,
8871,65,Private room in rental unit,1,1,,
8872,6,Entire rental unit,2,3,,
8873,11,Entire rental unit,1,2,,
8874,64,Entire rental unit,2,4,,
8875,31,Entire rental unit,1,3,,
8876,19,Entire rental unit,2,4,,
8877,7,Private room in hostel,1,3,,
8878,8,Private room in hostel,1,2,,
8879,33,Entire condo,2,6,,
8880,72,Private room in rental unit,1,2,,
8881,1,Private room in rental unit,,2,,
8882,19,Entire rental unit,3,6,,
8883,18,Entire rental unit,2,4,,
8884,4,Entire rental unit,2,4,,
8885,32,Entire rental unit,4,4,,
8886,7,Entire rental unit,3,5,,
8887,5,Entire rental unit,3,8,,
8888,19,Entire rental unit,1,2,,
8889,4,Entire rental unit,2,4,,
8890,31,Entire rental unit,3,5,,
8891,25,Entire rental unit,4,7,,
8892,73,Private room in rental unit,,1,,
8893,26,Entire rental unit,2,4,,
8894,8,Entire rental unit,4,12,,
8895,4,Entire rental unit,1,2,,
8896,71,Entire rental unit,2,4,,
8897,7,Entire rental unit,3,6,,
8898,8,Entire rental unit,1,2,,
8899,61,Entire rental unit,2,4,,
8900,8,Room in hotel,1,2,,
8901,23,Entire rental unit,,4,,
8902,3,Entire rental unit,2,4,,
8903,25,Entire rental unit,3,5,,
8904,6,Private room in rental unit,1,2,,
8905,3,Entire rental unit,2,4,,
8906,6,Entire rental unit,1,2,,
8907,6,Entire rental unit,4,5,,
8908,2,Entire rental unit,3,6,,
8909,4,Entire rental unit,1,2,,
8910,66,Entire rental unit,1,2,,
8911,15,Entire rental unit,3,4,,
8912,6,Private room in rental unit,1,2,,
8913,2,Private room in condo,,2,,
8914,10,Entire rental unit,3,6,,
8915,19,Entire rental unit,2,4,,
8916,26,Entire rental unit,3,6,,
8917,9,Entire rental unit,1,3,,
8918,7,Entire rental unit,3,6,,
8919,32,Entire rental unit,3,5,,
8920,8,Entire rental unit,3,5,,
8921,6,Entire rental unit,3,6,,
8922,6,Entire rental unit,3,5,,
8923,31,Private room in rental unit,1,1,,
8924,13,Private room in rental unit,,1,,
8925,5,Entire rental unit,1,3,,
8926,64,Entire rental unit,4,4,,
8927,18,Entire rental unit,4,4,,
8928,1,Private room in rental unit,,2,,
8929,14,Entire rental unit,2,4,,
8930,31,Private room in rental unit,,1,,
8931,10,Entire rental unit,2,3,,
8932,6,Entire rental unit,1,3,,
8933,4,Entire rental unit,2,2,,
8934,1,Entire rental unit,2,4,,
8935,8,Entire rental unit,2,4,,
8936,5,Entire rental unit,1,2,,
8937,68,Entire rental unit,3,4,,
8938,68,Entire rental unit,2,4,,
8939,8,Room in hotel,1,2,,
8940,8,Room in hotel,1,3,,
8941,8,Entire rental unit,2,3,,
8942,35,Entire rental unit,2,4,,
8943,8,Entire rental unit,2,4,,
8944,7,Entire rental unit,2,4,,
8945,7,Entire rental unit,2,5,,
8946,43,Entire rental unit,3,3,,
8947,63,Entire rental unit,2,3,,
8948,63,Entire rental unit,1,2,,
8949,32,Private room in rental unit,,1,,
8950,63,Entire rental unit,2,3,,
8951,2,Entire rental unit,1,2,,
8952,11,Entire rental unit,1,3,,
8953,1,Entire rental unit,1,2,,
8954,1,Entire rental unit,2,3,,
8955,1,Entire rental unit,2,4,,
8956,8,Entire rental unit,3,6,,
8957,10,Private room in rental unit,,2,,
8958,3,Entire rental unit,1,2,,
8959,31,Entire rental unit,1,2,,
8960,35,Entire rental unit,1,2,,
8961,63,Entire rental unit,2,3,,
8962,31,Entire rental unit,,2,,
8963,10,Entire rental unit,1,4,,
8964,5,Entire rental unit,1,2,,
8965,11,Entire rental unit,1,2,,
8966,3,Entire rental unit,1,2,,
8967,15,Entire rental unit,1,2,,
8968,7,Entire serviced apartment,2,3,,
8969,35,Entire rental unit,3,2,,
8970,34,Entire rental unit,1,4,,
8971,2,Entire rental unit,1,2,,
8972,19,Entire rental unit,4,6,,
8973,70,Entire rental unit,3,6,,
8974,31,Entire rental unit,2,4,,
8975,31,Entire rental unit,3,4,,
8976,31,Entire rental unit,3,4,,
8977,31,Entire rental unit,2,3,,
8978,31,Entire rental unit,2,3,,
8979,71,Entire rental unit,3,6,,
8980,5,Entire rental unit,1,2,,
8981,66,Private room in rental unit,,1,,
8982,42,Entire rental unit,4,11,,
8983,2,Entire rental unit,3,6,,
8984,10,Entire rental unit,2,4,,
8985,9,Entire rental unit,1,2,,
8986,5,Entire rental unit,1,2,,
8987,14,Private room in rental unit,1,1,,
8988,11,Entire rental unit,2,4,,
8989,7,Entire rental unit,2,4,,
8990,8,Entire rental unit,2,4,,
8991,5,Entire rental unit,1,2,,
8992,5,Entire rental unit,1,2,,
8993,5,Entire rental unit,1,2,,
8994,5,Entire rental unit,1,2,,
8995,11,Entire rental unit,1,3,,
8996,11,Entire rental unit,2,4,,
8997,64,Entire rental unit,2,3,,
8998,2,Entire rental unit,2,2,,
8999,4,Entire rental unit,2,3,,
9000,4,Entire rental unit,2,3,,
9001,73,Entire rental unit,4,6,,
9002,4,Entire rental unit,,2,,
9003,10,Entire rental unit,3,4,,
9004,9,Entire vacation home,2,4,,
9005,2,Entire rental unit,2,3,,
9006,4,Entire rental unit,2,3,,
9007,5,Entire rental unit,1,2,,
9008,6,Entire rental unit,4,5,,
9009,6,Entire rental unit,4,5,,
9010,5,Entire rental unit,1,2,,
9011,26,Private room in rental unit,,1,,
9012,6,Entire rental unit,4,5,,
9013,5,Entire rental unit,1,2,,
9014,6,Entire rental unit,4,6,,
9015,31,Entire rental unit,1,2,,
9016,4,Entire rental unit,2,3,,
9017,7,Entire rental unit,2,3,,
9018,6,Entire condo,3,5,,
9019,2,Entire rental unit,1,2,,
9020,9,Private room in rental unit,,1,,
9021,3,Entire condo,1,2,,
9022,68,Entire rental unit,3,6,,
9023,4,Entire rental unit,2,3,,
9024,31,Entire rental unit,1,2,,
9025,38,Entire rental unit,3,5,,
9026,4,Private room in rental unit,,1,,
9027,4,Entire rental unit,1,2,,
9028,4,Entire rental unit,2,3,,
9029,2,Entire rental unit,2,3,,
9030,67,Entire rental unit,2,3,,
9031,31,Entire rental unit,1,4,,
9032,8,Entire rental unit,3,5,,
9033,32,Entire rental unit,3,5,,
9034,11,Entire rental unit,3,6,,
9035,62,Private room in rental unit,1,1,,
9036,26,Private room in rental unit,,1,,
9037,4,Entire rental unit,2,3,,
9038,7,Entire rental unit,2,3,,
9039,6,Entire rental unit,2,4,,
9040,8,Entire rental unit,2,5,,
9041,3,Entire rental unit,,2,,
9042,4,Private room in rental unit,,1,,
9043,6,Entire rental unit,2,4,,
9044,10,Entire rental unit,3,5,,
9045,15,Entire vacation home,3,5,,
9046,7,Entire rental unit,2,3,,
9047,8,Entire rental unit,2,4,,
9048,8,Entire rental unit,2,4,,
9049,2,Entire condo,2,4,,
9050,25,Private room in rental unit,,1,,
9051,9,Entire rental unit,3,5,,
9052,18,Private room in condo,1,2,,
9053,1,Entire rental unit,1,2,,
9054,10,Entire rental unit,3,6,,
9055,8,Private room in rental unit,1,2,,
9056,8,Private room in rental unit,1,2,,
9057,37,Private room in rental unit,,1,,
9058,31,Entire rental unit,3,5,,
9059,70,Entire rental unit,1,3,,
9060,70,Entire rental unit,1,3,,
9061,70,Entire rental unit,1,3,,
9062,8,Entire rental unit,3,5,,
9063,7,Entire rental unit,3,6,,
9064,10,Entire rental unit,2,3,,
9065,25,Entire rental unit,1,2,,
9066,27,Entire rental unit,1,2,,
9067,10,Entire rental unit,3,5,,
9068,15,Entire rental unit,2,6,,
9069,7,Entire rental unit,1,3,,
9070,7,Entire rental unit,2,4,,
9071,2,Entire rental unit,2,3,,
9072,4,Entire rental unit,1,2,,
9073,3,Entire rental unit,1,2,,
9074,23,Entire rental unit,1,3,,
9075,6,Entire rental unit,3,4,,
9076,13,Private room in rental unit,,1,,
9077,8,Private room in rental unit,,1,,
9078,9,Entire rental unit,2,4,,
9079,9,Entire rental unit,1,4,,
9080,7,Entire rental unit,2,4,,
9081,25,Entire rental unit,2,3,,
9082,31,Entire rental unit,3,4,,
9083,4,Private room in rental unit,,1,,
9084,9,Entire rental unit,3,5,,
9085,1,Private room in rental unit,1,1,,
9086,2,Entire rental unit,2,2,,
9087,31,Entire serviced apartment,1,2,,
9088,70,Entire rental unit,2,5,,
9089,70,Entire rental unit,2,5,,
9090,32,Private room in rental unit,,3,,
9091,31,Entire rental unit,3,4,,
9092,4,Entire rental unit,3,5,,
9093,4,Entire rental unit,3,5,,
9094,68,Entire rental unit,2,4,,
9095,26,Entire rental unit,2,4,,
9096,2,Entire rental unit,2,4,,
9097,2,Entire rental unit,2,4,,
9098,8,Entire rental unit,1,2,,
9099,11,Entire rental unit,3,4,,
9100,8,Private room in rental unit,,1,,
9101,4,Entire rental unit,1,2,,
9102,8,Entire rental unit,2,6,,
9103,7,Entire rental unit,1,3,,
9104,7,Entire rental unit,1,3,,
9105,8,Private room in rental unit,,1,,
9106,8,Private room in rental unit,,1,,
9107,8,Private room in rental unit,,1,,
9108,1,Entire rental unit,2,3,,
9109,6,Entire rental unit,2,4,,
9110,2,Entire rental unit,6,16,,
9111,10,Entire rental unit,1,3,,
9112,6,Entire rental unit,2,4,,
9113,7,Entire rental unit,4,5,,
9114,28,Entire rental unit,3,6,,
9115,68,Private room in tiny home,2,3,,
9116,6,Entire rental unit,1,4,,
9117,31,Private room in rental unit,1,1,,
9118,31,Private room in rental unit,1,1,,
9119,27,Private room in rental unit,1,1,,
9120,31,Private room in rental unit,,1,,
9121,31,Entire rental unit,1,2,,
9122,31,Private room in rental unit,1,1,,
9123,9,Entire rental unit,6,14,,
9124,32,Private room in rental unit,,1,,
9125,70,Entire rental unit,1,2,,
9126,31,Private room in rental unit,1,1,,
9127,4,Private room in rental unit,1,1,,
9128,8,Private room in rental unit,1,1,,
9129,4,Private room in rental unit,1,1,,
9130,9,Entire rental unit,3,4,,
9131,8,Private room in rental unit,,1,,
9132,3,Entire rental unit,1,2,,
9133,11,Entire rental unit,2,3,,
9134,31,Entire rental unit,2,4,,
9135,10,Private room in rental unit,1,1,,
9136,4,Private room in rental unit,,1,,
9137,9,Entire rental unit,3,5,,
9138,4,Private room in rental unit,,1,,
9139,4,Private room in rental unit,1,2,,
9140,7,Private room in rental unit,1,1,,
9141,6,Entire rental unit,3,4,,
9142,7,Room in hotel,,3,,
9143,26,Room in hotel,,2,,
9144,26,Room in hotel,,2,,
9145,26,Room in hotel,,2,,
9146,1,Private room in rental unit,1,1,,
9147,3,Entire rental unit,1,2,,
9148,1,Private room in rental unit,1,1,,
9149,1,Private room in rental unit,1,1,,
9150,7,Private room in rental unit,1,1,,
9151,1,Private room in rental unit,1,1,,
9152,1,Private room in rental unit,1,1,,
9153,18,Entire rental unit,1,2,,
9154,4,Private room in rental unit,1,1,,
9155,11,Entire rental unit,3,2,,
9156,27,Entire rental unit,2,5,,
9157,7,Private room in rental unit,1,1,,
9158,8,Private room in rental unit,1,1,,
9159,8,Private room in rental unit,,1,,
9160,4,Entire rental unit,1,2,,
9161,8,Private room in rental unit,,1,,
9162,33,Private room in rental unit,1,1,,
9163,8,Private room in rental unit,1,1,,
9164,31,Entire rental unit,2,4,,
9165,8,Private room in rental unit,,1,,
9166,8,Private room in rental unit,1,1,,
9167,8,Private room in rental unit,1,1,,
9168,8,Private room in rental unit,1,1,,
9169,7,Entire rental unit,3,6,,
9170,8,Entire rental unit,3,5,,
9171,10,Private room in rental unit,1,1,,
9172,10,Private room in rental unit,1,1,,
9173,10,Private room in rental unit,,1,,
9174,19,Entire rental unit,3,4,,
9175,18,Entire rental unit,2,4,,
9176,10,Private room in rental unit,1,1,,
9177,19,Entire rental unit,1,2,,
9178,10,Private room in rental unit,1,1,,
9179,18,Private room in rental unit,1,2,,
9180,4,Entire rental unit,1,3,,
9181,11,Entire rental unit,2,3,,
9182,16,Private room in bed and breakfast,1,2,,
9183,16,Private room in bed and breakfast,1,1,,
9184,16,Private room in bed and breakfast,1,2,,
9185,16,Private room in bed and breakfast,1,2,,
9186,16,Private room in bed and breakfast,1,2,,
9187,1,Entire rental unit,2,3,,
9188,33,Entire rental unit,3,4,,
9189,44,Private room in home,1,1,,
9190,44,Private room in home,1,1,,
9191,7,Entire rental unit,3,6,,
9192,4,Entire rental unit,2,4,,
9193,9,Entire rental unit,3,3,,
9194,2,Entire rental unit,3,8,,
9195,2,Entire rental unit,3,8,,
9196,9,Entire rental unit,3,5,,
9197,11,Entire condo,1,2,,
9198,14,Private room in rental unit,1,1,,
9199,26,Entire rental unit,2,3,,
9200,26,Private room in rental unit,,2,,
9201,66,Entire rental unit,3,5,,
9202,10,Entire rental unit,2,2,,
9203,8,Entire rental unit,2,4,,
9204,21,Private room in rental unit,1,1,,
9205,33,Entire rental unit,4,8,,
9206,21,Entire rental unit,1,1,,
9207,7,Room in hotel,1,2,,
9208,7,Room in hotel,1,2,,
9209,7,Room in hotel,1,2,,
9210,7,Room in hotel,1,2,,
9211,6,Entire condo,1,3,,
9212,67,Room in hotel,1,2,,
9213,18,Private room in rental unit,,2,,
9214,7,Entire rental unit,3,6,,
9215,3,Entire rental unit,1,2,,
9216,71,Private room in rental unit,,1,,
9217,11,Entire rental unit,2,3,,
9218,7,Room in hotel,1,2,,
9219,4,Entire rental unit,3,5,,
9220,27,Entire rental unit,3,6,,
9221,6,Entire rental unit,4,4,,
9222,70,Entire home,3,5,,
9223,68,Entire rental unit,1,2,,
9224,24,Entire rental unit,2,4,,
9225,8,Entire rental unit,1,2,,
9226,7,Entire rental unit,1,2,,
9227,7,Entire rental unit,4,8,,
9228,7,Entire rental unit,1,4,,
9229,7,Entire rental unit,1,4,,
9230,3,Entire rental unit,1,3,,
9231,7,Private room in rental unit,1,1,,
9232,19,Entire rental unit,2,3,,
9233,6,Entire rental unit,2,3,,
9234,19,Entire rental unit,3,5,,
9235,4,Entire rental unit,3,4,,
9236,6,Entire rental unit,4,6,,
9237,7,Room in hotel,1,2,,
9238,7,Room in hotel,1,2,,
9239,7,Room in hotel,1,2,,
9240,7,Room in hotel,1,2,,
9241,7,Room in hotel,1,2,,
9242,7,Room in hotel,1,3,,
9243,7,Room in hotel,1,2,,
9244,18,Entire rental unit,,2,,
9245,68,Entire townhouse,2,5,,
9246,4,Entire rental unit,2,3,,
9247,4,Entire rental unit,2,2,,
9248,69,Entire rental unit,3,5,,
9249,9,Entire rental unit,1,2,,
9250,26,Entire rental unit,2,4,,
9251,7,Entire rental unit,3,4,,
9252,15,Entire rental unit,1,2,,
9253,7,Entire rental unit,2,4,,
9254,7,Entire rental unit,1,3,,
9255,8,Private room in rental unit,1,1,,
9256,11,Entire condo,2,2,,
9257,6,Entire rental unit,12,16,,
9258,17,Entire rental unit,4,6,,
9259,30,Private room in rental unit,1,1,,
9260,30,Private room in home,1,1,,
9261,34,Entire rental unit,2,4,,
9262,27,Entire rental unit,4,6,,
9263,4,Private room in home,,2,,
9264,73,Private room in rental unit,,2,,
9265,9,Entire rental unit,8,16,,
9266,8,Private room in rental unit,1,1,,
9267,7,Private room in rental unit,,1,,
9268,1,Entire rental unit,3,5,,
9269,2,Entire condo,2,4,,
9270,7,Entire rental unit,2,5,,
9271,7,Entire rental unit,1,2,,
9272,7,Entire rental unit,1,2,,
9273,70,Entire rental unit,3,5,,
9274,8,Entire rental unit,2,5,,
9275,33,Private room in rental unit,1,1,,
9276,1,Entire rental unit,2,2,,
9277,30,Private room in home,1,1,,
9278,9,Entire rental unit,3,6,,
9279,19,Private room in rental unit,,2,,
9280,68,Entire rental unit,1,3,,
9281,9,Entire rental unit,5,13,,
9282,11,Entire rental unit,2,3,,
9283,8,Private room in rental unit,1,1,,
9284,8,Private room in rental unit,1,1,,
9285,7,Entire rental unit,3,8,,
9286,63,Private room in rental unit,1,2,,
9287,63,Private room in rental unit,,1,,
9288,7,Private room in rental unit,1,2,,
9289,6,Private room in rental unit,1,2,,
9290,6,Private room in rental unit,1,1,,
9291,9,Entire rental unit,3,6,,
9292,9,Entire rental unit,2,4,,
9293,6,Entire rental unit,4,4,,
9294,63,Private room in rental unit,,1,,
9295,18,Private room in rental unit,,1,,
9296,32,Entire rental unit,2,3,,
9297,17,Entire rental unit,3,5,,
9298,4,Entire rental unit,6,8,,
9299,7,Entire rental unit,3,5,,
9300,8,Entire rental unit,2,3,,
9301,69,Entire rental unit,1,4,,
9302,26,Entire rental unit,5,8,,
9303,61,Entire rental unit,1,1,,
9304,31,Entire rental unit,1,4,,
9305,16,Private room in bed and breakfast,1,2,,
9306,4,Entire rental unit,,2,,
9307,11,Entire rental unit,1,3,,
9308,19,Entire rental unit,3,4,,
9309,9,Entire rental unit,3,7,,
9310,1,Private room in rental unit,5,1,,
9311,1,Entire rental unit,3,3,,
9312,3,Entire rental unit,1,3,,
9313,8,Entire rental unit,1,2,,
9314,31,Entire rental unit,2,3,,
9315,31,Entire rental unit,2,3,,
9316,19,Private room in rental unit,,2,,
9317,9,Entire rental unit,2,3,,
9318,31,Entire home,3,6,,
9319,9,Entire rental unit,2,4,,
9320,17,Entire rental unit,2,5,,
9321,6,Entire rental unit,2,4,,
9322,26,Entire rental unit,4,8,,
9323,7,Entire rental unit,1,3,,
9324,14,Entire rental unit,2,4,,
9325,5,Entire rental unit,1,3,,
9326,17,Entire rental unit,4,6,,
9327,9,Entire rental unit,12,16,,
9328,4,Entire rental unit,1,3,,
9329,1,Entire condo,1,3,,
9330,70,Private room in casa particular,,2,,
9331,18,Private room in rental unit,,1,,
9332,18,Private room in rental unit,,1,,
9333,18,Private room in rental unit,,2,,
9334,18,Private room in rental unit,,2,,
9335,18,Private room in rental unit,1,1,,
9336,11,Entire rental unit,2,4,,
9337,9,Private room in rental unit,,1,,
9338,8,Entire rental unit,2,4,,
9339,7,Entire serviced apartment,3,5,,
9340,40,Private room in home,,2,,
9341,64,Entire rental unit,3,5,,
9342,9,Entire rental unit,12,16,,
9343,25,Entire rental unit,1,3,,
9344,8,Entire rental unit,3,6,,
9345,64,Entire rental unit,2,5,,
9346,2,Entire rental unit,2,3,,
9347,7,Private room in rental unit,,1,,
9348,7,Private room in rental unit,1,1,,
9349,34,Entire rental unit,3,5,,
9350,8,Entire condo,1,3,,
9351,66,Entire rental unit,2,4,,
9352,70,Entire condo,2,5,,
9353,11,Entire rental unit,,3,,
9354,10,Entire rental unit,6,10,,
9355,10,Entire rental unit,2,4,,
9356,64,Entire rental unit,,2,,
9357,10,Entire rental unit,3,5,,
9358,11,Entire rental unit,2,2,,
9359,18,Entire rental unit,4,8,,
9360,3,Entire rental unit,2,3,,
9361,25,Entire rental unit,1,2,,
9362,61,Private room in rental unit,2,3,,
9363,31,Entire rental unit,2,3,,
9364,71,Entire serviced apartment,1,1,,
9365,31,Private room in rental unit,,3,,
9366,35,Entire rental unit,2,3,,
9367,7,Entire home,4,8,,
9368,4,Entire rental unit,1,3,,
9369,64,Entire rental unit,,2,,
9370,19,Private room in rental unit,,2,,
9371,3,Entire rental unit,2,4,,
9372,7,Entire rental unit,3,4,,
9373,31,Entire rental unit,1,2,,
9374,17,Entire rental unit,3,6,,
9375,11,Private room in rental unit,1,2,,
9376,7,Entire rental unit,3,6,,
9377,15,Entire rental unit,2,4,,
9378,17,Entire rental unit,,2,,
9379,17,Entire rental unit,1,4,,
9380,17,Entire rental unit,1,5,,
9381,17,Entire rental unit,,4,,
9382,11,Entire rental unit,2,3,,
9383,10,Entire condo,3,7,,
9384,7,Entire rental unit,3,5,,
9385,31,Entire rental unit,2,3,,
9386,64,Entire loft,1,2,,
9387,25,Entire rental unit,3,6,,
9388,4,Entire rental unit,1,4,,
9389,14,Private room in rental unit,1,1,,
9390,8,Entire rental unit,1,2,,
9391,8,Entire rental unit,1,2,,
9392,9,Entire rental unit,4,8,,
9393,6,Entire rental unit,3,5,,
9394,40,Private room in home,3,3,,
9395,16,Entire rental unit,2,4,,
9396,37,Entire rental unit,2,3,,
9397,11,Entire rental unit,1,2,,
9398,7,Entire rental unit,2,4,,
9399,1,Entire rental unit,1,2,,
9400,15,Entire rental unit,2,4,,
9401,1,Private room in rental unit,,1,,
9402,31,Entire rental unit,2,3,,
9403,68,Entire rental unit,2,4,,
9404,10,Entire rental unit,2,4,,
9405,1,Entire rental unit,2,4,,
9406,2,Private room in rental unit,,2,,
9407,1,Entire rental unit,1,3,,
9408,8,Entire rental unit,2,4,,
9409,9,Entire rental unit,4,7,,
9410,20,Entire rental unit,1,4,,
9411,7,Entire rental unit,4,9,,
9412,7,Entire rental unit,1,2,,
9413,5,Entire rental unit,4,5,,
9414,2,Entire rental unit,3,4,,
9415,4,Entire rental unit,2,4,,
9416,23,Entire rental unit,2,4,,
9417,4,Entire rental unit,1,3,,
9418,62,Entire rental unit,1,2,,
9419,10,Entire rental unit,1,4,,
9420,19,Entire rental unit,2,4,,
9421,2,Entire rental unit,1,2,,
9422,69,Entire rental unit,4,8,,
9423,28,Entire rental unit,2,8,,
9424,31,Private room in rental unit,1,2,,
9425,28,Entire rental unit,2,4,,
9426,32,Private room in rental unit,,2,,
9427,66,Entire rental unit,4,7,,
9428,20,Entire rental unit,,2,,
9429,7,Entire rental unit,4,9,,
9430,9,Private room in rental unit,,1,,
9431,68,Entire rental unit,2,4,,
9432,35,Entire rental unit,1,3,,
9433,11,Entire rental unit,3,4,,
9434,25,Entire rental unit,3,6,,
9435,7,Entire rental unit,3,6,,
9436,10,Entire rental unit,1,2,,
9437,23,Entire rental unit,2,4,,
9438,11,Entire rental unit,1,3,,
9439,6,Entire rental unit,3,5,,
9440,64,Entire rental unit,3,5,,
9441,64,Entire rental unit,1,2,,
9442,64,Entire rental unit,3,5,,
9443,64,Entire rental unit,3,5,,
9444,64,Entire rental unit,3,5,,
9445,64,Entire rental unit,1,2,,
9446,64,Entire rental unit,3,7,,
9447,6,Entire rental unit,3,8,,
9448,31,Room in hotel,1,3,,
9449,7,Entire rental unit,2,4,,
9450,35,Private room in home,1,1,,
9451,6,Private room in home,,1,,
9452,64,Private room in home,,1,,
9453,6,Private room in home,,1,,
9454,3,Entire rental unit,,2,,
9455,3,Entire rental unit,,2,,
9456,3,Entire rental unit,,2,,
9457,6,Entire rental unit,4,6,,
9458,18,Entire rental unit,2,3,,
9459,15,Entire rental unit,1,2,,
9460,23,Entire rental unit,2,4,,
9461,2,Entire rental unit,3,4,,
9462,4,Entire rental unit,1,2,,
9463,37,Entire rental unit,3,4,,
9464,2,Entire rental unit,2,4,,
9465,19,Entire rental unit,2,4,,
9466,25,Entire rental unit,2,4,,
9467,7,Entire rental unit,2,3,,
9468,26,Entire rental unit,2,4,,
9469,17,Entire rental unit,4,4,,
9470,6,Private room in condo,,1,,
9471,2,Entire rental unit,3,5,,
9472,7,Entire rental unit,3,5,,
9473,70,Entire rental unit,1,3,,
9474,3,Entire rental unit,,2,,
9475,7,Entire rental unit,3,8,,
9476,9,Private room in rental unit,3,1,,
9477,69,Entire rental unit,4,8,,
9478,62,Private room in rental unit,,2,,
9479,1,Entire rental unit,4,8,,
9480,2,Entire rental unit,1,2,,
9481,3,Entire rental unit,,2,,
9482,3,Entire rental unit,,2,,
9483,2,Entire rental unit,1,2,,
9484,3,Entire rental unit,,2,,
9485,3,Entire rental unit,,2,,
9486,2,Entire rental unit,8,16,,
9487,2,Entire rental unit,3,2,,
9488,31,Entire rental unit,1,3,,
9489,27,Entire hostel,1,2,,
9490,27,Private room in hostel,1,3,,
9491,27,Entire hostel,1,2,,
9492,19,Entire rental unit,3,5,,
9493,19,Entire rental unit,1,3,,
9494,30,Entire rental unit,2,4,,
9495,9,Entire rental unit,2,6,,
9496,1,Entire rental unit,2,3,,
9497,19,Entire rental unit,2,3,,
9498,19,Entire rental unit,1,3,,
9499,32,Entire rental unit,3,5,,
9500,7,Entire rental unit,3,8,,
9501,7,Entire rental unit,2,5,,
9502,7,Entire rental unit,1,2,,
9503,7,Entire rental unit,3,8,,
9504,7,Entire rental unit,2,5,,
9505,7,Entire rental unit,2,5,,
9506,7,Entire rental unit,1,2,,
9507,7,Entire rental unit,3,8,,
9508,6,Room in hotel,1,2,,
9509,5,Room in hotel,1,2,,
9510,13,Private room in rental unit,1,1,,
9511,11,Entire rental unit,2,4,,
9512,61,Entire rental unit,3,6,,
9513,17,Entire rental unit,4,6,,
9514,9,Entire rental unit,4,9,,
9515,10,Private room in bed and breakfast,,4,,
9516,10,Private room in bed and breakfast,,2,,
9517,8,Private room in rental unit,1,1,,
9518,8,Private room in rental unit,,1,,
9519,7,Entire rental unit,5,13,,
9520,8,Private room in rental unit,,1,,
9521,1,Entire rental unit,1,2,,
9522,10,Entire rental unit,2,3,,
9523,1,Entire rental unit,1,2,,
9524,10,Entire rental unit,2,3,,
9525,10,Entire rental unit,2,3,,
9526,10,Entire rental unit,3,7,,
9527,10,Entire rental unit,3,7,,
9528,10,Entire rental unit,2,3,,
9529,10,Entire rental unit,3,7,,
9530,10,Entire rental unit,3,7,,
9531,10,Entire rental unit,2,4,,
9532,10,Entire rental unit,3,5,,
9533,69,Entire rental unit,1,2,,
9534,31,Entire rental unit,1,3,,
9535,8,Private room in rental unit,,1,,
9536,8,Private room in rental unit,1,1,,
9537,8,Private room in rental unit,1,1,,
9538,1,Entire rental unit,2,3,,
9539,63,Private room in hostel,1,3,,
9540,63,Private room in hostel,1,4,,
9541,26,Entire rental unit,3,6,,
9542,63,Private room in hostel,1,2,,
9543,63,Shared room in hostel,1,1,,
9544,4,Entire rental unit,1,2,,
9545,4,Entire rental unit,1,2,,
9546,8,Entire rental unit,3,6,,
9547,14,Entire rental unit,1,2,,
9548,14,Entire rental unit,2,4,,
9549,14,Entire rental unit,3,5,,
9550,7,Entire rental unit,1,2,,
9551,7,Entire rental unit,3,6,,
9552,7,Entire rental unit,3,6,,
9553,19,Entire rental unit,3,6,,
9554,6,Private room in rental unit,,2,,
9555,19,Entire rental unit,2,4,,
9556,8,Entire rental unit,3,4,,
9557,7,Entire rental unit,3,6,,
9558,19,Entire rental unit,3,5,,
9559,19,Entire rental unit,3,5,,
9560,4,Entire rental unit,1,2,,
9561,4,Room in aparthotel,1,3,,
9562,26,Entire condo,2,3,,
9563,8,Entire rental unit,2,2,,
9564,6,Entire rental unit,1,4,,
9565,6,Entire rental unit,1,4,,
9566,6,Entire rental unit,3,6,,
9567,31,Private room in rental unit,,1,,
9568,42,Entire rental unit,8,15,,
9569,68,Entire rental unit,2,4,,
9570,6,Room in hotel,1,3,,
9571,66,Entire rental unit,1,1,,
9572,11,Entire rental unit,3,6,,
9573,7,Private room in rental unit,1,1,,
9574,26,Private room in rental unit,1,1,,
9575,1,Entire rental unit,1,3,,
9576,8,Entire rental unit,3,6,,
9577,7,Entire rental unit,2,4,,
9578,8,Private room in hostel,1,2,,
9579,8,Private room in hostel,1,2,,
9580,8,Private room in hostel,1,2,,
9581,19,Entire rental unit,3,5,,
9582,9,Entire hostel,1,2,,
9583,9,Entire hostel,1,3,,
9584,26,Private room in rental unit,1,1,,
9585,44,Private room in rental unit,1,1,,
9586,20,Entire rental unit,2,4,,
9587,73,Private room in rental unit,,2,,
9588,11,Entire rental unit,3,7,,
9589,68,Private room in rental unit,1,1,,
9590,11,Entire rental unit,3,5,,
9591,8,Private room in rental unit,1,1,,
9592,11,Entire condo,1,2,,
9593,18,Room in hotel,1,3,,
9594,18,Room in hotel,1,3,,
9595,26,Entire rental unit,2,3,,
9596,2,Entire rental unit,2,2,,
9597,18,Entire rental unit,1,3,,
9598,19,Entire rental unit,2,4,,
9599,38,Private room in home,1,2,,
9600,37,Entire rental unit,1,3,,
9601,1,Entire condo,2,4,,
9602,66,Entire rental unit,2,5,,
9603,62,Entire rental unit,2,4,,
9604,23,Entire rental unit,2,4,,
9605,2,Entire rental unit,3,6,,
9606,2,Entire rental unit,3,6,,
9607,2,Entire rental unit,3,6,,
9608,2,Entire rental unit,3,8,,
9609,3,Entire rental unit,1,2,,
9610,17,Entire rental unit,2,4,,
9611,32,Entire serviced apartment,3,7,,
9612,2,Entire rental unit,1,2,,
9613,5,Entire rental unit,4,5,,
9614,31,Entire rental unit,3,4,,
9615,3,Entire rental unit,1,2,,
9616,67,Entire rental unit,3,6,,
9617,7,Entire rental unit,2,4,,
9618,11,Entire rental unit,2,4,,
9619,11,Entire rental unit,3,2,,
9620,3,Entire rental unit,1,2,,
9621,11,Entire rental unit,4,7,,
9622,10,Entire rental unit,3,6,,
9623,14,Entire rental unit,2,4,,
9624,11,Entire rental unit,3,5,,
9625,50,Entire rental unit,2,4,,
9626,11,Entire rental unit,3,5,,
9627,26,Entire loft,1,2,,
9628,17,Entire rental unit,4,5,,
9629,7,Entire rental unit,1,2,,
9630,7,Entire rental unit,2,3,,
9631,7,Entire rental unit,2,3,,
9632,6,Entire rental unit,2,4,,
9633,69,Entire rental unit,2,4,,
9634,30,Entire rental unit,2,4,,
9635,14,Entire rental unit,2,4,,
9636,7,Entire rental unit,1,2,,
9637,11,Entire rental unit,2,4,,
9638,25,Entire condo,2,4,,
9639,3,Entire rental unit,1,2,,
9640,31,Private room in rental unit,1,2,,
9641,3,Entire rental unit,1,2,,
9642,2,Entire rental unit,3,5,,
9643,17,Entire rental unit,4,8,,
9644,9,Entire rental unit,2,5,,
9645,70,Private room in rental unit,1,1,,
9646,19,Entire rental unit,1,3,,
9647,3,Entire rental unit,1,2,,
9648,9,Entire rental unit,3,5,,
9649,4,Entire rental unit,1,2,,
9650,26,Private room in rental unit,1,2,,
9651,2,Private room in rental unit,1,1,,
9652,2,Entire rental unit,1,2,,
9653,11,Entire rental unit,3,6,,
9654,10,Private room in bed and breakfast,,2,,
9655,10,Private room in bed and breakfast,,2,,
9656,10,Private room in rental unit,,5,,
9657,1,Entire rental unit,1,2,,
9658,6,Entire rental unit,3,5,,
9659,9,Entire rental unit,2,2,,
9660,71,Entire rental unit,3,10,,
9661,6,Entire rental unit,3,6,,
9662,64,Entire rental unit,3,6,,
9663,68,Entire rental unit,1,2,,
9664,32,Entire rental unit,3,6,,
9665,8,Entire rental unit,2,4,,
9666,4,Entire rental unit,1,4,,
9667,6,Entire rental unit,3,5,,
9668,31,Private room in rental unit,,2,,
9669,1,Entire rental unit,,2,,
9670,11,Entire condo,1,2,,
9671,7,Private room in condo,,2,,
9672,65,Entire home,5,6,,
9673,33,Entire rental unit,3,4,,
9674,7,Entire rental unit,3,4,,
9675,32,Private room in rental unit,,2,,
9676,8,Entire rental unit,3,6,,
9677,27,Entire rental unit,3,4,,
9678,6,Entire rental unit,1,3,,
9679,18,Entire rental unit,2,4,,
9680,7,Entire rental unit,5,9,,
9681,32,Entire rental unit,1,3,,
9682,26,Entire rental unit,3,5,,
9683,68,Entire rental unit,2,4,,
9684,2,Entire rental unit,2,4,,
9685,3,Entire rental unit,3,5,,
9686,70,Entire rental unit,3,6,,
9687,3,Entire rental unit,1,2,,
9688,3,Entire rental unit,1,2,,
9689,6,Entire rental unit,2,5,,
9690,9,Entire rental unit,9,16,,
9691,6,Entire rental unit,4,7,,
9692,18,Private room in rental unit,,1,,
9693,7,Entire rental unit,5,9,,
9694,68,Private room in rental unit,1,1,,
9695,68,Entire rental unit,1,2,,
9696,7,Entire rental unit,4,9,,
9697,8,Private room in rental unit,1,1,,
9698,7,Entire rental unit,3,4,,
9699,8,Entire rental unit,2,4,,
9700,19,Entire rental unit,2,4,,
9701,25,Entire rental unit,2,4,,
9702,4,Entire rental unit,1,2,,
9703,9,Entire rental unit,1,2,,
9704,19,Entire rental unit,1,3,,
9705,2,Entire rental unit,1,1,,
9706,1,Entire rental unit,2,4,,
9707,2,Entire rental unit,2,5,,
9708,7,Private room in rental unit,,1,,
9709,6,Entire rental unit,2,5,,
9710,6,Entire rental unit,2,5,,
9711,6,Entire rental unit,2,5,,
9712,6,Entire rental unit,2,5,,
9713,6,Entire rental unit,2,4,,
9714,6,Entire rental unit,2,5,,
9715,6,Entire rental unit,2,5,,
9716,6,Entire rental unit,2,5,,
9717,6,Entire rental unit,3,5,,
9718,6,Entire rental unit,3,4,,
9719,6,Entire rental unit,2,4,,
9720,6,Entire rental unit,2,5,,
9721,6,Entire rental unit,2,4,,
9722,6,Entire rental unit,1,4,,
9723,6,Entire rental unit,2,5,,
9724,6,Entire rental unit,2,4,,
9725,6,Entire rental unit,1,3,,
9726,6,Entire rental unit,3,5,,
9727,6,Entire rental unit,2,5,,
9728,6,Entire rental unit,2,5,,
9729,6,Entire rental unit,2,5,,
9730,3,Entire rental unit,2,3,,
9731,3,Entire rental unit,2,3,,
9732,6,Private room in rental unit,,2,,
9733,11,Entire rental unit,3,5,,
9734,8,Entire rental unit,2,5,,
9735,3,Entire rental unit,1,2,,
9736,9,Entire rental unit,2,2,,
9737,20,Entire rental unit,3,6,,
9738,17,Entire rental unit,4,8,,
9739,71,Private room in rental unit,,2,,
9740,64,Entire rental unit,3,4,,
9741,64,Entire rental unit,2,3,,
9742,67,Entire rental unit,1,4,,
9743,23,Private room in rental unit,1,1,,
9744,65,Private room in rental unit,,2,,
9745,10,Entire rental unit,2,4,,
9746,64,Private room in rental unit,1,2,,
9747,22,Private room in home,1,2,,
9748,11,Entire condo,1,2,,
9749,11,Entire condo,1,2,,
9750,11,Entire condo,2,2,,
9751,11,Entire condo,2,2,,
9752,11,Entire condo,2,3,,
9753,11,Entire condo,2,5,,
9754,11,Entire rental unit,2,3,,
9755,68,Entire rental unit,3,5,,
9756,1,Entire rental unit,2,4,,
9757,31,Private room in rental unit,1,1,,
9758,26,Entire rental unit,4,6,,
9759,6,Entire rental unit,1,2,,
9760,9,Entire rental unit,3,5,,
9761,2,Entire rental unit,9,16,,
9762,18,Entire rental unit,2,2,,
9763,22,Entire rental unit,2,7,,
9764,71,Entire serviced apartment,1,4,,
9765,37,Entire rental unit,3,3,,
9766,6,Private room in condo,,1,,
9767,8,Entire rental unit,3,5,,
9768,1,Private room in rental unit,2,2,,
9769,27,Entire rental unit,2,4,,
9770,68,Entire rental unit,2,3,,
9771,3,Entire rental unit,1,3,,
9772,11,Entire rental unit,2,4,,
9773,63,Entire rental unit,3,6,,
9774,1,Entire rental unit,2,4,,
9775,1,Entire rental unit,2,3,,
9776,1,Entire rental unit,2,3,,
9777,1,Entire rental unit,2,4,,
9778,14,Entire rental unit,3,5,,
9779,7,Entire rental unit,3,7,,
9780,7,Entire rental unit,1,3,,
9781,71,Entire rental unit,3,8,,
9782,7,Entire rental unit,3,4,,
9783,7,Entire rental unit,2,4,,
9784,1,Entire rental unit,2,3,,
9785,1,Entire rental unit,2,3,,
9786,1,Entire rental unit,2,4,,
9787,1,Entire rental unit,2,3,,
9788,1,Entire rental unit,2,3,,
9789,1,Entire rental unit,2,3,,
9790,1,Entire rental unit,2,4,,
9791,1,Entire rental unit,2,3,,
9792,1,Entire rental unit,2,3,,
9793,1,Entire rental unit,2,4,,
9794,1,Entire rental unit,2,4,,
9795,1,Entire rental unit,2,4,,
9796,1,Entire rental unit,2,4,,
9797,1,Entire rental unit,2,4,,
9798,11,Entire rental unit,3,5,,
9799,63,Entire rental unit,3,6,,
9800,3,Entire rental unit,1,2,,
9801,35,Entire rental unit,2,4,,
9802,1,Entire rental unit,3,6,,
9803,64,Entire rental unit,1,2,,
9804,2,Room in hotel,1,1,,
9805,31,Entire loft,1,2,,
9806,1,Entire rental unit,1,2,,
9807,7,Private room in rental unit,,1,,
9808,63,Private room in rental unit,,1,,
9809,11,Private room in condo,,3,,
9810,37,Private room in rental unit,1,2,,
9811,11,Private room in rental unit,,2,,
9812,11,Private room in condo,,3,,
9813,11,Private room in rental unit,,3,,
9814,11,Private room in rental unit,,2,,
9815,11,Private room in rental unit,,3,,
9816,4,Entire rental unit,1,5,,
9817,65,Private room in rental unit,1,1,,
9818,2,Entire rental unit,2,5,,
9819,8,Private room in rental unit,1,1,,
9820,68,Entire rental unit,3,8,,
9821,52,Entire rental unit,3,4,,
9822,34,Entire rental unit,2,3,,
9823,71,Entire serviced apartment,1,2,,
9824,8,Entire rental unit,2,4,,
9825,6,Entire rental unit,2,4,,
9826,10,Entire rental unit,3,5,,
9827,4,Private room in rental unit,1,1,,
9828,8,Private room in rental unit,1,1,,
9829,10,Entire rental unit,3,5,,
9830,31,Entire rental unit,3,6,,
9831,11,Entire rental unit,2,4,,
9832,11,Entire rental unit,2,4,,
9833,6,Entire rental unit,2,4,,
9834,2,Private room in rental unit,,2,,
9835,3,Entire rental unit,2,4,,
9836,11,Entire rental unit,3,6,,
9837,32,Entire rental unit,2,5,,
9838,8,Private room in rental unit,1,1,,
9839,6,Private room in rental unit,1,2,,
9840,1,Entire rental unit,1,2,,
9841,9,Entire serviced apartment,3,8,,
9842,7,Entire rental unit,2,4,,
9843,7,Entire rental unit,1,3,,
9844,27,Private room in rental unit,,1,,
9845,64,Entire rental unit,2,3,,
9846,64,Entire rental unit,3,5,,
9847,6,Entire rental unit,2,4,,
9848,64,Entire rental unit,3,7,,
9849,64,Entire rental unit,5,6,,
9850,64,Entire rental unit,4,10,,
9851,69,Entire rental unit,2,4,,
9852,31,Entire rental unit,1,2,,
9853,10,Private room in rental unit,,1,,
9854,8,Entire rental unit,3,4,,
9855,5,Entire rental unit,3,6,,
9856,68,Entire loft,1,3,,
9857,66,Entire loft,1,4,,
9858,68,Entire rental unit,1,4,,
9859,33,Entire rental unit,3,5,,
9860,3,Entire rental unit,1,2,,
9861,3,Entire rental unit,1,2,,
9862,10,Room in hotel,1,3,,
9863,26,Entire rental unit,4,8,,
9864,27,Entire rental unit,3,6,,
9865,7,Entire rental unit,1,2,,
9866,4,Entire rental unit,3,5,,
9867,7,Entire rental unit,1,2,,
9868,68,Entire rental unit,1,4,,
9869,31,Entire rental unit,1,2,,
9870,2,Entire rental unit,2,4,,
9871,68,Entire rental unit,3,5,,
9872,68,Entire rental unit,1,2,,
9873,64,Entire rental unit,2,4,,
9874,11,Entire rental unit,2,4,,
9875,11,Entire rental unit,2,3,,
9876,9,Entire rental unit,2,4,,
9877,7,Entire rental unit,4,8,,
9878,71,Entire serviced apartment,1,2,,
9879,68,Entire rental unit,1,3,,
9880,68,Entire rental unit,1,3,,
9881,57,Private room in rental unit,,1,,
9882,6,Entire rental unit,5,7,,
9883,31,Entire rental unit,2,4,,
9884,1,Private room in rental unit,1,1,,
9885,7,Entire rental unit,2,4,,
9886,9,Entire rental unit,3,5,,
9887,9,Entire rental unit,3,6,,
9888,27,Entire rental unit,1,2,,
9889,27,Entire rental unit,1,2,,
9890,69,Entire home,3,6,,
9891,10,Entire rental unit,2,3,,
9892,31,Entire condo,2,5,,
9893,4,Entire rental unit,3,4,,
9894,30,Entire rental unit,2,4,,
9895,4,Entire rental unit,,2,,
9896,7,Entire rental unit,,2,,
9897,68,Entire rental unit,2,4,,
9898,30,Entire rental unit,2,5,,
9899,18,Entire rental unit,3,5,,
9900,70,Private room in rental unit,,1,,
9901,18,Entire rental unit,2,4,,
9902,15,Entire rental unit,3,3,,
9903,31,Entire rental unit,2,5,,
9904,1,Entire rental unit,2,4,,
9905,32,Entire rental unit,1,3,,
9906,11,Entire rental unit,2,5,,
9907,63,Private room in rental unit,,1,,
9908,27,Entire rental unit,2,2,,
9909,11,Entire rental unit,2,4,,
9910,7,Private room in rental unit,,1,,
9911,70,Private room in rental unit,1,1,,
9912,66,Entire rental unit,3,6,,
9913,8,Entire rental unit,2,3,,
9914,27,Entire rental unit,1,3,,
9915,9,Entire rental unit,1,1,,
9916,9,Entire rental unit,2,3,,
9917,19,Private room in rental unit,1,1,,
9918,8,Entire rental unit,3,4,,
9919,5,Entire rental unit,3,6,,
9920,5,Entire rental unit,3,6,,
9921,5,Entire rental unit,4,8,,
9922,4,Private room in rental unit,,1,,
9923,7,Entire rental unit,3,7,,
9924,68,Entire rental unit,1,4,,
9925,45,Private room in rental unit,1,2,,
9926,6,Entire rental unit,3,5,,
9927,31,Entire rental unit,1,3,,
9928,7,Entire rental unit,1,2,,
9929,7,Entire rental unit,1,2,,
9930,4,Entire rental unit,2,3,,
9931,13,Camper/RV,2,4,,
9932,11,Entire rental unit,1,2,,
9933,71,Entire rental unit,1,4,,
9934,1,Entire rental unit,2,4,,
9935,6,Private room in rental unit,,1,,
9936,54,Entire home,1,4,,
9937,33,Private room in condo,,2,,
9938,37,Entire home,1,1,,
9939,1,Entire rental unit,1,2,,
9940,7,Entire rental unit,3,6,,
9941,26,Private room in rental unit,1,1,,
9942,2,Casa particular,1,1,,
9943,71,Entire rental unit,3,6,,
9944,37,Entire rental unit,1,3,,
9945,66,Entire rental unit,1,2,,
9946,4,Entire rental unit,1,2,,
9947,68,Entire rental unit,2,4,,
9948,68,Entire rental unit,1,3,,
9949,10,Entire rental unit,3,6,,
9950,9,Entire rental unit,3,5,,
9951,2,Entire rental unit,4,6,,
9952,2,Entire rental unit,3,4,,
9953,10,Entire rental unit,2,5,,
9954,27,Private room in rental unit,,1,,
9955,32,Entire rental unit,1,1,,
9956,26,Private room in rental unit,1,2,,
9957,35,Entire rental unit,3,4,,
9958,10,Entire rental unit,3,6,,
9959,10,Entire rental unit,3,6,,
9960,10,Entire rental unit,3,6,,
9961,10,Entire rental unit,3,6,,
9962,10,Entire rental unit,3,6,,
9963,6,Entire rental unit,3,6,,
9964,15,Room in hotel,1,2,,
9965,15,Room in hotel,1,2,,
9966,15,Room in hotel,1,2,,
9967,15,Room in hotel,1,2,,
9968,68,Entire rental unit,2,3,,
9969,30,Entire rental unit,3,6,,
9970,30,Entire rental unit,2,6,,
9971,9,Entire rental unit,8,16,,
9972,69,Room in hotel,,2,,
9973,8,Entire rental unit,4,7,,
9974,68,Entire rental unit,2,3,,
9975,7,Entire rental unit,2,4,,
9976,68,Entire rental unit,1,2,,
9977,64,Entire rental unit,2,3,,
9978,68,Entire rental unit,1,2,,
9979,17,Entire rental unit,4,5,,
9980,9,Entire rental unit,4,8,,
9981,64,Entire rental unit,2,4,,
9982,1,Entire rental unit,3,5,,
9983,1,Private room in rental unit,,1,,
9984,32,Entire rental unit,2,4,,
9985,18,Entire rental unit,3,4,,
9986,19,Entire rental unit,2,5,,
9987,5,Private room in rental unit,4,2,,
9988,6,Entire rental unit,3,5,,
9989,11,Entire rental unit,1,3,,
9990,6,Entire rental unit,4,7,,
9991,31,Entire rental unit,3,5,,
9992,31,Entire rental unit,3,5,,
9993,1,Private room in casa particular,,2,,
9994,3,Entire rental unit,2,3,,
9995,7,Entire rental unit,6,15,,
9996,7,Entire rental unit,6,13,,
9997,8,Entire rental unit,2,4,,
9998,68,Entire rental unit,1,2,,
9999,9,Entire rental unit,2,3,,
10000,9,Entire rental unit,3,4,,
10001,8,Entire rental unit,2,4,,
10002,73,Private room in rental unit,1,2,,
10003,66,Entire rental unit,1,3,,
10004,10,Entire condo,2,4,,
10005,26,Private room in rental unit,1,1,,
10006,10,Entire rental unit,3,6,,
10007,25,Entire rental unit,2,3,,
10008,1,Private room in rental unit,,3,,
10009,1,Private room in rental unit,,3,,
10010,66,Entire rental unit,3,6,,
10011,65,Entire rental unit,1,2,,
10012,11,Entire rental unit,,2,,
10013,27,Private room in rental unit,5,1,,
10014,3,Entire rental unit,,2,,
10015,3,Entire rental unit,,2,,
10016,9,Entire rental unit,4,8,,
10017,6,Entire rental unit,2,4,,
10018,3,Entire rental unit,1,2,,
10019,69,Private room in rental unit,,1,,
10020,69,Entire rental unit,4,8,,
10021,32,Entire rental unit,4,6,,
10022,26,Entire rental unit,4,6,,
10023,7,Private room in rental unit,1,1,,
10024,9,Entire rental unit,,3,,
10025,11,Entire rental unit,,3,,
10026,4,Private room in home,,2,,
10027,3,Entire rental unit,1,2,,
10028,27,Private room in rental unit,5,1,,
10029,4,Private room in rental unit,1,2,,
10030,27,Private room in rental unit,5,1,,
10031,9,Entire rental unit,3,5,,
10032,8,Entire rental unit,2,4,,
10033,4,Private room in rental unit,,1,,
10034,2,Private room in rental unit,7,1,,
10035,1,Entire rental unit,2,4,,
10036,6,Private room in rental unit,1,1,,
10037,8,Entire rental unit,3,5,,
10038,8,Entire rental unit,3,5,,
10039,7,Entire rental unit,3,4,,
10040,7,Room in hotel,1,2,,
10041,71,Entire rental unit,3,4,,
10042,6,Private room in rental unit,,1,,
10043,8,Entire rental unit,4,4,,
10044,7,Private room in rental unit,1,2,,
10045,2,Private room in rental unit,9,9,,
10046,26,Entire rental unit,4,10,,
10047,8,Entire rental unit,3,6,,
10048,26,Entire rental unit,3,5,,
10049,26,Entire rental unit,2,4,,
10050,62,Entire rental unit,1,2,,
10051,2,Entire rental unit,2,4,,
10052,3,Entire rental unit,1,2,,
10053,64,Private room in rental unit,1,2,,
10054,3,Entire rental unit,1,2,,
10055,2,Private room in rental unit,1,1,,
10056,10,Entire rental unit,6,10,,
10057,13,Private room in rental unit,,1,,
10058,63,Entire rental unit,2,4,,
10059,4,Entire rental unit,2,3,,
10060,4,Entire rental unit,6,8,,
10061,31,Entire rental unit,3,6,,
10062,7,Entire rental unit,2,4,,
10063,65,Entire rental unit,1,2,,
10064,65,Entire rental unit,1,2,,
10065,9,Entire rental unit,4,7,,
10066,46,Entire rental unit,1,5,,
10067,65,Entire rental unit,1,2,,
10068,6,Entire rental unit,2,6,,
10069,13,Private room in rental unit,,1,,
10070,11,Entire rental unit,1,2,,
10071,68,Entire rental unit,2,3,,
10072,46,Entire rental unit,1,2,,
10073,7,Entire rental unit,3,6,,
10074,11,Private room in rental unit,2,1,,
10075,7,Entire rental unit,3,5,,
10076,11,Private room in rental unit,,2,,
10077,9,Entire rental unit,3,6,,
10078,2,Entire rental unit,3,6,,
10079,17,Private room in rental unit,,1,,
10080,4,Entire rental unit,,2,,
10081,10,Entire rental unit,1,2,,
10082,18,Entire rental unit,12,16,,
10083,9,Entire rental unit,1,2,,
10084,31,Entire rental unit,2,4,,
10085,70,Entire rental unit,1,2,,
10086,13,Entire rental unit,2,4,,
10087,7,Entire rental unit,3,6,,
10088,10,Entire rental unit,1,3,,
10089,69,Room in hotel,,3,,
10090,15,Entire rental unit,2,1,,
10091,10,Entire rental unit,1,3,,
10092,24,Private room in rental unit,,1,,
10093,22,Entire rental unit,2,7,,
10094,14,Entire rental unit,1,4,,
10095,10,Entire rental unit,2,4,,
10096,10,Entire rental unit,2,4,,
10097,10,Entire rental unit,1,3,,
10098,10,Entire rental unit,1,3,,
10099,10,Entire rental unit,12,16,,
10100,10,Entire rental unit,1,2,,
10101,10,Entire rental unit,2,4,,
10102,7,Entire rental unit,5,10,,
10103,10,Entire rental unit,3,5,,
10104,6,Entire rental unit,1,3,,
10105,6,Entire rental unit,3,8,,
10106,11,Entire rental unit,2,4,,
10107,18,Entire rental unit,3,5,,
10108,13,Entire rental unit,1,2,,
10109,7,Entire rental unit,2,4,,
10110,1,Entire rental unit,2,3,,
10111,7,Private room in rental unit,1,1,,
10112,10,Entire rental unit,2,3,,
10113,3,Entire rental unit,1,2,,
10114,10,Entire rental unit,2,3,,
10115,6,Entire rental unit,3,6,,
10116,10,Entire rental unit,2,3,,
10117,10,Entire rental unit,2,3,,
10118,10,Entire rental unit,2,3,,
10119,10,Entire rental unit,2,3,,
10120,10,Entire rental unit,2,3,,
10121,16,Entire rental unit,2,4,,
10122,2,Entire rental unit,2,3,,
10123,2,Entire rental unit,5,8,,
10124,26,Private room in rental unit,,2,,
10125,32,Private room in rental unit,1,1,,
10126,6,Entire rental unit,3,6,,
10127,35,Entire rental unit,2,6,,
10128,35,Entire rental unit,2,4,,
10129,35,Entire rental unit,2,3,,
10130,10,Entire rental unit,2,3,,
10131,6,Entire rental unit,1,4,,
10132,25,Entire rental unit,1,2,,
10133,11,Entire rental unit,2,3,,
10134,8,Entire rental unit,4,9,,
10135,68,Entire rental unit,2,4,,
10136,68,Entire rental unit,1,2,,
10137,35,Private room in rental unit,1,1,,
10138,7,Entire rental unit,10,16,,
10139,7,Entire rental unit,2,3,,
10140,7,Entire rental unit,3,7,,
10141,7,Entire rental unit,1,2,,
10142,25,Entire rental unit,4,8,,
10143,37,Entire rental unit,2,2,,
10144,37,Entire rental unit,2,2,,
10145,9,Entire rental unit,3,6,,
10146,17,Private room in home,1,1,,
10147,8,Entire rental unit,3,5,,
10148,6,Entire rental unit,4,7,,
10149,30,Private room in rental unit,,1,,
10150,3,Entire rental unit,,2,,
10151,8,Entire rental unit,2,3,,
10152,8,Entire rental unit,3,5,,
10153,4,Entire rental unit,3,6,,
10154,4,Entire rental unit,2,4,,
10155,4,Entire rental unit,3,6,,
10156,4,Entire rental unit,3,6,,
10157,4,Entire rental unit,3,6,,
10158,4,Entire rental unit,2,4,,
10159,1,Entire rental unit,,6,,
10160,4,Entire rental unit,3,6,,
10161,62,Private room in rental unit,1,1,,
10162,4,Entire rental unit,3,5,,
10163,4,Entire rental unit,2,4,,
10164,4,Entire loft,2,4,,
10165,62,Private room in rental unit,1,1,,
10166,32,Entire rental unit,1,4,,
10167,32,Private room in rental unit,1,1,,
10168,32,Private room in rental unit,1,1,,
10169,32,Private room in rental unit,1,1,,
10170,32,Private room in rental unit,1,1,,
10171,32,Private room in rental unit,1,1,,
10172,10,Entire rental unit,3,5,,
10173,66,Entire rental unit,1,2,,
10174,10,Entire rental unit,2,4,,
10175,28,Private room in rental unit,,1,,
10176,65,Entire rental unit,1,2,,
10177,25,Private room in rental unit,,1,,
10178,26,Private room in rental unit,1,2,,
10179,65,Entire rental unit,1,2,,
10180,17,Private room in rental unit,,1,,
10181,65,Entire rental unit,1,2,,
10182,65,Entire rental unit,1,2,,
10183,65,Entire rental unit,1,2,,
10184,65,Entire rental unit,1,2,,
10185,28,Entire rental unit,1,2,,
10186,2,Entire rental unit,3,8,,
10187,1,Private room in rental unit,1,2,,
10188,18,Entire rental unit,2,3,,
10189,1,Entire condo,0,1,,
10190,6,Entire rental unit,2,6,,
10191,64,Private room in rental unit,1,1,,
10192,14,Private room in condo,,1,,
10193,15,Entire rental unit,3,6,,
10194,11,Entire condo,3,7,,
10195,5,Entire rental unit,2,4,,
10196,14,Private room in rental unit,,1,,
10197,22,Entire home,1,2,,
10198,11,Entire rental unit,1,2,,
10199,23,Entire rental unit,3,4,,
10200,7,Entire rental unit,1,4,,
10201,1,Private room in rental unit,,6,,
10202,62,Private room in rental unit,,1,,
10203,7,Entire rental unit,1,4,,
10204,10,Entire rental unit,5,9,,
10205,6,Entire rental unit,2,4,,
10206,8,Entire rental unit,1,2,,
10207,7,Entire rental unit,3,6,,
10208,62,Private room in rental unit,1,1,,
10209,62,Private room in rental unit,1,2,,
10210,7,Entire rental unit,3,6,,
10211,7,Entire rental unit,3,6,,
10212,8,Entire rental unit,3,5,,
10213,1,Room in hotel,1,2,,
10214,65,Private room in rental unit,,1,,
10215,29,Entire rental unit,2,4,,
10216,68,Entire rental unit,1,3,,
10217,7,Private room in rental unit,1,1,,
10218,8,Entire rental unit,3,3,,
10219,19,Entire rental unit,1,2,,
10220,6,Entire rental unit,1,2,,
10221,71,Private room in bed and breakfast,,2,,
10222,8,Entire rental unit,2,2,,
10223,4,Entire rental unit,1,2,,
10224,23,Entire rental unit,2,5,,
10225,26,Entire rental unit,4,6,,
10226,35,Entire rental unit,1,2,,
10227,71,Private room in bed and breakfast,,2,,
10228,10,Entire rental unit,8,14,,
10229,70,Entire condo,3,2,,
10230,3,Entire rental unit,,2,,
10231,3,Entire rental unit,1,2,,
10232,7,Private room in rental unit,1,1,,
10233,10,Entire rental unit,3,5,,
10234,66,Entire rental unit,1,2,,
10235,3,Entire rental unit,2,3,,
10236,4,Entire rental unit,1,2,,
10237,7,Entire rental unit,4,8,,
10238,11,Entire rental unit,2,3,,
10239,31,Entire rental unit,2,3,,
10240,1,Private room in rental unit,,1,,
10241,7,Private room in rental unit,1,1,,
10242,31,Entire rental unit,2,4,,
10243,7,Entire rental unit,1,1,,
10244,3,Entire rental unit,1,2,,
10245,19,Entire rental unit,2,4,,
10246,2,Entire rental unit,2,3,,
10247,7,Entire rental unit,2,4,,
10248,10,Entire rental unit,1,4,,
10249,6,Entire rental unit,3,7,,
10250,6,Entire rental unit,2,3,,
10251,37,Entire rental unit,2,3,,
10252,26,Entire rental unit,2,5,,
10253,8,Entire rental unit,3,5,,
10254,31,Entire rental unit,2,3,,
10255,11,Entire rental unit,2,4,,
10256,30,Private room in rental unit,,1,,
10257,8,Private room in rental unit,1,2,,
10258,2,Entire rental unit,1,2,,
10259,73,Entire rental unit,2,6,,
10260,6,Entire rental unit,3,5,,
10261,17,Entire rental unit,2,4,,
10262,66,Shared room in bed and breakfast,1,1,,
10263,66,Shared room in bed and breakfast,,1,,
10264,7,Private room in condo,,1,,
10265,15,Entire rental unit,2,4,,
10266,15,Entire rental unit,1,2,,
10267,15,Entire rental unit,2,4,,
10268,1,Entire rental unit,1,2,,
10269,16,Entire rental unit,2,2,,
10270,69,Entire rental unit,2,4,,
10271,7,Entire rental unit,5,10,,
10272,10,Entire rental unit,3,4,,
10273,7,Entire rental unit,2,4,,
10274,62,Private room in rental unit,1,1,,
10275,59,Entire loft,1,2,,
10276,17,Private room in rental unit,,1,,
10277,70,Entire home,1,2,,
10278,67,Entire rental unit,2,4,,
10279,10,Entire rental unit,2,4,,
10280,69,Entire rental unit,3,6,,
10281,1,Room in boutique hotel,1,4,,
10282,10,Entire rental unit,2,4,,
10283,6,Private room in rental unit,1,1,,
10284,6,Private room in rental unit,1,1,,
10285,64,Private room in loft,1,1,,
10286,1,Entire rental unit,3,3,,
10287,2,Entire rental unit,1,2,,
10288,20,Entire rental unit,3,8,,
10289,31,Entire rental unit,3,6,,
10290,7,Entire rental unit,2,4,,
10291,1,Room in hotel,1,2,,
10292,5,Entire rental unit,3,4,,
10293,1,Room in boutique hotel,1,2,,
10294,1,Room in boutique hotel,1,2,,
10295,1,Room in boutique hotel,1,2,,
10296,10,Entire rental unit,2,4,,
10297,7,Entire home,3,5,,
10298,11,Entire rental unit,3,2,,
10299,68,Entire rental unit,1,2,,
10300,68,Entire rental unit,1,2,,
10301,68,Entire rental unit,1,2,,
10302,68,Entire rental unit,1,2,,
10303,68,Entire rental unit,1,2,,
10304,68,Entire rental unit,1,2,,
10305,68,Entire rental unit,1,2,,
10306,4,Entire rental unit,1,2,,
10307,26,Entire rental unit,1,3,,
10308,4,Entire rental unit,1,2,,
10309,10,Entire rental unit,2,3,,
10310,2,Entire rental unit,2,4,,
10311,8,Entire rental unit,1,2,,
10312,27,Entire rental unit,1,3,,
10313,26,Entire rental unit,1,3,,
10314,27,Entire rental unit,1,3,,
10315,27,Entire rental unit,2,6,,
10316,26,Entire rental unit,2,6,,
10317,27,Entire rental unit,2,6,,
10318,26,Entire rental unit,2,6,,
10319,26,Entire rental unit,1,3,,
10320,26,Entire rental unit,2,5,,
10321,4,Entire rental unit,1,2,,
10322,27,Entire rental unit,2,4,,
10323,28,Entire rental unit,3,4,,
10324,26,Entire rental unit,1,3,,
10325,26,Entire rental unit,3,7,,
10326,6,Entire rental unit,1,3,,
10327,6,Entire rental unit,1,2,,
10328,13,Private room in condo,2,2,,
10329,19,Room in hotel,,2,,
10330,3,Entire rental unit,1,2,,
10331,7,Entire rental unit,2,4,,
10332,22,Entire rental unit,2,6,,
10333,70,Entire rental unit,3,6,,
10334,2,Entire rental unit,12,16,,
10335,9,Entire rental unit,8,15,,
10336,8,Entire rental unit,2,4,,
10337,6,Entire rental unit,2,4,,
10338,9,Entire rental unit,2,3,,
10339,7,Entire rental unit,1,2,,
10340,6,Entire rental unit,3,4,,
10341,9,Entire rental unit,2,4,,
10342,18,Entire rental unit,1,2,,
10343,9,Entire rental unit,2,4,,
10344,59,Entire rental unit,1,4,,
10345,6,Entire rental unit,1,2,,
10346,6,Entire rental unit,3,6,,
10347,1,Entire rental unit,2,3,,
10348,4,Entire rental unit,,2,,
10349,31,Entire rental unit,3,6,,
10350,7,Entire rental unit,2,4,,
10351,11,Private room in rental unit,1,2,,
10352,11,Private room in rental unit,1,4,,
10353,10,Entire rental unit,5,7,,
10354,26,Entire rental unit,2,3,,
10355,7,Entire rental unit,1,3,,
10356,70,Entire rental unit,1,1,,
10357,7,Entire rental unit,2,4,,
10358,66,Private room in loft,1,3,,
10359,3,Entire rental unit,1,2,,
10360,3,Entire rental unit,1,2,,
10361,3,Entire rental unit,2,4,,
10362,71,Private room in rental unit,,1,,
10363,64,Entire rental unit,2,4,,
10364,26,Entire rental unit,2,3,,
10365,6,Private room in rental unit,1,1,,
10366,65,Private room in rental unit,,1,,
10367,15,Entire rental unit,9,16,,
10368,9,Entire rental unit,5,15,,
10369,18,Entire rental unit,2,4,,
10370,18,Entire rental unit,3,6,,
10371,17,Entire rental unit,4,8,,
10372,2,Entire rental unit,3,6,,
10373,1,Entire rental unit,1,2,,
10374,10,Entire rental unit,1,2,,
10375,4,Entire rental unit,2,4,,
10376,3,Entire rental unit,1,2,,
10377,3,Entire rental unit,1,2,,
10378,3,Entire rental unit,1,2,,
10379,7,Entire rental unit,4,8,,
10380,7,Entire rental unit,2,4,,
10381,4,Entire rental unit,2,4,,
10382,7,Entire rental unit,2,4,,
10383,31,Entire rental unit,1,2,,
10384,31,Entire rental unit,1,2,,
10385,6,Private room in rental unit,1,1,,
10386,2,Entire rental unit,3,4,,
10387,1,Entire rental unit,4,4,,
10388,1,Entire rental unit,4,5,,
10389,1,Entire rental unit,4,5,,
10390,1,Entire rental unit,1,2,,
10391,1,Entire rental unit,1,2,,
10392,70,Entire rental unit,2,5,,
10393,8,Entire rental unit,1,2,,
10394,4,Entire rental unit,2,4,,
10395,68,Tiny home,2,2,,
10396,19,Entire rental unit,2,4,,
10397,7,Entire rental unit,2,4,,
10398,3,Entire rental unit,1,4,,
10399,37,Entire rental unit,1,5,,
10400,7,Entire rental unit,2,4,,
10401,7,Entire rental unit,2,4,,
10402,4,Entire rental unit,2,4,,
10403,7,Entire rental unit,2,4,,
10404,33,Entire rental unit,1,3,,
10405,31,Private room in rental unit,1,1,,
10406,6,Entire rental unit,3,5,,
10407,4,Entire rental unit,2,4,,
10408,19,Entire rental unit,2,4,,
10409,6,Entire rental unit,,2,,
10410,7,Entire rental unit,2,4,,
10411,4,Entire rental unit,2,4,,
10412,6,Private room in rental unit,1,1,,
10413,5,Entire rental unit,2,4,,
10414,7,Entire rental unit,2,4,,
10415,6,Private room in rental unit,1,1,,
10416,6,Private room in rental unit,,1,,
10417,9,Entire rental unit,6,11,,
10418,6,Private room in rental unit,1,1,,
10419,19,Entire rental unit,4,5,,
10420,37,Entire loft,1,2,,
10421,6,Entire rental unit,2,4,,
10422,15,Entire rental unit,2,4,,
10423,65,Entire rental unit,1,2,,
10424,3,Entire rental unit,2,3,,
10425,71,Entire rental unit,2,4,,
10426,28,Private room in rental unit,,1,,
10427,2,Entire rental unit,1,2,,
10428,64,Entire rental unit,3,5,,
10429,69,Entire rental unit,2,6,,
10430,5,Entire rental unit,1,3,,
10431,19,Entire rental unit,2,4,,
10432,8,Entire rental unit,4,7,,
10433,7,Entire rental unit,1,2,,
10434,31,Entire rental unit,2,4,,
10435,15,Private room in rental unit,1,2,,
10436,7,Private room in rental unit,1,1,,
10437,5,Entire rental unit,2,4,,
10438,7,Entire rental unit,1,3,,
10439,40,Entire rental unit,1,3,,
10440,7,Private room in rental unit,2,1,,
10441,32,Private room in rental unit,1,2,,
10442,31,Entire rental unit,,2,,
10443,37,Entire rental unit,3,6,,
10444,65,Private room in rental unit,,1,,
10445,7,Entire rental unit,3,7,,
10446,3,Entire rental unit,1,2,,
10447,34,Entire rental unit,1,2,,
10448,66,Entire rental unit,3,4,,
10449,27,Entire rental unit,2,3,,
10450,1,Entire rental unit,2,4,,
10451,1,Entire rental unit,1,2,,
10452,10,Entire rental unit,3,7,,
10453,8,Entire rental unit,4,5,,
10454,6,Entire rental unit,3,5,,
10455,11,Entire rental unit,1,2,,
10456,4,Entire rental unit,2,4,,
10457,31,Entire rental unit,2,4,,
10458,9,Entire rental unit,2,3,,
10459,3,Entire rental unit,1,2,,
10460,1,Entire rental unit,1,4,,
10461,6,Entire rental unit,3,7,,
10462,26,Entire rental unit,2,5,,
10463,7,Entire guest suite,1,2,,
10464,6,Entire rental unit,3,9,,
10465,3,Entire rental unit,1,2,,
10466,28,Entire rental unit,1,4,,
10467,5,Private room in rental unit,1,1,,
10468,31,Private room in rental unit,,2,,
10469,69,Entire rental unit,3,6,,
10470,19,Entire rental unit,3,5,,
10471,31,Entire rental unit,3,4,,
10472,71,Room in hotel,5,2,,
10473,7,Private room in rental unit,1,1,,
10474,10,Entire rental unit,11,16,,
10475,3,Entire rental unit,1,3,,
10476,26,Private room in rental unit,1,1,,
10477,3,Entire rental unit,1,2,,
10478,3,Entire rental unit,1,2,,
10479,4,Entire rental unit,2,4,,
10480,31,Entire rental unit,3,5,,
10481,4,Entire rental unit,2,4,,
10482,68,Entire rental unit,1,2,,
10483,34,Private room in bed and breakfast,,1,,
10484,8,Entire rental unit,3,6,,
10485,6,Private room in rental unit,,1,,
10486,9,Entire rental unit,3,5,,
10487,31,Entire rental unit,3,6,,
10488,63,Entire rental unit,3,5,,
10489,1,Entire rental unit,,2,,
10490,31,Entire rental unit,2,4,,
10491,10,Entire rental unit,10,16,,
10492,5,Entire rental unit,4,5,,
10493,3,Entire rental unit,1,2,,
10494,32,Entire rental unit,3,6,,
10495,10,Entire rental unit,4,4,,
10496,17,Entire rental unit,2,3,,
10497,3,Entire rental unit,1,2,,
10498,7,Entire rental unit,3,6,,
10499,3,Private room in rental unit,,1,,
10500,3,Private room in rental unit,,1,,
10501,9,Private room in rental unit,,2,,
10502,71,Private room in rental unit,,1,,
10503,32,Entire rental unit,3,4,,
10504,9,Entire rental unit,20,16,,
10505,11,Entire rental unit,2,4,,
10506,1,Entire rental unit,1,2,,
10507,64,Entire rental unit,2,4,,
10508,11,Entire rental unit,3,5,,
10509,31,Entire rental unit,2,3,,
10510,31,Entire rental unit,1,2,,
10511,1,Entire rental unit,1,2,,
10512,11,Entire rental unit,3,7,,
10513,64,Entire rental unit,2,4,,
10514,2,Entire rental unit,1,3,,
10515,9,Entire rental unit,3,4,,
10516,7,Entire rental unit,2,4,,
10517,2,Entire rental unit,1,2,,
10518,7,Entire rental unit,2,2,,
10519,68,Private room in rental unit,1,1,,
10520,6,Entire rental unit,3,5,,
10521,1,Entire rental unit,,2,,
10522,20,Entire rental unit,1,1,,
10523,4,Entire condo,1,2,,
10524,4,Entire rental unit,1,2,,
10525,64,Entire rental unit,2,4,,
10526,23,Entire rental unit,3,4,,
10527,31,Entire rental unit,3,6,,
10528,7,Entire rental unit,3,4,,
10529,71,Private room in rental unit,1,1,,
10530,6,Private room in rental unit,,1,,
10531,6,Private room in condo,,1,,
10532,6,Private room in rental unit,,1,,
10533,31,Entire rental unit,2,3,,
10534,68,Entire rental unit,2,4,,
10535,9,Entire rental unit,2,5,,
10536,7,Entire rental unit,2,5,,
10537,64,Entire rental unit,2,4,,
10538,68,Entire condo,1,2,,
10539,7,Entire rental unit,3,5,,
10540,10,Entire rental unit,10,16,,
10541,18,Entire rental unit,1,4,,
10542,9,Entire rental unit,8,16,,
10543,9,Entire rental unit,3,5,,
10544,8,Entire rental unit,2,4,,
10545,4,Private room in rental unit,1,1,,
10546,3,Entire rental unit,,2,,
10547,9,Entire rental unit,3,6,,
10548,4,Private room in rental unit,,1,,
10549,31,Private room in rental unit,2,2,,
10550,7,Entire rental unit,1,2,,
10551,7,Entire rental unit,1,2,,
10552,31,Private room in rental unit,,2,,
10553,7,Entire rental unit,1,2,,
10554,7,Entire rental unit,2,3,,
10555,7,Entire rental unit,3,6,,
10556,3,Entire rental unit,1,2,,
10557,2,Entire rental unit,2,4,,
10558,5,Entire rental unit,1,2,,
10559,4,Entire rental unit,1,2,,
10560,7,Entire rental unit,2,4,,
10561,31,Entire rental unit,1,2,,
10562,6,Entire rental unit,1,4,,
10563,20,Private room in rental unit,1,1,,
10564,27,Entire rental unit,2,4,,
10565,9,Entire rental unit,3,4,,
10566,11,Entire rental unit,,2,,
10567,9,Entire rental unit,1,2,,
10568,60,Entire rental unit,1,3,,
10569,26,Entire rental unit,3,4,,
10570,3,Entire rental unit,,2,,
10571,29,Entire rental unit,3,9,,
10572,11,Private room in rental unit,1,1,,
10573,11,Private room in rental unit,1,2,,
10574,7,Entire rental unit,2,4,,
10575,6,Entire rental unit,3,6,,
10576,23,Entire rental unit,3,5,,
10577,9,Entire rental unit,4,8,,
10578,3,Private room in rental unit,,1,,
10579,71,Room in hotel,1,1,,
10580,29,Entire rental unit,2,7,,
10581,19,Entire rental unit,2,4,,
10582,26,Private room in bed and breakfast,9,5,,
10583,31,Entire rental unit,2,4,,
10584,68,Entire rental unit,1,2,,
10585,22,Entire rental unit,4,5,,
10586,64,Entire rental unit,2,4,,
10587,10,Entire rental unit,4,8,,
10588,20,Entire rental unit,2,3,,
10589,7,Entire rental unit,1,4,,
10590,2,Entire rental unit,2,4,,
10591,33,Entire rental unit,2,3,,
10592,1,Private room in rental unit,1,2,,
10593,1,Private room in rental unit,,1,,
10594,2,Entire rental unit,6,15,,
10595,35,Entire rental unit,1,2,,
10596,5,Entire rental unit,2,4,,
10597,4,Entire rental unit,1,2,,
10598,31,Entire rental unit,3,4,,
10599,1,Private room in rental unit,,1,,
10600,1,Entire rental unit,1,2,,
10601,7,Entire rental unit,2,4,,
10602,31,Entire rental unit,3,4,,
10603,70,Private room in rental unit,1,1,,
10604,8,Private room in rental unit,1,1,,
10605,23,Entire rental unit,2,4,,
10606,7,Entire rental unit,1,3,,
10607,3,Entire rental unit,1,2,,
10608,19,Private room in rental unit,1,1,,
10609,64,Private room in rental unit,1,2,,
10610,7,Entire rental unit,3,7,,
10611,37,Entire rental unit,1,2,,
10612,32,Entire rental unit,3,8,,
10613,67,Entire rental unit,1,2,,
10614,4,Entire rental unit,3,6,,
10615,4,Entire rental unit,3,6,,
10616,4,Entire rental unit,2,4,,
10617,9,Entire rental unit,3,6,,
10618,1,Entire rental unit,1,2,,
10619,7,Entire rental unit,2,5,,
10620,31,Entire rental unit,1,2,,
10621,8,Private room in condo,,2,,
10622,18,Entire rental unit,4,8,,
10623,18,Entire rental unit,2,2,,
10624,7,Entire rental unit,2,2,,
10625,10,Entire rental unit,2,3,,
10626,25,Entire condo,1,2,,
10627,32,Entire rental unit,3,6,,
10628,17,Entire loft,1,2,,
10629,31,Entire rental unit,3,4,,
10630,8,Private room in condo,,2,,
10631,37,Entire rental unit,1,2,,
10632,8,Entire rental unit,3,5,,
10633,8,Private room in condo,,1,,
10634,11,Entire rental unit,2,4,,
10635,37,Entire rental unit,1,2,,
10636,9,Entire rental unit,3,4,,
10637,6,Private room in rental unit,4,1,,
10638,17,Private room in bed and breakfast,1,1,,
10639,7,Entire rental unit,1,3,,
10640,7,Entire rental unit,4,8,,
10641,7,Entire rental unit,4,8,,
10642,31,Entire rental unit,4,8,,
10643,31,Entire rental unit,4,8,,
10644,7,Entire rental unit,4,8,,
10645,31,Entire rental unit,4,8,,
10646,7,Entire rental unit,2,4,,
10647,7,Entire rental unit,4,8,,
10648,7,Entire guest suite,1,2,,
10649,7,Entire guest suite,1,2,,
10650,7,Entire guest suite,1,2,,
10651,7,Entire guest suite,1,2,,
10652,7,Entire guest suite,1,2,,
10653,37,Entire rental unit,2,2,,
10654,20,Entire rental unit,2,3,,
10655,8,Entire rental unit,4,6,,
10656,17,Entire rental unit,4,5,,
10657,9,Private room in home,1,1,,
10658,3,Entire rental unit,2,4,,
10659,19,Entire rental unit,1,1,,
10660,31,Entire rental unit,2,3,,
10661,9,Entire rental unit,2,4,,
10662,9,Entire rental unit,2,4,,
10663,31,Entire rental unit,1,2,,
10664,11,Entire guest suite,1,2,,
10665,31,Entire rental unit,2,3,,
10666,4,Entire rental unit,1,2,,
10667,1,Entire rental unit,1,2,,
10668,8,Entire rental unit,1,3,,
10669,26,Entire rental unit,2,4,,
10670,26,Entire rental unit,3,6,,
10671,8,Private room in rental unit,,2,,
10672,72,Entire guest suite,1,1,,
10673,8,Private room in rental unit,4,2,,
10674,32,Entire rental unit,2,4,,
10675,7,Entire rental unit,4,12,,
10676,66,Entire rental unit,2,4,,
10677,67,Entire rental unit,3,6,,
10678,66,Entire rental unit,2,4,,
10679,2,Entire rental unit,3,5,,
10680,3,Entire rental unit,1,2,,
10681,2,Private room in rental unit,,2,,
10682,10,Entire rental unit,2,4,,
10683,6,Entire rental unit,3,4,,
10684,9,Entire rental unit,2,3,,
10685,4,Entire rental unit,1,4,,
10686,67,Private room in rental unit,,2,,
10687,4,Entire rental unit,2,4,,
10688,37,Private room in rental unit,,1,,
10689,31,Entire rental unit,2,4,,
10690,8,Entire rental unit,3,6,,
10691,68,Entire rental unit,3,5,,
10692,6,Entire rental unit,2,4,,
10693,6,Entire rental unit,3,5,,
10694,33,Entire rental unit,3,8,,
10695,2,Entire rental unit,1,2,,
10696,10,Entire rental unit,4,6,,
10697,35,Private room in rental unit,1,1,,
10698,10,Entire rental unit,3,6,,
10699,9,Entire rental unit,3,5,,
10700,9,Entire rental unit,4,8,,
10701,66,Entire rental unit,2,6,,
10702,31,Entire rental unit,3,5,,
10703,7,Entire rental unit,2,4,,
10704,3,Entire home,3,6,,
10705,31,Entire home,3,3,,
10706,27,Entire rental unit,1,2,,
10707,5,Private room in condo,,1,,
10708,10,Entire rental unit,2,3,,
10709,7,Entire rental unit,2,4,,
10710,3,Entire rental unit,1,2,,
10711,64,Entire rental unit,10,16,,
10712,27,Entire rental unit,2,4,,
10713,11,Entire rental unit,2,3,,
10714,6,Private room in home,,1,,
10715,19,Entire rental unit,2,2,,
10716,15,Private room in bed and breakfast,,1,,
10717,63,Private room in rental unit,,2,,
10718,9,Entire rental unit,12,16,,
10719,7,Entire rental unit,3,5,,
10720,1,Entire rental unit,2,3,,
10721,9,Entire rental unit,2,4,,
10722,10,Entire rental unit,2,6,,
10723,2,Entire rental unit,2,4,,
10724,7,Entire rental unit,,4,,
10725,17,Entire rental unit,3,5,,
10726,2,Entire rental unit,2,6,,
10727,32,Entire rental unit,3,6,,
10728,17,Entire rental unit,1,2,,
10729,6,Entire rental unit,2,4,,
10730,22,Private room in casa particular,,2,,
10731,69,Entire rental unit,3,6,,
10732,15,Entire rental unit,2,4,,
10733,31,Entire rental unit,2,4,,
10734,17,Entire rental unit,2,4,,
10735,26,Entire rental unit,1,3,,
10736,31,Entire rental unit,4,6,,
10737,7,Entire rental unit,4,7,,
10738,9,Private room in rental unit,2,1,,
10739,9,Entire rental unit,2,3,,
10740,1,Entire rental unit,3,4,,
10741,2,Entire rental unit,2,4,,
10742,8,Room in hotel,1,1,,
10743,33,Entire rental unit,2,4,,
10744,44,Entire rental unit,2,5,,
10745,25,Entire rental unit,1,2,,
10746,10,Entire rental unit,2,4,,
10747,10,Entire rental unit,2,4,,
10748,11,Entire rental unit,2,3,,
10749,3,Entire rental unit,2,3,,
10750,6,Entire rental unit,2,3,,
10751,32,Private room in rental unit,,1,,
10752,4,Entire rental unit,1,2,,
10753,11,Entire rental unit,2,3,,
10754,10,Entire rental unit,2,4,,
10755,21,Entire rental unit,5,8,,
10756,11,Entire rental unit,2,4,,
10757,6,Entire rental unit,4,5,,
10758,6,Private room in rental unit,1,1,,
10759,51,Entire rental unit,4,4,,
10760,68,Entire rental unit,3,5,,
10761,18,Entire rental unit,2,4,,
10762,10,Entire rental unit,2,3,,
10763,27,Entire rental unit,4,7,,
10764,23,Shared room in guesthouse,1,4,,
10765,3,Entire rental unit,1,2,,
10766,20,Entire rental unit,4,8,,
10767,65,Entire rental unit,2,3,,
10768,26,Private room in bed and breakfast,,4,,
10769,7,Private room in rental unit,,2,,
10770,2,Entire rental unit,4,8,,
10771,1,Private room in rental unit,,2,,
10772,7,Private room in rental unit,,2,,
10773,1,Private room in rental unit,,2,,
10774,1,Private room in rental unit,,2,,
10775,31,Private room in bed and breakfast,,3,,
10776,27,Private room in bed and breakfast,,2,,
10777,26,Private room in bed and breakfast,,2,,
10778,26,Private room in bed and breakfast,,3,,
10779,31,Entire rental unit,2,4,,
10780,31,Entire rental unit,1,2,,
10781,2,Entire rental unit,2,4,,
10782,3,Entire rental unit,1,2,,
10783,8,Entire rental unit,2,3,,
10784,64,Entire rental unit,2,4,,
10785,64,Entire rental unit,2,4,,
10786,2,Entire rental unit,3,6,,
10787,2,Entire rental unit,2,4,,
10788,35,Entire rental unit,2,4,,
10789,23,Shared room in guesthouse,1,1,,
10790,23,Private room in guesthouse,1,1,,
10791,1,Private room in bed and breakfast,9,16,,
10792,5,Private room in condo,2,2,,
10793,5,Entire rental unit,1,2,,
10794,32,Entire rental unit,2,5,,
10795,67,Entire rental unit,2,4,,
10796,26,Private room in bed and breakfast,,3,,
10797,26,Private room in bed and breakfast,,4,,
10798,6,Entire rental unit,4,6,,
10799,6,Entire rental unit,2,5,,
10800,4,Entire rental unit,1,2,,
10801,1,Entire rental unit,4,6,,
10802,68,Entire rental unit,2,4,,
10803,28,Entire rental unit,2,4,,
10804,31,Private room in rental unit,,1,,
10805,1,Private room in rental unit,,2,,
10806,7,Entire rental unit,8,16,,
10807,23,Shared room in guesthouse,1,1,,
10808,1,Private room in rental unit,,1,,
10809,7,Private room in rental unit,,1,,
10810,1,Private room in rental unit,,1,,
10811,22,Entire guesthouse,2,4,,
10812,4,Entire rental unit,1,2,,
10813,23,Shared room in home,1,1,,
10814,32,Entire rental unit,3,6,,
10815,31,Shared room in hotel,,1,,
10816,31,Shared room in hotel,,1,,
10817,7,Shared room in hotel,,1,,
10818,32,Shared room in hotel,,1,,
10819,7,Room in hotel,1,4,,
10820,7,Room in hotel,1,6,,
10821,31,Room in hotel,1,2,,
10822,31,Room in hotel,1,2,,
10823,7,Room in hotel,2,2,,
10824,31,Room in hotel,1,4,,
10825,34,Private room in rental unit,,1,,
10826,13,Private room in condo,,2,,
10827,13,Private room in condo,,1,,
10828,13,Private room in condo,,2,,
10829,13,Private room in condo,,2,,
10830,13,Private room in condo,,1,,
10831,7,Entire rental unit,1,3,,
10832,4,Entire rental unit,,2,,
10833,31,Private room in rental unit,1,2,,
10834,31,Private room in rental unit,,3,,
10835,64,Entire rental unit,2,4,,
10836,4,Entire rental unit,2,4,,
10837,11,Entire rental unit,2,4,,
10838,4,Entire rental unit,2,2,,
10839,3,Entire rental unit,1,2,,
10840,60,Entire rental unit,2,4,,
10841,32,Entire rental unit,1,2,,
10842,7,Private room in rental unit,,2,,
10843,7,Entire rental unit,2,4,,
10844,63,Shared room in hotel,1,1,,
10845,3,Entire rental unit,2,4,,
10846,68,Entire rental unit,,4,,
10847,71,Entire rental unit,1,2,,
10848,8,Entire rental unit,4,8,,
10849,10,Entire rental unit,2,4,,
10850,10,Entire rental unit,2,4,,
10851,10,Entire rental unit,2,4,,
10852,10,Entire rental unit,2,4,,
10853,10,Entire rental unit,2,2,,
10854,10,Entire rental unit,3,4,,
10855,10,Entire rental unit,2,3,,
10856,10,Entire rental unit,2,3,,
10857,3,Entire rental unit,1,2,,
10858,32,Entire rental unit,3,6,,
10859,68,Entire rental unit,3,5,,
10860,26,Entire rental unit,3,6,,
10861,10,Entire rental unit,2,9,,
10862,69,Entire rental unit,1,2,,
10863,9,Entire rental unit,3,4,,
10864,62,Entire rental unit,4,4,,
10865,20,Entire rental unit,5,9,,
10866,69,Entire rental unit,2,6,,
10867,15,Entire rental unit,4,8,,
10868,4,Private room in rental unit,1,1,,
10869,6,Entire rental unit,1,2,,
10870,9,Entire rental unit,1,2,,
10871,7,Entire rental unit,2,2,,
10872,8,Entire rental unit,3,6,,
10873,26,Entire rental unit,2,3,,
10874,60,Entire rental unit,2,4,,
10875,31,Private room in rental unit,,2,,
10876,4,Entire rental unit,2,5,,
10877,7,Entire rental unit,3,8,,
10878,69,Entire rental unit,1,2,,
10879,10,Entire rental unit,2,4,,
10880,10,Entire rental unit,2,3,,
10881,10,Entire rental unit,2,4,,
10882,10,Entire rental unit,2,4,,
10883,10,Entire rental unit,2,3,,
10884,10,Entire rental unit,2,4,,
10885,10,Entire rental unit,2,4,,
10886,10,Entire rental unit,2,3,,
10887,10,Entire rental unit,2,4,,
10888,10,Entire rental unit,2,3,,
10889,9,Entire rental unit,2,5,,
10890,11,Entire rental unit,3,7,,
10891,17,Entire rental unit,,4,,
10892,26,Room in hotel,1,2,,
10893,1,Private room in rental unit,,1,,
10894,1,Private room in bed and breakfast,,2,,
10895,7,Private room in rental unit,1,1,,
10896,10,Entire rental unit,2,5,,
10897,68,Private room in rental unit,1,1,,
10898,6,Entire rental unit,3,5,,
10899,6,Entire rental unit,3,5,,
10900,6,Entire rental unit,2,5,,
10901,33,Entire rental unit,2,7,,
10902,11,Entire rental unit,2,5,,
10903,14,Entire rental unit,3,6,,
10904,9,Entire rental unit,4,6,,
10905,2,Entire rental unit,2,5,,
10906,7,Entire rental unit,3,5,,
10907,68,Entire rental unit,2,4,,
10908,7,Entire rental unit,6,12,,
10909,11,Entire rental unit,2,3,,
10910,1,Entire rental unit,2,4,,
10911,1,Entire rental unit,2,4,,
10912,26,Entire rental unit,2,4,,
10913,6,Entire rental unit,4,6,,
10914,71,Entire serviced apartment,1,1,,
10915,6,Private room in rental unit,,1,,
10916,11,Entire rental unit,3,6,,
10917,8,Entire rental unit,1,4,,
10918,4,Entire home,2,4,,
10919,68,Entire rental unit,2,4,,
10920,8,Entire rental unit,2,2,,
10921,27,Entire rental unit,2,4,,
10922,35,Private room in boat,1,2,,
10923,61,Entire rental unit,2,4,,
10924,61,Entire rental unit,1,2,,
10925,25,Entire rental unit,4,7,,
10926,9,Entire rental unit,8,16,,
10927,8,Entire serviced apartment,2,3,,
10928,10,Entire rental unit,2,3,,
10929,5,Entire rental unit,1,3,,
10930,7,Entire serviced apartment,1,2,,
10931,18,Entire rental unit,2,4,,
10932,10,Entire rental unit,4,7,,
10933,10,Entire rental unit,6,10,,
10934,8,Entire rental unit,2,3,,
10935,7,Entire rental unit,1,3,,
10936,1,Entire rental unit,2,2,,
10937,10,Entire rental unit,2,4,,
10938,7,Entire rental unit,4,8,,
10939,1,Private room in rental unit,,1,,
10940,18,Entire rental unit,2,4,,
10941,1,Entire rental unit,4,4,,
10942,17,Entire rental unit,1,3,,
10943,3,Entire rental unit,1,2,,
10944,1,Entire rental unit,1,2,,
10945,4,Entire loft,1,2,,
10946,7,Entire rental unit,3,6,,
10947,6,Entire rental unit,3,5,,
10948,4,Entire rental unit,1,2,,
10949,30,Entire rental unit,2,4,,
10950,26,Entire rental unit,4,6,,
10951,10,Entire rental unit,8,13,,
10952,70,Private room in rental unit,1,2,,
10953,7,Entire rental unit,2,4,,
10954,31,Entire rental unit,1,2,,
10955,10,Entire rental unit,2,4,,
10956,9,Entire rental unit,1,2,,
10957,1,Private room in rental unit,,1,,
10958,8,Entire rental unit,2,2,,
10959,32,Entire rental unit,3,6,,
10960,11,Entire rental unit,2,3,,
10961,27,Entire rental unit,3,6,,
10962,37,Entire rental unit,2,2,,
10963,26,Entire rental unit,4,6,,
10964,11,Room in hotel,1,1,,
10965,6,Entire rental unit,3,6,,
10966,1,Private room in rental unit,,1,,
10967,4,Entire rental unit,3,6,,
10968,26,Entire rental unit,3,4,,
10969,8,Entire rental unit,2,4,,
10970,6,Private room in rental unit,,1,,
10971,35,Private room in rental unit,2,1,,
10972,6,Entire rental unit,2,5,,
10973,33,Entire loft,1,2,,
10974,7,Entire rental unit,2,3,,
10975,18,Entire rental unit,1,2,,
10976,10,Entire rental unit,8,16,,
10977,7,Entire rental unit,3,6,,
10978,11,Entire rental unit,2,4,,
10979,68,Entire rental unit,2,2,,
10980,11,Entire rental unit,3,7,,
10981,11,Entire rental unit,3,6,,
10982,66,Entire rental unit,1,3,,
10983,68,Entire loft,1,3,,
10984,68,Entire rental unit,1,4,,
10985,68,Entire rental unit,1,4,,
10986,7,Entire rental unit,,2,,
10987,31,Entire rental unit,4,7,,
10988,5,Entire rental unit,2,4,,
10989,18,Private room in rental unit,1,1,,
10990,8,Entire rental unit,3,5,,
10991,7,Entire rental unit,2,4,,
10992,4,Private room in rental unit,1,1,,
10993,10,Entire rental unit,2,4,,
10994,6,Entire rental unit,2,3,,
10995,1,Private room in rental unit,,1,,
10996,31,Entire rental unit,2,4,,
10997,26,Entire rental unit,3,5,,
10998,3,Private room in rental unit,1,1,,
10999,7,Entire rental unit,2,6,,
11000,7,Entire rental unit,3,7,,
11001,68,Entire rental unit,2,4,,
11002,7,Entire rental unit,1,3,,
11003,14,Private room in condo,,2,,
11004,60,Private room in rental unit,,2,,
11005,60,Private room in rental unit,,2,,
11006,60,Private room in rental unit,,2,,
11007,60,Private room in rental unit,,1,,
11008,7,Private room in rental unit,1,2,,
11009,7,Private room in rental unit,1,1,,
11010,7,Private room in rental unit,1,5,,
11011,1,Entire rental unit,2,6,,
11012,7,Entire rental unit,3,9,,
11013,17,Entire rental unit,3,4,,
11014,60,Private room in rental unit,,2,,
11015,7,Entire rental unit,4,5,,
11016,26,Private room in rental unit,,1,,
11017,24,Private room in rental unit,,2,,
11018,24,Private room in rental unit,,2,,
11019,26,Private room in rental unit,,2,,
11020,26,Private room in rental unit,,2,,
11021,25,Private room in rental unit,,1,,
11022,8,Entire rental unit,6,16,,
11023,1,Entire rental unit,3,6,,
11024,23,Entire rental unit,2,4,,
11025,1,Private room in rental unit,,2,,
11026,67,Entire rental unit,3,6,,
11027,15,Entire rental unit,2,3,,
11028,13,Private room in condo,1,1,,
11029,8,Entire rental unit,1,2,,
11030,27,Entire rental unit,2,3,,
11031,31,Entire rental unit,1,3,,
11032,9,Entire rental unit,8,16,,
11033,37,Entire rental unit,2,4,,
11034,6,Entire rental unit,2,1,,
11035,10,Entire rental unit,8,14,,
11036,9,Entire rental unit,24,16,,
11037,15,Entire rental unit,7,15,,
11038,6,Private room in rental unit,,2,,
11039,69,Entire rental unit,2,4,,
11040,1,Entire rental unit,1,4,,
11041,65,Entire guest suite,1,4,,
11042,6,Private room in condo,,1,,
11043,30,Entire rental unit,2,3,,
11044,68,Entire rental unit,1,3,,
11045,33,Entire rental unit,2,3,,
11046,7,Entire rental unit,2,4,,
11047,4,Private room in bed and breakfast,,2,,
11048,61,Private room in rental unit,,1,,
11049,8,Entire guesthouse,,2,,
11050,32,Entire rental unit,1,2,,
11051,26,Private room in rental unit,,2,,
11052,26,Private room in rental unit,,1,,
11053,9,Entire rental unit,15,16,,
11054,10,Entire rental unit,2,5,,
11055,11,Entire rental unit,,1,,
11056,7,Entire rental unit,3,6,,
11057,7,Entire rental unit,1,2,,
11058,31,Entire rental unit,2,4,,
11059,26,Private room in rental unit,,1,,
11060,8,Entire rental unit,6,12,,
11061,2,Entire rental unit,1,3,,
11062,10,Entire rental unit,3,4,,
11063,13,Entire rental unit,3,4,,
11064,8,Entire rental unit,1,4,,
11065,1,Entire rental unit,3,6,,
11066,2,Entire rental unit,2,4,,
11067,2,Entire rental unit,3,7,,
11068,1,Entire rental unit,2,4,,
11069,1,Entire rental unit,3,8,,
11070,1,Entire rental unit,1,2,,
11071,7,Private room in rental unit,,2,,
11072,1,Entire rental unit,3,5,,
11073,26,Private room in rental unit,,1,,
11074,6,Shared room in rental unit,0,1,,
11075,26,Private room in rental unit,,2,,
11076,4,Entire rental unit,1,3,,
11077,68,Entire rental unit,1,2,,
11078,7,Entire rental unit,2,4,,
11079,7,Entire rental unit,2,4,,
11080,6,Entire rental unit,3,4,,
11081,7,Entire rental unit,2,5,,
11082,12,Private room in condo,,1,,
11083,3,Entire rental unit,2,3,,
11084,1,Entire rental unit,1,2,,
11085,1,Entire rental unit,1,2,,
11086,1,Entire rental unit,1,2,,
11087,18,Entire rental unit,2,5,,
11088,23,Entire rental unit,2,4,,
11089,7,Entire rental unit,3,6,,
11090,4,Entire rental unit,1,2,,
11091,7,Entire rental unit,3,6,,
11092,7,Entire rental unit,3,6,,
11093,7,Entire rental unit,3,6,,
11094,33,Entire rental unit,3,4,,
11095,62,Entire rental unit,3,4,,
11096,9,Entire rental unit,2,5,,
11097,7,Entire rental unit,5,10,,
11098,68,Entire rental unit,1,2,,
11099,1,Entire rental unit,2,3,,
11100,68,Entire rental unit,1,2,,
11101,19,Entire rental unit,2,3,,
11102,19,Entire rental unit,2,3,,
11103,3,Entire rental unit,1,2,,
11104,2,Entire rental unit,2,4,,
11105,31,Entire rental unit,,3,,
11106,1,Private room in rental unit,,2,,
11107,7,Private room in rental unit,,2,,
11108,26,Entire rental unit,2,4,,
11109,7,Entire rental unit,2,4,,
11110,8,Entire rental unit,3,2,,
11111,1,Entire rental unit,2,4,,
11112,11,Private room in rental unit,1,2,,
11113,7,Entire rental unit,3,6,,
11114,7,Entire rental unit,3,6,,
11115,26,Entire rental unit,2,4,,
11116,9,Entire rental unit,14,16,,
11117,4,Entire rental unit,4,6,,
11118,68,Entire rental unit,1,2,,
11119,9,Entire rental unit,3,12,,
11120,8,Entire rental unit,12,16,,
11121,9,Entire rental unit,2,3,,
11122,9,Entire rental unit,12,16,,
11123,68,Entire rental unit,3,4,,
11124,18,Entire rental unit,1,2,,
11125,7,Entire rental unit,2,4,,
11126,7,Entire rental unit,7,16,,
11127,7,Entire rental unit,3,6,,
11128,7,Entire rental unit,2,5,,
11129,13,Private room in rental unit,,1,,
11130,64,Private room in rental unit,1,1,,
11131,10,Entire rental unit,4,6,,
11132,1,Entire rental unit,5,15,,
11133,7,Entire rental unit,4,8,,
11134,2,Entire condo,1,2,,
11135,7,Entire rental unit,5,12,,
11136,7,Entire rental unit,6,14,,
11137,7,Entire rental unit,4,9,,
11138,7,Entire rental unit,4,8,,
11139,72,Private room in rental unit,,1,,
11140,14,Entire rental unit,2,4,,
11141,11,Entire rental unit,3,4,,
11142,1,Private room in rental unit,,1,,
11143,7,Entire rental unit,9,16,,
11144,31,Entire rental unit,5,10,,
11145,5,Entire rental unit,3,6,,
11146,7,Entire rental unit,3,6,,
11147,6,Entire rental unit,2,3,,
11148,8,Entire rental unit,4,8,,
11149,1,Entire rental unit,4,12,,
11150,8,Entire rental unit,4,9,,
11151,8,Entire rental unit,4,5,,
11152,9,Entire rental unit,24,16,,
11153,3,Entire rental unit,1,2,,
11154,9,Entire rental unit,19,16,,
11155,9,Entire rental unit,2,5,,
11156,9,Entire rental unit,2,5,,
11157,31,Private room in hostel,1,2,,
11158,9,Entire rental unit,4,10,,
11159,31,Private room in hostel,1,2,,
11160,31,Private room in hostel,1,1,,
11161,11,Entire rental unit,2,4,,
11162,31,Private room in hostel,1,1,,
11163,7,Entire rental unit,7,16,,
11164,1,Private room in rental unit,1,2,,
11165,30,Entire rental unit,3,6,,
11166,7,Entire rental unit,3,6,,
11167,9,Entire rental unit,2,3,,
11168,9,Entire rental unit,,2,,
11169,2,Entire rental unit,1,2,,
11170,19,Entire rental unit,2,4,,
11171,31,Entire rental unit,2,3,,
11172,7,Entire rental unit,2,4,,
11173,23,Shared room in home,1,1,,
11174,1,Private room in rental unit,,3,,
11175,1,Entire rental unit,2,4,,
11176,63,Entire rental unit,3,5,,
11177,14,Entire home,2,4,,
11178,11,Entire rental unit,3,5,,
11179,67,Entire rental unit,3,8,,
11180,71,Entire rental unit,5,11,,
11181,24,Entire rental unit,3,4,,
11182,31,Entire rental unit,3,6,,
11183,68,Entire rental unit,1,2,,
11184,8,Entire rental unit,2,3,,
11185,26,Room in hotel,,2,,
11186,63,Entire rental unit,2,3,,
11187,9,Entire rental unit,2,4,,
11188,9,Entire rental unit,2,3,,
11189,10,Entire rental unit,6,15,,
11190,10,Entire rental unit,3,2,,
11191,11,Entire rental unit,2,2,,
11192,10,Entire rental unit,2,4,,
11193,32,Entire rental unit,2,4,,
11194,11,Entire rental unit,2,3,,
11195,67,Entire rental unit,1,4,,
11196,66,Entire rental unit,2,5,,
11197,6,Entire rental unit,2,3,,
11198,19,Entire rental unit,2,3,,
11199,5,Private room in rental unit,,1,,
11200,1,Entire rental unit,3,7,,
11201,9,Entire rental unit,3,6,,
11202,68,Entire rental unit,2,3,,
11203,68,Entire rental unit,2,4,,
11204,68,Entire rental unit,1,3,,
11205,68,Entire rental unit,3,6,,
11206,7,Entire rental unit,4,10,,
11207,1,Entire rental unit,1,4,,
11208,71,Entire rental unit,4,8,,
11209,4,Entire rental unit,2,4,,
11210,4,Private room in rental unit,,1,,
11211,45,Private room in rental unit,1,2,,
11212,3,Entire rental unit,1,2,,
11213,10,Entire rental unit,2,4,,
11214,9,Private room in rental unit,,1,,
11215,71,Entire rental unit,3,6,,
11216,68,Tiny home,1,2,,
11217,1,Private room in rental unit,1,1,,
11218,25,Entire rental unit,2,4,,
11219,70,Entire condo,2,4,,
11220,8,Private room in rental unit,1,1,,
11221,9,Entire rental unit,16,16,,
11222,19,Entire rental unit,,3,,
11223,9,Entire rental unit,1,3,,
11224,9,Entire rental unit,2,4,,
11225,9,Entire rental unit,15,16,,
11226,4,Entire rental unit,3,6,,
11227,4,Entire rental unit,3,6,,
11228,2,Entire rental unit,3,6,,
11229,4,Entire rental unit,3,6,,
11230,4,Entire rental unit,3,6,,
11231,2,Entire rental unit,3,6,,
11232,4,Entire rental unit,3,6,,
11233,4,Entire rental unit,3,6,,
11234,4,Entire rental unit,3,6,,
11235,4,Entire rental unit,3,6,,
11236,4,Entire rental unit,1,3,,
11237,4,Entire rental unit,1,3,,
11238,11,Entire rental unit,,2,,
11239,31,Entire rental unit,3,4,,
11240,29,Private room in rental unit,,1,,
11241,7,Entire rental unit,12,16,,
11242,8,Entire rental unit,,2,,
11243,18,Entire rental unit,2,4,,
11244,18,Entire rental unit,1,2,,
11245,18,Entire rental unit,3,6,,
11246,18,Entire rental unit,4,8,,
11247,18,Entire rental unit,2,4,,
11248,10,Entire rental unit,4,5,,
11249,7,Entire rental unit,4,10,,
11250,5,Entire rental unit,2,4,,
11251,31,Entire rental unit,2,4,,
11252,10,Entire rental unit,4,8,,
11253,4,Private room in condo,,2,,
11254,7,Entire rental unit,3,6,,
11255,17,Private room in rental unit,,2,,
11256,11,Entire rental unit,4,8,,
11257,7,Entire rental unit,2,4,,
11258,4,Entire rental unit,2,3,,
11259,4,Entire rental unit,2,16,,
11260,1,Entire rental unit,1,3,,
11261,4,Entire rental unit,3,6,,
11262,4,Entire rental unit,6,12,,
11263,4,Entire rental unit,9,16,,
11264,8,Entire rental unit,2,5,,
11265,8,Entire rental unit,2,3,,
11266,10,Entire rental unit,2,4,,
11267,10,Entire rental unit,3,6,,
11268,10,Entire rental unit,1,3,,
11269,10,Entire rental unit,2,4,,
11270,10,Entire rental unit,3,6,,
11271,10,Entire rental unit,1,2,,
11272,10,Entire rental unit,2,3,,
11273,9,Private room in rental unit,1,1,,
11274,67,Entire home,2,5,,
11275,10,Entire rental unit,1,4,,
11276,7,Entire rental unit,2,4,,
11277,16,Entire rental unit,3,6,,
11278,11,Entire rental unit,2,6,,
11279,9,Entire rental unit,2,4,,
11280,18,Entire rental unit,1,2,,
11281,1,Entire rental unit,1,2,,
11282,11,Entire rental unit,1,3,,
11283,31,Entire rental unit,2,2,,
11284,31,Entire rental unit,2,5,,
11285,31,Entire rental unit,2,5,,
11286,31,Entire rental unit,2,5,,
11287,31,Entire rental unit,2,4,,
11288,11,Entire rental unit,2,5,,
11289,7,Entire rental unit,9,16,,
11290,31,Entire rental unit,2,4,,
11291,68,Entire rental unit,3,5,,
11292,7,Entire rental unit,5,9,,
11293,7,Entire rental unit,3,12,,
11294,7,Shared room in hostel,,1,,
11295,11,Private room in rental unit,1,2,,
11296,11,Private room in rental unit,1,1,,
11297,1,Private room in rental unit,1,2,,
11298,1,Entire rental unit,1,2,,
11299,10,Entire rental unit,2,4,,
11300,17,Entire rental unit,3,5,,
11301,31,Entire rental unit,1,2,,
11302,11,Entire rental unit,1,2,,
11303,2,Entire rental unit,4,10,,
11304,3,Private room in rental unit,1,1,,
11305,68,Entire rental unit,1,2,,
11306,3,Private room in rental unit,1,1,,
11307,3,Private room in rental unit,,1,,
11308,31,Entire rental unit,2,4,,
11309,7,Entire rental unit,4,8,,
11310,3,Private room in boat,,2,,
11311,3,Private room in boat,,2,,
11312,3,Private room in boat,,2,,
11313,34,Entire condo,4,5,,
11314,3,Private room in boat,,2,,
11315,4,Entire rental unit,2,4,,
11316,51,Private room in home,,1,,
11317,4,Entire rental unit,1,2,,
11318,62,Private room in rental unit,,2,,
11319,31,Entire rental unit,1,3,,
11320,31,Entire rental unit,2,4,,
11321,8,Entire rental unit,2,4,,
11322,5,Entire rental unit,4,6,,
11323,4,Entire rental unit,3,4,,
11324,3,Private room in home,,2,,
11325,6,Entire rental unit,3,10,,
11326,10,Room in hotel,1,2,,
11327,31,Entire rental unit,2,4,,
11328,3,Entire rental unit,,2,,
11329,31,Entire rental unit,2,5,,
11330,69,Entire rental unit,1,2,,
11331,68,Entire rental unit,1,2,,
11332,31,Entire rental unit,2,6,,
11333,1,Entire rental unit,1,2,,
11334,7,Shared room in hostel,1,8,,
11335,7,Shared room in hostel,1,10,,
11336,31,Entire serviced apartment,1,2,,
11337,32,Entire rental unit,1,2,,
11338,8,Entire rental unit,2,4,,
11339,68,Entire rental unit,1,4,,
11340,10,Entire rental unit,,2,,
11341,10,Entire rental unit,2,4,,
11342,10,Entire rental unit,2,4,,
11343,3,Private room in home,,2,,
11344,3,Private room in home,,2,,
11345,3,Entire rental unit,1,2,,
11346,7,Entire rental unit,1,4,,
11347,6,Private room in rental unit,,1,,
11348,6,Private room in rental unit,,1,,
11349,1,Entire rental unit,2,5,,
11350,4,Private room in rental unit,1,2,,
11351,5,Shared room in home,,1,,
11352,18,Entire rental unit,2,4,,
11353,5,Shared room in home,,1,,
11354,67,Entire rental unit,1,2,,
11355,10,Entire rental unit,2,4,,
11356,8,Entire rental unit,3,6,,
11357,26,Entire rental unit,2,5,,
11358,2,Entire rental unit,1,2,,
11359,7,Entire rental unit,1,4,,
11360,7,Entire rental unit,,1,,
11361,7,Private room in rental unit,1,1,,
11362,7,Private room in rental unit,,1,,
11363,7,Private room in rental unit,,1,,
11364,7,Private room in rental unit,,1,,
11365,7,Private room in condo,,1,,
11366,7,Private room in rental unit,,1,,
11367,7,Private room in rental unit,,1,,
11368,7,Private room in rental unit,,1,,
11369,7,Private room in rental unit,,1,,
11370,7,Entire rental unit,1,1,,
11371,7,Private room in rental unit,,1,,
11372,4,Entire rental unit,3,4,,
11373,6,Entire rental unit,1,3,,
11374,4,Entire rental unit,2,4,,
11375,6,Private room in rental unit,,2,,
11376,7,Private room in rental unit,1,1,,
11377,9,Entire rental unit,3,6,,
11378,18,Entire rental unit,2,4,,
11379,18,Entire rental unit,1,2,,
11380,68,Entire rental unit,2,4,,
11381,6,Private room in rental unit,,2,,
11382,27,Entire rental unit,4,7,,
11383,7,Entire rental unit,2,4,,
11384,8,Entire rental unit,1,2,,
11385,6,Entire rental unit,3,6,,
11386,67,Entire rental unit,5,9,,
11387,64,Entire rental unit,4,8,,
11388,64,Entire rental unit,2,4,,
11389,64,Entire rental unit,2,4,,
11390,18,Entire rental unit,2,4,,
11391,18,Entire rental unit,4,8,,
11392,18,Entire rental unit,4,8,,
11393,11,Entire rental unit,1,6,,
11394,11,Entire rental unit,1,4,,
11395,6,Entire rental unit,4,8,,
11396,66,Entire rental unit,2,3,,
11397,4,Entire rental unit,4,8,,
11398,4,Entire rental unit,4,8,,
11399,4,Entire rental unit,4,8,,
11400,4,Entire rental unit,4,8,,
11401,4,Entire rental unit,4,8,,
11402,4,Entire rental unit,4,8,,
11403,4,Entire rental unit,4,8,,
11404,4,Entire rental unit,4,8,,
11405,4,Entire rental unit,4,8,,
11406,2,Entire rental unit,2,4,,
11407,7,Room in hotel,1,2,,
11408,23,Private room in bed and breakfast,,2,,
11409,23,Private room in bed and breakfast,,3,,
11410,14,Private room in rental unit,,2,,
11411,26,Private room in rental unit,1,1,,
11412,16,Private room in rental unit,,2,,
11413,26,Private room in rental unit,1,1,,
11414,26,Private room in rental unit,1,1,,
11415,8,Entire rental unit,2,4,,
11416,5,Entire rental unit,3,6,,
11417,6,Entire rental unit,3,6,,
11418,6,Entire rental unit,3,6,,
11419,5,Entire rental unit,3,6,,
11420,5,Entire rental unit,3,6,,
11421,5,Entire rental unit,3,6,,
11422,14,Private room in rental unit,,1,,
11423,16,Private room in rental unit,,1,,
11424,16,Private room in rental unit,,1,,
11425,25,Entire rental unit,4,7,,
11426,2,Entire rental unit,2,4,,
11427,7,Entire rental unit,10,16,,
11428,5,Entire rental unit,3,5,,
11429,69,Entire rental unit,2,6,,
11430,65,Entire rental unit,1,3,,
11431,31,Entire rental unit,3,6,,
11432,3,Entire rental unit,1,2,,
11433,64,Entire rental unit,2,5,,
11434,68,Entire rental unit,1,2,,
11435,8,Private room in rental unit,1,2,,
11436,11,Entire rental unit,2,6,,
11437,3,Entire rental unit,,2,,
11438,68,Entire rental unit,2,4,,
11439,33,Room in hotel,1,2,,
11440,8,Entire rental unit,2,3,,
11441,68,Entire rental unit,2,4,,
11442,68,Entire rental unit,2,3,,
11443,68,Entire rental unit,2,4,,
11444,68,Entire rental unit,3,6,,
11445,68,Entire rental unit,1,2,,
11446,31,Entire rental unit,3,6,,
11447,31,Entire rental unit,3,6,,
11448,31,Entire rental unit,3,6,,
11449,31,Entire rental unit,3,6,,
11450,31,Entire rental unit,3,6,,
11451,31,Entire rental unit,3,6,,
11452,31,Entire rental unit,3,6,,
11453,68,Entire rental unit,2,4,,
11454,11,Entire rental unit,2,3,,
11455,45,Private room in rental unit,,1,,
11456,1,Entire rental unit,1,4,,
11457,8,Entire rental unit,1,3,,
11458,8,Entire rental unit,1,2,,
11459,8,Entire rental unit,2,4,,
11460,8,Entire rental unit,2,3,,
11461,7,Entire rental unit,2,4,,
11462,8,Entire rental unit,3,6,,
11463,1,Entire rental unit,1,2,,
11464,7,Entire rental unit,3,6,,
11465,7,Entire condo,3,4,,
11466,16,Entire rental unit,2,3,,
11467,52,Private room in rental unit,,1,,
11468,1,Private room in rental unit,,1,,
11469,32,Entire rental unit,3,6,,
11470,32,Entire rental unit,3,6,,
11471,1,Private room in rental unit,,1,,
11472,5,Entire rental unit,3,6,,
11473,5,Entire rental unit,3,3,,
11474,52,Private room in rental unit,,1,,
11475,5,Entire rental unit,2,4,,
11476,1,Private room in rental unit,,1,,
11477,6,Private room in home,,2,,
11478,7,Entire rental unit,3,6,,
11479,6,Private room in rental unit,,1,,
11480,5,Private room in rental unit,,2,,
11481,8,Entire rental unit,2,3,,
11482,4,Entire rental unit,1,2,,
11483,7,Entire rental unit,1,4,,
11484,64,Entire rental unit,3,5,,
11485,64,Entire rental unit,3,5,,
11486,2,Entire rental unit,1,2,,
11487,67,Entire rental unit,3,8,,
11488,37,Private room in rental unit,,1,,
11489,37,Private room in rental unit,,1,,
11490,64,Entire rental unit,3,5,,
11491,4,Entire rental unit,3,5,,
11492,6,Private room in home,,2,,
11493,5,Entire rental unit,3,6,,
11494,68,Entire rental unit,2,3,,
11495,68,Entire rental unit,2,4,,
11496,68,Entire rental unit,2,4,,
11497,68,Entire rental unit,2,3,,
11498,68,Entire rental unit,2,4,,
11499,68,Entire rental unit,2,4,,
11500,15,Entire rental unit,2,3,,
11501,31,Shared room in rental unit,7,1,,
11502,7,Entire rental unit,1,5,,
11503,27,Entire rental unit,3,4,,
11504,4,Private room in rental unit,2,4,,
11505,6,Entire rental unit,2,4,,
11506,1,Entire rental unit,2,4,,
11507,32,Entire rental unit,1,2,,
11508,33,Entire rental unit,2,4,,
11509,9,Private room in rental unit,,2,,
11510,11,Private room in rental unit,,1,,
11511,11,Private room in rental unit,,1,,
11512,11,Private room in rental unit,,1,,
11513,8,Entire rental unit,4,10,,
11514,69,Entire rental unit,,1,,
11515,10,Entire rental unit,2,4,,
11516,1,Entire rental unit,3,6,,
11517,6,Entire rental unit,2,4,,
11518,6,Entire rental unit,1,2,,
11519,6,Entire rental unit,2,4,,
11520,10,Entire rental unit,2,3,,
11521,31,Private room in rental unit,,2,,
11522,1,Entire rental unit,3,6,,
11523,1,Entire rental unit,3,6,,
11524,1,Entire rental unit,,6,,
11525,1,Entire rental unit,,6,,
11526,31,Entire rental unit,3,5,,
11527,66,Entire rental unit,2,4,,
11528,2,Entire rental unit,2,4,,
11529,7,Entire rental unit,2,5,,
11530,23,Entire rental unit,2,3,,
11531,2,Private room in rental unit,,1,,
11532,6,Entire rental unit,2,2,,
11533,2,Private room in rental unit,,1,,
11534,2,Private room in rental unit,,1,,
11535,7,Entire rental unit,3,5,,
11536,10,Entire rental unit,2,3,,
11537,64,Private room in rental unit,,1,,
11538,64,Private room in rental unit,,1,,
11539,2,Private room in rental unit,,1,,
11540,68,Entire rental unit,2,4,,
11541,68,Entire rental unit,2,4,,
11542,68,Entire rental unit,2,4,,
11543,68,Entire rental unit,1,2,,
11544,9,Entire rental unit,2,3,,
11545,66,Entire rental unit,2,3,,
11546,10,Entire rental unit,1,1,,
11547,35,Room in hotel,1,2,,
11548,68,Entire rental unit,2,4,,
11549,68,Entire rental unit,2,4,,
11550,68,Entire rental unit,1,2,,
11551,68,Entire rental unit,2,4,,
11552,68,Entire rental unit,2,4,,
11553,68,Entire rental unit,2,4,,
11554,68,Entire rental unit,2,4,,
11555,68,Entire rental unit,1,2,,
11556,68,Entire rental unit,1,2,,
11557,48,Entire rental unit,2,4,,
11558,5,Private room in rental unit,,1,,
11559,2,Entire rental unit,2,3,,
11560,10,Private room in rental unit,,2,,
11561,1,Entire rental unit,3,7,,
11562,19,Entire rental unit,2,3,,
11563,7,Private room in rental unit,,1,,
11564,31,Entire rental unit,3,6,,
11565,7,Entire rental unit,5,9,,
11566,31,Entire rental unit,2,5,,
11567,1,Entire rental unit,2,4,,
11568,11,Entire rental unit,3,7,,
11569,1,Entire rental unit,1,2,,
11570,5,Private room in rental unit,,1,,
11571,7,Entire rental unit,1,4,,
11572,7,Entire rental unit,3,6,,
11573,26,Entire rental unit,2,4,,
11574,23,Private room in rental unit,1,1,,
11575,31,Entire rental unit,3,5,,
11576,11,Private room in rental unit,1,2,,
11577,2,Entire rental unit,1,2,,
11578,9,Entire rental unit,2,4,,
11579,67,Entire rental unit,2,4,,
11580,19,Room in boutique hotel,1,4,,
11581,11,Private room in rental unit,,1,,
11582,7,Entire rental unit,5,13,,
11583,16,Entire rental unit,2,3,,
11584,11,Entire rental unit,1,2,,
11585,4,Entire rental unit,3,4,,
11586,26,Entire rental unit,1,2,,
11587,6,Entire rental unit,2,4,,
11588,6,Entire rental unit,2,4,,
11589,27,Entire rental unit,2,3,,
11590,33,Entire rental unit,3,4,,
11591,31,Private room in rental unit,1,2,,
11592,14,Entire rental unit,2,4,,
11593,3,Entire rental unit,1,2,,
11594,11,Shared room in hotel,1,1,,
11595,17,Entire rental unit,3,4,,
11596,18,Entire rental unit,1,2,,
11597,3,Entire rental unit,1,2,,
11598,23,Entire rental unit,3,4,,
11599,4,Entire rental unit,3,6,,
11600,35,Entire rental unit,2,3,,
11601,8,Entire rental unit,10,16,,
11602,68,Private room in rental unit,,1,,
11603,8,Entire rental unit,6,12,,
11604,25,Private room in rental unit,,2,,
11605,23,Private room in rental unit,2,2,,
11606,8,Entire rental unit,1,2,,
11607,3,Entire rental unit,2,4,,
11608,1,Entire rental unit,1,2,,
11609,7,Entire rental unit,3,5,,
11610,4,Entire rental unit,2,4,,
11611,4,Entire rental unit,2,4,,
11612,4,Entire rental unit,2,4,,
11613,4,Entire rental unit,2,4,,
11614,4,Entire rental unit,2,4,,
11615,7,Entire rental unit,1,2,,
11616,4,Entire rental unit,1,2,,
11617,4,Entire rental unit,2,4,,
11618,4,Entire rental unit,2,5,,
11619,4,Entire rental unit,2,4,,
11620,4,Entire rental unit,1,2,,
11621,4,Entire rental unit,1,2,,
11622,68,Private room in rental unit,,1,,
11623,31,Entire rental unit,1,2,,
11624,23,Private room in rental unit,1,1,,
11625,2,Entire rental unit,2,4,,
11626,66,Entire rental unit,2,2,,
11627,68,Entire rental unit,4,6,,
11628,21,Entire rental unit,2,3,,
11629,31,Entire rental unit,3,8,,
11630,8,Entire rental unit,4,8,,
11631,1,Entire rental unit,1,3,,
11632,68,Entire rental unit,3,4,,
11633,7,Entire rental unit,2,4,,
11634,5,Entire rental unit,2,4,,
11635,1,Entire rental unit,1,2,,
11636,7,Entire rental unit,2,4,,
11637,11,Entire rental unit,1,2,,
11638,10,Entire rental unit,4,5,,
11639,1,Entire rental unit,1,3,,
11640,18,Entire rental unit,2,3,,
11641,11,Entire rental unit,3,6,,
11642,26,Entire rental unit,2,3,,
11643,11,Entire rental unit,1,4,,
11644,32,Private room in condo,,1,,
11645,2,Private room in condo,,2,,
11646,2,Private room in rental unit,1,1,,
11647,26,Entire rental unit,3,4,,
11648,7,Entire rental unit,3,6,,
11649,3,Entire rental unit,1,2,,
11650,27,Entire rental unit,2,4,,
11651,2,Entire rental unit,3,6,,
11652,2,Entire rental unit,2,4,,
11653,7,Entire rental unit,3,5,,
11654,24,Entire rental unit,3,6,,
11655,1,Room in hotel,1,3,,
11656,30,Entire rental unit,2,3,,
11657,9,Entire rental unit,2,4,,
11658,31,Entire rental unit,2,4,,
11659,7,Entire rental unit,3,7,,
11660,64,Entire rental unit,6,12,,
11661,68,Private room in rental unit,,1,,
11662,68,Private room in rental unit,,1,,
11663,11,Entire rental unit,5,5,,
11664,68,Private room in rental unit,,1,,
11665,36,Entire home,2,3,,
11666,7,Entire rental unit,5,14,,
11667,1,Entire rental unit,3,5,,
11668,69,Entire rental unit,2,3,,
11669,31,Entire rental unit,3,6,,
11670,3,Private room in rental unit,1,2,,
11671,10,Entire rental unit,20,16,,
11672,31,Private room in rental unit,,2,,
11673,6,Entire rental unit,2,4,,
11674,7,Private room in rental unit,,1,,
11675,7,Entire rental unit,2,3,,
11676,60,Entire rental unit,,2,,
11677,2,Room in hotel,1,2,,
11678,4,Room in hotel,1,2,,
11679,67,Entire rental unit,1,2,,
11680,31,Entire rental unit,3,6,,
11681,7,Entire rental unit,4,9,,
11682,72,Entire rental unit,3,5,,
11683,1,Private room in rental unit,,1,,
11684,5,Entire rental unit,3,6,,
11685,37,Entire rental unit,3,5,,
11686,6,Entire rental unit,2,3,,
11687,7,Entire rental unit,3,5,,
11688,31,Entire rental unit,1,2,,
11689,7,Entire rental unit,3,6,,
11690,7,Entire loft,1,2,,
11691,5,Private room in rental unit,4,1,,
11692,10,Entire rental unit,2,3,,
11693,9,Entire rental unit,2,5,,
11694,9,Entire rental unit,2,5,,
11695,9,Entire rental unit,2,5,,
11696,25,Entire rental unit,3,7,,
11697,9,Entire rental unit,2,5,,
11698,9,Entire rental unit,12,16,,
11699,9,Entire rental unit,4,10,,
11700,9,Entire rental unit,4,10,,
11701,9,Entire rental unit,4,10,,
11702,9,Entire rental unit,4,10,,
11703,9,Entire rental unit,6,15,,
11704,9,Entire rental unit,6,15,,
11705,9,Entire rental unit,6,15,,
11706,5,Private room in serviced apartment,1,1,,
11707,33,Entire rental unit,1,2,,
11708,4,Private room in rental unit,5,1,,
11709,5,Private room in rental unit,4,1,,
11710,3,Entire rental unit,1,2,,
11711,7,Entire rental unit,4,7,,
11712,7,Entire rental unit,2,3,,
11713,5,Entire rental unit,3,5,,
11714,4,Entire rental unit,3,6,,
11715,25,Entire rental unit,3,8,,
11716,73,Entire rental unit,2,4,,
11717,13,Private room in rental unit,1,2,,
11718,18,Entire rental unit,1,2,,
11719,27,Private room in rental unit,,1,,
11720,2,Private room in rental unit,,2,,
11721,2,Private room in rental unit,,2,,
11722,2,Private room in rental unit,,2,,
11723,2,Private room in rental unit,,1,,
11724,2,Private room in rental unit,,2,,
11725,9,Entire rental unit,2,6,,
11726,2,Private room in rental unit,,1,,
11727,10,Entire rental unit,1,3,,
11728,9,Entire rental unit,8,16,,
11729,9,Entire rental unit,8,16,,
11730,62,Private room in rental unit,,2,,
11731,7,Private room in rental unit,,1,,
11732,7,Private room in rental unit,,1,,
11733,5,Entire rental unit,3,6,,
11734,25,Private room in rental unit,,1,,
11735,31,Entire rental unit,2,4,,
11736,26,Private room in rental unit,,1,,
11737,26,Entire rental unit,3,6,,
11738,26,Private room in rental unit,,2,,
11739,8,Private room in rental unit,1,1,,
11740,26,Entire rental unit,1,2,,
11741,8,Entire rental unit,2,4,,
11742,4,Entire rental unit,1,2,,
11743,7,Entire rental unit,1,2,,
11744,1,Entire loft,1,2,,
11745,1,Private room in rental unit,6,1,,
11746,4,Private room in bed and breakfast,11,2,,
11747,8,Private room in rental unit,1,1,,
11748,33,Private room in rental unit,,1,,
11749,7,Private room in rental unit,,2,,
11750,7,Private room in rental unit,,1,,
11751,7,Private room in rental unit,,1,,
11752,4,Private room in rental unit,,2,,
11753,26,Private room in rental unit,,1,,
11754,19,Room in hotel,1,2,,
11755,26,Entire rental unit,1,3,,
11756,10,Entire rental unit,2,3,,
11757,32,Entire rental unit,2,3,,
11758,32,Entire rental unit,2,3,,
11759,7,Private room in rental unit,,1,,
11760,7,Private room in rental unit,,1,,
11761,11,Entire condo,1,2,,
11762,3,Entire rental unit,1,3,,
11763,6,Private room in rental unit,,1,,
11764,6,Private room in rental unit,,1,,
11765,7,Private room in rental unit,,1,,
11766,7,Entire rental unit,2,4,,
11767,7,Private room in rental unit,,1,,
11768,7,Private room in rental unit,,1,,
11769,4,Entire rental unit,13,16,,
11770,7,Private room in rental unit,,1,,
11771,7,Shared room in rental unit,1,1,,
11772,2,Entire rental unit,15,16,,
11773,7,Shared room in rental unit,1,1,,
11774,2,Entire rental unit,18,16,,
11775,60,Entire rental unit,2,3,,
11776,7,Private room in rental unit,,1,,
11777,36,Private room in rental unit,,1,,
11778,69,Entire rental unit,3,5,,
11779,20,Entire rental unit,4,7,,
11780,7,Entire rental unit,2,3,,
11781,7,Entire rental unit,2,4,,
11782,7,Entire rental unit,2,4,,
11783,32,Entire rental unit,3,4,,
11784,7,Entire rental unit,6,8,,
11785,18,Entire rental unit,3,7,,
11786,1,Private room in rental unit,,2,,
11787,18,Entire rental unit,3,7,,
11788,18,Entire rental unit,3,7,,
11789,10,Entire rental unit,3,6,,
11790,27,Entire rental unit,2,4,,
11791,9,Entire rental unit,2,6,,
11792,7,Entire rental unit,2,4,,
11793,7,Entire rental unit,2,4,,
11794,7,Entire rental unit,5,10,,
11795,7,Entire rental unit,6,12,,
11796,7,Entire rental unit,6,12,,
11797,68,Entire rental unit,3,6,,
11798,2,Entire rental unit,5,5,,
11799,6,Private room in rental unit,,1,,
11800,6,Private room in rental unit,,1,,
11801,6,Private room in rental unit,,1,,
11802,6,Private room in rental unit,,1,,
11803,28,Private room in rental unit,,1,,
11804,28,Private room in rental unit,,1,,
11805,28,Private room in rental unit,,1,,
11806,31,Entire rental unit,2,4,,
11807,1,Entire rental unit,3,5,,
11808,27,Private room in rental unit,,2,,
11809,7,Entire rental unit,4,8,,
11810,7,Entire rental unit,4,8,,
11811,7,Entire rental unit,6,12,,
11812,7,Entire rental unit,8,16,,
11813,7,Entire rental unit,10,16,,
11814,70,Entire rental unit,2,5,,
11815,31,Entire rental unit,2,4,,
11816,6,Private room in rental unit,,2,,
11817,6,Private room in rental unit,,2,,
11818,6,Private room in rental unit,,1,,
11819,19,Entire rental unit,2,3,,
11820,6,Private room in rental unit,,2,,
11821,26,Private room in rental unit,,1,,
11822,26,Private room in rental unit,,1,,
11823,6,Private room in rental unit,,1,,
11824,26,Private room in rental unit,,1,,
11825,26,Private room in rental unit,,2,,
11826,1,Private room in rental unit,,1,,
11827,6,Entire rental unit,3,4,,
11828,1,Private room in rental unit,,1,,
11829,1,Private room in rental unit,,1,,
11830,18,Private room in home,,2,,
11831,6,Entire rental unit,2,2,,
11832,7,Shared room in hotel,1,6,,
11833,31,Entire rental unit,1,4,,
11834,11,Entire rental unit,2,4,,
11835,5,Entire rental unit,3,4,,
11836,6,Entire rental unit,3,6,,
11837,7,Entire rental unit,4,8,,
11838,26,Entire rental unit,3,6,,
11839,1,Private room in rental unit,,1,,
11840,1,Private room in rental unit,,1,,
11841,6,Private room in rental unit,,1,,
11842,7,Private room in rental unit,,1,,
11843,71,Entire rental unit,3,6,,
11844,7,Private room in rental unit,,1,,
11845,11,Shared room in hotel,1,1,,
11846,7,Entire rental unit,9,16,,
11847,11,Shared room in hotel,1,1,,
11848,11,Shared room in hotel,1,1,,
11849,7,Private room in rental unit,,1,,
11850,7,Entire rental unit,3,6,,
11851,7,Private room in rental unit,,2,,
11852,19,Entire rental unit,2,4,,
11853,6,Private room in rental unit,,1,,
11854,7,Private room in rental unit,,1,,
11855,6,Private room in rental unit,,1,,
11856,6,Private room in rental unit,,1,,
11857,26,Private room in rental unit,,2,,
11858,7,Entire rental unit,3,6,,
11859,26,Private room in rental unit,,1,,
11860,27,Private room in rental unit,,1,,
11861,2,Room in hotel,,2,,
11862,2,Room in hotel,,2,,
11863,27,Private room in rental unit,,1,,
11864,27,Private room in rental unit,,1,,
11865,27,Private room in rental unit,,1,,
11866,27,Private room in rental unit,,1,,
11867,27,Private room in rental unit,,1,,
11868,27,Private room in rental unit,,1,,
11869,4,Room in hotel,,2,,
11870,4,Room in hotel,,2,,
11871,4,Room in hotel,,2,,
11872,4,Room in hotel,,2,,
11873,4,Room in hotel,,2,,
11874,9,Entire rental unit,1,3,,
11875,26,Private room in rental unit,,1,,
11876,26,Private room in rental unit,,2,,
11877,26,Private room in rental unit,,1,,
11878,26,Private room in rental unit,,1,,
11879,4,Room in hotel,,2,,
11880,9,Entire rental unit,2,4,,
11881,4,Room in hotel,,2,,
11882,4,Room in hotel,,3,,
11883,66,Private room in rental unit,1,1,,
11884,7,Entire rental unit,6,12,,
11885,35,Private room in rental unit,,1,,
11886,35,Private room in rental unit,,1,,
11887,16,Entire rental unit,2,2,,
11888,35,Private room in rental unit,,1,,
11889,35,Private room in rental unit,,1,,
11890,35,Private room in rental unit,,1,,
11891,9,Entire rental unit,3,6,,
11892,7,Entire rental unit,6,12,,
11893,2,Entire rental unit,1,2,,
11894,64,Private room in rental unit,,1,,
11895,23,Entire rental unit,3,6,,
11896,4,Room in hotel,1,2,,
11897,4,Room in hotel,1,2,,
11898,4,Room in hotel,1,2,,
11899,5,Entire rental unit,1,3,,
11900,11,Entire rental unit,3,7,,
11901,2,Private room in rental unit,,2,,
11902,2,Private room in rental unit,,2,,
11903,2,Private room in rental unit,,1,,
11904,2,Private room in rental unit,,2,,
11905,2,Private room in rental unit,,2,,
11906,2,Private room in rental unit,,1,,
11907,7,Entire serviced apartment,5,10,,
11908,36,Private room in home,,1,,
11909,36,Private room in home,,2,,
11910,36,Private room in home,,2,,
11911,36,Private room in home,,2,,
11912,36,Private room in home,,1,,
11913,7,Shared room in hostel,1,1,,
11914,36,Private room in home,,1,,
11915,36,Private room in home,,2,,
11916,36,Private room in home,,1,,
11917,7,Shared room in hostel,1,1,,
11918,18,Entire rental unit,2,4,,
11919,6,Entire rental unit,2,4,,
11920,64,Entire rental unit,2,5,,
11921,32,Entire rental unit,,2,,
11922,9,Private room in rental unit,,1,,
11923,65,Private room in rental unit,1,2,,
11924,30,Entire rental unit,2,4,,
11925,36,Private room in home,,2,,
11926,36,Private room in home,,2,,
11927,7,Shared room in hostel,1,1,,
11928,36,Private room in home,,1,,
11929,36,Private room in home,,1,,
11930,7,Shared room in hostel,1,1,,
11931,36,Private room in home,,1,,
11932,7,Shared room in hostel,1,1,,
11933,10,Entire rental unit,1,2,,
11934,67,Entire rental unit,3,4,,
11935,67,Entire rental unit,3,4,,
11936,67,Entire rental unit,2,3,,
11937,67,Entire rental unit,1,2,,
11938,67,Entire rental unit,3,4,,
11939,67,Entire rental unit,2,3,,
11940,67,Entire rental unit,1,2,,
11941,67,Entire rental unit,3,4,,
11942,67,Entire rental unit,2,3,,
11943,67,Entire rental unit,1,2,,
11944,67,Entire rental unit,3,4,,
11945,67,Entire rental unit,2,3,,
11946,67,Entire rental unit,1,2,,
11947,6,Private room in rental unit,,1,,
11948,6,Private room in rental unit,,1,,
11949,6,Private room in rental unit,,1,,
11950,6,Private room in rental unit,,1,,
11951,8,Entire rental unit,3,6,,
11952,67,Entire rental unit,2,3,,
11953,31,Entire rental unit,3,5,,
11954,68,Entire rental unit,2,5,,
11955,2,Entire rental unit,1,2,,
11956,8,Entire rental unit,2,3,,
11957,67,Entire rental unit,1,2,,
11958,7,Private room in rental unit,,2,,
11959,11,Entire rental unit,4,4,,
11960,22,Entire villa,,16,,
11961,67,Entire rental unit,2,3,,
11962,23,Entire condo,1,2,,
11963,7,Private room in rental unit,,1,,
11964,67,Entire rental unit,3,4,,
11965,2,Private room in rental unit,1,1,,
11966,9,Entire rental unit,2,4,,
11967,21,Entire rental unit,2,4,,
11968,67,Entire rental unit,2,3,,
11969,8,Entire rental unit,2,3,,
11970,17,Private room in bed and breakfast,1,1,,
11971,11,Entire rental unit,2,4,,
11972,9,Entire rental unit,3,5,,
11973,30,Entire rental unit,1,2,,
11974,30,Entire rental unit,3,6,,
11975,8,Entire rental unit,2,4,,
11976,70,Entire rental unit,3,5,,
11977,9,Private room in rental unit,1,2,,
11978,67,Entire rental unit,1,2,,
11979,2,Private room in rental unit,,1,,
11980,7,Entire rental unit,2,4,,
11981,11,Entire rental unit,2,4,,
11982,2,Private room in rental unit,,1,,
11983,7,Private room in rental unit,,1,,
11984,7,Private room in rental unit,,1,,
11985,7,Entire rental unit,4,6,,
11986,67,Entire rental unit,3,4,,
11987,9,Entire rental unit,9,15,,
11988,7,Entire rental unit,5,11,,
11989,3,Entire rental unit,1,2,,
11990,19,Entire rental unit,1,2,,
11991,9,Entire condo,2,4,,
11992,27,Entire rental unit,3,4,,
11993,68,Entire rental unit,2,4,,
11994,26,Room in hotel,1,1,,
11995,7,Entire rental unit,1,4,,
11996,30,Entire rental unit,2,3,,
11997,31,Entire rental unit,2,4,,
11998,26,Room in hotel,1,1,,
11999,26,Room in hotel,1,1,,
12000,67,Entire rental unit,3,4,,
12001,26,Room in hotel,1,2,,
12002,18,Entire rental unit,3,5,,
12003,26,Room in hotel,1,2,,
12004,4,Room in hotel,,2,,
12005,2,Private room in hostel,1,4,,
12006,18,Entire rental unit,3,5,,
12007,18,Entire rental unit,2,4,,
12008,7,Entire rental unit,4,8,,
12009,19,Entire rental unit,1,3,,
12010,67,Shared room in hostel,1,1,,
12011,31,Entire rental unit,1,2,,
12012,67,Shared room in hostel,1,1,,
12013,8,Entire rental unit,3,5,,
12014,67,Shared room in hostel,1,4,,
12015,67,Shared room in hostel,1,8,,
12016,67,Shared room in hotel,1,2,,
12017,67,Shared room in hostel,1,6,,
12018,2,Entire rental unit,1,2,,
12019,2,Entire rental unit,3,6,,
12020,2,Entire rental unit,1,2,,
12021,2,Entire rental unit,3,6,,
12022,2,Entire rental unit,3,6,,
12023,2,Entire rental unit,1,2,,
12024,2,Entire rental unit,1,2,,
12025,18,Entire rental unit,2,4,,
12026,1,Entire rental unit,1,2,,
12027,5,Entire rental unit,3,5,,
12028,37,Entire rental unit,,2,,
12029,18,Entire rental unit,3,6,,
12030,9,Entire rental unit,3,6,,
12031,2,Room in hotel,1,2,,
12032,18,Entire rental unit,4,8,,
12033,4,Entire rental unit,1,2,,
12034,11,Entire rental unit,5,10,,
12035,11,Entire rental unit,2,4,,
12036,7,Entire rental unit,4,8,,
12037,10,Room in hotel,1,1,,
12038,10,Room in hotel,1,1,,
12039,10,Room in hotel,1,1,,
12040,10,Room in hotel,1,1,,
12041,10,Room in hotel,1,2,,
12042,10,Room in hotel,1,2,,
12043,10,Room in hotel,1,2,,
12044,10,Room in hotel,1,2,,
12045,26,Entire rental unit,2,4,,
12046,66,Private room in rental unit,,1,,
12047,2,Private room in rental unit,8,1,,
12048,70,Entire rental unit,3,6,,
12049,7,Entire rental unit,2,3,,
12050,18,Entire rental unit,3,6,,
12051,11,Entire rental unit,2,3,,
12052,11,Entire rental unit,2,3,,
12053,68,Entire rental unit,2,4,,
12054,8,Entire rental unit,2,4,,
12055,10,Room in hotel,1,2,,
12056,10,Room in hotel,1,2,,
12057,10,Room in hotel,1,2,,
12058,10,Room in hotel,1,2,,
12059,10,Room in hotel,1,3,,
12060,10,Room in hotel,1,3,,
12061,4,Entire rental unit,2,3,,
12062,2,Entire rental unit,2,4,,
12063,4,Entire rental unit,2,3,,
12064,18,Entire rental unit,4,6,,
12065,7,Entire rental unit,2,6,,
12066,2,Entire rental unit,1,3,,
12067,2,Private room in hostel,1,3,,
12068,17,Entire rental unit,3,6,,
12069,11,Private room in rental unit,,1,,
12070,9,Entire rental unit,2,3,,
12071,31,Entire rental unit,1,4,,
12072,6,Entire rental unit,3,5,,
12073,32,Entire rental unit,2,4,,
12074,11,Entire rental unit,2,4,,
12075,62,Entire rental unit,2,4,,
12076,7,Entire rental unit,2,4,,
12077,4,Entire rental unit,3,6,,
12078,4,Entire rental unit,2,4,,
12079,4,Entire rental unit,3,6,,
12080,4,Entire rental unit,3,6,,
12081,4,Entire rental unit,3,6,,
12082,4,Entire rental unit,2,4,,
12083,4,Entire rental unit,3,6,,
12084,4,Entire rental unit,2,4,,
12085,4,Entire rental unit,2,4,,
12086,8,Entire rental unit,3,5,,
12087,9,Entire rental unit,2,3,,
12088,3,Entire rental unit,2,3,,
12089,4,Entire rental unit,2,4,,
12090,9,Entire rental unit,2,4,,
12091,7,Shared room in hostel,1,6,,
12092,4,Entire rental unit,2,4,,
12093,10,Entire rental unit,2,6,,
12094,8,Private room in rental unit,1,1,,
12095,8,Entire rental unit,3,6,,
12096,31,Entire rental unit,1,2,,
12097,30,Entire rental unit,2,3,,
12098,30,Entire rental unit,1,4,,
12099,30,Entire rental unit,2,3,,
12100,30,Entire rental unit,2,3,,
12101,10,Entire rental unit,2,3,,
12102,7,Entire rental unit,2,5,,
12103,1,Private room in hostel,1,2,,
12104,8,Entire rental unit,3,5,,
12105,2,Private room in hostel,1,1,,
12106,8,Entire rental unit,2,4,,
12107,8,Entire rental unit,2,4,,
12108,1,Private room in hostel,1,2,,
12109,1,Private room in hostel,1,3,,
12110,15,Entire rental unit,2,3,,
12111,11,Room in hotel,1,2,,
12112,1,Entire rental unit,1,1,,
12113,7,Entire rental unit,15,16,,
12114,67,Entire rental unit,1,2,,
12115,8,Entire rental unit,2,3,,
12116,18,Entire rental unit,3,6,,
12117,31,Entire rental unit,3,6,,
12118,15,Entire rental unit,2,3,,
12119,68,Entire rental unit,1,3,,
12120,4,Entire rental unit,2,4,,
12121,10,Private room in bed and breakfast,,2,,
12122,68,Entire serviced apartment,2,3,,
12123,7,Private room in rental unit,,2,,
12124,11,Entire rental unit,2,4,,
12125,3,Entire rental unit,2,2,,
12126,1,Private room in rental unit,,2,,
12127,18,Entire rental unit,2,4,,
12128,16,Private room in rental unit,,2,,
12129,45,Entire rental unit,3,4,,
12130,70,Entire rental unit,1,3,,
12131,26,Private room in rental unit,1,2,,
12132,31,Private room in rental unit,1,2,,
12133,31,Private room in rental unit,1,2,,
12134,28,Entire rental unit,2,3,,
12135,8,Private room in rental unit,,1,,
12136,2,Private room in rental unit,,1,,
12137,68,Entire rental unit,1,3,,
12138,34,Entire home,2,6,,
12139,7,Entire rental unit,2,4,,
12140,7,Entire rental unit,12,16,,
12141,8,Entire rental unit,3,4,,
12142,4,Private room in rental unit,1,1,,
12143,8,Entire rental unit,3,5,,
12144,4,Entire rental unit,2,4,,
12145,2,Entire rental unit,1,2,,
12146,4,Entire rental unit,2,4,,
12147,2,Entire rental unit,3,5,,
12148,7,Entire rental unit,2,6,,
12149,9,Entire rental unit,,3,,
12150,64,Entire rental unit,2,3,,
12151,1,Private room in rental unit,,2,,
12152,3,Entire rental unit,1,2,,
12153,3,Entire rental unit,,2,,
12154,71,Entire rental unit,2,3,,
12155,1,Private room in rental unit,,2,,
12156,7,Entire rental unit,14,16,,
12157,7,Entire rental unit,1,2,,
12158,1,Entire rental unit,3,5,,
12159,6,Entire rental unit,9,16,,
12160,26,Entire rental unit,2,4,,
12161,11,Private room in rental unit,,1,,
12162,3,Entire rental unit,1,1,,
12163,7,Entire rental unit,3,6,,
12164,1,Private room in hostel,1,2,,
12165,2,Entire rental unit,1,3,,
12166,65,Private room in rental unit,2,5,,
12167,7,Entire rental unit,2,4,,
12168,1,Entire rental unit,3,4,,
12169,36,Entire rental unit,3,5,,
12170,7,Entire rental unit,5,13,,
12171,4,Entire rental unit,1,2,,
12172,4,Entire rental unit,1,2,,
12173,31,Private room in rental unit,2,4,,
12174,37,Entire rental unit,3,5,,
12175,6,Entire rental unit,3,5,,
12176,69,Entire rental unit,4,8,,
12177,66,Entire rental unit,2,4,,
12178,31,Entire rental unit,2,5,,
12179,8,Private room in rental unit,,1,,
12180,7,Entire rental unit,3,7,,
12181,68,Entire rental unit,3,5,,
12182,7,Entire serviced apartment,5,10,,
12183,1,Entire rental unit,3,5,,
12184,9,Private room in rental unit,,1,,
12185,9,Private room in rental unit,,1,,
12186,60,Private room in rental unit,,2,,
12187,60,Private room in rental unit,,2,,
12188,60,Private room in rental unit,,2,,
12189,9,Private room in rental unit,,1,,
12190,9,Private room in rental unit,,1,,
12191,10,Entire rental unit,2,6,,
12192,60,Private room in rental unit,,2,,
12193,19,Entire rental unit,2,4,,
12194,9,Private room in rental unit,,1,,
12195,31,Entire rental unit,3,6,,
12196,9,Entire rental unit,20,16,,
12197,26,Entire rental unit,2,4,,
12198,5,Private room in home,1,1,,
12199,9,Entire rental unit,3,6,,
12200,1,Private room in bed and breakfast,,2,,
12201,5,Entire rental unit,3,6,,
12202,67,Entire rental unit,2,3,,
12203,7,Entire rental unit,1,2,,
12204,3,Entire rental unit,1,2,,
12205,5,Entire rental unit,3,4,,
12206,5,Entire rental unit,2,4,,
12207,20,Private room in rental unit,1,1,,
12208,19,Shared room in hotel,1,1,,
12209,7,Entire rental unit,1,2,,
12210,2,Entire rental unit,3,4,,
12211,9,Private room in rental unit,,2,,
12212,6,Entire rental unit,2,4,,
12213,4,Entire rental unit,1,2,,
12214,1,Entire rental unit,,4,,
12215,11,Private room in rental unit,,3,,
12216,3,Entire rental unit,3,4,,
12217,19,Room in hotel,1,2,,
12218,2,Entire rental unit,2,3,,
12219,19,Room in hotel,1,4,,
12220,2,Entire rental unit,1,3,,
12221,11,Entire rental unit,3,7,,
12222,1,Private room in hostel,1,2,,
12223,6,Entire rental unit,1,2,,
12224,1,Private room in rental unit,3,1,,
12225,10,Entire rental unit,5,9,,
12226,10,Entire rental unit,5,9,,
12227,10,Entire rental unit,2,4,,
12228,10,Entire rental unit,5,9,,
12229,10,Entire rental unit,5,9,,
12230,10,Entire rental unit,5,9,,
12231,8,Entire rental unit,3,6,,
12232,1,Room in hotel,,4,,
12233,5,Entire rental unit,4,6,,
12234,8,Entire rental unit,3,7,,
12235,2,Entire rental unit,2,4,,
12236,67,Boat,2,5,,
12237,24,Private room in rental unit,,1,,
12238,7,Entire rental unit,2,4,,
12239,10,Entire rental unit,3,4,,
12240,66,Entire rental unit,2,4,,
12241,4,Entire rental unit,2,3,,
12242,24,Private room in rental unit,,1,,
12243,23,Private room in rental unit,1,1,,
12244,10,Entire rental unit,10,16,,
12245,10,Entire rental unit,2,3,,
12246,7,Entire rental unit,2,3,,
12247,63,Entire rental unit,3,4,,
12248,10,Entire rental unit,5,9,,
12249,46,Entire rental unit,1,2,,
12250,7,Private room in rental unit,,2,,
12251,37,Entire rental unit,1,4,,
12252,7,Private room in rental unit,,2,,
12253,7,Private room in rental unit,,2,,
12254,10,Entire rental unit,3,6,,
12255,10,Entire rental unit,5,9,,
12256,2,Entire rental unit,3,5,,
12257,10,Entire rental unit,5,9,,
12258,11,Entire rental unit,3,4,,
12259,10,Entire rental unit,5,9,,
12260,10,Entire rental unit,10,16,,
12261,8,Entire rental unit,2,6,,
12262,10,Entire rental unit,10,16,,
12263,7,Entire rental unit,4,12,,
12264,7,Entire rental unit,10,16,,
12265,10,Entire rental unit,5,9,,
12266,19,Entire rental unit,3,5,,
12267,10,Entire rental unit,12,16,,
12268,5,Entire rental unit,4,6,,
12269,7,Entire rental unit,1,2,,
12270,6,Private room in rental unit,1,1,,
12271,6,Private room in rental unit,1,1,,
12272,6,Private room in rental unit,,1,,
12273,31,Entire rental unit,2,3,,
12274,8,Entire rental unit,1,3,,
12275,10,Entire rental unit,20,16,,
12276,7,Entire rental unit,3,5,,
12277,9,Entire rental unit,26,16,,
12278,68,Entire rental unit,3,5,,
12279,10,Entire rental unit,3,5,,
12280,68,Entire rental unit,3,5,,
12281,9,Room in hotel,1,2,,
12282,26,Private room in rental unit,,1,,
12283,1,Private room in hostel,1,1,,
12284,3,Private room in rental unit,,1,,
12285,7,Room in hotel,1,2,,
12286,71,Entire rental unit,2,4,,
12287,7,Entire rental unit,2,4,,
12288,66,Entire rental unit,2,4,,
12289,26,Entire rental unit,4,8,,
12290,9,Entire rental unit,29,16,,
12291,7,Entire rental unit,1,4,,
12292,64,Private room in rental unit,1,2,,
12293,10,Entire rental unit,3,4,,
12294,17,Entire home,3,6,,
12295,4,Entire rental unit,1,2,,
12296,7,Entire rental unit,2,4,,
12297,19,Entire rental unit,2,4,,
12298,3,Entire rental unit,1,2,,
12299,9,Entire rental unit,4,6,,
12300,4,Entire rental unit,1,2,,
12301,8,Entire rental unit,1,4,,
12302,23,Entire rental unit,2,4,,
12303,26,Entire rental unit,1,2,,
12304,19,Entire rental unit,2,4,,
12305,27,Private room in rental unit,,1,,
12306,27,Private room in rental unit,,1,,
12307,27,Private room in rental unit,,1,,
12308,1,Entire condo,2,4,,
12309,27,Private room in rental unit,,1,,
12310,27,Private room in rental unit,,1,,
12311,27,Private room in rental unit,,1,,
12312,61,Private room in rental unit,1,2,,
12313,63,Private room in rental unit,1,3,,
12314,70,Private room in home,,2,,
12315,10,Entire rental unit,2,3,,
12316,7,Entire rental unit,6,15,,
12317,10,Entire home,4,7,,
12318,7,Entire rental unit,3,6,,
12319,9,Entire rental unit,11,16,,
12320,6,Entire rental unit,3,6,,
12321,10,Entire rental unit,4,7,,
12322,7,Entire rental unit,12,16,,
12323,60,Private room in rental unit,,2,,
12324,11,Entire rental unit,3,3,,
12325,60,Private room in rental unit,,2,,
12326,60,Private room in rental unit,,2,,
12327,1,Private room in hostel,1,2,,
12328,7,Entire rental unit,11,16,,
12329,31,Entire rental unit,,2,,
12330,15,Entire rental unit,8,16,,
12331,7,Shared room in hotel,,16,,
12332,7,Shared room in hotel,,6,,
12333,60,Private room in rental unit,,2,,
12334,10,Entire condo,2,3,,
12335,2,Entire rental unit,2,4,,
12336,7,Entire rental unit,3,6,,
12337,10,Entire rental unit,3,4,,
12338,7,Entire rental unit,4,6,,
12339,6,Private room in rental unit,,2,,
12340,4,Entire rental unit,1,4,,
12341,31,Entire rental unit,2,5,,
12342,2,Entire rental unit,2,2,,
12343,3,Entire rental unit,1,2,,
12344,9,Private room in home,,2,,
12345,15,Entire rental unit,1,2,,
12346,10,Entire rental unit,15,16,,
12347,16,Entire rental unit,2,3,,
12348,31,Entire rental unit,1,2,,
12349,10,Entire rental unit,2,4,,
12350,70,Entire rental unit,1,2,,
12351,4,Entire rental unit,1,2,,
12352,3,Private room in bed and breakfast,,2,,
12353,1,Entire rental unit,2,4,,
12354,7,Entire rental unit,4,16,,
12355,23,Private room in rental unit,2,1,,
12356,23,Private room in rental unit,3,1,,
12357,23,Private room in rental unit,3,1,,
12358,31,Entire rental unit,2,3,,
12359,30,Entire rental unit,2,3,,
12360,31,Entire rental unit,1,2,,
12361,28,Entire rental unit,2,4,,
12362,28,Entire rental unit,1,2,,
12363,68,Private room in townhouse,,1,,
12364,26,Entire rental unit,2,4,,
12365,17,Private room in rental unit,,2,,
12366,32,Entire rental unit,2,4,,
12367,17,Private room in rental unit,,2,,
12368,10,Entire rental unit,3,4,,
12369,8,Private room in rental unit,,2,,
12370,29,Entire rental unit,1,2,,
12371,29,Entire rental unit,1,2,,
12372,26,Entire rental unit,3,6,,
12373,67,Entire rental unit,2,4,,
12374,4,Entire rental unit,1,2,,
12375,26,Entire rental unit,3,4,,
12376,7,Entire rental unit,6,12,,
12377,31,Entire condo,2,3,,
12378,31,Private room in rental unit,,1,,
12379,1,Entire rental unit,1,3,,
12380,31,Private room in rental unit,,1,,
12381,3,Entire rental unit,1,2,,
12382,3,Entire rental unit,1,2,,
12383,7,Entire rental unit,2,3,,
12384,9,Entire rental unit,2,2,,
12385,3,Entire rental unit,3,5,,
12386,73,Private room in rental unit,,1,,
12387,2,Entire rental unit,2,4,,
12388,3,Private room in rental unit,,1,,
12389,7,Entire rental unit,2,4,,
12390,33,Entire rental unit,1,3,,
12391,34,Entire rental unit,1,2,,
12392,2,Entire rental unit,3,7,,
12393,2,Private room in rental unit,9,1,,
12394,7,Entire rental unit,3,6,,
12395,2,Room in hotel,1,2,,
12396,30,Entire rental unit,4,7,,
12397,7,Entire rental unit,1,4,,
12398,7,Entire rental unit,3,5,,
12399,7,Shared room in hotel,,14,,
12400,32,Entire rental unit,1,2,,
12401,7,Entire rental unit,2,4,,
12402,32,Entire rental unit,2,4,,
12403,6,Entire rental unit,2,5,,
12404,32,Entire rental unit,2,3,,
12405,44,Entire rental unit,2,3,,
12406,1,Entire rental unit,3,4,,
12407,44,Entire rental unit,2,3,,
12408,44,Entire rental unit,2,3,,
12409,44,Entire rental unit,2,3,,
12410,44,Entire rental unit,2,4,,
12411,44,Entire rental unit,2,3,,
12412,44,Entire rental unit,2,4,,
12413,44,Entire rental unit,2,4,,
12414,44,Entire rental unit,2,4,,
12415,44,Entire rental unit,2,4,,
12416,4,Private room in rental unit,,2,,
12417,1,Entire rental unit,1,2,,
12418,8,Entire rental unit,4,8,,
12419,5,Entire rental unit,3,5,,
12420,5,Entire rental unit,3,6,,
12421,5,Entire rental unit,3,6,,
12422,5,Entire rental unit,3,5,,
12423,64,Entire rental unit,3,5,,
12424,32,Entire rental unit,2,4,,
12425,60,Private room in rental unit,,2,,
12426,60,Private room in rental unit,,2,,
12427,64,Entire rental unit,2,3,,
12428,9,Entire rental unit,1,2,,
12429,9,Entire rental unit,1,2,,
12430,9,Entire rental unit,1,2,,
12431,9,Entire rental unit,1,2,,
12432,63,Room in hotel,,2,,
12433,9,Entire rental unit,1,2,,
12434,26,Entire rental unit,4,6,,
12435,26,Entire rental unit,4,6,,
12436,26,Entire rental unit,4,6,,
12437,26,Entire rental unit,4,6,,
12438,26,Entire rental unit,4,6,,
12439,11,Entire condo,1,2,,
12440,7,Entire rental unit,6,12,,
12441,32,Entire loft,1,2,,
12442,60,Private room in rental unit,,2,,
12443,60,Private room in rental unit,,1,,
12444,5,Entire rental unit,3,5,,
12445,9,Entire rental unit,1,2,,
12446,60,Private room in rental unit,,2,,
12447,31,Entire rental unit,1,2,,
12448,26,Entire rental unit,4,6,,
12449,4,Entire rental unit,1,2,,
12450,26,Entire rental unit,3,5,,
12451,26,Entire rental unit,3,6,,
12452,26,Entire rental unit,3,5,,
12453,26,Entire rental unit,3,5,,
12454,26,Entire rental unit,3,5,,
12455,60,Private room in rental unit,,2,,
12456,30,Entire rental unit,4,6,,
12457,60,Private room in rental unit,,2,,
12458,31,Entire rental unit,2,3,,
12459,6,Private room in rental unit,,2,,
12460,1,Entire condo,2,4,,
12461,31,Entire rental unit,1,2,,
12462,34,Entire home,4,8,,
12463,1,Entire rental unit,1,4,,
12464,67,Entire rental unit,2,6,,
12465,4,Entire rental unit,2,4,,
12466,10,Entire rental unit,3,6,,
12467,31,Entire rental unit,3,6,,
12468,9,Entire rental unit,1,3,,
12469,18,Entire rental unit,1,3,,
12470,28,Entire rental unit,4,8,,
12471,4,Entire rental unit,1,2,,
12472,3,Private room in boat,1,2,,
12473,9,Entire rental unit,12,16,,
12474,9,Entire rental unit,6,14,,
12475,7,Entire rental unit,2,4,,
12476,10,Entire rental unit,6,10,,
12477,10,Entire rental unit,6,12,,
12478,30,Entire rental unit,2,4,,
12479,26,Entire rental unit,3,5,,
12480,26,Entire rental unit,3,5,,
12481,8,Private room in rental unit,1,2,,
12482,26,Entire rental unit,3,5,,
12483,26,Entire rental unit,3,5,,
12484,26,Entire rental unit,3,5,,
12485,26,Entire rental unit,3,4,,
12486,26,Entire rental unit,3,5,,
12487,26,Entire rental unit,3,5,,
12488,44,Entire rental unit,2,3,,
12489,44,Entire rental unit,2,3,,
12490,68,Private room in condo,1,2,,
12491,9,Entire rental unit,10,16,,
12492,44,Entire rental unit,2,3,,
12493,44,Entire rental unit,2,3,,
12494,44,Entire rental unit,2,3,,
12495,8,Entire rental unit,3,5,,
12496,32,Private room in loft,1,1,,
12497,44,Entire rental unit,2,3,,
12498,44,Entire rental unit,2,3,,
12499,44,Entire rental unit,2,3,,
12500,4,Entire rental unit,1,4,,
12501,68,Entire home,2,4,,
12502,5,Entire rental unit,3,6,,
12503,7,Private room in rental unit,,2,,
12504,6,Private room in rental unit,,2,,
12505,6,Private room in rental unit,,1,,
12506,9,Entire rental unit,3,5,,
12507,7,Entire rental unit,2,4,,
12508,1,Shared room in hostel,,2,,
12509,9,Entire rental unit,3,5,,
12510,9,Entire rental unit,3,5,,
12511,7,Private room in rental unit,,2,,
12512,3,Private room in boat,1,2,,
12513,10,Entire rental unit,2,4,,
12514,31,Entire rental unit,3,5,,
12515,7,Entire rental unit,4,11,,
12516,3,Entire rental unit,1,2,,
12517,4,Entire rental unit,3,5,,
12518,7,Entire rental unit,2,4,,
12519,30,Private room in rental unit,,1,,
12520,2,Private room in rental unit,,4,,
12521,7,Room in hotel,1,2,,
12522,1,Private room in rental unit,1,2,,
12523,31,Entire rental unit,3,5,,
12524,9,Entire rental unit,3,5,,
12525,18,Entire rental unit,2,4,,
12526,5,Entire rental unit,2,6,,
12527,5,Entire rental unit,2,6,,
12528,7,Entire rental unit,2,4,,
12529,3,Entire rental unit,3,4,,
12530,7,Entire rental unit,5,12,,
12531,7,Entire rental unit,7,14,,
12532,9,Entire rental unit,3,5,,
12533,4,Private room in rental unit,,1,,
12534,10,Entire rental unit,2,4,,
12535,7,Room in hotel,1,3,,
12536,4,Private room in rental unit,4,1,,
12537,7,Entire rental unit,9,16,,
12538,7,Entire rental unit,9,16,,
12539,7,Entire rental unit,9,16,,
12540,28,Entire rental unit,2,3,,
12541,20,Entire rental unit,3,8,,
12542,31,Entire rental unit,1,2,,
12543,8,Entire rental unit,1,2,,
12544,7,Entire home,4,4,,
12545,31,Entire rental unit,1,3,,
12546,55,Private room in rental unit,,2,,
12547,8,Entire rental unit,1,3,,
12548,27,Entire rental unit,4,7,,
12549,10,Entire rental unit,2,4,,
12550,10,Entire rental unit,1,2,,
12551,10,Entire rental unit,2,2,,
12552,10,Entire rental unit,2,4,,
12553,10,Entire rental unit,2,3,,
12554,10,Entire rental unit,2,4,,
12555,10,Entire rental unit,2,4,,
12556,10,Entire rental unit,2,4,,
12557,10,Entire rental unit,3,4,,
12558,10,Entire rental unit,3,7,,
12559,4,Entire rental unit,8,16,,
12560,9,Private room in rental unit,,1,,
12561,28,Entire home,2,4,,
12562,10,Entire rental unit,2,4,,
12563,19,Entire rental unit,1,2,,
12564,4,Room in hotel,1,2,,
12565,2,Private room in rental unit,1,1,,
12566,4,Room in hotel,1,2,,
12567,4,Room in hotel,1,2,,
12568,4,Room in hotel,1,3,,
12569,4,Room in hotel,1,1,,
12570,64,Entire rental unit,2,5,,
12571,7,Room in hotel,1,2,,
12572,7,Room in hotel,1,2,,
12573,7,Room in hotel,1,1,,
12574,7,Room in hotel,1,2,,
12575,43,Entire rental unit,3,8,,
12576,61,Entire rental unit,3,3,,
12577,11,Entire rental unit,1,2,,
12578,18,Entire rental unit,1,2,,
12579,7,Entire rental unit,6,6,,
12580,9,Entire rental unit,2,2,,
12581,4,Room in hotel,1,2,,
12582,11,Entire rental unit,1,2,,
12583,2,Entire rental unit,3,3,,
12584,4,Room in hotel,1,2,,
12585,4,Room in hotel,1,2,,
12586,4,Room in hotel,1,2,,
12587,4,Room in hotel,1,2,,
12588,1,Entire rental unit,4,12,,
12589,1,Entire rental unit,4,12,,
12590,31,Entire rental unit,3,4,,
12591,68,Entire rental unit,3,6,,
12592,69,Entire home,2,3,,
12593,9,Private room in rental unit,,1,,
12594,9,Entire rental unit,2,5,,
12595,64,Entire rental unit,2,3,,
12596,2,Entire rental unit,2,4,,
12597,70,Private room in rental unit,1,1,,
12598,10,Entire rental unit,1,2,,
12599,7,Entire rental unit,11,16,,
12600,10,Entire rental unit,3,5,,
12601,1,Private room in hostel,,1,,
12602,1,Shared room in hotel,,2,,
12603,1,Entire rental unit,2,2,,
12604,34,Entire home,7,14,,
12605,4,Entire rental unit,,2,,
12606,8,Entire rental unit,2,3,,
12607,69,Entire rental unit,3,7,,
12608,7,Entire rental unit,9,16,,
12609,63,Shared room in hotel,1,1,,
12610,3,Private room in rental unit,,1,,
12611,5,Entire rental unit,3,6,,
12612,44,Entire rental unit,2,3,,
12613,44,Entire rental unit,2,3,,
12614,44,Entire rental unit,2,3,,
12615,44,Entire rental unit,2,3,,
12616,44,Entire rental unit,2,3,,
12617,2,Entire rental unit,3,5,,
12618,11,Entire rental unit,1,2,,
12619,7,Entire rental unit,2,6,,
12620,3,Private room in rental unit,,2,,
12621,3,Private room in rental unit,,1,,
12622,3,Private room in rental unit,,1,,
12623,11,Entire rental unit,2,3,,
12624,71,Room in hotel,,2,,
12625,71,Room in hotel,,2,,
12626,6,Private room in rental unit,,1,,
12627,6,Private room in rental unit,,1,,
12628,18,Entire rental unit,2,4,,
12629,4,Entire rental unit,6,12,,
12630,4,Entire rental unit,6,12,,
12631,4,Entire rental unit,9,16,,
12632,4,Entire rental unit,9,16,,
12633,60,Entire rental unit,3,4,,
12634,68,Entire rental unit,2,3,,
12635,24,Entire rental unit,2,3,,
12636,24,Entire rental unit,1,2,,
12637,4,Entire rental unit,1,2,,
12638,4,Entire rental unit,,2,,
12639,11,Entire rental unit,2,3,,
12640,4,Entire rental unit,3,6,,
12641,5,Entire rental unit,3,6,,
12642,26,Entire rental unit,2,4,,
12643,18,Entire rental unit,1,2,,
12644,11,Entire rental unit,3,5,,
12645,9,Entire rental unit,,2,,
12646,4,Entire rental unit,1,2,,
12647,1,Entire rental unit,1,3,,
12648,31,Entire rental unit,1,2,,
12649,53,Private room in rental unit,1,2,,
12650,23,Private room in rental unit,1,1,,
12651,4,Entire rental unit,,2,,
12652,27,Entire rental unit,1,2,,
12653,6,Entire rental unit,3,6,,
12654,71,Private room in rental unit,1,2,,
12655,10,Entire rental unit,3,5,,
12656,8,Entire rental unit,4,4,,
12657,11,Entire rental unit,2,4,,
12658,31,Entire rental unit,2,3,,
12659,7,Entire rental unit,2,4,,
12660,6,Private room in rental unit,,1,,
12661,2,Private room in rental unit,1,1,,
12662,6,Private room in rental unit,,1,,
12663,7,Private room in rental unit,,2,,
12664,2,Private room in rental unit,1,2,,
12665,7,Entire rental unit,2,4,,
12666,7,Entire rental unit,2,4,,
12667,44,Entire rental unit,2,3,,
12668,44,Entire rental unit,2,3,,
12669,44,Entire rental unit,2,3,,
12670,44,Entire rental unit,2,4,,
12671,65,Private room in rental unit,,1,,
12672,65,Private room in rental unit,,1,,
12673,65,Private room in rental unit,,1,,
12674,65,Private room in rental unit,,2,,
12675,4,Entire rental unit,3,4,,
12676,44,Entire rental unit,2,4,,
12677,44,Entire rental unit,2,4,,
12678,2,Entire rental unit,3,7,,
12679,7,Private room in rental unit,,2,,
12680,2,Entire rental unit,3,7,,
12681,11,Entire rental unit,1,2,,
12682,2,Private room in home,1,2,,
12683,7,Entire rental unit,,2,,
12684,7,Private room in rental unit,1,1,,
12685,1,Entire rental unit,1,2,,
12686,7,Private room in rental unit,,2,,
12687,7,Private room in rental unit,,2,,
12688,2,Entire rental unit,1,2,,
12689,7,Private room in rental unit,,2,,
12690,31,Entire rental unit,2,5,,
12691,2,Entire rental unit,1,2,,
12692,7,Entire rental unit,2,4,,
12693,63,Private room in rental unit,,1,,
12694,7,Entire rental unit,2,4,,
12695,7,Entire rental unit,1,2,,
12696,32,Entire rental unit,1,3,,
12697,32,Entire rental unit,3,4,,
12698,11,Entire rental unit,3,6,,
12699,67,Entire rental unit,3,5,,
12700,7,Entire rental unit,2,4,,
12701,7,Entire rental unit,2,4,,
12702,27,Entire rental unit,2,4,,
12703,27,Entire rental unit,2,4,,
12704,27,Entire rental unit,2,4,,
12705,20,Entire rental unit,2,4,,
12706,27,Entire rental unit,2,4,,
12707,27,Entire rental unit,2,4,,
12708,27,Entire rental unit,2,4,,
12709,27,Entire rental unit,2,4,,
12710,27,Entire rental unit,2,4,,
12711,27,Entire rental unit,2,4,,
12712,9,Entire rental unit,4,8,,
12713,25,Entire rental unit,2,5,,
12714,10,Entire rental unit,3,3,,
12715,1,Room in hotel,1,3,,
12716,11,Entire rental unit,3,6,,
12717,7,Entire rental unit,2,6,,
12718,7,Entire rental unit,2,6,,
12719,6,Entire rental unit,2,4,,
12720,6,Entire rental unit,2,4,,
12721,3,Entire home,1,2,,
12722,33,Entire rental unit,1,3,,
12723,33,Entire rental unit,1,3,,
12724,35,Entire rental unit,1,4,,
12725,6,Entire rental unit,2,5,,
12726,7,Entire rental unit,1,4,,
12727,7,Entire rental unit,1,4,,
12728,7,Entire rental unit,1,4,,
12729,7,Entire rental unit,1,4,,
12730,4,Entire rental unit,1,2,,
12731,7,Entire rental unit,1,4,,
12732,7,Entire rental unit,1,4,,
12733,7,Entire rental unit,1,4,,
12734,7,Entire rental unit,1,4,,
12735,28,Entire rental unit,3,5,,
12736,4,Private room in rental unit,1,2,,
12737,4,Entire rental unit,12,16,,
12738,8,Entire rental unit,3,5,,
12739,18,Entire rental unit,1,3,,
12740,5,Entire rental unit,3,6,,
12741,11,Entire rental unit,3,7,,
12742,37,Entire rental unit,3,5,,
12743,2,Entire rental unit,1,2,,
12744,6,Entire rental unit,2,4,,
12745,10,Entire rental unit,2,4,,
12746,4,Entire rental unit,2,4,,
12747,6,Entire rental unit,3,6,,
12748,7,Entire rental unit,1,4,,
12749,7,Entire rental unit,1,4,,
12750,7,Entire rental unit,1,3,,
12751,7,Entire rental unit,1,3,,
12752,18,Entire rental unit,1,3,,
12753,5,Entire rental unit,3,7,,
12754,60,Entire loft,1,2,,
12755,10,Entire rental unit,2,4,,
12756,33,Entire rental unit,2,4,,
12757,2,Entire rental unit,3,6,,
12758,1,Entire rental unit,2,4,,
12759,2,Entire rental unit,3,6,,
12760,68,Entire rental unit,3,4,,
12761,7,Entire rental unit,3,5,,
12762,70,Entire rental unit,2,4,,
12763,7,Entire rental unit,3,5,,
12764,4,Private room in rental unit,,2,,
12765,4,Entire rental unit,3,6,,
12766,2,Entire rental unit,3,6,,
12767,10,Entire rental unit,2,4,,
12768,9,Entire rental unit,6,13,,
12769,2,Entire rental unit,1,2,,
12770,68,Entire rental unit,2,4,,
12771,60,Entire rental unit,1,4,,
12772,20,Entire rental unit,3,5,,
12773,7,Entire rental unit,3,6,,
12774,7,Entire rental unit,3,6,,
12775,70,Entire rental unit,2,4,,
12776,7,Entire rental unit,2,3,,
12777,7,Entire rental unit,2,3,,
12778,31,Entire rental unit,2,3,,
12779,31,Entire rental unit,2,3,,
12780,9,Entire rental unit,2,5,,
12781,31,Entire rental unit,1,2,,
12782,48,Entire rental unit,3,5,,
12783,2,Room in hotel,1,3,,
12784,2,Room in hotel,1,1,,
12785,2,Room in hotel,1,2,,
12786,2,Room in hotel,1,2,,
12787,7,Entire rental unit,2,4,,
12788,7,Entire rental unit,2,4,,
12789,69,Entire rental unit,2,3,,
12790,2,Entire rental unit,3,6,,
12791,7,Entire rental unit,1,4,,
12792,7,Entire rental unit,1,4,,
12793,2,Entire rental unit,2,2,,
12794,4,Entire rental unit,2,4,,
12795,4,Entire rental unit,2,4,,
12796,4,Entire rental unit,3,4,,
12797,4,Entire rental unit,3,4,,
12798,9,Entire rental unit,2,3,,
12799,3,Private room in rental unit,,1,,
12800,3,Private room in rental unit,,1,,
12801,5,Entire rental unit,3,4,,
12802,44,Entire rental unit,2,3,,
12803,4,Entire rental unit,2,4,,
12804,7,Entire home,1,4,,
12805,44,Entire rental unit,2,4,,
12806,26,Entire rental unit,3,5,,
12807,26,Entire rental unit,4,6,,
12808,2,Entire rental unit,4,10,,
12809,2,Entire rental unit,8,16,,
12810,2,Entire rental unit,6,15,,
12811,11,Entire rental unit,2,4,,
12812,21,Entire rental unit,,2,,
12813,9,Entire rental unit,1,2,,
12814,14,Entire rental unit,3,5,,
12815,7,Entire rental unit,6,12,,
12816,7,Entire rental unit,6,12,,
12817,7,Entire rental unit,6,12,,
12818,66,Entire rental unit,,2,,
12819,7,Entire rental unit,8,16,,
12820,66,Entire rental unit,,2,,
12821,7,Entire rental unit,8,16,,
12822,66,Entire rental unit,1,2,,
12823,25,Entire rental unit,2,4,,
12824,66,Entire rental unit,1,4,,
12825,7,Entire rental unit,10,16,,
12826,7,Entire rental unit,11,16,,
12827,1,Entire rental unit,3,6,,
12828,31,Entire rental unit,2,5,,
12829,9,Entire rental unit,4,8,,
12830,64,Entire rental unit,1,3,,
12831,18,Private room in rental unit,,1,,
12832,18,Private room in rental unit,,2,,
12833,9,Private room in rental unit,,2,,
12834,35,Private room in rental unit,,1,,
12835,11,Entire rental unit,2,2,,
12836,10,Entire rental unit,15,16,,
12837,32,Private room in home,,2,,
12838,20,Entire rental unit,2,5,,
12839,68,Entire rental unit,1,2,,
12840,15,Entire rental unit,3,6,,
12841,19,Entire rental unit,2,4,,
12842,71,Room in hotel,,2,,
12843,18,Private room in rental unit,1,1,,
12844,64,Entire rental unit,3,5,,
12845,7,Entire rental unit,2,4,,
12846,13,Private room in rental unit,,1,,
12847,13,Private room in rental unit,,1,,
12848,9,Entire rental unit,2,4,,
12849,10,Entire rental unit,3,6,,
12850,15,Entire rental unit,6,12,,
12851,1,Entire rental unit,1,2,,
12852,27,Entire rental unit,3,5,,
12853,64,Entire rental unit,2,5,,
12854,6,Entire rental unit,,2,,
12855,6,Entire rental unit,,2,,
12856,6,Entire rental unit,1,3,,
12857,6,Entire rental unit,1,5,,
12858,2,Entire rental unit,1,2,,
12859,2,Entire rental unit,3,6,,
12860,4,Entire rental unit,15,16,,
12861,11,Entire rental unit,4,5,,
12862,8,Entire rental unit,3,4,,
12863,6,Entire rental unit,,3,,
12864,6,Entire rental unit,1,4,,
12865,4,Entire rental unit,2,2,,
12866,8,Entire rental unit,2,4,,
12867,9,Private room in rental unit,,2,,
12868,19,Private room in rental unit,,2,,
12869,9,Private room in rental unit,,2,,
12870,19,Private room in rental unit,,2,,
12871,5,Entire rental unit,4,4,,
12872,1,Entire rental unit,3,4,,
12873,8,Entire rental unit,2,4,,
12874,26,Entire rental unit,1,2,,
12875,43,Entire rental unit,3,8,,
12876,10,Entire rental unit,3,5,,
12877,25,Entire rental unit,4,8,,
12878,19,Entire rental unit,1,4,,
12879,6,Entire rental unit,1,2,,
12880,19,Entire rental unit,2,4,,
12881,4,Entire rental unit,4,8,,
12882,4,Entire rental unit,1,2,,
12883,71,Entire rental unit,1,2,,
12884,64,Entire rental unit,1,3,,
12885,64,Entire rental unit,1,3,,
12886,4,Entire rental unit,12,16,,
12887,6,Entire rental unit,1,4,,
12888,64,Entire rental unit,1,3,,
12889,7,Entire rental unit,5,16,,
12890,68,Private room in rental unit,,2,,
12891,68,Private room in rental unit,,2,,
12892,68,Private room in rental unit,,2,,
12893,68,Private room in rental unit,,2,,
12894,6,Entire rental unit,1,3,,
12895,6,Entire rental unit,1,5,,
12896,8,Private room in rental unit,,1,,
12897,11,Entire rental unit,2,3,,
12898,60,Private room in rental unit,,2,,
12899,4,Entire rental unit,9,16,,
12900,6,Entire rental unit,2,4,,
12901,64,Entire rental unit,3,6,,
12902,64,Entire rental unit,2,5,,
12903,1,Entire rental unit,1,3,,
12904,1,Entire rental unit,1,3,,
12905,3,Entire rental unit,3,4,,
12906,10,Entire rental unit,2,3,,
12907,5,Entire rental unit,2,3,,
12908,6,Entire rental unit,1,3,,
12909,52,Entire rental unit,1,2,,
12910,8,Private room in rental unit,,2,,
12911,64,Private room in rental unit,,1,,
12912,28,Entire rental unit,2,6,,
12913,8,Entire rental unit,2,4,,
12914,6,Entire rental unit,3,6,,
12915,2,Entire rental unit,1,2,,
12916,31,Entire home,3,6,,
12917,1,Entire rental unit,1,2,,
12918,28,Private room in rental unit,,2,,
12919,73,Private room in rental unit,,2,,
12920,73,Private room in rental unit,,2,,
12921,3,Entire rental unit,1,2,,
12922,64,Entire rental unit,2,5,,
12923,64,Entire rental unit,2,6,,
12924,6,Entire rental unit,2,6,,
12925,10,Entire rental unit,3,4,,
12926,19,Entire rental unit,3,4,,
12927,64,Entire rental unit,2,5,,
12928,10,Entire rental unit,2,4,,
12929,5,Entire rental unit,4,8,,
12930,8,Entire rental unit,2,3,,
12931,3,Entire home,1,2,,
12932,65,Private room in rental unit,1,2,,
12933,8,Entire rental unit,3,6,,
12934,2,Private room in rental unit,,1,,
12935,64,Entire rental unit,2,6,,
12936,2,Entire rental unit,3,6,,
12937,18,Entire rental unit,3,5,,
12938,9,Entire rental unit,2,4,,
12939,67,Private room in rental unit,1,1,,
12940,35,Entire rental unit,2,6,,
12941,8,Entire rental unit,3,5,,
12942,67,Entire rental unit,2,3,,
12943,31,Entire rental unit,1,3,,
12944,10,Entire rental unit,2,4,,
12945,31,Entire rental unit,1,2,,
12946,31,Entire rental unit,2,6,,
12947,20,Entire rental unit,1,2,,
12948,9,Entire rental unit,2,4,,
12949,11,Room in hotel,1,2,,
12950,20,Private room in rental unit,,1,,
12951,20,Private room in rental unit,,1,,
12952,20,Private room in rental unit,,1,,
12953,11,Room in hotel,1,2,,
12954,11,Room in hotel,1,2,,
12955,11,Room in hotel,1,2,,
12956,20,Private room in rental unit,,1,,
12957,9,Entire rental unit,4,8,,
12958,28,Private room in rental unit,,2,,
12959,28,Private room in rental unit,,2,,
12960,1,Private room in rental unit,1,1,,
12961,1,Private room in rental unit,,2,,
12962,1,Private room in rental unit,,2,,
12963,4,Private room in rental unit,,1,,
12964,4,Private room in rental unit,,1,,
12965,4,Private room in rental unit,,2,,
12966,10,Private room in rental unit,1,1,,
12967,4,Private room in rental unit,,1,,
12968,4,Private room in rental unit,1,1,,
12969,4,Private room in rental unit,,2,,
12970,4,Private room in rental unit,,2,,
12971,4,Private room in rental unit,1,1,,
12972,2,Entire rental unit,2,8,,
12973,9,Private room in rental unit,,2,,
12974,2,Entire rental unit,1,2,,
12975,5,Entire rental unit,4,9,,
12976,2,Entire rental unit,3,6,,
12977,3,Entire rental unit,3,6,,
12978,10,Entire rental unit,2,4,,
12979,2,Room in hotel,1,1,,
12980,2,Room in hotel,1,2,,
12981,26,Entire rental unit,3,8,,
12982,31,Entire rental unit,3,6,,
12983,38,Entire rental unit,1,4,,
12984,11,Entire rental unit,2,2,,
12985,7,Entire rental unit,4,8,,
12986,70,Entire rental unit,3,5,,
12987,2,Entire rental unit,2,4,,
12988,7,Entire rental unit,2,4,,
12989,22,Shared room in home,,1,,
12990,22,Shared room in home,,1,,
12991,11,Private room in guesthouse,1,2,,
12992,31,Entire rental unit,1,2,,
12993,9,Entire rental unit,16,16,,
12994,10,Entire rental unit,6,11,,
12995,10,Entire rental unit,3,5,,
12996,3,Entire rental unit,4,4,,
12997,9,Entire rental unit,12,16,,
12998,9,Entire rental unit,12,16,,
12999,9,Entire rental unit,15,16,,
13000,17,Entire rental unit,3,4,,
13001,3,Entire rental unit,1,2,,
13002,16,Entire rental unit,2,4,,
13003,16,Entire rental unit,2,4,,
13004,16,Entire rental unit,2,4,,
13005,4,Entire rental unit,1,2,,
13006,26,Entire rental unit,2,3,,
13007,11,Private room in rental unit,1,2,,
13008,8,Entire rental unit,3,5,,
13009,13,Entire rental unit,2,4,,
13010,7,Entire rental unit,1,2,,
13011,18,Entire rental unit,3,5,,
13012,35,Private room in boat,1,2,,
13013,1,Private room in rental unit,2,4,,
13014,7,Entire rental unit,11,16,,
13015,11,Room in hotel,1,2,,
13016,60,Entire rental unit,2,4,,
13017,10,Entire rental unit,11,16,,
13018,10,Entire rental unit,11,16,,
13019,5,Private room in home,,2,,
13020,2,Entire rental unit,3,6,,
13021,25,Entire rental unit,3,8,,
13022,9,Private room in rental unit,1,1,,
13023,7,Entire rental unit,5,10,,
13024,26,Entire rental unit,2,4,,
13025,10,Entire rental unit,3,4,,
13026,11,Entire rental unit,2,6,,
13027,2,Entire rental unit,3,4,,
13028,2,Entire rental unit,4,6,,
13029,1,Entire rental unit,1,2,,
13030,31,Entire rental unit,3,5,,
13031,4,Entire rental unit,2,4,,
13032,32,Entire rental unit,2,3,,
13033,9,Entire rental unit,10,16,,
13034,11,Entire rental unit,2,4,,
13035,68,Entire rental unit,2,4,,
13036,44,Entire rental unit,1,2,,
13037,44,Entire rental unit,1,2,,
13038,2,Entire rental unit,1,2,,
13039,9,Entire rental unit,2,4,,
13040,67,Entire home,4,7,,
13041,10,Entire rental unit,3,5,,
13042,7,Entire rental unit,5,16,,
13043,10,Private room in rental unit,1,1,,
13044,7,Entire rental unit,4,16,,
13045,9,Entire rental unit,2,4,,
13046,69,Room in hotel,,4,,
13047,11,Entire rental unit,3,9,,
13048,67,Entire rental unit,3,6,,
13049,32,Entire rental unit,2,4,,
13050,7,Entire rental unit,1,2,,
13051,2,Entire rental unit,12,16,,
13052,4,Entire rental unit,12,16,,
13053,4,Entire rental unit,12,16,,
13054,44,Private room in rental unit,1,1,,
13055,11,Entire rental unit,2,4,,
13056,11,Entire rental unit,2,4,,
13057,11,Entire rental unit,2,4,,
13058,11,Entire rental unit,2,4,,
13059,11,Entire rental unit,2,4,,
13060,11,Entire rental unit,2,4,,
13061,11,Entire rental unit,2,4,,
13062,11,Entire rental unit,2,4,,
13063,11,Entire rental unit,2,4,,
13064,11,Entire rental unit,2,4,,
13065,11,Entire rental unit,2,4,,
13066,61,Private room in rental unit,1,1,,
13067,68,Entire rental unit,3,4,,
13068,8,Entire rental unit,2,4,,
13069,6,Entire rental unit,4,5,,
13070,4,Entire rental unit,2,4,,
13071,32,Entire rental unit,3,5,,
13072,26,Private room in rental unit,1,3,,
13073,44,Entire rental unit,2,4,,
13074,44,Entire rental unit,2,4,,
13075,2,Entire rental unit,2,4,,
13076,24,Entire rental unit,2,4,,
13077,5,Room in hotel,1,2,,
13078,31,Entire rental unit,2,5,,
13079,31,Entire rental unit,2,3,,
13080,71,Room in hotel,,2,,
13081,71,Room in hotel,,2,,
13082,46,Entire rental unit,1,2,,
13083,7,Entire rental unit,2,6,,
13084,71,Entire rental unit,3,6,,
13085,64,Entire rental unit,2,3,,
13086,64,Entire rental unit,1,2,,
13087,7,Entire rental unit,2,4,,
13088,7,Entire rental unit,1,4,,
13089,2,Entire rental unit,3,7,,
13090,2,Entire rental unit,1,2,,
13091,7,Entire rental unit,2,4,,
13092,7,Entire rental unit,2,4,,
13093,27,Entire rental unit,2,4,,
13094,27,Entire rental unit,2,4,,
13095,5,Entire rental unit,2,4,,
13096,27,Entire rental unit,2,4,,
13097,11,Entire rental unit,2,4,,
13098,27,Entire rental unit,2,4,,
13099,7,Entire rental unit,2,6,,
13100,64,Entire rental unit,2,5,,
13101,6,Entire rental unit,2,4,,
13102,33,Entire rental unit,1,3,,
13103,7,Entire rental unit,1,4,,
13104,7,Entire rental unit,1,4,,
13105,7,Entire rental unit,1,4,,
13106,7,Entire rental unit,1,4,,
13107,28,Entire rental unit,2,3,,
13108,70,Entire rental unit,3,6,,
13109,11,Entire rental unit,2,2,,
13110,71,Entire rental unit,2,3,,
13111,10,Entire rental unit,,2,,
13112,32,Entire rental unit,2,4,,
13113,66,Shared room in bed and breakfast,,1,,
13114,66,Shared room in bed and breakfast,,1,,
13115,7,Entire rental unit,1,4,,
13116,66,Shared room in bed and breakfast,,2,,
13117,66,Shared room in bed and breakfast,,2,,
13118,24,Room in hotel,1,2,,
13119,7,Entire rental unit,1,3,,
13120,31,Entire rental unit,2,3,,
13121,31,Entire rental unit,2,5,,
13122,31,Entire rental unit,3,3,,
13123,31,Entire rental unit,2,4,,
13124,68,Entire rental unit,3,6,,
13125,31,Entire rental unit,3,2,,
13126,31,Entire rental unit,2,4,,
13127,32,Entire rental unit,3,5,,
13128,31,Entire rental unit,1,2,,
13129,31,Entire rental unit,1,3,,
13130,5,Entire rental unit,3,4,,
13131,31,Entire rental unit,2,5,,
13132,31,Entire rental unit,2,5,,
13133,5,Entire rental unit,3,5,,
13134,6,Entire rental unit,3,5,,
13135,7,Entire rental unit,3,6,,
13136,7,Entire rental unit,3,5,,
13137,7,Entire rental unit,3,6,,
13138,70,Entire rental unit,2,4,,
13139,4,Entire rental unit,1,2,,
13140,32,Entire rental unit,3,6,,
13141,26,Entire rental unit,2,4,,
13142,3,Entire rental unit,3,4,,
13143,7,Entire rental unit,2,3,,
13144,31,Entire rental unit,2,3,,
13145,4,Entire rental unit,2,6,,
13146,7,Entire rental unit,2,4,,
13147,10,Entire rental unit,2,4,,
13148,7,Entire rental unit,1,4,,
13149,4,Entire rental unit,2,4,,
13150,4,Entire rental unit,3,4,,
13151,19,Entire rental unit,2,3,,
13152,27,Entire rental unit,2,4,,
13153,7,Entire rental unit,2,3,,
13154,1,Private room in rental unit,1,2,,
13155,6,Entire rental unit,2,4,,
13156,31,Entire rental unit,2,4,,
13157,26,Entire rental unit,2,4,,
13158,26,Entire rental unit,2,4,,
13159,10,Entire rental unit,3,8,,
13160,64,Entire rental unit,3,6,,
13161,67,Entire place,,2,,
13162,9,Entire rental unit,3,4,,
13163,2,Entire rental unit,1,2,,
13164,10,Private room in rental unit,1,1,,
13165,64,Entire rental unit,3,6,,
13166,7,Entire rental unit,3,5,,
13167,9,Entire rental unit,2,4,,
13168,67,Entire rental unit,2,4,,
13169,10,Entire rental unit,2,4,,
13170,8,Entire rental unit,2,2,,
13171,10,Entire rental unit,1,2,,
13172,10,Entire rental unit,2,3,,
13173,15,Entire rental unit,2,4,,
13174,11,Entire rental unit,5,9,,
13175,11,Entire rental unit,3,4,,
13176,68,Entire rental unit,3,4,,
13177,7,Entire rental unit,4,6,,
13178,68,Entire rental unit,2,3,,
13179,5,Entire rental unit,3,6,,
13180,6,Entire rental unit,2,3,,
13181,8,Entire rental unit,3,3,,
13182,32,Entire rental unit,4,4,,
13183,4,Entire rental unit,3,4,,
13184,31,Entire rental unit,1,3,,
13185,26,Entire rental unit,1,2,,
13186,6,Entire rental unit,2,4,,
13187,6,Entire rental unit,2,4,,
13188,14,Entire rental unit,2,4,,
13189,3,Entire rental unit,1,2,,
13190,3,Entire rental unit,1,2,,
13191,23,Entire rental unit,3,4,,
13192,68,Entire rental unit,3,4,,
13193,19,Entire rental unit,2,3,,
13194,29,Private room in rental unit,1,2,,
13195,72,Private room in rental unit,1,2,,
13196,68,Entire rental unit,2,4,,
13197,8,Entire rental unit,6,12,,
13198,9,Entire rental unit,9,14,,
13199,6,Entire rental unit,2,3,,
13200,10,Private room in rental unit,2,2,,
13201,10,Private room in rental unit,1,1,,
13202,29,Entire rental unit,2,4,,
13203,15,Entire rental unit,3,5,,
13204,1,Entire rental unit,2,1,,
13205,68,Entire rental unit,1,2,,
13206,11,Entire rental unit,2,4,,
13207,1,Entire rental unit,2,4,,
13208,11,Entire rental unit,4,8,,
13209,11,Entire rental unit,4,8,,
13210,44,Entire rental unit,2,3,,
13211,44,Entire rental unit,2,4,,
13212,9,Entire rental unit,1,2,,
13213,69,Entire rental unit,3,6,,
13214,7,Entire rental unit,11,16,,
13215,8,Entire rental unit,1,2,,
13216,32,Entire rental unit,1,2,,
13217,7,Shared room in hostel,1,8,,
13218,7,Entire rental unit,1,3,,
13219,6,Private room in rental unit,1,2,,
13220,32,Entire rental unit,4,5,,
13221,2,Entire rental unit,2,4,,
13222,2,Private room in guesthouse,1,2,,
13223,2,Private room in guesthouse,1,2,,
13224,31,Entire rental unit,2,3,,
13225,10,Entire rental unit,2,4,,
13226,15,Entire rental unit,2,3,,
13227,10,Entire rental unit,3,6,,
13228,17,Entire rental unit,1,2,,
13229,9,Entire rental unit,4,6,,
13230,27,Entire rental unit,2,4,,
13231,3,Entire rental unit,2,4,,
13232,31,Entire rental unit,3,6,,
13233,27,Entire rental unit,2,4,,
13234,31,Entire rental unit,3,6,,
13235,6,Entire rental unit,1,2,,
13236,37,Private room in rental unit,1,2,,
13237,11,Entire rental unit,3,3,,
13238,31,Entire rental unit,5,9,,
13239,11,Entire rental unit,6,12,,
13240,11,Entire rental unit,6,12,,
13241,11,Entire rental unit,8,16,,
13242,11,Entire rental unit,8,16,,
13243,7,Entire rental unit,2,3,,
13244,25,Entire rental unit,3,7,,
13245,13,Entire rental unit,2,5,,
13246,8,Entire rental unit,3,6,,
13247,6,Private room in rental unit,1,2,,
13248,70,Entire rental unit,3,5,,
13249,68,Entire rental unit,1,2,,
13250,6,Private room in rental unit,1,1,,
13251,6,Private room in rental unit,1,1,,
13252,6,Private room in rental unit,1,1,,
13253,6,Entire rental unit,3,6,,
13254,3,Entire rental unit,1,3,,
13255,3,Entire rental unit,1,2,,
13256,7,Entire rental unit,3,13,,
13257,11,Entire rental unit,2,4,,
13258,7,Entire rental unit,1,2,,
13259,11,Entire rental unit,2,4,,
13260,26,Entire rental unit,2,3,,
13261,26,Private room in rental unit,1,2,,
13262,35,Entire rental unit,,2,,
13263,8,Entire rental unit,2,4,,
13264,7,Entire rental unit,1,2,,
13265,2,Entire rental unit,2,4,,
13266,31,Entire rental unit,2,3,,
13267,31,Entire rental unit,2,4,,
13268,3,Entire rental unit,1,2,,
13269,61,Private room in rental unit,1,1,,
13270,9,Entire rental unit,1,2,,
13271,66,Entire rental unit,2,3,,
13272,6,Entire rental unit,4,5,,
13273,7,Entire rental unit,3,8,,
13274,31,Entire rental unit,2,3,,
13275,65,Private room in rental unit,1,1,,
13276,8,Entire rental unit,2,3,,
13277,8,Entire rental unit,2,4,,
13278,1,Private room in hostel,,2,,
13279,2,Private room in rental unit,1,2,,
13280,66,Entire rental unit,1,2,,
13281,30,Entire rental unit,3,6,,
13282,7,Entire rental unit,1,2,,
13283,31,Entire rental unit,1,2,,
13284,2,Entire rental unit,1,2,,
13285,5,Entire rental unit,3,6,,
13286,17,Entire rental unit,2,4,,
13287,11,Entire rental unit,2,2,,
13288,33,Entire rental unit,4,6,,
13289,1,Entire rental unit,2,6,,
13290,10,Entire rental unit,3,6,,
13291,32,Entire rental unit,1,2,,
13292,32,Entire rental unit,2,5,,
13293,7,Entire rental unit,1,3,,
13294,8,Private room in bed and breakfast,1,2,,
13295,7,Entire rental unit,3,4,,
13296,2,Entire rental unit,2,4,,
13297,1,Entire rental unit,1,2,,
13298,66,Entire rental unit,4,8,,
13299,68,Entire rental unit,1,2,,
13300,68,Entire rental unit,1,2,,
13301,6,Private room in rental unit,1,2,,
13302,5,Private room in rental unit,,2,,
13303,7,Entire rental unit,2,4,,
13304,11,Entire rental unit,2,3,,
13305,3,Boat,4,8,,
13306,8,Private room in bed and breakfast,1,2,,
13307,9,Private room in rental unit,1,2,,
13308,6,Entire rental unit,2,3,,
13309,7,Entire rental unit,2,4,,
13310,68,Entire rental unit,1,2,,
13311,68,Entire rental unit,1,2,,
13312,68,Entire rental unit,1,2,,
13313,70,Entire rental unit,2,4,,
13314,44,Entire rental unit,2,4,,
13315,13,Entire rental unit,2,3,,
13316,6,Entire rental unit,4,7,,
13317,15,Entire rental unit,1,4,,
13318,66,Entire rental unit,7,14,,
13319,24,Private room in rental unit,1,2,,
13320,4,Entire rental unit,2,2,,
13321,68,Entire rental unit,3,6,,
13322,68,Entire rental unit,3,5,,
13323,67,Entire rental unit,3,6,,
13324,68,Entire rental unit,3,6,,
13325,2,Entire rental unit,1,2,,
13326,3,Entire condo,1,3,,
13327,8,Private room in bed and breakfast,1,2,,
13328,8,Private room in bed and breakfast,1,2,,
13329,68,Entire rental unit,1,2,,
13330,68,Entire rental unit,1,2,,
13331,15,Entire rental unit,1,2,,
13332,68,Entire rental unit,1,2,,
13333,68,Entire rental unit,1,2,,
13334,68,Entire rental unit,1,2,,
13335,26,Private room in rental unit,1,2,,
13336,26,Entire rental unit,2,2,,
13337,44,Entire rental unit,2,4,,
13338,17,Private room in rental unit,1,2,,
13339,26,Entire rental unit,2,4,,
13340,11,Entire rental unit,2,4,,
13341,18,Entire rental unit,1,3,,
13342,69,Private room in rental unit,,2,,
13343,72,Private room in rental unit,,1,,
13344,10,Private room in rental unit,1,2,,
13345,8,Entire rental unit,,4,,
13346,2,Entire rental unit,3,5,,
13347,26,Entire rental unit,2,3,,
13348,26,Entire rental unit,2,3,,
13349,26,Entire rental unit,3,5,,
13350,26,Entire rental unit,3,5,,
13351,26,Entire rental unit,2,4,,
13352,26,Entire rental unit,2,4,,
13353,1,Entire rental unit,1,2,,
13354,2,Private room in rental unit,1,2,,
13355,8,Entire rental unit,3,5,,
13356,18,Entire rental unit,1,2,,
13357,18,Entire rental unit,2,4,,
13358,2,Entire loft,1,2,,
13359,11,Entire rental unit,2,4,,
13360,1,Entire guest suite,1,2,,
13361,15,Entire rental unit,1,2,,
13362,3,Entire rental unit,1,5,,
13363,31,Entire rental unit,1,2,,
13364,11,Entire rental unit,3,5,,
13365,4,Private room in rental unit,1,2,,
13366,4,Private room in rental unit,1,2,,
13367,10,Private room in rental unit,1,1,,
13368,68,Entire rental unit,1,2,,
13369,68,Entire rental unit,1,2,,
13370,68,Entire rental unit,1,2,,
13371,6,Entire rental unit,1,3,,
13372,1,Private room in rental unit,1,2,,
13373,3,Entire rental unit,2,3,,
13374,11,Entire rental unit,1,2,,
13375,70,Entire rental unit,2,4,,
13376,71,Entire rental unit,1,4,,
13377,6,Entire rental unit,1,2,,
13378,11,Entire rental unit,2,5,,
13379,2,Private room in rental unit,1,2,,
13380,31,Entire rental unit,1,2,,
13381,31,Entire rental unit,1,2,,
13382,8,Entire rental unit,1,2,,
13383,6,Entire home,3,4,,
13384,31,Entire rental unit,4,7,,
13385,68,Entire rental unit,1,2,,
13386,68,Entire rental unit,1,2,,
13387,68,Entire rental unit,1,2,,
13388,26,Entire rental unit,3,5,,
13389,26,Entire rental unit,2,4,,
13390,2,Private room in rental unit,1,1,,
13391,1,Private room in rental unit,1,2,,
13392,9,Private room in rental unit,1,2,,
13393,31,Entire rental unit,1,4,,
13394,20,Private room in rental unit,3,2,,
13395,2,Private room in home,1,2,,
13396,1,Private room in rental unit,1,2,,
13397,48,Entire rental unit,3,8,,
13398,67,Entire rental unit,1,4,,
13399,4,Private room in rental unit,2,1,,
13400,9,Entire rental unit,2,6,,
13401,1,Entire rental unit,3,8,,
13402,27,Entire rental unit,3,4,,
13403,7,Entire rental unit,3,5,,
13404,35,Entire rental unit,,2,,
13405,11,Entire rental unit,1,2,,
13406,20,Entire rental unit,2,3,,
13407,7,Entire rental unit,6,15,,
13408,31,Entire rental unit,2,2,,
13409,25,Entire rental unit,2,3,,
13410,26,Entire rental unit,2,4,,
13411,26,Entire rental unit,3,5,,
13412,26,Entire rental unit,2,4,,
13413,26,Entire rental unit,3,5,,
13414,6,Private room in rental unit,1,1,,
13415,6,Entire rental unit,4,5,,
13416,11,Entire rental unit,2,4,,
13417,5,Entire rental unit,3,6,,
13418,1,Private room in rental unit,1,1,,
13419,10,Entire rental unit,3,5,,
13420,30,Private room in rental unit,1,2,,
13421,19,Entire rental unit,4,6,,
13422,30,Private room in rental unit,1,1,,
13423,7,Entire rental unit,5,10,,
13424,2,Private room in home,1,2,,
13425,8,Entire rental unit,3,6,,
13426,6,Entire rental unit,3,5,,
13427,4,Entire rental unit,1,2,,
13428,9,Private room in rental unit,1,2,,
13429,65,Entire guesthouse,2,4,,
13430,31,Entire rental unit,1,2,,
13431,10,Private room in rental unit,1,2,,
13432,15,Entire rental unit,1,2,,
13433,26,Private room in rental unit,1,1,,
13434,4,Entire rental unit,1,2,,
13435,11,Entire rental unit,1,2,,
13436,7,Private room in hostel,1,2,,
13437,7,Private room in hostel,1,2,,
13438,6,Entire rental unit,2,3,,
13439,2,Private room in rental unit,1,2,,
13440,32,Entire rental unit,3,5,,
13441,7,Entire rental unit,3,6,,
13442,10,Entire rental unit,2,3,,
13443,1,Private room in rental unit,1,2,,
13444,1,Private room in rental unit,1,4,,
13445,1,Private room in rental unit,1,2,,
13446,1,Private room in rental unit,1,2,,
13447,2,Private room in rental unit,,2,,
13448,32,Entire rental unit,2,6,,
13449,20,Entire rental unit,4,9,,
13450,9,Entire rental unit,1,2,,
13451,1,Private room in rental unit,1,2,,
13452,3,Private room in rental unit,1,2,,
13453,1,Entire home,1,4,,
13454,6,Entire rental unit,3,7,,
13455,2,Private room in rental unit,,2,,
13456,72,Private room in rental unit,1,1,,
13457,1,Entire rental unit,3,5,,
13458,11,Entire rental unit,2,4,,
13459,31,Entire rental unit,1,4,,
13460,1,Private room in rental unit,1,2,,
13461,18,Entire rental unit,2,4,,
13462,31,Entire rental unit,1,2,,
13463,1,Entire rental unit,2,4,,
13464,31,Entire rental unit,1,2,,
13465,31,Entire rental unit,1,2,,
13466,26,Private room in rental unit,1,1,,
13467,26,Private room in rental unit,1,1,,
13468,7,Entire rental unit,4,8,,
13469,26,Private room in rental unit,1,1,,
13470,26,Private room in rental unit,1,1,,
13471,8,Entire rental unit,3,6,,
13472,6,Entire rental unit,2,4,,
13473,25,Entire rental unit,2,3,,
13474,1,Entire rental unit,1,2,,
13475,68,Entire rental unit,1,2,,
13476,68,Entire rental unit,1,2,,
13477,26,Entire rental unit,3,5,,
13478,3,Entire rental unit,1,4,,
13479,11,Entire rental unit,3,6,,
13480,2,Entire rental unit,1,2,,
13481,9,Entire rental unit,1,2,,
13482,7,Entire rental unit,2,4,,
13483,7,Entire rental unit,2,4,,
13484,3,Entire rental unit,1,3,,
13485,5,Room in hotel,1,2,,
13486,7,Entire rental unit,3,6,,
13487,2,Private room in rental unit,,2,,
13488,9,Entire rental unit,4,6,,
13489,31,Entire rental unit,2,4,,
13490,64,Entire rental unit,2,4,,
13491,19,Entire rental unit,3,5,,
13492,11,Entire loft,1,2,,
13493,3,Boat,4,8,,
13494,15,Private room in rental unit,1,2,,
13495,1,Entire rental unit,1,4,,
13496,26,Entire rental unit,3,5,,
13497,10,Entire rental unit,4,6,,
13498,7,Entire rental unit,3,6,,
13499,11,Entire rental unit,2,3,,
13500,4,Entire rental unit,1,4,,
13501,9,Entire rental unit,2,3,,
13502,10,Entire rental unit,2,4,,
13503,9,Entire rental unit,2,4,,
13504,7,Entire rental unit,2,4,,
13505,7,Entire rental unit,2,4,,
13506,31,Entire rental unit,1,3,,
13507,7,Entire rental unit,2,4,,
13508,1,Entire rental unit,1,2,,
13509,69,Entire rental unit,3,5,,
13510,1,Entire rental unit,1,2,,
13511,2,Entire rental unit,1,4,,
13512,26,Private room in rental unit,1,1,,
13513,26,Private room in rental unit,1,1,,
13514,26,Private room in rental unit,1,1,,
13515,26,Private room in rental unit,1,1,,
13516,7,Entire rental unit,2,4,,
13517,26,Private room in rental unit,1,1,,
13518,5,Entire rental unit,3,6,,
13519,24,Casa particular,1,2,,
13520,32,Private room in rental unit,1,1,,
13521,68,Entire rental unit,2,6,,
13522,26,Entire rental unit,4,8,,
13523,27,Entire rental unit,3,7,,
13524,13,Entire condo,5,8,,
13525,1,Entire rental unit,1,3,,
13526,7,Entire rental unit,3,6,,
13527,67,Entire rental unit,4,8,,
13528,5,Entire rental unit,6,12,,
13529,6,Entire rental unit,6,12,,
13530,23,Entire rental unit,2,4,,
13531,64,Entire rental unit,4,8,,
13532,1,Private room in rental unit,3,2,,
13533,26,Entire rental unit,3,6,,
13534,7,Entire rental unit,1,2,,
13535,7,Entire rental unit,1,2,,
13536,5,Entire rental unit,1,3,,
13537,5,Private room in rental unit,1,1,,
13538,5,Private room in rental unit,1,1,,
13539,5,Entire rental unit,1,3,,
13540,7,Entire rental unit,1,3,,
13541,11,Entire rental unit,2,3,,
13542,52,Entire rental unit,2,4,,
13543,35,Private room in rental unit,1,2,,
13544,4,Private room in rental unit,1,1,,
13545,18,Entire rental unit,1,2,,
13546,31,Room in hotel,,2,,
13547,31,Room in hotel,,2,,
13548,31,Room in hotel,,2,,
13549,31,Room in hotel,,4,,
13550,64,Private room in rental unit,1,1,,
13551,31,Room in hotel,,2,,
13552,64,Private room in rental unit,1,2,,
13553,64,Private room in rental unit,1,2,,
13554,16,Private room in home,1,2,,
13555,68,Entire rental unit,1,2,,
13556,25,Entire rental unit,1,2,,
13557,37,Entire home,3,6,,
13558,16,Entire rental unit,2,3,,
13559,14,Entire rental unit,2,4,,
13560,1,Entire rental unit,1,2,,
13561,68,Entire rental unit,1,2,,
13562,9,Entire rental unit,3,6,,
13563,26,Entire rental unit,3,5,,
13564,26,Entire rental unit,2,3,,
13565,8,Entire rental unit,2,6,,
13566,8,Entire rental unit,2,6,,
13567,5,Private room in rental unit,1,1,,
13568,4,Entire rental unit,12,16,,
13569,5,Private room in rental unit,1,1,,
13570,7,Entire rental unit,4,4,,
13571,1,Entire rental unit,1,2,,
13572,7,Entire rental unit,1,2,,
13573,18,Entire rental unit,2,4,,
13574,7,Entire rental unit,1,3,,
13575,68,Entire rental unit,,4,,
13576,2,Private room in condo,1,3,,
13577,4,Entire rental unit,4,8,,
13578,26,Entire rental unit,4,8,,
13579,11,Entire rental unit,1,2,,
13580,31,Entire rental unit,2,2,,
13581,6,Entire rental unit,3,5,,
13582,1,Entire rental unit,1,2,,
13583,68,Entire condo,2,3,,
13584,2,Private room in rental unit,,2,,
13585,2,Private room in condo,1,3,,
13586,3,Private room in rental unit,1,1,,
13587,31,Entire rental unit,1,4,,
13588,10,Private room in rental unit,1,2,,
13589,10,Private room in rental unit,1,2,,
13590,31,Entire rental unit,2,4,,
13591,18,Entire rental unit,2,2,,
13592,2,Private room in home,1,2,,
13593,2,Private room in casa particular,1,1,,
13594,27,Entire rental unit,1,2,,
13595,6,Entire rental unit,2,4,,
13596,1,Private room in rental unit,1,2,,
13597,2,Entire rental unit,2,4,,
13598,13,Entire rental unit,1,2,,
13599,6,Entire rental unit,2,4,,
13600,25,Entire rental unit,3,7,,
13601,7,Entire rental unit,1,4,,
13602,4,Entire rental unit,8,16,,
13603,7,Entire rental unit,1,4,,
13604,7,Entire rental unit,1,4,,
13605,7,Entire rental unit,1,2,,
13606,7,Entire rental unit,1,2,,
13607,19,Entire rental unit,1,3,,
13608,1,Entire rental unit,1,2,,
13609,37,Entire rental unit,2,6,,
13610,8,Private room in rental unit,1,2,,
13611,8,Private room in rental unit,1,2,,
13612,9,Private room in rental unit,1,2,,
13613,18,Entire rental unit,2,4,,
13614,6,Entire rental unit,2,4,,
13615,31,Entire rental unit,1,2,,
13616,6,Entire rental unit,2,2,,
13617,31,Entire rental unit,2,3,,
13618,31,Entire rental unit,2,2,,
13619,31,Entire rental unit,2,3,,
13620,31,Entire rental unit,2,3,,
13621,7,Entire rental unit,1,2,,
13622,1,Shared room in rental unit,1,2,,
13623,13,Entire rental unit,1,2,,
13624,1,Private room in rental unit,1,2,,
13625,1,Private room in rental unit,1,2,,
13626,4,Private room in rental unit,1,1,,
13627,4,Entire rental unit,1,2,,
13628,32,Entire rental unit,3,4,,
13629,5,Private room in rental unit,1,1,,
13630,65,Private room in rental unit,1,1,,
13631,28,Entire rental unit,4,6,,
13632,1,Shared room in hostel,,2,,
13633,1,Private room in hostel,1,2,,
13634,4,Entire rental unit,1,2,,
13635,7,Entire rental unit,2,4,,
13636,9,Entire rental unit,3,6,,
13637,31,Entire rental unit,2,6,,
13638,6,Entire rental unit,2,4,,
13639,6,Entire rental unit,2,4,,
13640,18,Entire rental unit,2,5,,
13641,1,Entire rental unit,3,5,,
13642,6,Private room in rental unit,2,2,,
13643,2,Entire rental unit,1,2,,
13644,25,Entire rental unit,1,2,,
13645,9,Private room in guesthouse,1,2,,
13646,32,Entire rental unit,2,3,,
13647,32,Entire rental unit,2,5,,
13648,32,Entire rental unit,4,8,,
13649,10,Entire rental unit,3,5,,
13650,1,Entire rental unit,1,2,,
13651,1,Entire rental unit,1,2,,
13652,10,Entire rental unit,2,3,,
13653,7,Private room in rental unit,1,2,,
13654,8,Entire rental unit,3,4,,
13655,2,Entire rental unit,1,3,,
13656,7,Entire rental unit,2,4,,
13657,5,Private room in rental unit,1,1,,
13658,5,Private room in rental unit,1,1,,
13659,7,Entire rental unit,4,8,,
13660,11,Entire rental unit,3,2,,
13661,15,Entire rental unit,3,6,,
13662,6,Entire rental unit,4,5,,
13663,7,Entire rental unit,1,1,,
13664,20,Entire rental unit,4,11,,
13665,4,Private room in rental unit,1,2,,
13666,10,Entire rental unit,4,4,,
13667,26,Private room in rental unit,1,1,,
13668,13,Entire rental unit,1,2,,
13669,68,Entire rental unit,1,2,,
13670,26,Entire rental unit,2,3,,
13671,26,Entire rental unit,2,4,,
13672,26,Entire rental unit,3,5,,
13673,7,Private room in rental unit,1,2,,
13674,26,Private room in rental unit,1,1,,
13675,24,Private room in rental unit,1,2,,
13676,33,Entire rental unit,2,3,,
13677,1,Private room in hostel,1,2,,
13678,1,Private room in hostel,1,2,,
13679,10,Entire rental unit,1,2,,
13680,7,Entire rental unit,3,6,,
13681,44,Private room in rental unit,3,2,,
13682,7,Entire rental unit,1,2,,
13683,29,Entire rental unit,2,4,,
13684,1,Private room in rental unit,1,2,,
13685,35,Entire rental unit,2,7,,
13686,31,Entire rental unit,1,4,,
13687,4,Entire rental unit,3,6,,
13688,7,Private room in rental unit,1,2,,
13689,11,Entire rental unit,1,2,,
13690,7,Private room in rental unit,1,2,,
13691,7,Private room in rental unit,1,2,,
13692,7,Private room in rental unit,1,2,,
13693,10,Entire rental unit,1,4,,
13694,10,Entire rental unit,3,6,,
13695,64,Entire rental unit,1,4,,
13696,64,Entire rental unit,3,5,,
13697,32,Entire rental unit,1,2,,
13698,19,Entire rental unit,1,2,,
13699,13,Entire rental unit,1,2,,
13700,13,Entire rental unit,1,2,,
13701,13,Entire rental unit,1,2,,
13702,13,Entire rental unit,1,2,,
13703,13,Entire rental unit,1,2,,
13704,13,Entire rental unit,1,2,,
13705,4,Private room in rental unit,1,1,,
13706,4,Private room in serviced apartment,1,1,,
13707,25,Entire rental unit,2,4,,
13708,31,Entire rental unit,1,3,,
13709,7,Entire rental unit,2,4,,
13710,6,Entire rental unit,3,5,,
13711,7,Entire rental unit,2,4,,
13712,20,Private room in rental unit,1,2,,
13713,3,Entire rental unit,1,2,,
13714,26,Private room in rental unit,1,2,,
13715,68,Entire rental unit,,5,,
13716,1,Entire rental unit,1,2,,
13717,1,Entire rental unit,2,3,,
13718,66,Entire rental unit,1,3,,
13719,2,Entire rental unit,2,3,,
13720,9,Entire rental unit,2,3,,
13721,2,Entire rental unit,3,6,,
13722,2,Private room in rental unit,1,2,,
13723,11,Private room in home,8,7,,
13724,44,Entire rental unit,2,4,,
13725,9,Entire rental unit,1,2,,
13726,29,Entire rental unit,1,4,,
13727,6,Private room in rental unit,1,2,,
13728,1,Entire rental unit,1,3,,
13729,1,Private room in rental unit,1,2,,
13730,7,Entire rental unit,2,6,,
13731,4,Entire rental unit,1,2,,
13732,4,Entire rental unit,1,2,,
13733,4,Entire rental unit,1,2,,
13734,31,Entire rental unit,2,3,,
13735,1,Entire rental unit,1,2,,
13736,1,Entire rental unit,1,2,,
13737,2,Entire rental unit,1,2,,
13738,64,Entire rental unit,1,4,,
13739,4,Entire rental unit,1,2,,
13740,4,Entire rental unit,1,2,,
13741,4,Entire rental unit,1,2,,
13742,4,Entire rental unit,1,2,,
13743,3,Entire rental unit,1,2,,
13744,4,Entire rental unit,1,3,,
13745,9,Entire rental unit,1,2,,
13746,2,Entire rental unit,1,2,,
13747,32,Entire rental unit,1,2,,
13748,4,Entire rental unit,1,2,,
13749,70,Entire rental unit,4,7,,
13750,11,Shared room in rental unit,1,3,,
13751,4,Private room in rental unit,1,1,,
13752,4,Private room in rental unit,1,1,,
13753,30,Private room in villa,1,2,,
13754,6,Entire rental unit,,2,,
13755,6,Entire rental unit,2,4,,
13756,6,Entire rental unit,3,1,,
13757,50,Private room in home,1,2,,
13758,4,Entire rental unit,1,6,,
13759,7,Private room in rental unit,1,1,,
13760,7,Private room in rental unit,1,2,,
13761,1,Entire rental unit,1,2,,
13762,1,Entire rental unit,2,3,,
13763,1,Entire rental unit,1,2,,
13764,1,Entire rental unit,1,2,,
13765,1,Entire rental unit,1,2,,
13766,2,Entire rental unit,1,2,,
13767,2,Entire rental unit,1,2,,
13768,7,Entire serviced apartment,1,4,,
13769,7,Entire rental unit,2,4,,
13770,7,Entire rental unit,1,2,,
13771,7,Entire rental unit,2,4,,
13772,10,Entire rental unit,3,6,,
13773,11,Entire rental unit,2,4,,
13774,1,Entire rental unit,1,2,,
13775,1,Entire rental unit,1,2,,
13776,1,Entire rental unit,1,2,,
13777,1,Entire rental unit,1,2,,
13778,1,Entire rental unit,1,2,,
13779,1,Entire rental unit,2,3,,
13780,1,Entire rental unit,1,2,,
13781,1,Entire rental unit,1,2,,
13782,1,Entire rental unit,2,3,,
13783,31,Private room in rental unit,1,2,,
13784,2,Private room in rental unit,1,2,,
13785,26,Private room in rental unit,1,2,,
13786,68,Entire rental unit,1,3,,
13787,66,Entire rental unit,1,3,,
13788,8,Entire rental unit,2,4,,
13789,7,Entire rental unit,3,4,,
13790,4,Private room in rental unit,1,3,,
13791,40,Private room in home,1,2,,
13792,3,Entire rental unit,1,2,,
13793,1,Entire rental unit,1,3,,
13794,9,Entire rental unit,3,6,,
13795,8,Entire rental unit,2,3,,
13796,20,Private room in rental unit,1,2,,
13797,7,Private room in rental unit,1,1,,
13798,10,Private room in rental unit,1,1,,
13799,31,Entire rental unit,3,6,,
13800,6,Entire rental unit,4,6,,
13801,16,Private room in rental unit,1,2,,
13802,4,Entire rental unit,1,2,,
13803,32,Entire rental unit,3,5,,
13804,7,Entire rental unit,2,4,,
13805,11,Entire townhouse,4,12,,
13806,11,Entire rental unit,5,10,,
13807,7,Entire rental unit,2,4,,
13808,11,Entire rental unit,2,4,,
13809,11,Entire rental unit,2,6,,
13810,2,Entire rental unit,1,2,,
13811,27,Entire rental unit,1,2,,
13812,31,Private room in rental unit,1,1,,
13813,10,Entire rental unit,2,4,,
13814,10,Entire rental unit,2,4,,
13815,10,Entire rental unit,2,4,,
13816,11,Entire rental unit,1,2,,
13817,2,Private room in rental unit,1,2,,
13818,22,Private room in home,1,1,,
13819,22,Private room in home,1,1,,
13820,22,Private room in home,1,1,,
13821,15,Entire rental unit,1,4,,
13822,11,Entire rental unit,2,3,,
13823,4,Entire rental unit,1,2,,
13824,2,Entire rental unit,2,4,,
13825,6,Entire rental unit,1,2,,
13826,1,Room in hotel,,2,,
13827,8,Private room in rental unit,1,2,,
13828,8,Private room in rental unit,1,1,,
13829,24,Entire rental unit,2,3,,
13830,24,Entire rental unit,,2,,
13831,31,Entire rental unit,2,4,,
13832,3,Entire rental unit,1,2,,
13833,1,Private room in rental unit,1,1,,
13834,1,Private room in rental unit,1,1,,
13835,10,Private room in rental unit,1,1,,
13836,1,Private room in rental unit,1,1,,
13837,7,Entire rental unit,3,6,,
13838,3,Entire rental unit,1,2,,
13839,7,Room in hotel,,2,,
13840,2,Entire rental unit,1,4,,
13841,19,Room in hotel,,4,,
13842,19,Room in hotel,,2,,
13843,19,Room in hotel,,3,,
13844,19,Room in hotel,,2,,
13845,19,Room in hotel,,2,,
13846,19,Room in hotel,,2,,
13847,19,Room in hotel,,2,,
13848,31,Entire rental unit,,2,,
13849,18,Entire rental unit,2,5,,
13850,6,Entire rental unit,2,4,,
13851,2,Entire rental unit,1,2,,
13852,16,Private room in rental unit,1,2,,
13853,1,Entire rental unit,3,6,,
13854,7,Private room in rental unit,1,1,,
13855,7,Private room in rental unit,1,5,,
13856,63,Private room in rental unit,1,2,,
13857,3,Entire rental unit,1,2,,
13858,7,Entire rental unit,3,4,,
13859,8,Room in hotel,,2,,
13860,8,Room in hotel,,2,,
13861,25,Entire rental unit,1,2,,
13862,10,Room in hotel,,2,,
13863,10,Room in hotel,,2,,
13864,2,Private room in rental unit,1,2,,
13865,2,Private room in rental unit,1,2,,
13866,10,Entire rental unit,3,4,,
13867,9,Entire rental unit,2,4,,
13868,31,Entire rental unit,2,4,,
13869,1,Private room in boat,1,1,,
13870,10,Entire rental unit,2,4,,
13871,25,Entire rental unit,2,3,,
13872,11,Entire rental unit,1,2,,
13873,11,Entire rental unit,2,4,,
13874,71,Entire rental unit,3,6,,
13875,10,Entire rental unit,1,4,,
13876,10,Entire rental unit,3,3,,
13877,1,Private room in home,3,6,,
13878,4,Entire rental unit,1,2,,
13879,4,Entire rental unit,2,9,,
13880,39,Entire rental unit,2,6,,
13881,10,Entire rental unit,3,5,,
13882,7,Entire rental unit,2,6,,
13883,31,Entire rental unit,2,4,,
13884,1,Private room in rental unit,1,2,,
13885,24,Entire rental unit,2,3,,
13886,30,Entire home,1,2,,
13887,32,Entire rental unit,2,4,,
13888,7,Entire rental unit,2,5,,
13889,7,Entire rental unit,3,5,,
13890,1,Private room in rental unit,1,2,,
13891,26,Entire rental unit,3,3,,
13892,1,Private room in rental unit,1,2,,
13893,11,Entire rental unit,3,7,,
13894,1,Private room in rental unit,1,2,,
13895,20,Entire rental unit,1,2,,
13896,1,Room in hotel,,2,,
13897,1,Room in hotel,,3,,
13898,1,Entire rental unit,4,9,,
13899,2,Private room in rental unit,1,2,,
13900,10,Entire rental unit,3,4,,
13901,1,Entire rental unit,4,9,,
13902,1,Entire rental unit,4,9,,
13903,1,Private room in rental unit,1,2,,
13904,3,Entire rental unit,2,4,,
13905,9,Entire rental unit,2,4,,
13906,9,Entire rental unit,2,5,,
13907,68,Entire rental unit,3,6,,
13908,7,Entire rental unit,2,4,,
13909,6,Entire rental unit,3,5,,
13910,7,Entire rental unit,4,9,,
13911,26,Entire rental unit,2,3,,
13912,7,Entire rental unit,2,4,,
13913,57,Private room in rental unit,1,2,,
13914,7,Entire rental unit,4,7,,
13915,10,Entire rental unit,4,6,,
13916,1,Private room in rental unit,1,2,,
13917,1,Private room in rental unit,1,1,,
13918,63,Private room in rental unit,1,2,,
13919,8,Entire rental unit,2,3,,
13920,68,Entire rental unit,2,3,,
13921,35,Entire rental unit,2,5,,
13922,6,Entire rental unit,2,4,,
13923,2,Entire rental unit,1,6,,
13924,1,Private room in rental unit,1,4,,
13925,2,Entire rental unit,4,10,,
13926,2,Entire rental unit,1,2,,
13927,3,Private room in rental unit,1,2,,
13928,7,Entire rental unit,3,6,,
13929,31,Private room in rental unit,1,2,,
13930,73,Private room in rental unit,1,1,,
13931,9,Entire rental unit,2,4,,
13932,26,Private room in rental unit,1,1,,
13933,3,Entire rental unit,2,4,,
13934,25,Entire rental unit,3,5,,
13935,2,Entire rental unit,4,8,,
13936,2,Entire rental unit,1,2,,
13937,6,Private room in home,1,2,,
13938,1,Private room in rental unit,1,1,,
13939,1,Private room in rental unit,1,2,,
13940,1,Private room in rental unit,1,1,,
13941,62,Private room in rental unit,1,2,,
13942,3,Private room in rental unit,1,2,,
13943,1,Room in hotel,,3,,
13944,24,Entire rental unit,2,4,,
13945,24,Room in hotel,,4,,
13946,24,Room in hotel,,3,,
13947,3,Private room in rental unit,1,2,,
13948,11,Private room in rental unit,1,2,,
13949,11,Private room in rental unit,1,2,,
13950,10,Private room in rental unit,1,2,,
13951,10,Private room in rental unit,1,2,,
13952,65,Private room in rental unit,1,2,,
13953,6,Entire rental unit,4,8,,
13954,69,Room in hotel,,2,,
13955,11,Private room in rental unit,1,2,,
13956,2,Entire rental unit,1,2,,
13957,7,Room in hotel,,2,,
13958,7,Room in hotel,,3,,
13959,7,Room in hotel,,2,,
13960,18,Private room in rental unit,1,2,,
13961,6,Private room in rental unit,1,2,,
13962,5,Private room in rental unit,1,2,,
13963,7,Entire rental unit,2,3,,
13964,25,Entire rental unit,2,4,,
13965,2,Entire rental unit,2,3,,
13966,2,Entire rental unit,1,2,,
13967,1,Entire rental unit,3,5,,
13968,11,Entire rental unit,2,2,,
13969,1,Private room in rental unit,1,1,,
13970,64,Room in hotel,,2,,
13971,64,Room in hotel,,3,,
13972,64,Room in hotel,,2,,
13973,1,Entire home,1,2,,
13974,25,Room in hotel,,2,,
13975,25,Room in hotel,,2,,
13976,4,Room in hotel,,2,,
13977,4,Room in hotel,,2,,
13978,2,Room in hotel,,2,,
13979,7,Room in hotel,,2,,
13980,7,Room in hotel,,3,,
13981,7,Room in hotel,,2,,
13982,7,Room in hotel,,3,,
13983,7,Room in hotel,,2,,
13984,7,Room in hotel,,2,,
13985,28,Room in hotel,,3,,
13986,28,Room in hotel,,2,,
13987,28,Room in hotel,,2,,
13988,27,Room in hotel,,2,,
13989,27,Room in hotel,,2,,
13990,27,Room in hotel,,2,,
13991,2,Room in hotel,,2,,
13992,7,Room in hotel,,4,,
13993,9,Room in hotel,,2,,
13994,64,Room in hotel,,2,,
13995,64,Room in hotel,,2,,
13996,2,Room in hotel,,2,,
13997,31,Entire rental unit,2,4,,
13998,7,Entire rental unit,4,8,,
13999,1,Private room in rental unit,1,2,,
14000,31,Entire rental unit,1,2,,
14001,3,Private room in rental unit,1,2,,
14002,3,Private room in rental unit,1,2,,
14003,59,Room in hotel,,2,,
14004,3,Private room in rental unit,1,2,,
14005,2,Room in hotel,,2,,
14006,1,Private room in rental unit,1,1,,
14007,31,Entire rental unit,1,2,,
14008,19,Entire rental unit,2,3,,
14009,33,Entire rental unit,2,3,,
14010,63,Private room in rental unit,1,2,,
14011,6,Entire rental unit,3,8,,
14012,11,Entire rental unit,1,2,,
14013,6,Entire rental unit,4,8,,
14014,6,Entire rental unit,8,16,,
14015,27,Entire rental unit,1,2,,
14016,21,Room in hotel,,2,,
14017,21,Room in hotel,,2,,
14018,27,Entire rental unit,2,3,,
14019,10,Entire rental unit,3,6,,
14020,44,Entire rental unit,3,12,,
14021,11,Entire rental unit,2,4,,
14022,4,Entire rental unit,2,4,,
14023,4,Room in hotel,,2,,
14024,4,Room in hotel,,2,,
14025,4,Room in hotel,,2,,
14026,4,Room in hotel,,2,,
14027,4,Room in hotel,,2,,
14028,4,Room in hotel,,2,,
14029,68,Entire rental unit,1,2,,
14030,4,Entire rental unit,4,8,,
14031,27,Entire rental unit,2,2,,
14032,6,Private room in rental unit,1,2,,
14033,6,Private room in rental unit,1,2,,
14034,30,Entire home,1,2,,
14035,65,Private room in rental unit,1,1,,
14036,4,Entire rental unit,1,2,,
14037,8,Entire rental unit,2,4,,
14038,10,Entire rental unit,2,4,,
14039,31,Room in hotel,,4,,
14040,1,Private room in home,1,4,,
14041,2,Private room in rental unit,1,2,,
14042,6,Entire rental unit,4,8,,
14043,35,Entire rental unit,2,9,,
14044,5,Entire rental unit,3,5,,
14045,1,Room in hotel,,2,,
14046,1,Room in hotel,,2,,
14047,2,Private room in rental unit,1,2,,
14048,31,Private room in rental unit,1,2,,
14049,1,Room in hotel,,4,,
14050,1,Room in hotel,,3,,
14051,63,Private room in rental unit,1,2,,
14052,1,Private room in rental unit,1,2,,
14053,52,Private room in rental unit,1,1,,
14054,11,Private room in rental unit,1,1,,
14055,11,Private room in rental unit,1,2,,
14056,6,Entire rental unit,2,4,,
14057,8,Entire rental unit,5,8,,
14058,3,Entire rental unit,2,6,,
14059,2,Entire rental unit,1,4,,
14060,7,Entire rental unit,2,4,,
14061,26,Entire rental unit,4,10,,
14062,11,Entire rental unit,3,6,,
14063,1,Private room in rental unit,1,4,,
14064,2,Private room in rental unit,1,2,,
14065,2,Entire rental unit,2,4,,
14066,8,Entire rental unit,2,4,,
14067,8,Entire rental unit,1,2,,
14068,15,Entire rental unit,1,4,,
14069,37,Private room in rental unit,1,2,,
14070,21,Entire home,2,3,,
14071,68,Entire rental unit,2,5,,
14072,26,Entire rental unit,5,7,,
14073,9,Entire rental unit,3,4,,
14074,1,Private room in rental unit,1,2,,
14075,7,Entire rental unit,2,4,,
14076,6,Entire rental unit,3,6,,
14077,15,Entire rental unit,2,6,,
14078,13,Entire rental unit,1,2,,
14079,23,Entire rental unit,2,4,,
14080,7,Entire rental unit,1,2,,
14081,4,Entire home,1,2,,
14082,30,Entire rental unit,2,4,,
14083,8,Entire rental unit,3,4,,
14084,17,Entire rental unit,1,2,,
14085,50,Entire rental unit,2,6,,
14086,48,Private room in rental unit,2,1,,
14087,65,Private room in rental unit,1,2,,
14088,59,Entire rental unit,1,2,,
14089,33,Private room in rental unit,1,1,,
14090,7,Room in boutique hotel,1,2,,
14091,4,Private room in rental unit,1,2,,
14092,1,Private room in rental unit,1,2,,
14093,4,Entire rental unit,2,4,,
14094,68,Entire rental unit,2,3,,
14095,1,Private room in rental unit,1,2,,
14096,69,Entire rental unit,4,8,,
14097,6,Entire rental unit,2,4,,
14098,48,Private room in rental unit,1,1,,
14099,48,Private room in rental unit,1,1,,
14100,28,Private room in rental unit,1,2,,
14101,3,Entire rental unit,2,3,,
14102,6,Private room in rental unit,1,2,,
14103,31,Private room in rental unit,1,2,,
14104,1,Private room in rental unit,1,2,,
14105,2,Private room in rental unit,1,2,,
14106,2,Private room in rental unit,1,2,,
14107,26,Entire rental unit,4,6,,
14108,32,Entire rental unit,1,2,,
14109,31,Entire rental unit,1,2,,
14110,68,Entire rental unit,2,4,,
14111,1,Private room in rental unit,1,2,,
14112,4,Boat,3,6,,
14113,4,Private room in rental unit,1,2,,
14114,68,Entire rental unit,1,2,,
14115,68,Entire rental unit,2,3,,
14116,68,Entire rental unit,1,2,,
14117,73,Private room in rental unit,1,2,,
14118,26,Entire rental unit,,4,,
14119,73,Entire rental unit,1,2,,
14120,4,Boat,3,6,,
14121,5,Private room in rental unit,1,2,,
14122,9,Entire rental unit,1,2,,
14123,15,Private room in rental unit,1,2,,
14124,2,Private room in rental unit,1,1,,
14125,3,Private room in rental unit,1,1,,
14126,4,Entire rental unit,1,2,,
14127,7,Private room in rental unit,1,2,,
14128,1,Private room in rental unit,1,2,,
14129,26,Private room in rental unit,1,2,,
14130,26,Entire rental unit,2,4,,
14131,7,Entire rental unit,1,2,,
14132,23,Entire rental unit,2,3,,
14133,4,Private room in rental unit,1,4,,
14134,4,Private room in rental unit,1,4,,
14135,4,Private room in rental unit,1,2,,
14136,4,Private room in rental unit,1,2,,
14137,4,Private room in rental unit,1,2,,
14138,1,Private room in rental unit,1,2,,
14139,1,Private room in rental unit,1,2,,
14140,4,Private room in rental unit,1,3,,
14141,1,Private room in rental unit,1,2,,
14142,2,Private room in rental unit,1,2,,
14143,7,Shared room in hostel,,1,,
14144,9,Entire rental unit,3,5,,
14145,13,Entire rental unit,1,2,,
14146,6,Entire rental unit,4,9,,
14147,31,Entire rental unit,2,4,,
14148,26,Entire rental unit,2,4,,
14149,26,Entire rental unit,2,4,,
14150,26,Entire rental unit,2,4,,
14151,26,Entire rental unit,2,4,,
14152,26,Entire rental unit,2,4,,
14153,26,Entire rental unit,2,4,,
14154,26,Entire rental unit,2,4,,
14155,26,Entire rental unit,2,4,,
14156,26,Entire rental unit,2,4,,
14157,26,Entire rental unit,2,4,,
14158,26,Entire rental unit,2,4,,
14159,26,Entire rental unit,2,4,,
14160,26,Entire rental unit,2,4,,
14161,26,Entire rental unit,2,3,,
14162,26,Entire rental unit,,4,,
14163,26,Entire rental unit,,2,,
14164,26,Entire rental unit,,2,,
14165,26,Entire rental unit,1,2,,
14166,26,Entire rental unit,1,2,,
14167,1,Private room in rental unit,2,3,,
14168,52,Private room in rental unit,1,2,,
14169,2,Private room in rental unit,1,1,,
14170,6,Room in hotel,,2,,
14171,15,Private room in rental unit,1,2,,
14172,7,Shared room in hotel,,1,,
14173,26,Private room in rental unit,1,1,,
14174,4,Private room in rental unit,1,2,,
14175,35,Entire rental unit,2,4,,
14176,4,Private room in rental unit,1,2,,
14177,5,Entire rental unit,,2,,
14178,35,Entire rental unit,3,7,,
14179,16,Private room in rental unit,1,2,,
14180,27,Private room in rental unit,1,2,,
14181,27,Private room in rental unit,1,4,,
14182,11,Entire rental unit,3,6,,
14183,26,Private room in rental unit,1,2,,
14184,15,Entire rental unit,2,4,,
14185,31,Entire rental unit,3,4,,
14186,31,Entire rental unit,3,4,,
14187,73,Private room in rental unit,1,2,,
14188,1,Private room in rental unit,1,2,,
14189,7,Private room in rental unit,1,4,,
14190,6,Private room in rental unit,1,2,,
14191,6,Private room in rental unit,1,1,,
14192,72,Private room in rental unit,1,2,,
14193,4,Private room in rental unit,1,2,,
14194,7,Room in hotel,1,1,,
14195,19,Private room in rental unit,1,1,,
14196,5,Private room in rental unit,1,2,,
14197,1,Private room in rental unit,1,2,,
14198,1,Private room in rental unit,1,2,,
14199,10,Entire rental unit,2,4,,
14200,21,Entire home,1,4,,
14201,67,Entire rental unit,1,2,,
14202,66,Entire rental unit,3,6,,
14203,1,Private room in rental unit,1,2,,
14204,1,Private room in rental unit,1,2,,
14205,11,Entire rental unit,2,5,,
14206,10,Entire rental unit,2,4,,
14207,1,Entire rental unit,1,2,,
14208,68,Entire rental unit,1,2,,
14209,31,Entire rental unit,3,4,,
14210,2,Private room in rental unit,1,2,,
14211,4,Entire rental unit,1,2,,
14212,5,Entire rental unit,3,9,,
14213,5,Entire rental unit,2,6,,
14214,5,Entire rental unit,3,6,,
14215,16,Entire rental unit,2,3,,
14216,3,Entire rental unit,2,4,,
14217,11,Entire rental unit,2,2,,
14218,19,Entire rental unit,2,5,,
14219,68,Entire rental unit,2,4,,
14220,31,Entire rental unit,2,3,,
14221,5,Entire rental unit,1,2,,
14222,5,Entire rental unit,3,6,,
14223,3,Entire rental unit,1,3,,
14224,4,Entire rental unit,2,6,,
14225,31,Private room in rental unit,1,1,,
14226,31,Private room in rental unit,1,1,,
14227,7,Private room in rental unit,1,1,,
14228,3,Private room in rental unit,1,2,,
14229,4,Entire rental unit,1,2,,
14230,7,Entire rental unit,1,2,,
14231,2,Entire rental unit,1,2,,
14232,26,Private room in rental unit,1,1,,
14233,26,Private room in rental unit,1,1,,
14234,26,Private room in rental unit,1,1,,
14235,44,Entire rental unit,2,3,,
14236,44,Entire rental unit,2,3,,
14237,32,Entire rental unit,2,5,,
14238,6,Private room in rental unit,1,1,,
14239,44,Entire rental unit,2,4,,
14240,32,Entire rental unit,1,2,,
14241,4,Entire rental unit,2,6,,
14242,65,Entire rental unit,,2,,
14243,67,Entire rental unit,2,3,,
14244,1,Private room in rental unit,1,1,,
14245,1,Private room in rental unit,1,2,,
14246,1,Private room in rental unit,1,2,,
14247,7,Private room in bed and breakfast,1,2,,
14248,7,Private room in bed and breakfast,1,2,,
14249,10,Entire rental unit,2,3,,
14250,1,Entire rental unit,2,4,,
14251,1,Entire rental unit,1,2,,
14252,26,Entire rental unit,2,3,,
14253,3,Entire rental unit,1,4,,
14254,25,Entire rental unit,1,2,,
14255,1,Entire rental unit,1,2,,
14256,2,Entire rental unit,2,6,,
14257,7,Room in hotel,1,2,,
14258,7,Entire home,3,5,,
14259,8,Entire rental unit,3,5,,
14260,1,Entire rental unit,1,2,,
14261,31,Private room in rental unit,1,1,,
14262,26,Private room in rental unit,1,1,,
14263,26,Private room in rental unit,1,1,,
14264,64,Entire rental unit,1,4,,
14265,10,Private room in rental unit,1,2,,
14266,62,Private room in rental unit,1,2,,
14267,31,Entire rental unit,3,9,,
14268,37,Entire rental unit,2,3,,
14269,4,Private room in rental unit,1,2,,
14270,26,Private room in rental unit,1,1,,
14271,16,Entire rental unit,3,4,,
14272,1,Entire rental unit,1,2,,
14273,2,Entire rental unit,2,4,,
14274,8,Entire rental unit,1,2,,
14275,7,Entire rental unit,3,6,,
14276,1,Private room in rental unit,1,1,,
14277,73,Private room in rental unit,1,2,,
14278,1,Private room in rental unit,1,1,,
14279,10,Private room in rental unit,1,1,,
14280,10,Private room in rental unit,1,1,,
14281,2,Private room in rental unit,1,2,,
14282,26,Entire rental unit,2,4,,
14283,18,Entire rental unit,2,4,,
14284,7,Private room in rental unit,1,1,,
14285,4,Private room in home,1,2,,
14286,1,Entire rental unit,1,2,,
14287,1,Entire rental unit,1,2,,
14288,6,Entire rental unit,3,5,,
14289,1,Entire rental unit,1,2,,
14290,2,Private room in rental unit,1,2,,
14291,8,Private room in rental unit,1,2,,
14292,8,Private room in rental unit,1,2,,
14293,8,Private room in rental unit,1,2,,
14294,8,Entire rental unit,2,6,,
14295,6,Private room in rental unit,1,2,,
14296,50,Private room in home,1,2,,
14297,31,Entire rental unit,1,2,,
14298,3,Private room in rental unit,1,1,,
14299,3,Private room in rental unit,1,2,,
14300,6,Private room in condo,1,2,,
14301,4,Private room in rental unit,1,2,,
14302,10,Entire rental unit,2,4,,
14303,1,Private room in condo,1,1,,
14304,1,Entire rental unit,1,2,,
14305,1,Entire rental unit,1,2,,
14306,1,Entire rental unit,1,2,,
14307,1,Entire rental unit,1,2,,
14308,1,Entire rental unit,1,2,,
14309,60,Entire rental unit,4,12,,
14310,1,Entire rental unit,1,2,,
14311,17,Entire rental unit,1,2,,
14312,1,Entire rental unit,1,2,,
14313,11,Private room in rental unit,1,2,,
14314,1,Private room in rental unit,1,2,,
14315,1,Private room in rental unit,1,2,,
14316,6,Entire rental unit,2,5,,
14317,2,Entire rental unit,3,6,,
14318,33,Private room in rental unit,1,2,,
14319,7,Entire rental unit,1,4,,
14320,1,Entire rental unit,1,2,,
14321,1,Entire rental unit,2,3,,
14322,7,Entire rental unit,2,6,,
14323,7,Entire rental unit,3,6,,
14324,64,Entire rental unit,1,2,,
14325,26,Entire rental unit,1,2,,
14326,8,Entire rental unit,1,2,,
14327,19,Entire rental unit,3,7,,
14328,30,Entire home,1,2,,
14329,2,Private room in rental unit,1,2,,
14330,2,Private room in rental unit,1,2,,
14331,1,Private room in rental unit,1,2,,
14332,2,Private room in rental unit,1,2,,
14333,8,Private room in rental unit,1,2,,
14334,31,Entire rental unit,1,2,,
14335,30,Entire home,1,2,,
14336,31,Private room in rental unit,1,2,,
14337,31,Private room in rental unit,1,2,,
14338,31,Private room in rental unit,1,3,,
14339,31,Private room in rental unit,1,2,,
14340,31,Private room in rental unit,1,2,,
14341,31,Private room in rental unit,1,2,,
14342,31,Private room in rental unit,1,2,,
14343,31,Private room in rental unit,1,2,,
14344,33,Entire rental unit,4,5,,
14345,7,Entire rental unit,4,8,,
14346,7,Entire rental unit,1,3,,
14347,64,Entire rental unit,2,4,,
14348,7,Entire rental unit,2,6,,
14349,64,Entire rental unit,2,4,,
14350,8,Entire rental unit,2,4,,
14351,7,Entire rental unit,3,5,,
14352,8,Entire rental unit,2,5,,
14353,18,Entire rental unit,2,4,,
14354,16,Entire rental unit,2,4,,
14355,50,Private room in home,1,2,,
14356,7,Private room in condo,1,1,,
14357,26,Entire rental unit,2,4,,
14358,7,Private room in condo,1,1,,
14359,7,Private room in condo,1,1,,
14360,9,Entire rental unit,4,6,,
14361,17,Entire rental unit,3,6,,
14362,68,Entire rental unit,2,4,,
14363,1,Entire rental unit,2,4,,
14364,4,Entire rental unit,1,2,,
14365,31,Entire rental unit,1,2,,
14366,11,Entire rental unit,1,2,,
14367,1,Entire rental unit,2,6,,
14368,72,Private room in rental unit,3,1,,
14369,4,Entire rental unit,1,2,,
14370,9,Entire rental unit,3,4,,
14371,4,Private room in rental unit,1,2,,
14372,29,Entire rental unit,2,3,,
14373,30,Private room in rental unit,1,2,,
14374,26,Entire rental unit,3,5,,
14375,26,Entire rental unit,3,5,,
14376,30,Private room in rental unit,1,2,,
14377,13,Entire rental unit,1,2,,
14378,13,Entire rental unit,1,2,,
14379,34,Private room in rental unit,1,2,,
14380,26,Entire rental unit,4,6,,
14381,26,Entire rental unit,4,6,,
14382,44,Entire rental unit,2,3,,
14383,7,Private room in rental unit,1,3,,
14384,9,Entire rental unit,2,5,,
14385,26,Private room in rental unit,1,1,,
14386,1,Tiny home,1,2,,
14387,1,Private room in rental unit,1,3,,
14388,4,Entire rental unit,1,2,,
14389,62,Private room in rental unit,1,1,,
14390,9,Entire rental unit,2,4,,
14391,9,Entire rental unit,2,4,,
14392,7,Entire rental unit,2,4,,
14393,10,Entire rental unit,3,5,,
14394,8,Entire rental unit,2,2,,
14395,10,Entire rental unit,3,4,,
14396,7,Entire rental unit,3,5,,
14397,11,Entire rental unit,1,3,,
14398,5,Entire rental unit,,2,,
14399,9,Entire rental unit,3,5,,
14400,6,Private room in rental unit,1,1,,
14401,8,Entire rental unit,,4,,
14402,1,Entire rental unit,1,3,,
14403,2,Private room in rental unit,1,3,,
14404,61,Entire rental unit,1,2,,
14405,61,Entire rental unit,1,2,,
14406,5,Entire rental unit,2,4,,
14407,25,Entire rental unit,1,4,,
14408,2,Private room in rental unit,1,2,,
14409,2,Private room in rental unit,1,4,,
14410,2,Private room in rental unit,1,3,,
14411,7,Private room in rental unit,1,1,,
14412,7,Private room in rental unit,1,1,,
14413,2,Private room in rental unit,1,3,,
14414,31,Entire rental unit,,2,,
14415,23,Entire rental unit,2,4,,
14416,63,Private room in rental unit,3,1,,
14417,2,Private room in rental unit,1,3,,
14418,2,Private room in rental unit,1,2,,
14419,19,Private room in rental unit,1,1,,
14420,19,Private room in rental unit,1,1,,
14421,19,Private room in rental unit,1,1,,
14422,68,Entire rental unit,1,2,,
14423,24,Entire rental unit,2,4,,
14424,11,Entire rental unit,2,4,,
14425,2,Private room in rental unit,1,2,,
14426,32,Private room in rental unit,1,2,,
14427,32,Private room in rental unit,1,2,,
14428,1,Entire rental unit,2,3,,
14429,71,Entire rental unit,1,2,,
14430,6,Entire rental unit,3,6,,
14431,3,Private room in rental unit,1,4,,
14432,2,Private room in rental unit,1,2,,
14433,7,Private room in rental unit,1,1,,
14434,5,Private room in rental unit,1,1,,
14435,5,Private room in rental unit,1,1,,
14436,17,Entire rental unit,3,6,,
14437,6,Entire rental unit,3,6,,
14438,5,Entire rental unit,3,4,,
14439,31,Private room in rental unit,1,2,,
14440,3,Entire rental unit,1,2,,
14441,3,Entire rental unit,1,2,,
14442,3,Entire rental unit,2,4,,
14443,26,Entire rental unit,1,3,,
14444,73,Entire rental unit,1,3,,
14445,26,Private room in condo,1,2,,
14446,26,Private room in condo,1,2,,
14447,19,Private room in rental unit,1,2,,
14448,19,Private room in rental unit,1,2,,
14449,16,Entire rental unit,2,4,,
14450,15,Private room in rental unit,1,2,,
14451,7,Entire rental unit,2,4,,
14452,18,Entire rental unit,1,4,,
14453,26,Entire rental unit,2,5,,
14454,4,Entire rental unit,2,2,,
14455,7,Entire rental unit,2,4,,
14456,7,Private room in rental unit,1,2,,
14457,7,Private room in rental unit,1,2,,
14458,2,Private room in rental unit,1,2,,
14459,3,Private room in rental unit,1,2,,
14460,4,Private room in rental unit,1,2,,
14461,6,Private room in rental unit,1,3,,
14462,64,Private room in rental unit,3,1,,
14463,10,Entire rental unit,1,2,,
14464,6,Private room in rental unit,1,2,,
14465,9,Private room in rental unit,1,2,,
14466,9,Private room in rental unit,1,2,,
14467,12,Entire home,3,5,,
14468,6,Entire rental unit,3,4,,
14469,32,Entire rental unit,3,6,,
14470,6,Entire rental unit,,2,,
14471,8,Private room in rental unit,1,2,,
14472,8,Private room in rental unit,1,2,,
14473,26,Entire rental unit,2,4,,
14474,26,Entire rental unit,2,4,,
14475,26,Entire rental unit,2,4,,
14476,70,Entire rental unit,3,4,,
14477,1,Private room in rental unit,1,2,,
14478,10,Private room in rental unit,1,2,,
14479,8,Room in hotel,1,2,,
14480,8,Room in hotel,1,2,,
14481,8,Room in hotel,1,2,,
14482,8,Room in hotel,1,2,,
14483,8,Room in hotel,1,1,,
14484,32,Private room in rental unit,1,2,,
14485,7,Entire rental unit,2,4,,
14486,6,Private room in rental unit,1,2,,
14487,18,Entire rental unit,3,4,,
14488,6,Entire rental unit,4,7,,
14489,4,Entire rental unit,4,7,,
14490,6,Private room in rental unit,1,2,,
14491,9,Entire rental unit,2,6,,
14492,9,Entire rental unit,2,6,,
14493,66,Entire rental unit,1,4,,
14494,1,Entire rental unit,1,2,,
14495,31,Entire rental unit,2,3,,
14496,8,Entire rental unit,3,6,,
14497,2,Private room in rental unit,1,3,,
14498,22,Entire home,4,10,,
14499,1,Private room in rental unit,1,2,,
14500,1,Private room in rental unit,1,2,,
14501,4,Private room in rental unit,1,2,,
14502,2,Private room in rental unit,1,1,,
14503,4,Private room in rental unit,1,2,,
14504,9,Entire rental unit,2,5,,
14505,26,Entire rental unit,3,6,,
14506,7,Private room in rental unit,1,2,,
14507,26,Private room in rental unit,1,1,,
14508,26,Private room in rental unit,1,1,,
14509,2,Entire rental unit,1,3,,
14510,4,Entire rental unit,1,2,,
14511,4,Entire rental unit,1,2,,
14512,4,Entire rental unit,1,2,,
14513,7,Entire rental unit,2,4,,
14514,4,Entire rental unit,1,2,,
14515,8,Entire rental unit,2,4,,
14516,8,Entire rental unit,5,8,,
14517,26,Private room in condo,1,2,,
14518,10,Private room in rental unit,1,1,,
14519,1,Private room in rental unit,1,1,,
14520,11,Entire rental unit,3,8,,
14521,10,Entire rental unit,4,5,,
14522,61,Entire rental unit,3,6,,
14523,6,Entire rental unit,4,5,,
14524,11,Entire rental unit,3,6,,
14525,5,Entire rental unit,1,2,,
14526,1,Private room in rental unit,1,2,,
14527,19,Private room in rental unit,1,2,,
14528,19,Private room in rental unit,1,2,,
14529,18,Private room in rental unit,1,2,,
14530,9,Private room in guesthouse,1,2,,
14531,6,Entire rental unit,3,8,,
14532,7,Entire rental unit,3,6,,
14533,4,Entire rental unit,1,2,,
14534,1,Private room in rental unit,1,1,,
14535,14,Private room in rental unit,1,1,,
14536,15,Private room in rental unit,1,1,,
14537,1,Private room in rental unit,1,2,,
14538,2,Entire rental unit,1,2,,
14539,2,Private room in rental unit,1,2,,
14540,9,Entire rental unit,2,5,,
14541,4,Private room in rental unit,1,2,,
14542,1,Private room in rental unit,1,2,,
14543,3,Private room in rental unit,1,2,,
14544,4,Private room in rental unit,1,2,,
14545,2,Private room in rental unit,1,2,,
14546,4,Private room in rental unit,1,2,,
14547,5,Private room in rental unit,1,2,,
14548,6,Private room in rental unit,1,2,,
14549,10,Private room in guesthouse,1,2,,
14550,10,Private room in guesthouse,1,2,,
14551,9,Private room in guesthouse,1,2,,
14552,6,Private room in rental unit,1,2,,
14553,8,Entire rental unit,4,10,,
14554,6,Entire rental unit,1,3,,
14555,2,Private room in rental unit,1,2,,
14556,31,Entire rental unit,1,2,,
14557,26,Private room in rental unit,1,1,,
14558,26,Private room in rental unit,1,1,,
14559,6,Private room in rental unit,1,2,,
14560,32,Private room in rental unit,1,2,,
14561,7,Entire condo,2,5,,
14562,16,Entire rental unit,2,4,,
14563,5,Private room in rental unit,1,2,,
14564,32,Entire rental unit,4,5,,
14565,2,Entire rental unit,1,2,,
14566,68,Entire rental unit,1,3,,
14567,26,Entire rental unit,3,6,,
14568,68,Entire rental unit,1,2,,
14569,26,Private room in rental unit,1,1,,
14570,4,Entire rental unit,4,6,,
14571,4,Entire rental unit,2,4,,
14572,6,Entire serviced apartment,2,4,,
14573,3,Entire rental unit,1,2,,
14574,6,Entire serviced apartment,3,5,,
14575,4,Entire rental unit,1,2,,
14576,6,Entire rental unit,1,2,,
14577,7,Entire rental unit,1,2,,
14578,7,Entire rental unit,1,3,,
14579,2,Entire rental unit,3,5,,
14580,1,Private room in rental unit,1,2,,
14581,1,Private room in rental unit,1,2,,
14582,31,Private room in home,,2,,
14583,31,Private room in rental unit,1,2,,
14584,26,Private room in rental unit,1,1,,
14585,11,Private room in home,2,4,,
14586,26,Private room in rental unit,1,1,,
14587,4,Private room in rental unit,1,2,,
14588,34,Entire rental unit,2,4,,
14589,11,Entire rental unit,3,5,,
14590,37,Entire rental unit,3,5,,
14591,37,Entire rental unit,4,7,,
14592,5,Entire rental unit,3,5,,
14593,4,Private room in rental unit,1,2,,
14594,7,Entire rental unit,1,3,,
14595,9,Private room in rental unit,1,1,,
14596,6,Entire rental unit,1,3,,
14597,6,Entire rental unit,1,3,,
14598,4,Entire rental unit,2,3,,
14599,7,Entire rental unit,1,2,,
14600,7,Entire rental unit,1,2,,
14601,7,Private room in rental unit,1,1,,
14602,5,Private room in rental unit,1,1,,
14603,26,Private room in rental unit,1,2,,
14604,1,Private room in rental unit,1,2,,
14605,1,Private room in rental unit,1,2,,
14606,1,Private room in rental unit,1,2,,
14607,14,Private room in rental unit,1,1,,
14608,4,Private room in rental unit,1,2,,
14609,27,Private room in rental unit,1,1,,
14610,4,Private room in rental unit,1,2,,
14611,7,Private room in rental unit,1,1,,
14612,4,Private room in rental unit,1,2,,
14613,31,Entire rental unit,1,2,,
14614,7,Private room in rental unit,1,1,,
14615,7,Private room in rental unit,1,1,,
14616,1,Private room in rental unit,1,2,,
14617,1,Private room in rental unit,1,2,,
14618,1,Entire rental unit,1,3,,
14619,30,Entire home,2,4,,
14620,31,Entire rental unit,1,2,,
14621,7,Private room in rental unit,1,1,,
14622,1,Private room in rental unit,1,2,,
14623,4,Entire rental unit,5,10,,
14624,1,Private room in rental unit,1,2,,
14625,7,Private room in rental unit,1,1,,
14626,72,Entire rental unit,1,2,,
14627,7,Private room in rental unit,1,2,,
14628,1,Private room in rental unit,1,2,,
14629,1,Entire rental unit,1,2,,
14630,68,Entire rental unit,3,6,,
14631,1,Private room in rental unit,1,2,,
14632,3,Entire rental unit,1,3,,
14633,31,Entire rental unit,1,3,,
14634,2,Private room in rental unit,1,2,,
14635,2,Private room in rental unit,1,2,,
14636,2,Private room in rental unit,1,2,,
14637,21,Entire home,3,4,,
14638,5,Entire rental unit,3,4,,
14639,2,Private room in rental unit,1,1,,
14640,2,Private room in rental unit,1,2,,
14641,65,Entire rental unit,1,2,,
14642,1,Entire rental unit,6,9,,
14643,3,Entire rental unit,1,2,,
14644,3,Entire rental unit,1,2,,
14645,60,Entire rental unit,2,4,,
14646,3,Entire rental unit,1,2,,
14647,2,Private room in rental unit,1,2,,
14648,3,Private room in rental unit,1,2,,
14649,3,Private room in rental unit,1,2,,
14650,11,Entire rental unit,2,8,,
14651,4,Entire rental unit,1,4,,
14652,9,Entire rental unit,4,7,,
14653,4,Entire rental unit,3,5,,
14654,16,Entire rental unit,1,3,,
14655,2,Entire rental unit,3,8,,
14656,7,Entire rental unit,2,2,,
14657,29,Private room in rental unit,1,2,,
14658,16,Entire rental unit,2,4,,
14659,68,Entire rental unit,3,6,,
14660,3,Private room in rental unit,1,2,,
14661,16,Entire rental unit,1,3,,
14662,9,Private room in home,1,2,,
14663,1,Private room in rental unit,1,2,,
14664,51,Private room in rental unit,1,2,,
14665,26,Entire rental unit,1,2,,
14666,26,Entire rental unit,1,2,,
14667,9,Private room in home,1,2,,
14668,2,Private room in rental unit,1,2,,
14669,68,Entire rental unit,1,2,,
14670,2,Entire rental unit,2,7,,
14671,6,Private room in rental unit,1,1,,
14672,9,Private room in home,1,2,,
14673,1,Private room in home,1,2,,
14674,2,Private room in rental unit,1,1,,
14675,6,Private room in rental unit,1,2,,
14676,8,Private room in home,1,2,,
14677,8,Private room in home,1,2,,
14678,4,Private room in home,1,2,,
14679,2,Private room in rental unit,1,2,,
14680,1,Private room in rental unit,1,1,,
14681,4,Private room in home,1,2,,
14682,4,Private room in home,1,2,,
14683,6,Private room in rental unit,1,2,,
14684,1,Private room in rental unit,1,2,,
14685,4,Entire rental unit,2,9,,
14686,4,Entire home,1,2,,
14687,4,Private room in home,1,2,,
14688,1,Private room in rental unit,1,2,,
14689,4,Entire rental unit,3,6,,
14690,8,Private room in home,1,2,,
14691,19,Private room in rental unit,1,2,,
14692,11,Private room in rental unit,1,2,,
14693,29,Private room in rental unit,1,2,,
14694,19,Private room in rental unit,1,2,,
14695,18,Private room in rental unit,1,2,,
14696,9,Private room in rental unit,1,2,,
14697,9,Private room in rental unit,1,2,,
14698,9,Private room in rental unit,1,2,,
14699,17,Entire rental unit,1,2,,
14700,16,Entire rental unit,1,3,,
14701,20,Entire rental unit,4,9,,
14702,27,Entire rental unit,2,3,,
14703,4,Entire rental unit,2,10,,
14704,4,Entire rental unit,,2,,
14705,26,Entire rental unit,2,3,,
14706,7,Private room in rental unit,1,3,,
14707,4,Entire rental unit,2,8,,
14708,10,Private room in rental unit,1,2,,
14709,8,Private room in rental unit,1,2,,
14710,8,Private room in rental unit,1,2,,
14711,31,Entire rental unit,1,2,,
14712,31,Entire rental unit,1,2,,
14713,35,Entire rental unit,3,9,,
14714,1,Private room in home,1,3,,
14715,6,Entire rental unit,1,3,,
14716,1,Entire rental unit,4,11,,
14717,1,Private room in rental unit,1,2,,
14718,1,Private room in rental unit,1,2,,
14719,1,Private room in rental unit,1,2,,
14720,2,Entire rental unit,1,2,,
14721,4,Private room in rental unit,1,2,,
14722,2,Entire rental unit,1,3,,
14723,7,Private room in rental unit,1,3,,
14724,1,Private room in rental unit,1,2,,
14725,31,Private room in rental unit,1,2,,
14726,1,Private room in rental unit,1,2,,
14727,10,Private room in rental unit,1,2,,
14728,10,Private room in rental unit,1,1,,
14729,10,Private room in rental unit,1,1,,
14730,16,Entire rental unit,2,4,,
14731,28,Entire rental unit,4,8,,
14732,1,Private room in home,1,2,,
14733,10,Private room in rental unit,1,2,,
14734,10,Private room in rental unit,1,2,,
14735,10,Private room in rental unit,1,2,,
14736,7,Entire rental unit,1,2,,
14737,62,Private room in rental unit,1,2,,
14738,62,Private room in rental unit,1,2,,
14739,1,Private room in home,1,2,,
14740,1,Private room in home,1,2,,
14741,44,Entire rental unit,3,11,,
14742,7,Private room in rental unit,1,3,,
14743,70,Private room in rental unit,1,1,,
14744,7,Private room in rental unit,1,4,,
14745,10,Private room in rental unit,1,3,,
14746,4,Entire rental unit,1,3,,
14747,9,Private room in rental unit,1,1,,
14748,10,Private room in rental unit,1,1,,
14749,1,Private room in rental unit,1,2,,
14750,1,Entire rental unit,1,2,,
14751,7,Private room in rental unit,1,4,,
14752,7,Private room in rental unit,1,3,,
14753,1,Entire rental unit,1,2,,
14754,7,Private room in rental unit,1,3,,
14755,1,Private room in rental unit,1,3,,
14756,10,Entire rental unit,1,2,,
14757,9,Private room in rental unit,1,2,,
14758,9,Private room in rental unit,1,2,,
14759,9,Private room in rental unit,1,1,,
14760,9,Private room in rental unit,1,2,,
14761,1,Entire rental unit,3,8,,
14762,9,Private room in rental unit,1,2,,
14763,68,Private room in rental unit,1,2,,
14764,8,Private room in rental unit,1,2,,
14765,8,Private room in rental unit,1,2,,
14766,7,Private room in rental unit,1,2,,
14767,7,Private room in rental unit,1,2,,
14768,10,Entire rental unit,1,2,,
14769,1,Private room in home,1,3,,
14770,14,Private room in rental unit,1,2,,
14771,5,Entire rental unit,3,4,,
14772,14,Private room in rental unit,1,2,,
14773,14,Private room in rental unit,1,2,,
14774,2,Private room in rental unit,1,2,,
14775,4,Private room in rental unit,1,2,,
14776,4,Private room in rental unit,1,2,,
14777,32,Private room in rental unit,1,2,,
14778,31,Private room in rental unit,1,2,,
14779,68,Entire rental unit,2,3,,
14780,31,Private room in rental unit,1,1,,
14781,31,Private room in rental unit,1,2,,
14782,32,Private room in rental unit,1,2,,
14783,14,Private room in rental unit,1,2,,
14784,10,Private room in rental unit,1,2,,
14785,10,Private room in rental unit,1,2,,
14786,32,Private room in rental unit,1,2,,
14787,3,Entire rental unit,1,2,,
14788,4,Entire rental unit,1,2,,
14789,63,Private room in rental unit,1,2,,
14790,11,Entire rental unit,1,3,,
14791,1,Private room in rental unit,1,2,,
14792,9,Entire rental unit,1,2,,
14793,11,Private room in rental unit,1,2,,
14794,11,Private room in rental unit,1,2,,
14795,15,Private room in rental unit,1,1,,
14796,15,Private room in rental unit,1,2,,
14797,15,Private room in rental unit,1,2,,
14798,4,Private room in rental unit,1,2,,
14799,1,Private room in rental unit,1,2,,
14800,62,Private room in rental unit,1,2,,
14801,63,Private room in rental unit,1,2,,
14802,50,Private room in home,1,2,,
14803,63,Private room in rental unit,1,2,,
14804,4,Entire rental unit,2,4,,
14805,50,Private room in home,1,2,,
14806,1,Entire rental unit,5,5,,
14807,1,Entire home,2,2,,
14808,31,Entire rental unit,3,4,,
14809,1,Private room in rental unit,1,2,,
14810,9,Entire rental unit,1,2,,
14811,3,Private room in rental unit,1,1,,
14812,50,Private room in home,1,2,,
14813,64,Entire rental unit,2,4,,
14814,7,Entire rental unit,3,5,,
14815,3,Private room in rental unit,1,2,,
14816,7,Entire rental unit,2,4,,
14817,2,Private room in rental unit,1,2,,
14818,4,Private room in rental unit,1,2,,
14819,6,Entire rental unit,3,6,,
14820,65,Private room in rental unit,1,2,,
14821,1,Private room in rental unit,1,1,,
14822,11,Entire rental unit,2,2,,
14823,1,Private room in rental unit,1,1,,
14824,7,Private room in rental unit,1,2,,
14825,66,Private room in rental unit,1,2,,
14826,37,Private room in rental unit,1,2,,
14827,31,Entire home,2,8,,
14828,4,Entire rental unit,1,2,,
14829,4,Entire rental unit,2,4,,
14830,50,Entire home,,2,,
14831,7,Entire rental unit,3,5,,
14832,11,Entire rental unit,3,5,,
14833,10,Private room in rental unit,1,2,,
14834,4,Entire rental unit,3,6,,
14835,62,Entire rental unit,1,2,,
14836,60,Entire rental unit,1,2,,
14837,61,Entire rental unit,1,2,,
14838,61,Entire rental unit,1,2,,
14839,60,Entire rental unit,1,2,,
14840,4,Private room in rental unit,1,2,,
14841,26,Entire rental unit,3,8,,
14842,4,Entire rental unit,3,6,,
14843,29,Private room in rental unit,1,2,,
14844,68,Entire rental unit,1,4,,
14845,7,Entire rental unit,1,4,,
14846,4,Entire rental unit,3,6,,
14847,4,Entire rental unit,3,6,,
14848,36,Private room in rental unit,1,2,,
14849,17,Private room in rental unit,1,2,,
14850,33,Entire rental unit,4,6,,
14851,1,Private room in rental unit,3,2,,
14852,61,Private room in rental unit,1,2,,
14853,7,Private room in rental unit,1,1,,
14854,66,Entire rental unit,2,4,,
14855,2,Private room in guesthouse,1,2,,
14856,2,Entire guesthouse,1,2,,
14857,60,Entire rental unit,1,2,,
14858,61,Private room in rental unit,1,2,,
14859,61,Private room in rental unit,1,2,,
14860,30,Entire rental unit,2,3,,
14861,4,Entire rental unit,1,2,,
14862,11,Private room in rental unit,1,2,,
14863,4,Entire rental unit,2,4,,
14864,2,Entire rental unit,1,2,,
14865,2,Entire rental unit,1,2,,
14866,8,Entire rental unit,3,4,,
14867,8,Entire rental unit,3,4,,
14868,8,Entire rental unit,3,4,,
14869,6,Private room in rental unit,1,2,,
14870,7,Entire rental unit,2,4,,
14871,4,Entire rental unit,2,6,,
14872,4,Entire rental unit,1,7,,
14873,1,Entire rental unit,1,6,,
14874,1,Entire rental unit,1,7,,
14875,1,Private room in rental unit,1,2,,
14876,50,Private room in home,1,2,,
14877,2,Private room in rental unit,1,2,,
14878,68,Entire rental unit,2,4,,
14879,37,Entire rental unit,1,2,,
14880,4,Private room in rental unit,1,2,,
14881,11,Private room in rental unit,1,2,,
14882,1,Private room in rental unit,1,2,,
14883,1,Private room in rental unit,1,2,,
14884,2,Entire rental unit,2,2,,
14885,2,Private room in rental unit,1,2,,
14886,4,Entire rental unit,2,4,,
14887,35,Private room in rental unit,1,2,,
14888,6,Entire rental unit,4,9,,
14889,6,Private room in rental unit,1,1,,
14890,26,Private room in rental unit,1,2,,
14891,14,Private room in rental unit,1,1,,
14892,4,Private room in rental unit,1,2,,
14893,5,Private room in rental unit,1,1,,
14894,5,Private room in rental unit,1,1,,
14895,8,Entire rental unit,1,2,,
14896,8,Entire rental unit,3,4,,
14897,16,Entire rental unit,2,4,,
14898,2,Entire rental unit,1,3,,
14899,4,Entire rental unit,1,2,,
14900,17,Private room in rental unit,1,2,,
14901,30,Entire rental unit,2,3,,
14902,19,Private room in home,1,2,,
14903,8,Entire rental unit,3,6,,
14904,8,Entire rental unit,3,4,,
14905,8,Entire rental unit,2,4,,
14906,19,Private room in home,1,2,,
14907,7,Entire rental unit,2,4,,
14908,69,Private room in rental unit,1,1,,
14909,38,Private room in rental unit,1,2,,
14910,38,Private room in rental unit,1,2,,
14911,66,Entire rental unit,2,3,,
14912,8,Entire rental unit,4,5,,
14913,1,Private room in serviced apartment,1,1,,
14914,4,Private room in rental unit,1,2,,
14915,1,Entire rental unit,3,7,,
14916,2,Private room in rental unit,1,3,,
14917,9,Entire rental unit,2,4,,
14918,7,Private room in rental unit,1,1,,
14919,37,Entire rental unit,1,3,,
14920,7,Private room in rental unit,1,1,,
14921,7,Private room in rental unit,1,1,,
14922,37,Entire rental unit,2,3,,
14923,1,Entire rental unit,2,4,,
14924,4,Entire rental unit,3,5,,
14925,4,Entire rental unit,2,4,,
14926,4,Entire rental unit,1,2,,
14927,7,Entire rental unit,5,8,,
14928,4,Entire rental unit,1,4,,
14929,64,Private room in home,1,1,,
14930,65,Private room in home,1,1,,
14931,9,Entire rental unit,1,2,,
14932,3,Entire rental unit,1,2,,
14933,7,Entire rental unit,3,6,,
14934,3,Entire rental unit,1,2,,
14935,8,Private room in rental unit,1,1,,
14936,2,Private room in rental unit,1,2,,
14937,9,Entire rental unit,4,5,,
14938,20,Entire rental unit,4,8,,
14939,20,Entire rental unit,4,8,,
14940,2,Private room in rental unit,1,2,,
14941,1,Entire rental unit,2,4,,
14942,70,Entire rental unit,4,6,,
14943,10,Entire rental unit,2,4,,
14944,64,Entire rental unit,1,4,,
14945,2,Entire rental unit,1,2,,
14946,10,Entire rental unit,3,4,,
14947,1,Entire rental unit,2,4,,
14948,1,Entire rental unit,1,3,,
14949,67,Entire rental unit,3,6,,
14950,31,Entire rental unit,3,5,,
14951,9,Entire rental unit,3,6,,
14952,8,Entire rental unit,1,2,,
14953,11,Entire rental unit,3,5,,
14954,7,Private room in rental unit,1,1,,
14955,2,Entire rental unit,2,4,,
14956,2,Entire rental unit,2,5,,
14957,2,Private room in rental unit,1,2,,
14958,13,Private room in rental unit,1,1,,
14959,3,Entire rental unit,1,2,,
14960,4,Private room in rental unit,1,2,,
14961,6,Entire rental unit,1,4,,
14962,4,Private room in rental unit,1,2,,
14963,4,Private room in rental unit,1,2,,
14964,73,Private room in rental unit,1,1,,
14965,4,Private room in rental unit,1,2,,
14966,73,Private room in rental unit,1,1,,
14967,11,Private room in rental unit,1,1,,
14968,33,Entire rental unit,2,4,,
14969,68,Private room in rental unit,1,2,,
14970,15,Entire rental unit,4,6,,
14971,26,Entire rental unit,2,3,,
14972,7,Private room in rental unit,1,2,,
14973,70,Private room in condo,1,2,,
14974,8,Entire rental unit,3,6,,
14975,26,Private room in rental unit,1,2,,
14976,64,Entire rental unit,2,4,,
14977,2,Private room in rental unit,1,2,,
14978,64,Private room in rental unit,1,2,,
14979,64,Private room in rental unit,1,1,,
14980,8,Entire rental unit,1,4,,
14981,64,Camper/RV,1,1,,
14982,70,Private room in rental unit,1,1,,
14983,6,Entire rental unit,3,6,,
14984,10,Private room in rental unit,1,4,,
14985,64,Entire rental unit,4,7,,
14986,7,Entire rental unit,2,4,,
14987,5,Entire rental unit,3,6,,
14988,5,Entire rental unit,3,6,,
14989,10,Private room in rental unit,1,2,,
14990,25,Entire rental unit,4,4,,
14991,10,Entire rental unit,2,4,,
14992,8,Entire rental unit,2,4,,
14993,10,Entire rental unit,2,4,,
14994,10,Entire rental unit,2,4,,
14995,1,Private room in rental unit,1,1,,
14996,1,Private room in rental unit,1,1,,
14997,1,Private room in rental unit,1,1,,
14998,46,Private room in rental unit,1,1,,
14999,7,Private room in hostel,1,2,,
15000,4,Entire rental unit,1,2,,
15001,64,Private room in home,1,1,,
15002,4,Private room in rental unit,1,4,,
15003,65,Private room in home,1,1,,
15004,9,Private room in rental unit,1,1,,
15005,2,Private room in rental unit,1,2,,
15006,10,Private room in rental unit,1,2,,
15007,9,Entire rental unit,1,2,,
15008,11,Entire rental unit,1,2,,
15009,16,Private room in rental unit,1,1,,
15010,26,Private room in rental unit,1,2,,
15011,31,Entire rental unit,2,3,,
15012,20,Entire rental unit,4,8,,
15013,7,Private room in rental unit,1,2,,
15014,8,Entire rental unit,2,3,,
15015,2,Entire rental unit,1,2,,
15016,9,Entire rental unit,1,2,,
15017,20,Entire rental unit,4,9,,
15018,4,Entire rental unit,,2,,
15019,6,Entire rental unit,1,2,,
15020,1,Entire rental unit,2,2,,
15021,4,Private room in rental unit,1,3,,
15022,20,Entire rental unit,4,9,,
15023,4,Private room in rental unit,1,3,,
15024,64,Private room in home,1,1,,
15025,17,Private room in rental unit,1,2,,
15026,10,Entire rental unit,2,4,,
15027,3,Entire rental unit,1,2,,
15028,29,Entire rental unit,1,4,,
15029,64,Entire rental unit,2,3,,
15030,5,Entire rental unit,,2,,
15031,5,Entire rental unit,1,3,,
15032,68,Entire rental unit,3,6,,
15033,10,Entire rental unit,6,12,,
15034,9,Private room in rental unit,1,2,,
15035,35,Entire condo,2,4,,
15036,9,Private room in rental unit,1,2,,
15037,15,Entire serviced apartment,2,5,,
15038,31,Entire rental unit,2,3,,
15039,33,Private room in rental unit,1,2,,
15040,10,Private room in rental unit,1,2,,
15041,2,Entire rental unit,2,4,,
15042,7,Entire rental unit,3,5,,
15043,2,Private room in rental unit,1,2,,
15044,26,Entire rental unit,3,6,,
15045,28,Entire rental unit,1,2,,
15046,64,Private room in home,1,1,,
15047,26,Entire rental unit,2,4,,
15048,26,Entire rental unit,2,4,,
15049,64,Private room in home,1,1,,
15050,64,Private room in home,1,1,,
15051,31,Private room in home,3,3,,
15052,7,Entire rental unit,2,4,,
15053,7,Entire rental unit,2,4,,
15054,7,Entire rental unit,2,4,,
15055,7,Entire rental unit,2,4,,
15056,7,Entire rental unit,2,4,,
15057,7,Entire rental unit,2,4,,
15058,7,Entire home,1,2,,
15059,1,Entire rental unit,2,4,,
15060,6,Private room in rental unit,1,2,,
15061,8,Private room in rental unit,1,2,,
15062,8,Private room in rental unit,1,2,,
15063,8,Private room in rental unit,1,1,,
15064,15,Entire rental unit,2,5,,
15065,8,Entire rental unit,2,3,,
15066,9,Entire rental unit,4,7,,
15067,9,Entire rental unit,4,8,,
15068,4,Entire rental unit,2,4,,
15069,6,Entire home,2,5,,
15070,9,Entire rental unit,2,6,,
15071,9,Entire rental unit,3,5,,
15072,33,Entire rental unit,2,3,,
15073,13,Entire rental unit,2,4,,
15074,13,Private room in rental unit,2,4,,
15075,31,Entire rental unit,1,4,,
15076,10,Entire rental unit,2,6,,
15077,7,Entire rental unit,1,2,,
15078,6,Entire rental unit,1,2,,
15079,6,Entire rental unit,2,3,,
15080,5,Entire rental unit,3,8,,
15081,9,Entire rental unit,3,7,,
15082,19,Entire rental unit,1,2,,
15083,19,Entire rental unit,1,2,,
15084,9,Entire rental unit,3,5,,
15085,26,Entire rental unit,2,4,,
15086,26,Entire rental unit,2,4,,
15087,9,Entire rental unit,3,5,,
15088,9,Entire rental unit,3,5,,
15089,9,Entire rental unit,3,7,,
15090,64,Private room in home,1,1,,
15091,64,Private room in home,1,2,,
15092,68,Entire rental unit,3,5,,
15093,27,Entire rental unit,3,6,,
15094,1,Tiny home,1,2,,
15095,35,Private room in rental unit,1,2,,
15096,22,Entire home,10,16,,
15097,71,Entire home,2,2,,
15098,1,Entire rental unit,2,4,,
15099,31,Entire rental unit,2,6,,
15100,4,Private room in rental unit,1,4,,
15101,11,Private room in rental unit,1,2,,
15102,10,Private room in rental unit,1,2,,
15103,33,Entire rental unit,3,4,,
15104,25,Entire rental unit,2,6,,
15105,7,Entire rental unit,2,4,,
15106,1,Private room in rental unit,1,2,,
15107,1,Entire rental unit,2,4,,
15108,4,Entire rental unit,2,4,,
15109,20,Private room in rental unit,1,2,,
15110,6,Entire rental unit,3,5,,
15111,15,Entire rental unit,1,3,,
15112,10,Entire rental unit,2,4,,
15113,9,Entire rental unit,3,7,,
15114,7,Entire rental unit,1,4,,
15115,7,Entire rental unit,1,4,,
15116,7,Entire rental unit,2,5,,
15117,35,Entire rental unit,1,4,,
15118,70,Private room in home,1,1,,
15119,7,Entire rental unit,2,4,,
15120,7,Entire rental unit,2,4,,
15121,9,Entire rental unit,4,7,,
15122,9,Entire rental unit,4,8,,
15123,9,Entire rental unit,4,8,,
15124,9,Entire rental unit,4,7,,
15125,9,Entire rental unit,4,8,,
15126,7,Entire rental unit,2,4,,
15127,9,Entire rental unit,4,6,,
15128,9,Entire rental unit,4,8,,
15129,2,Entire rental unit,3,8,,
15130,9,Entire rental unit,3,5,,
15131,9,Entire rental unit,3,8,,
15132,31,Entire rental unit,2,6,,
15133,9,Entire rental unit,1,4,,
15134,9,Private room in rental unit,1,2,,
15135,7,Entire rental unit,5,9,,
15136,7,Private room in rental unit,1,1,,
15137,11,Entire rental unit,2,4,,
15138,13,Entire rental unit,4,8,,
15139,11,Entire rental unit,,2,,
15140,7,Private room in rental unit,1,4,,
15141,11,Entire rental unit,1,2,,
15142,32,Entire rental unit,2,2,,
15143,10,Entire rental unit,1,2,,
15144,11,Entire rental unit,3,5,,
15145,8,Entire rental unit,1,2,,
15146,10,Entire rental unit,5,9,,
15147,2,Private room in rental unit,1,3,,
15148,2,Private room in rental unit,1,3,,
15149,1,Private room in rental unit,1,2,,
15150,7,Entire rental unit,2,5,,
15151,2,Entire rental unit,2,4,,
15152,4,Entire rental unit,3,4,,
15153,7,Entire rental unit,3,8,,
15154,68,Entire rental unit,2,4,,
15155,68,Entire rental unit,1,4,,
15156,10,Entire rental unit,2,3,,
15157,2,Entire rental unit,1,2,,
15158,11,Private room in rental unit,1,3,,
15159,10,Private room in rental unit,1,2,,
15160,8,Entire rental unit,4,8,,
15161,9,Private room in guesthouse,1,2,,
15162,2,Entire rental unit,1,2,,
15163,9,Entire rental unit,1,4,,
15164,9,Private room in rental unit,1,2,,
15165,26,Private room in rental unit,1,1,,
15166,31,Entire rental unit,2,4,,
15167,1,Entire rental unit,1,4,,
15168,6,Private room in rental unit,1,1,,
15169,6,Private room in rental unit,1,1,,
15170,70,Entire rental unit,4,6,,
15171,1,Private room in rental unit,1,2,,
15172,4,Private room in rental unit,1,2,,
15173,2,Private room in rental unit,1,2,,
15174,4,Private room in rental unit,1,2,,
15175,2,Private room in rental unit,1,4,,
15176,8,Private room in rental unit,1,1,,
15177,26,Entire rental unit,2,5,,
15178,60,Entire rental unit,1,2,,
15179,60,Entire rental unit,1,2,,
15180,60,Entire rental unit,1,2,,
15181,60,Entire rental unit,,2,,
15182,4,Entire rental unit,2,4,,
15183,4,Entire rental unit,1,2,,
15184,2,Private room in rental unit,1,2,,
15185,7,Private room in rental unit,1,1,,
15186,7,Private room in rental unit,1,1,,
15187,2,Private room in rental unit,1,2,,
15188,7,Private room in rental unit,1,1,,
15189,5,Private room in rental unit,1,1,,
15190,20,Private room in rental unit,1,2,,
15191,19,Entire rental unit,2,2,,
15192,2,Entire rental unit,2,4,,
15193,5,Entire rental unit,2,3,,
15194,8,Private room in rental unit,1,1,,
15195,68,Entire rental unit,2,3,,
15196,2,Private room in rental unit,1,2,,
15197,2,Private room in rental unit,1,4,,
15198,9,Entire rental unit,1,2,,
15199,10,Entire rental unit,2,4,,
15200,7,Private room in rental unit,1,1,,
15201,2,Private room in rental unit,1,3,,
15202,7,Private room in rental unit,1,1,,
15203,4,Entire rental unit,1,2,,
15204,7,Private room in rental unit,1,1,,
15205,7,Private room in rental unit,1,1,,
15206,9,Entire rental unit,2,3,,
15207,26,Private room in rental unit,1,1,,
15208,5,Private room in rental unit,1,1,,
15209,18,Private room in rental unit,1,1,,
15210,31,Private room in rental unit,1,1,,
15211,2,Private room in rental unit,1,1,,
15212,26,Private room in rental unit,1,1,,
15213,11,Private room in rental unit,1,4,,
15214,7,Private room in rental unit,1,2,,
15215,2,Private room in rental unit,1,3,,
15216,26,Private room in rental unit,1,1,,
15217,4,Private room in rental unit,1,1,,
15218,2,Private room in rental unit,1,4,,
15219,4,Private room in rental unit,1,1,,
15220,26,Private room in rental unit,1,1,,
15221,4,Private room in rental unit,1,1,,
15222,4,Private room in rental unit,1,1,,
15223,2,Private room in rental unit,1,2,,
15224,4,Private room in rental unit,1,1,,
15225,4,Private room in rental unit,1,1,,
15226,9,Private room in rental unit,1,2,,
15227,10,Private room in rental unit,1,2,,
15228,10,Private room in rental unit,1,3,,
15229,20,Private room in rental unit,1,2,,
15230,20,Private room in rental unit,1,2,,
15231,9,Private room in rental unit,1,2,,
15232,9,Private room in rental unit,1,2,,
15233,1,Entire rental unit,1,3,,
15234,1,Entire rental unit,2,4,,
15235,9,Private room in rental unit,1,2,,
15236,9,Private room in rental unit,1,2,,
15237,7,Private room in rental unit,1,3,,
15238,32,Private room in rental unit,1,4,,
15239,11,Private room in rental unit,1,2,,
15240,1,Private room in rental unit,1,2,,
15241,9,Private room in rental unit,1,3,,
15242,69,Entire rental unit,3,6,,
15243,69,Private room in rental unit,1,1,,
15244,2,Private room in rental unit,1,2,,
15245,71,Entire rental unit,3,6,,
15246,1,Private room in rental unit,1,2,,
15247,30,Private room in rental unit,1,2,,
15248,2,Private room in rental unit,1,3,,
15249,16,Entire rental unit,1,3,,
15250,2,Private room in rental unit,1,2,,
15251,2,Private room in rental unit,1,3,,
15252,2,Private room in rental unit,1,4,,
15253,15,Private room in rental unit,1,1,,
15254,8,Private room in rental unit,1,1,,
15255,19,Private room in rental unit,1,2,,
15256,19,Private room in rental unit,1,2,,
15257,11,Entire rental unit,3,6,,
15258,19,Private room in rental unit,1,2,,
15259,4,Private room in rental unit,4,1,,
15260,31,Entire rental unit,1,4,,
15261,4,Private room in rental unit,4,1,,
15262,4,Private room in rental unit,4,1,,
15263,4,Private room in rental unit,4,1,,
15264,4,Private room in rental unit,4,1,,
15265,4,Private room in rental unit,4,1,,
15266,4,Private room in rental unit,4,1,,
15267,44,Entire rental unit,1,2,,
15268,44,Entire rental unit,1,2,,
15269,4,Private room in rental unit,1,4,,
15270,4,Private room in rental unit,1,2,,
15271,4,Private room in rental unit,1,2,,
15272,31,Private room in rental unit,1,1,,
15273,4,Private room in rental unit,1,2,,
15274,4,Private room in rental unit,1,2,,
15275,4,Private room in rental unit,1,4,,
15276,11,Private room in rental unit,1,2,,
15277,11,Private room in rental unit,1,2,,
15278,11,Private room in rental unit,1,2,,
15279,5,Private room in rental unit,1,2,,
15280,6,Entire rental unit,,2,,
15281,7,Entire rental unit,3,6,,
15282,9,Entire rental unit,1,2,,
15283,4,Private room in rental unit,1,3,,
15284,4,Entire rental unit,2,4,,
15285,30,Entire rental unit,2,3,,
15286,34,Entire rental unit,3,4,,
15287,2,Private room in rental unit,1,1,,
15288,5,Private room in rental unit,3,1,,
15289,6,Entire rental unit,,2,,
15290,6,Entire rental unit,,2,,
15291,11,Entire rental unit,2,4,,
15292,11,Entire rental unit,2,4,,
15293,11,Entire rental unit,2,4,,
